!	2424
(	5
)	5
,	5837
.	11536
1,000	4
10	1
10,000	1
100	21
1000	7
12	3
12,000	12
120	1
1260	2
14	1
144,000	4
153	1
16	1
2,000	6
200	3
2000	1
23,000	1
2400	5
276	1
3	1
30	5
300	1
3000	1
36	1
38	1
4,000	3
40	16
400	2
4000	2
430	1
450	1
46	1
490	1
5	1
5,000	10
50	5
50,000	1
500	1
5000	4
6	1
60	5
666	1
7,000	1
70	1
7000	1
72	2
75	1
8	1
800	1
84	1
99	4
:	470
;	1
?	964
A	3
Adam	17
Afaisa	2
Afasati	2
Afia	4
Afiasi	1
Afipori	1
Aikoniam	7
Aimenia	2
Aisaiya	38
Aisaki	24
Aiya	30
Aiye	14
Aka	4
Akai	17
Akaiya	1
Akaiyom	1
Akapu	2
Akeiya	13
Akerama	2
Akereya	1
Akeyakaso	1
Akipa	11
Akipao	5
Akire	17
Ako	6
Akokemba	1
Akuira	7
Akususi	1
Ama	18
Amari	1
Amayo	1
Ame	2
Amegeron	1
Amiata	1
Aminara	4
Ana	1
Anania	10
Ananiao	1
Anasi	5
Andiako	30
Antipa	1
Antipari	1
Aparam	142
Aparamyo	2
Aparon	1
Ape	7
Aperiasi	1
Apia	1
Apiasa	1
Apiata	1
Apirene	1
Apiu	2
Apiyu	1
Aponamyo	3
Aporo	16
Aporonia	1
Aram	1
Aramitia	1
Arekanda	1
Aremeki	2
Arepia	3
Arere	1
Areta	1
Ari	1199
Arimatia	4
Arinama	2
Arinamao	17
Arini	2
Arinoma	3
Arinomao	1
Ario	2
Ariopaka	3
Arirai	2
Arire	1
Ariri	2
Arisopiyura	1
Aritaka	5
Ariyo	1
Aro	19
Aron	5
Aronaika	1
Arongoro	1
Arowaimba	1
Arowaiye	1
Arowapunba	1
Aru	2
Asa	2
Ase	1
Asirita	1
Aso	5
Asoto	2
Asu	1
Atema	1
Atemisi	6
Aten	7
Ateria	1
Aunam	7
Aunamao	1
Aunom	1
Auwo	27
Auwom	1
Awi	4
Ba	1
Bai	1
Bam	1
Banapasi	35
Bapiron	48
Bara	2
Baraka	1
Barapa	10
Barasita	2
Basapa	2
Bataromu	4
Batimeyuso	1
Bayesu	3
Befasi	4
Bei	13
Beikeimba	1
Beikeipa	1
Beikenaiye	1
Beikenapunba	1
Beimba	3
Beiyo	1
Bemba	7
Benaimba	1
Benaiye	1
Benamba	1
Benguamere	1
Benisi	3
Bensamin	4
Bepunba	1
Beram	5
Bere	1
Berekia	1
Beria	9
Besaira	8
Betafake	1
Betani	15
Beterem	11
Betesara	1
Beyo	2
Bi	1
Biam	1
Bianom	12
Bianum	2
Birom	2
Bisepu	8
Bitinia	2
Bo	14
Boanesi	2
Boasi	5
Boi	4
Boingua	1
Boinum	1
Bore	5
Boromdi	20
Boware	2
Bu	2
Bui	1
Buimba	1
Bum	1
Daionisiu	1
Damanuta	1
Damari	1
Damasusi	20
Damesia	1
Danie	1
Dawiri	90
De	1
Dekapori	3
Demasi	3
Demitiyu	1
Denom	6
Dere	2
Deripi	5
Di	62
Dikamere	1
Dikeimba	2
Dikemba	3
Dikenaimba	3
Dikenamba	1
Dikengoro	2
Dimba	8
Dimitiyu	4
Dingoro	4
Diorefe	1
Dipa	1
Dirama	3
Dire	1
Doka	2
Donam	1
Douinom	1
Dourom	6
Du	1
Dumba	43
Dungoro	2
Dusira	1
Duwaimba	1
Duwamba	1
E	28
Easi	2
Efata	2
Efem	1
Efenam	1
Efenom	1
Efesasi	25
Ei	6
Eikemba	1
Eisia	21
Ekanero	1
Eke	1
Eken	1
Eki	2
Ema	1
Emanue	1
Emaram	2
Emeiso	2
Emenama	1
Emenamao	1
Emenamyo	2
Emeroma	1
Emesia	2
Emo	1
Emon	2
Emoseni	1
Emosi	2
Ena	4503
Enau	3
Enduru	13
Enuku	2
Epa	1
Epafara	3
Epaforaita	3
Epainetu	1
Epana	1
Epe	154
Epemere	22
Epena	92
Epenai	1
Epewom	1
Epikurian	1
Era	2
Erai	1
Eraiakim	4
Eraima	3
Eraisa	1
Eramom	25
Eratusi	3
Ereiyo	1
Eremasi	1
Eremisi	1
Eresanda	5
Eresandia	4
Eri	26
Eriesa	2
Erisa	2
Erisapeti	8
Eriyom	1
Eriyu	2
Ero	2
Eroi	1
Eroisi	1
Eromba	1
Erongoro	1
Erongua	1
Erorianu	1
Eroti	75
Erotiasi	8
Erowai	1
Erowamba	2
Erowanga	1
Erowapune	1
Esarai	2
Esaron	4
Esekaiya	2
Eso	2
Ewa	3
Ewi	5
Fai	1
Faikemba	6
Faikenamba	5
Faikename	1
Faikenangua	1
Faikengua	2
Fainguairai	1
Fairitu	1
Fakai	1
Fanamba	1
Faruwa	2
Fera	1
Fere	1
Feresi	111
Ferikisi	1
Fero	9
Fetasi	16
Fetasiyo	1
Fi	20
Fiasi	1
Fikeimba	3
Fikeipa	1
Fikemba	1
Fikenaimba	1
Fikenaingere	1
Fikenapune	1
Fikepunba	1
Fikere	1
Fikerusu	1
Fimba	5
Finekisi	2
Fingoro	3
Fino	1
Fipi	1
Fipikoro	1
Firaimba	2
Firainga	2
Firaingamere	1
Firarefia	2
Fire	1
Firemon	3
Firikia	4
Firikisi	11
Firikon	1
Firipai	8
Firipi	43
Firo	8
Firorokasa	1
Fiyo	26
Fonisia	4
Fotunatu	1
Fu	5
Fui	2
Fuinga	1
Fuka	4
Fungoro	8
Fungua	1
Fupunga	1
Fupungoro	2
Fura	1
Fure	2
Furo	3
Gai	5
Gaiyom	2
Gam	1
Gaman	1
Gamarie	2
Gan	26
Ganamao	2
Ganom	10
Ganoma	2
Gapata	1
Garara	1
Garari	1
Garesia	12
Gario	4
Gariri	80
Gasa	1
Gat	1
Gatara	1
Gaunom	3
Gauwoma	1
Gayuso	5
Geipereri	2
Genesareti	3
Gerasin	3
Gesemani	2
Giai	3
Gikengua	1
Ginopui	1
Girako	1
Giriki	33
Giriyon	1
Girungua	2
Goi	2
Goikenaimba	1
Goikenainga	1
Goimba	1
Goinga	3
Goingoro	4
Goinguaye	1
Goire	1
Goiro	2
Gok	1
Gokota	5
Gomora	7
Goraika	2
Goraiye	1
Gorapune	2
Gore	1
Goukenamba	1
Gounamba	1
Gouname	1
Goungoro	1
Gouragere	1
Gui	1
Gumam	4020
Gumamfi	1
Gumamom	1
Gumamyo	1
Guman	3
Gumanam	12
Gumanamyo	1
Gumanom	39
Gumanum	7
Gunom	13
Guwai	2
Guwo	1
Guwom	3
Hairoporisi	1
I	84
Ifarem	1
Ikai	2
Iki	27
Ikirai	2
Ikomdi	1
Imari	4
Imba	2
Ime	1
Imimi	1
Inaimba	1
Inaingoro	2
Inaiye	1
Inako	2
Inapunba	2
Inapune	5
Inaro	1
Inga	1
Ingoro	1
Inia	1
Iniao	1
Inoki	6
Inokore	2
Inon	1
Inosi	2
Ipa	3
Ipom	1
Ipu	2
Ipun	1
Ipuru	1
Irai	2
Iraiya	31
Iram	1
Iran	96
Iririkam	1
Iron	2
Irumia	1
Isaka	1
Isakarioti	10
Isameil	1
Isau	4
Isipi	47
Isirae	138
Iso	2
Isrirae	1
Itari	5
Itiopia	2
Ituria	1
Iwe	1
K	2
Ka	223
Kaime	7
Kaiyafasi	11
Kaiyo	1
Kakom	115
Kam	31
Kama	1
Kamom	1
Kamun	11
Kamundi	9
Kan	11
Kanainga	1
Kanaiye	1
Kanan	1
Kanapune	1
Kanapunga	1
Kanaro	1
Kandusi	1
Kaninga	2
Kaningoro	1
Kaniyo	11
Kankeinga	1
Kankeipa	1
Kankepika	1
Kano	12
Kanongoro	1
Kanungua	1
Kanupunga	1
Kapa	2
Kapanem	19
Kapaniyam	1
Kaporosia	1
Kapu	11
Kapuka	1
Kari	1
Karia	1
Kasu	5
Kau	1
Kaunsel	7
Kauwom	1
Kauwomdi	1
Kawom	202
Kei	11
Kein	3
Keina	4
Keinan	8
Kenaika	1
Kene	1
Kengoro	2
Kenom	1
Keran	2
Keranom	3
Kerere	1
Keresen	1
Kewa	4
Kewairai	1
Kewarai	1
Kiama	2
Kianom	1
Kiapam	7
Kiapanom	8
Kimba	1
Kiminem	4
Kinam	1
Kinane	1
Kinapune	1
Kiopasi	1
Kipin	2
Kipom	1
Kiren	1
Kirisito	797
Kiriti	10
Kiron	1
Kisipu	2
Kisu	1
Kiyom	1
Ko	1
Koi	2
Koimba	1
Koimoi	1
Koimoiri	1
Kokonan	21
Koma	192
Komari	61
Komariki	24
Komariwom	1
Kon	5
Kongo	32
Koniria	11
Konmori	1
Kopare	3
Kopasi	1
Kopu	2
Kopuna	11
Kora	4
Koramba	1
Korasin	1
Kore	1
Koremen	1
Kori	5
Koria	1
Koriasi	3
Korin	20
Koro	4
Kororia	1
Korosi	3
Korotasi	1
Koroware	1
Korowi	1
Kosam	2
Kou	2
Kua	9
Kui	11
Kuiam	1
Kuianam	1
Kuimokome	2
Kuipa	1
Kuiri	1
Kuku	4
Kun	1
Kunei	3
Kupa	1
Kura	3
Kurei	1
Kuri	7
Kuriyom	1
Kusa	1
Kuwan	1
Kuwanom	2
Laikonia	2
Laion	3
Lasarusi	20
Lasea	1
Leodisia	1
Leorisia	6
Linusi	1
Lipia	2
Lira	4
Liria	2
Lisania	1
Lisia	4
Lisita	7
Liwai	34
Lot	4
Luka	3
Lusiasa	2
Ma	136
Maikel	5
Maira	1
Mairita	2
Mairitusu	2
Maiya	1
Makarara	2
Makarari	2
Mako	10
Makok	1
Man	13
Manao	2
Manasa	3
Mane	3
Maneyan	1
Mangi	17
Mansinom	9
Mansinomdi	1
Mapunom	43
Mapunomdai	1
Mapunomom	1
Maraku	1
Marara	4
Mararina	7
Maria	65
Mariao	2
Marita	1
Maseronia	30
Mata	13
Matan	2
Matata	2
Matati	4
Matatiasi	4
Matayo	1
Mati	2
Matiasi	2
Matiyu	6
Me	3
Meina	5
Meki	4
Mekisereki	26
Mena	3
Meran	2
Meratereinian	1
Meria	2
Mesia	78
Mesiayo	1
Mesopotemia	2
Metusera	2
Mina	2
Miria	1
Mirian	1
Misia	2
Mitirini	2
Moi	7
Moikeimba	1
Moikeinga	1
Moikengoro	1
Moimba	4
Moinga	1
Moingoro	1
Moiro	3
Moko	2
Mokom	2
Mokomba	1
Mokongoro	1
Mora	33
Moraimba	1
Moramba	1
Morame	1
Moroko	1
Mose	231
Mounom	2
Mounum	1
Mukom	8
Mun	39
Munmane	2
Munom	3
Murenam	6
Murom	344
Muromom	12
Muronam	3
Muronum	4
Na	1144
Nafarai	3
Nai	4
Naikena	1
Naimba	1
Naira	1
Naisa	1
Naiye	2
Naiyo	2
Nakai	2
Nakanaimba	1
Nakankenaimba	1
Nakum	2
Namba	2
Nan	2
Nanan	10
Naran	1
Narenba	1
Naro	2
Nasareti	32
Nasaretiyo	1
Nasarini	1
Nasisa	1
Nason	4
Natanie	4
Ne	1842
Neiko	2
Neiman	1
Neimba	1
Nein	1
Neingoro	2
Neison	2
Neitan	2
Nekenapune	2
Nem	3
Nemane	52
Nen	2
Nenamao	1
Nenen	15
Nenom	37
Nenta	108
Nenum	1
Nere	1
Neri	2
Neria	1
Niapori	1
Nifa	1
Niki	4
Nikopori	1
Nikora	1
Nikorata	2
Nikorimasi	3
Nimi	5
Ninowa	5
No	626
Noa	12
Noi	1
Nokapu	4
Nokom	1
Nomane	1
Nomanenom	1
Non	34
Nongam	1
Noniki	1
Nonon	181
Nopunga	1
Noromba	1
Norongoro	1
Norongua	1
Nowaimba	2
Nowainga	1
Nowana	1
Nowangua	1
Nupi	4
Nurom	1
Nuwi	48
O	108
Ofeti	1
Okan	1
Okom	1
Okome	86
Okonom	3
Onesifora	5
Ongo	4
Onisima	11
Onopa	8
Onoparai	1
Opai	48
Opaiyo	4
Oparomi	54
Opeti	4
Opom	4
Ori	13
Orimipa	1
Oriwa	14
Oriyo	10
Oro	18
Osea	1
Pafoso	2
Pairoti	78
Pairu	1
Pambiria	5
Pamena	1
Pamos	1
Pandusi	2
Panueri	1
Pararaisi	1
Pararasi	1
Patara	1
Pataropa	1
Patia	1
Pauro	287
Peka	4
Pekema	3
Pendikosi	3
Pereku	2
Peresi	4
Pesisi	1
Pirisira	7
Pisiria	3
Pita	249
Pitao	2
Pitaye	1
Pitayo	1
Pondiasi	3
Pondusi	1
Porokorusi	1
Porusu	1
Posia	1
Pupiusa	2
Purena	1
Putiorai	1
Rama	1
Rapai	3
Rapaiyo	1
Refan	1
Reiapo	3
Reisa	1
Rekium	2
Repeka	2
Resa	2
Riapoam	2
Roma	48
Roponai	2
Rosi	1
Rota	1
Rubin	1
Rufa	2
Rufusi	1
Ruti	1
Saika	1
Saimon	86
Saimonyo	3
Saion	9
Saipasi	8
Saira	18
Sairini	8
Sairo	1
Sairom	4
Sairon	14
Sakiya	3
Sakiyao	1
Samaria	28
Samo	1
Samoteisu	1
Samson	1
Samue	3
Sande	1
Sapaira	1
Sara	8
Saramasu	1
Saramon	4
Saratie	2
Sarefa	1
Sarere	15
Sarim	1
Sarisi	3
Saroki	1
Saromi	2
Saron	1
Sarusi	15
Satan	137
Satanyo	2
Satoki	1
Sauro	45
Sauroyo	2
Sekaraia	13
Sekaraiayo	1
Sekundu	1
Sem	2
Semein	2
Semuna	2
Senia	2
Sepayuran	1
Sepeti	10
Sepuran	2
Sera	2
Serapape	4
Serem	2
Seruku	2
Serusia	1
Sesaria	1
Sesia	1
Setefana	4
Setefena	1
Seteki	1
Seti	2
Sewa	1
Si	11
Siapasi	1
Siatie	2
Sifas	2
Sikem	2
Sikepunba	1
Sikepune	1
Simion	1
Simiyon	7
Sina	1
Sinai	5
Sintiki	1
Sipen	2
Siraku	2
Siria	11
Sirisia	8
Sisa	34
Sisaria	21
Sitiwin	18
Sitoiki	1
Siyo	1
Somoni	1
Sopata	1
Sorom	13
Soromon	15
Sosipata	1
Soteni	2
Su	4
Sumuna	242
Surai	24
Susana	1
Suwamba	1
Suwapune	1
Suwo	3
Ta	49
Tai	169
Taikan	5
Taikiku	5
Tainom	1
Taipiria	4
Tairanu	1
Taitasi	22
Taiya	14
Taiyataira	4
Tamanangua	1
Tamaneka	1
Tamanumba	2
Tamanume	195
Tamanumie	19
Tapita	1
Tapitao	1
Tarom	27
Taroma	1
Taruta	1
Tasisi	6
Tatia	2
Tawa	2
Te	3446
Tei	4
Teina	1
Teiri	1
Tekenaimba	1
Tekename	2
Tekengoro	1
Tekonaiti	1
Tema	1
Teno	1
Tera	2
Tere	1
Tesaronaika	12
Tetarusa	4
Tetiyusi	1
Tikasi	1
Timeyu	1
Timon	1
Timoti	34
Timotiyo	2
Tiofirasi	1
Tiofirasiyo	1
Tirifina	1
Tirifosa	1
Tirofimasi	1
Titiyu	1
Toasa	5
Tokoi	6
Tomasi	12
Tongi	1
Tongoro	1
Tongua	3
Tora	74
Torae	1
Toramere	1
Toremai	1
Toroasi	2
Torofimu	2
Tou	1
Towa	1
Towaiye	1
Towamba	2
Towane	3
Towi	1
Turasi	1
U	3
Unaika	2
Unaiye	2
Unamba	1
Uname	1
Unapika	1
Ungoro	1
Ungua	1
Uraia	1
Uram	4
Ure	4
Usaia	2
Uwo	6
Wam	20
Wanam	2
Wanamyo	6
Wanapao	1
Wandou	1
Wanopanam	15
Wanopanom	560
Wanopanomyo	55
Wanopanum	7
Wanopao	4
Wi	1
Wimba	1
Winam	1
Wingoro	2
Winom	1
Wiom	1
Wiro	1
Wiyo	6
Woikoro	1
Woingoro	1
Ya	15
Yae	52
Yai	4347
Yairusi	3
Yaiyo	1
Yakopo	30
Yambiri	2
Yanai	2
Yani	2
Yarati	2
Yarom	1
Yaromi	799
Yaromirai	1
Yaspa	2
Yasuwa	4
Yekonaia	3
Yemesi	43
Yeremaia	4
Yeriko	10
Yerusarem	181
Yerusaremdi	1
Yesepe	1
Yesi	6
Yeson	5
Yesu	2639
Yesuye	3
Yesuyo	4
Yeta	1
Yo	14
Yoana	2
Yoanan	2
Yoane	199
Yokama	15
Yokamai	387
Yona	10
Yonam	2
Yono	6
Yonom	1
Yop	1
Yopa	11
Yoporam	3
Yoporamye	1
Yoporanam	1
Yora	2
Yoram	2
Yoran	15
Yorim	2
Yosafa	2
Yosaia	2
Yosefe	52
Yosefeyo	1
Yoseka	2
Yosisi	6
Yotam	2
Yufereti	2
Yunia	1
Yunisi	1
Yuoria	1
Yupura	1
Yura	661
Yurasi	54
Yurasiyo	1
Yuria	46
Yuriari	1
Yuriasi	2
Yusatasi	3
Yut	1
Yutika	1
a	131
ain	5
aiya	1
akai	507
akainam	5
akainom	82
akainomdi	2
akainum	1
akainumdi	1
akaiyom	308
akaiyomdai	1
akaiyomdi	56
akeiyo	2
akero	1
aket	1
aki	14
akime	1
akinam	17
akinom	12
akinum	2
akire	1308
akiro	57
akiyom	63
ako	602
akoimba	1
akoime	2
akoinga	10
akoingai	1
akoingoro	1
akoiyo	2
akokai	1
akokeimie	1
akokemie	1
akokenaika	1
akokenguamere	1
akokere	1
akome	2
akomie	1
akonaikoro	1
akonaime	1
akonainga	1
akonaingore	1
akonaiye	1
akoname	2
akonangua	2
akonanguai	1
akonano	1
akonapune	3
akonapunga	1
akonaro	5
akongoro	9
akongua	20
akonguai	2
akongui	2
akopikoro	2
akopune	1
akopungoro	1
akopunie	1
akore	50
akoro	34
ama	1901
amai	34
amairi	5
amaiwo	1
ame	159
amene	1
ametisu	1
ami	6
amika	3
aminari	1
amine	24
amiyom	3
amui	1
api	24
apom	22
apoma	12
aponam	7
aponom	1
aponoma	8
aponum	4
apunam	2
arari	67
ararimere	2
ararinan	1
ararirai	1
are	6
areimie	1
areinga	2
areingamere	1
areiyo	2
arekanangua	1
arekeimba	1
arekeme	3
arekenaime	4
arekenaimie	3
arekenainga	5
arekenangua	4
arekenapunga	1
arekengua	1
areme	3
arere	108
arereingoro	1
arero	67
arerome	1
arerongoro	1
arerongua	2
areronguamere	2
areropunga	1
arerowaika	1
arerowainga	1
arerowame	1
arerowamie	1
ari	6113
arikeimie	1
arikenainga	1
arime	2
arimie	1
arinam	12
arinama	57
arinamao	56
aringa	4
aringoro	2
arinom	34
arinoma	140
arinomao	8
arinomyo	1
arinum	10
arinuma	26
ario	2
aripika	1
arirai	1
arire	91
arireime	1
ariri	1
ariro	36
arirome	5
arirongoro	2
arirongua	4
arironguamere	1
arirowaimie	1
ariyo	15
ariyom	43
ariyoma	119
aro	230
arom	17
arome	21
aromge	1
aromie	4
arongoro	8
arongua	16
aronguamere	3
arowa	2
arowaika	4
arowaikere	1
arowaime	8
arowaimie	2
arowainga	18
arowaingai	1
arowaingero	1
arowaingoro	1
arowaiye	11
arowame	1
arowamie	1
arowangere	2
arowangua	1
arowapune	2
arowapunga	1
arowapungoro	1
arowaro	3
au	32
aunam	131
aunamao	2
aunamyo	2
aunom	14
aunoma	1
aunum	6
auwam	1
auwo	4
auwom	35
auwoma	2
awa	190
awam	6
awama	2
awanam	2
awanama	2
awanom	27
awanoma	85
awanum	1
awanuma	1
awi	276
awom	1
awoma	1
bai	154
baika	1
baikeime	2
baikenanga	1
baikenapune	1
baikeno	1
baikoro	2
baime	3
baimie	2
baine	1
bainga	11
baingai	2
baingamere	1
baingoro	2
baingua	4
baipunga	1
baipunie	2
baire	16
bairo	129
baiyo	1
bakom	61
bakomdi	100
bam	46
bamdi	1
baraika	1
baraimba	1
baraime	1
barainga	2
baraingai	1
baraiye	2
barame	2
barangua	3
barapuka	1
barapune	1
barapungoro	1
barare	1
bararo	1
bare	6
basin	1
bau	101
bauingua	1
baume	4
baunaika	1
baunaikoro	1
bauname	2
baungoro	4
bauro	2
baurom	7
bauwi	4
bauwime	1
bauwine	1
bauwinga	2
bauwire	2
bawi	7
bawime	1
bawinaimie	1
bawinangua	1
bawinapungoro	1
bawingoro	1
bawom	103
bea	1
bei	3638
beika	137
beikai	9
beikamere	7
beikeika	1
beikeimba	8
beikeime	7
beikeimie	4
beikeimo	1
beikeinga	13
beikeingamere	2
beikeingi	1
beikeingoro	3
beikeipa	9
beikeipika	4
beikeiye	8
beikeiyo	47
beikemba	4
beikeme	11
beikemie	7
beikenaika	2
beikenaikoro	1
beikenaimba	5
beikenaimbo	1
beikenaime	16
beikenaimie	1
beikenainga	10
beikenaingai	1
beikenaipa	1
beikenaipo	2
beikenaiye	4
beikenamba	2
beikename	3
beikenamie	2
beikenane	1
beikenanga	1
beikenangere	1
beikenangua	11
beikenanguamere	1
beikenangui	1
beikenapunba	1
beikenapune	14
beikenapunga	2
beikenaro	8
beikenaye	1
beikenba	2
beikene	1
beikengoro	1
beikengua	8
beikepire	1
beikepunba	1
beikepune	10
beikepunga	1
beikepunie	2
beikere	5
beikeye	1
beikeyo	9
beiki	2
beikoro	6
beimba	52
beimbo	8
beime	51
beimgamere	1
beimie	111
beimo	3
beinainga	1
beinga	649
beingai	16
beingamere	57
beingere	1
beingi	4
beingoro	40
beinguamere	1
beipa	13
beipika	26
beipikai	1
beipikamere	2
beipikoro	4
beipire	9
beipo	6
beipunga	1
beire	171
beiro	172
beiwira	1
beiya	4
beiye	78
beiyo	143
beka	4
bekeiyo	1
bekenainga	1
bekeyo	1
bemba	20
bembore	1
beme	92
bemia	2
bemiau	1
bemie	63
bemo	1
benaika	34
benaikai	5
benaikere	1
benaikoro	2
benaimba	5
benaimbo	1
benaime	41
benaimie	8
benainga	105
benaingai	12
benaingere	5
benaingero	3
benaingoro	7
benaipika	2
benaipire	1
benaipo	2
benaiye	50
benamba	2
bename	34
benamie	10
benana	1
benane	4
benanga	33
benangere	2
benangore	4
benangoro	9
benangua	76
benanguai	6
benanie	3
benano	1
benapuiye	1
benapunba	2
benapunbo	5
benapune	56
benapunga	26
benapungai	1
benapungoro	3
benapunie	1
benapuno	1
benaro	37
benaye	2
benba	3
benbere	1
bene	17
beng	1
benga	41
bengai	2
bengamere	3
bengaui	1
bengoro	259
bengua	418
benguai	14
benguamere	28
benguamom	2
bengui	6
benie	9
bepuiye	3
bepuka	2
bepunba	7
bepunbo	2
bepune	34
bepunga	134
bepungai	5
bepungamere	3
bepungamom	1
bepungoro	3
bepunia	1
bepunie	33
bepuno	1
beranum	1
berere	11
beril	1
bero	6
beromom	1
beye	3
beyo	56
bi	19
biam	73
biamui	2
bianam	18
biange	10
bianom	371
bianomdi	1
bianum	18
bie	4
binam	5
binom	46
binomdi	16
binum	2
binumdi	1
biom	6
bire	80
bireime	2
bireinga	4
birekeime	1
birere	8
biri	1
birom	450
biromdi	27
birongoro	3
biruwangua	1
biyai	191
biye	2
biyom	123
bo	236
boi	678
boika	31
boikai	4
boikeika	5
boikeikai	2
boikeikamere	1
boikeikoro	1
boikeimba	8
boikeimbo	1
boikeime	5
boikeimie	7
boikeinga	20
boikeingamere	2
boikeingoro	5
boikeipa	3
boikeipire	1
boikeiye	7
boikeiyo	14
boikemba	4
boikeme	6
boikemie	2
boikenaime	8
boikenainga	11
boikenamba	1
boikename	3
boikenamie	2
boikenangoro	1
boikenangua	7
boikenanie	2
boikenapunba	1
boikenapune	3
boikenapunga	2
boikenaro	2
boikenba	2
boikenga	1
boikengoro	4
boikengua	15
boikenguamere	1
boikenie	1
boikepuiba	1
boikepunba	4
boikepune	2
boikepunga	5
boikepungoro	1
boikepunie	1
boikere	4
boikero	1
boikeyo	6
boikoro	1
boima	2
boimba	19
boimbo	1
boime	149
boimie	41
boinamdi	1
boine	1
boinga	186
boingai	3
boingamere	34
boingamom	6
boinganom	1
boingero	2
boingi	3
boingoro	118
boingua	439
boinguai	18
boinguamere	16
boinguamom	31
boinguaya	1
boingui	30
boinie	1
boinom	6
boinomdi	3
boinum	5
boipa	3
boipika	4
boipikamom	2
boipikoro	2
boipire	1
boipuika	1
boipukoro	1
boipuna	1
boipune	8
boipunga	22
boipungoro	2
boipunie	1
boire	169
boiri	18
boiro	555
boiya	1
boiye	16
boiyo	50
boiyom	19
boiyomdi	39
bomdi	2
bon	9
bonan	1
boraika	6
boraime	23
boraimie	7
borainga	71
boraingai	2
boraingamere	1
boraingi	2
boraingoro	8
boraipo	2
boraiye	13
borambo	1
borame	7
boramie	8
boranba	1
boranga	5
borangore	1
borangoro	5
borangua	18
borangui	3
borapune	22
borapunga	21
borapungoro	3
borapunie	1
borare	1
boraro	10
bore	1
boreingoro	1
borere	4
boro	30
boromdi	190
bosin	1
boware	32
bowi	1
bu	42
bui	113
buikeime	1
buikeinga	2
buikeme	1
buikename	3
buikenamie	1
buikenangua	2
buikero	2
buimba	1
buime	11
buinga	5
buingoro	1
buingua	5
buipire	1
buipune	1
buipunga	1
buipungai	1
buire	4
buiro	8
buiyo	3
bum	23
bun	8
buna	1
bunam	27
bunamdi	77
buno	3
bunom	5
burainga	1
buramba	1
burane	1
burangua	4
burapune	2
buraro	3
buro	11
burom	1
burumakau	30
dai	44
daika	2
daikeime	11
daikeimie	7
daikeinga	7
daikeingoro	1
daikeiye	3
daikeiyo	1
daikenaime	1
daikenaimie	1
daikenainga	1
daikenamba	1
daikename	1
daikenangua	1
daikenapunga	1
daikene	2
daikenga	2
daikenia	1
daikeno	1
daikepire	1
daikere	2
daime	10
daimie	13
dainba	1
dainga	24
daingai	7
daingoro	6
daingua	26
dainguamere	8
dainie	2
daino	2
daipikamere	1
daipunba	1
daipune	5
daipunga	4
daipunie	4
daire	16
dairo	30
daiwai	5
daiye	5
daiyo	8
dam	1
damdi	2
dame	1
damom	2
damundi	1
danamdi	1
danom	1
daraiba	1
daraimba	1
daraimbo	2
daraime	3
daraimie	2
darainga	9
daraingamere	1
daraingoro	1
daraiye	1
darambo	1
darame	1
daramie	2
darangua	2
darapunga	1
dare	1
darere	1
daro	6
darongoro	1
dau	17
dauika	3
dauikepuiye	1
dauime	1
dauinapune	3
dauinapunga	1
dauinapungoro	1
dauinga	22
dauire	7
dauiro	4
dauiye	1
dauka	1
daukenaimie	1
daume	2
daunainga	2
daunangoro	2
daunangua	2
daunapunga	1
daupune	1
daupunga	8
daure	2
dauro	6
dauwi	7
dauwinga	1
dauwiro	3
de	1885
deika	36
deikai	5
deikamere	1
deikoro	14
deima	1
deimba	18
deimbo	1
deime	85
deimie	17
deimio	22
deine	2
deinga	219
deingai	2
deingamere	10
deingi	2
deingoro	85
deingua	2
deinom	1
deinomdi	4
deipa	3
deipika	1
deipire	4
deipiro	1
deipiyo	1
deiye	36
deiyo	148
deiyom	1
deiyomdi	2
deka	2
dekai	1
dekamere	1
dekeika	2
dekeikoro	1
dekeimba	3
dekeime	9
dekeimie	3
dekeinga	3
dekeipa	3
dekeiye	14
dekeiyo	15
dekemba	2
dekembo	1
dekeme	25
dekemie	8
dekenaika	3
dekenaime	9
dekenaimie	2
dekenainga	8
dekenaingai	1
dekenaiye	8
dekenambo	1
dekename	14
dekenamie	9
dekenamo	1
dekenangore	1
dekenangoro	4
dekenangua	6
dekenanie	2
dekenapune	2
dekenapunga	1
dekenapunie	3
dekenaro	3
dekenga	1
dekengoro	4
dekengua	9
dekenguamere	1
dekenia	1
dekepunba	2
dekepune	5
dekepunga	1
dekere	7
dekero	3
dekeyo	12
dekoro	2
dem	176
demgina	2
den	1
denam	114
denba	1
dene	3
denga	10
dengamere	2
dengere	7
dengero	1
dengoro	11
denie	3
denio	17
denom	504
denum	35
depei	1
depika	3
depikai	1
depikoro	3
depire	5
dere	876
derewo	67
dero	448
di	7476
dian	43
diandi	8
diau	8
dika	103
dikai	35
dikamere	6
dikan	1
dikeimba	8
dikeimbo	1
dikeime	10
dikeimie	7
dikeinga	29
dikeingamere	2
dikeingoro	2
dikeipa	4
dikeiro	1
dikeiye	12
dikeiyo	33
dikema	2
dikemba	31
dikembo	1
dikeme	97
dikemia	3
dikemie	25
dikenagore	1
dikenaimba	7
dikenaimbo	3
dikenaime	20
dikenaimie	6
dikenainga	14
dikenaingore	1
dikenaingoro	2
dikenaipa	1
dikenaiye	12
dikenamba	4
dikename	22
dikenamia	1
dikenamie	13
dikenanba	1
dikenangore	1
dikenangoro	4
dikenangua	35
dikenanguai	1
dikenangui	1
dikenanie	1
dikenano	1
dikenapunba	4
dikenapune	7
dikenapunga	1
dikenapunie	1
dikenaro	9
dikenaya	1
dikenba	2
dikengoro	11
dikengua	43
dikenguai	1
dikenguamere	1
dikeo	1
dikepunba	1
dikepunbo	1
dikepune	4
dikepunga	2
dikepungoro	1
dikepunie	1
dikere	11
dikero	2
dikeyo	9
dikoro	7
dimba	93
dimbo	12
dime	315
dimie	32
dimio	19
dimo	1
din	8
dina	2
dinam	1
dinau	11
dinba	5
dinbo	3
dinbore	1
dine	19
dinepe	47
dinga	460
dingai	36
dingairai	2
dingamere	48
dingarai	3
dingere	1
dingero	4
dingi	12
dingoro	111
dinie	12
dinio	4
dino	3
dinom	164
dinomdi	15
dinomge	1
dinomo	3
dipa	15
dipanom	8
dipika	8
dipikai	5
dipikoro	8
dipire	15
dipiyo	3
dire	470
diro	1649
dirom	1
diye	59
diyo	54
do	91
doi	10
dom	36
domba	33
dombo	8
dome	173
domia	1
domie	42
domo	3
don	8
donam	19
dongoro	251
dongua	1142
donguai	49
donguairai	1
donguamere	39
donguamom	3
donguao	1
donguari	8
dongui	28
donki	17
dopikoro	1
dopuiye	2
dopuka	1
dopunba	2
dopune	15
dopunga	22
dopunganom	1
dopungoro	2
dopunie	7
dori	113
dorimin	5
dorinom	1
doriyom	2
doro	4
doromin	2
dou	58
douinam	8
douinom	1
douranom	10
doure	1
douro	3
dourom	545
douwinam	6
douwinom	2
douwinum	1
douwom	2
dowaika	29
dowaikai	1
dowaikere	1
dowaikore	1
dowaikoro	14
dowaimba	4
dowaimbo	1
dowaime	29
dowaimie	15
dowaimo	1
dowainga	65
dowaingai	1
dowaingere	4
dowaingi	1
dowaingoro	14
dowaipika	2
dowaipikoro	1
dowaiye	80
dowama	1
dowamba	6
dowambo	3
dowambore	1
dowame	65
dowamie	21
dowane	3
dowanga	12
dowangere	2
dowangero	1
dowangore	5
dowangoro	35
dowangua	122
dowanguai	10
dowanguairai	1
dowangui	1
dowanie	6
dowapire	2
dowapune	34
dowapunga	23
dowapungamere	1
dowapungoro	2
dowapunie	3
dowaro	36
dowaye	2
dowinam	6
dowinom	10
dowinum	2
dowiyom	1
du	76
dum	2
duma	4
dumanom	21
dumba	78
dumbo	12
dumbore	3
dume	819
dumia	18
dumie	155
dumo	4
dungamere	1
dungero	1
dungoro	260
dungua	1073
dunguai	103
dunguairai	10
dunguamere	129
dunguamom	5
dunguarai	16
dunguari	2
dungui	96
dunguirai	1
duo	1
dupuiye	1
dupuka	1
dupunba	10
dupunbo	1
dupune	32
dupunga	38
dupungai	6
dupungairai	3
dupungoro	4
dupunie	6
durange	9
durom	1
duwaika	93
duwaikai	4
duwaikoro	2
duwaima	1
duwaimba	7
duwaimbo	4
duwaime	89
duwaimie	15
duwainga	178
duwaingai	3
duwaingere	1
duwaingore	1
duwaingoro	8
duwaipa	4
duwaipika	1
duwaipo	2
duwaiya	8
duwaiye	69
duwaiyo	2
duwamba	8
duwambo	2
duwame	120
duwamia	1
duwamie	24
duwamo	1
duwane	8
duwanga	16
duwangai	1
duwangere	6
duwangero	1
duwangore	7
duwangoro	41
duwangua	194
duwanguai	7
duwangui	7
duwanie	3
duwano	1
duwapuiye	1
duwapunba	3
duwapunbo	1
duwapune	65
duwapunga	40
duwapungai	2
duwapungamere	1
duwapungoro	3
duwapunie	4
duwapuno	4
duware	1
duwaro	77
duwarom	6
duwaye	4
duwi	2
duwo	4
e	115
edongua	9
ee	1
efem	65
efenam	3
efenom	35
efenum	4
egure	1
ei	1236
eika	20
eikamere	3
eikeimba	2
eikeime	5
eikeimie	7
eikeinga	5
eikeingoro	1
eikeipa	5
eikeipikoro	1
eikeiyo	25
eikeme	11
eikemie	7
eikenaimba	2
eikenaime	3
eikenaimie	1
eikenainga	7
eikenaingoro	1
eikenaiye	1
eikename	3
eikenamie	2
eikenangoro	1
eikenangua	3
eikenapune	3
eikenapunga	2
eikenaro	4
eikene	2
eikenga	2
eikengoro	2
eikengua	27
eikepunba	2
eikepune	1
eikere	13
eikeye	1
eikeyo	5
eikoro	1
eimba	10
eimbo	3
eime	70
eimie	13
einaika	1
einaime	2
einainga	2
einaingai	2
einaiye	4
einame	4
einamie	5
einangore	1
einangoro	1
einangua	3
einapune	2
einapunga	1
einaro	3
einga	165
eingai	5
eingamere	16
eingarai	1
eingi	11
eingoro	30
eingua	5
eio	1
eipika	2
eipikai	1
eipire	5
eipuiye	2
eire	242
eiro	192
eiye	21
eiyo	32
eiyom	2
ekamere	1
ekan	8
ekanaikoro	1
ekanaipa	1
ekanaipo	1
ekanaiye	3
ekaname	1
ekanapuiye	1
ekanapune	1
ekanaro	1
ekanere	6
ekanero	15
ekanikai	1
ekanime	2
ekaninga	1
ekaningai	1
ekaningamere	1
ekaniye	4
ekankeingamere	1
ekankeiye	2
ekankemo	1
ekankenaimie	1
ekankenaiye	1
ekankeye	2
ekanopune	1
ekanopunga	1
ekanopungai	2
ekanume	1
ekanumie	2
ekanungoro	1
ekanungua	1
eke	128
eken	73
ekinana	1
ekinguai	1
ekire	12
ekiro	11
ekoi	3
ekukureingamere	2
ekukureiyo	3
ekukurere	3
ekukurome	1
ekukuronguamere	1
ekurowangua	2
ekurowanie	1
ema	28
emba	16
embo	2
eme	62
emenam	4
emenama	14
emenamao	1
emenamyo	2
emenom	9
emenoma	9
emenum	9
emenuma	5
emeral	1
emerom	54
emeroma	15
emie	22
ena	4685
enaika	3
enaikoro	1
enaimba	3
enaime	9
enaimie	4
enainga	32
enaingai	2
enaingamere	1
enaingoro	2
enaiye	13
ename	7
enamie	4
enanba	1
enanga	5
enangoro	4
enangua	18
enanguai	3
enanguamere	2
enapuiye	1
enapune	11
enapunga	5
enapunie	1
enaro	14
enba	1
endinaipire	1
endinanie	1
endinapire	1
endingoro	1
endire	82
endiro	44
endongua	1
ene	2
enga	18
engamere	2
engoro	36
engua	222
enguai	7
enguamere	22
enguarai	1
engui	11
engure	1
engurongoro	1
enie	2
enom	1
enomdire	3
enuku	14
enukumom	1
epe	4568
epemere	229
epena	668
epenai	8
epewo	5
epewom	5
epika	1
epunba	1
epune	8
epunga	11
epungai	1
epungamere	1
epungoro	1
epunie	1
era	1
erai	1
eramom	84
eran	1
ere	38
erefan	1
ereika	150
ereikai	12
ereikairai	1
ereikamere	15
ereikarai	2
ereikeiyo	1
ereikemere	1
ereikoro	20
ereima	1
ereimba	30
ereimbo	2
ereimbore	1
ereime	126
ereimia	1
ereimie	26
ereinga	350
ereingai	7
ereingamere	19
ereingarai	2
ereingere	2
ereingoro	82
ereipa	12
ereipika	3
ereipikoro	2
ereipire	7
ereipo	1
ereipukoro	1
ereiya	3
ereiye	419
ereiyo	155
erekamere	1
erekeika	5
erekeikamere	1
erekeimba	4
erekeimbo	1
erekeime	10
erekeimie	5
erekeinga	30
erekeingamere	1
erekeipa	8
erekeipo	1
erekeiye	24
erekeiyo	45
erekemba	15
erekembo	1
erekeme	36
erekemiau	1
erekemie	4
erekenaika	4
erekenaikoro	1
erekenaimba	7
erekenaime	10
erekenaimie	5
erekenaimo	1
erekenainba	1
erekenainga	16
erekenaipa	4
erekenaiye	23
erekenamba	9
erekename	45
erekenamie	9
erekenamo	1
erekenangoro	4
erekenangua	12
erekenanguamere	4
erekenano	1
erekenapunba	2
erekenapune	10
erekenapungoro	1
erekenaro	4
erekenba	1
erekene	1
erekengoro	2
erekengua	10
erekenguai	1
erekenguamere	1
erekenie	1
erekeo	1
erekepunba	8
erekepune	16
erekepunga	1
erekepunie	3
erekere	10
erekero	1
erekeyo	2
erelngamere	1
erembo	1
eremo	5
erenba	3
erene	15
erenga	25
erengamere	6
erengere	7
erengero	1
erengoro	1
erenie	5
ereno	2
erepika	3
erepikoro	6
erepire	7
erepuika	1
erepuiye	1
erepuka	1
erere	477
erero	102
ereye	43
eri	281
erieyo	1
erimuku	1
erinom	1
erirai	1
eriyom	23
eriyomdi	1
ero	118
eroi	1
eromba	52
erome	728
eromia	1
eromie	117
erongore	2
erongoro	446
erongua	505
eronguai	11
eronguairai	1
eronguamere	50
eronguamom	2
erongui	3
eropuiye	4
eropuka	1
eropunba	4
eropune	96
eropunga	46
eropungai	2
eropungamere	9
eropungoro	12
eropunie	20
eropuno	2
erowai	214
erowaika	77
erowaikai	2
erowaikamere	5
erowaikero	1
erowaikoro	38
erowaimba	13
erowaimbo	2
erowaime	62
erowaimie	40
erowaimo	1
erowainga	128
erowaingai	3
erowaingamere	4
erowaingere	4
erowaingero	1
erowaingoro	30
erowaipa	2
erowaipika	3
erowaipikoro	3
erowaipire	12
erowaipo	3
erowaipore	1
erowaiya	11
erowaiye	342
erowaiyo	2
erowamba	14
erowambore	1
erowame	259
erowamia	1
erowamie	88
erowana	4
erowane	6
erowanga	10
erowangere	6
erowangero	1
erowangore	6
erowangoro	107
erowangua	266
erowanguai	3
erowanguamere	3
erowanie	16
erowano	1
erowapuka	1
erowapunba	1
erowapunbore	1
erowapune	93
erowapunga	42
erowapungoro	8
erowapunie	5
erowapuno	1
eroware	3
erowaro	87
erowaye	6
erowikoro	1
ewi	270
eyo	6
fa	8
fai	129
faika	7
faikai	2
faikaname	1
faikeinga	9
faikeiye	1
faikema	1
faikemba	20
faikembo	1
faikeme	206
faikemia	1
faikemie	30
faikemo	2
faikenaime	1
faikenainga	1
faikenamba	10
faikenambo	2
faikename	112
faikenamie	8
faikenamo	1
faikenangoro	3
faikenangua	14
faikenapika	1
faikenapuiye	2
faikenapunba	1
faikenapunga	1
faikenaro	5
faikengoro	12
faikengua	23
faikenguai	1
faikepune	1
faikepunie	1
faikere	1
faikero	3
faikoro	3
faimba	24
faimbo	6
faimbore	1
faime	101
faimia	1
faimie	101
faimo	7
fainbore	1
faine	1
fainga	113
faingai	3
faingamere	4
faingi	6
faingoro	27
faingua	249
fainguai	16
fainguamere	7
fainguamom	1
faingui	6
faipa	2
faipika	4
faipire	4
faipuiye	1
faipuka	1
faipunba	1
faipune	1
faipunga	14
faipungi	1
faipungoro	1
faipunie	1
faire	7
fairo	63
faiye	6
fakai	54
fakaimere	3
fana	22
fanaika	2
fanaimba	2
fanaime	5
fanaimie	3
fanainga	14
fanaingai	1
fanaingere	2
fanaingore	1
fanaingoro	2
fanaipika	2
fanaiye	2
fanam	4
fanama	1
fanamba	23
fanambo	3
fanambore	2
fanamdi	1
faname	116
fanamia	1
fanamie	53
fanan	1
fananam	2
fanandi	1
fananga	3
fanangoro	5
fanangua	35
fananguai	4
fananguamere	2
fananumdi	1
fanapuiye	1
fanapune	1
fanapunga	2
fanaro	11
farai	2
faranom	1
farere	1
fari	8
faruwa	2
fau	2
fauwi	2
fayo	1
fei	2
feime	1
feinga	1
feingamere	1
feire	7
feiro	6
feke	61
fera	67
ferako	3
fere	56
fi	2549
fia	7
fiasi	98
fiasire	1
fiasuwo	1
fika	61
fikai	58
fikamere	22
fike	2
fikeika	2
fikeikere	1
fikeikoro	1
fikeimba	19
fikeime	45
fikeimiau	1
fikeimie	24
fikeimo	15
fikeinga	33
fikeingai	1
fikeingamere	1
fikeingoro	3
fikeipa	5
fikeipika	1
fikeipipa	1
fikeipire	3
fikeipiro	1
fikeiro	2
fikeiye	29
fikeiyo	50
fikemba	6
fikeme	8
fikemie	6
fikenaika	3
fikenaimba	4
fikenaime	9
fikenaimie	6
fikenainga	13
fikenaingai	1
fikenaingoro	1
fikenaiye	6
fikenamba	2
fikename	4
fikenanga	2
fikenangere	1
fikenangore	1
fikenangoro	2
fikenangua	4
fikenanguai	2
fikenanie	1
fikenapunba	6
fikenapune	9
fikenapunga	1
fikenapungamere	1
fikenaro	2
fikenba	4
fikenbore	1
fikene	3
fikenga	3
fikengoro	2
fikengua	4
fikenie	2
fikeno	4
fikepunba	4
fikepune	27
fikepunga	3
fikepungamere	1
fikepunie	3
fikere	40
fikero	6
fikeye	2
fikeyo	12
fiki	6
fikoro	1
fimba	88
fimboro	1
fime	262
fimia	5
fimiau	1
fimie	128
fimio	1
fimo	25
finba	3
finbore	1
fine	8
finga	428
fingai	59
fingairai	2
fingamere	55
fingamom	2
fingarai	4
fingere	1
fingero	2
fingi	3
fingoro	113
fingua	92
finguai	10
finguamere	48
finia	1
finie	5
fino	15
fipa	17
fipika	11
fipikai	2
fipikamere	2
fipiki	2
fipikoro	8
fipipa	2
fipire	33
fipuiye	5
fipuka	3
fipunba	10
fipunbo	1
fipune	43
fipunga	128
fipungai	9
fipungamere	3
fipunie	15
firaika	21
firaikai	1
firaikamere	4
firaikamom	1
firaimba	9
firaimbo	1
firaime	103
firaimie	28
firaimo	1
firainga	161
firaingai	6
firaingamere	8
firaingere	3
firaingoro	2
firaipa	2
firaipipa	1
firaipiro	1
firaipo	1
firaiye	44
firamba	3
firame	26
firamie	7
firane	1
firanga	15
firangai	1
firangamere	4
firangere	1
firangore	1
firangoro	3
firangua	33
firanguamere	6
firanie	6
firapikai	1
firapuna	1
firapunba	1
firapune	80
firapunga	37
firapungamere	1
firapunie	4
firapuno	1
firaro	80
firaye	3
fire	411
firo	420
fiuna	3
fiya	1
fiye	115
fiyo	230
fo	79
foi	10
foire	2
foiye	1
foiyom	11
foran	2
forau	33
fore	1
fou	15
founa	4
foye	1
foyom	1
fu	619
fui	64
fuikoro	1
fuime	2
fuingoro	4
fuipa	1
fuiye	19
fuka	400
fukamere	1
fukoro	2
fum	1
fuma	3
fumba	18
fumbo	3
fume	214
fumia	4
fumie	32
fumo	1
funba	1
fungoro	189
fungua	83
funguai	6
funguamare	1
funguamere	18
funguamom	1
funguarai	1
fungui	4
funie	3
fupuiye	4
fupunba	1
fupune	28
fupunga	20
fupungi	1
fupungoro	12
fupunie	4
fura	40
furai	7
furaki	5
furako	5
furakom	1
fure	952
furo	1115
furom	1
gai	407
gaikeimba	1
gaima	31
gaimao	3
gaime	2
gaimie	2
gainam	10
gainga	19
gaingoro	11
gaingua	12
gainom	67
gainomdi	1
gainum	11
gaipungero	1
gaipungi	1
gairai	1
gaire	8
gairi	4
gairo	28
gaiyo	2
gaiyom	108
gaiyomdi	1
gako	11
galas	1
gam	306
gama	650
gaman	35
gamdi	13
gan	841
ganam	72
ganama	33
ganamao	12
ganamdi	3
gandai	1
ganom	568
ganoma	25
ganomdi	22
ganum	34
ganuma	19
ganumdi	1
garaika	1
garaimie	1
garainga	2
garamie	1
garangua	1
garapune	1
garom	24
gaunom	86
gaunoma	7
gaunum	1
gaunuma	10
gaurom	1
gauwa	7
gauwom	15
gauwoma	9
gauwomyo	1
gawa	8
gawo	277
gawomere	2
ge	3
gene	14
gera	39
gerai	13
gere	471
gerero	1
gerongua	1
gerowaime	1
geu	4
gewo	11
gi	79
gikenangua	1
gikenga	1
gikengua	12
gikenguai	2
gima	2
gime	4
gin	1
gina	1
gine	1
ginga	7
giniya	5
ginopui	8
ginopuiyom	1
gipune	1
gipunga	2
giraiyom	2
girako	4
giram	63
giramdi	53
giranam	3
giranamdi	11
girangoro	1
giranom	35
giranomdi	34
giranum	1
giranumdi	2
girapune	1
girawinam	1
girawinamdi	1
girawinom	10
girawinomdi	5
girawinum	1
girawiyom	5
girayom	1
gire	10
girere	2
giri	2
girikeiyo	1
girinom	5
giriwangua	2
giro	2
girom	6
girongoro	2
girumo	1
girungua	3
giruwangua	45
giwi	7
giyai	4
giyom	1
go	23
goi	152
goika	2
goikanam	1
goikeime	2
goikeimie	1
goikeiye	5
goikeiyo	2
goikemba	2
goikeme	2
goikemie	3
goikenaika	1
goikenaimba	3
goikenaime	10
goikenaimie	10
goikenainga	4
goikenaingero	1
goikenaingoro	1
goikenaiye	4
goikenamba	3
goikename	10
goikenamie	3
goikenangua	2
goikenanguamere	1
goikenanie	2
goikenapunba	2
goikenapune	7
goikenaro	1
goikengoro	1
goikengua	7
goikenguamere	1
goikepune	3
goikepunga	1
goikere	6
goikero	1
goikeyo	6
goikoro	2
goima	1
goimba	25
goimbo	1
goime	82
goimie	35
goimo	1
goinbore	2
goinga	146
goingai	2
goingairai	1
goingamere	12
goingere	1
goingero	2
goingi	1
goingoro	53
goingua	122
goinguai	2
goinguamere	11
goingui	2
goinomdi	2
goipa	3
goipika	3
goipunba	2
goipune	5
goipunga	8
goipungamere	3
goipungoro	3
goire	13
goiro	74
goiye	4
goiyo	13
goiyom	2
goiyomdi	6
gokoro	11
gol	34
gome	25
gope	1
goraika	16
goraikai	1
goraikamere	2
goraikoro	1
goraimba	9
goraime	36
goraimie	15
gorainga	59
goraingai	3
goraingamere	1
goraingore	1
goraingoro	5
goraipa	4
goraipo	3
goraiye	17
goramba	3
gorambo	1
gorame	18
goramie	4
goramo	1
gorane	1
goranga	2
gorangoro	5
gorangua	34
gorangui	1
goranie	3
gorano	1
goranom	1
gorapika	1
gorapunba	2
gorapunbo	2
gorapunbore	1
gorapune	48
gorapunga	34
gorapungamere	2
gorapungero	1
gorapunie	2
gorapuno	1
goraro	22
goraye	1
gore	267
goro	19
gorom	24
goromdi	1
goropo	5
goropom	1
goruwa	1
gou	6
gouinga	2
gouingoro	6
gouiye	1
gouiyo	1
gouka	1
goukeimie	1
goukenainga	1
goukenaingero	1
goukenamba	1
goukename	8
goukenamie	6
goukenangoro	4
goukenangua	4
goukengua	4
goukoro	1
goumba	4
goume	28
goumie	9
gounaika	3
gounaime	3
gounainga	3
gounaiye	4
gounamba	8
gouname	49
gounamie	2
gounanga	1
gounangero	1
gounangore	1
gounangoro	25
gounangua	42
gounanguamere	1
gounapune	1
gounapuno	2
gounaro	40
goungoro	54
goungua	22
gounguamere	1
goupungoro	1
gouragere	4
goure	1
gouro	20
gouwiyo	2
gouwo	2
gowa	31
goyomdi	1
gu	1
gui	27
guide	1
guinga	3
guire	1
guiro	2
gumam	179
gumamdi	76
gumanam	10
gumanamdi	5
gumanom	49
gumanomdi	28
gumanum	8
gumanumdi	4
gumom	1
gunako	1
gunam	14
gunom	463
gunomdi	1
gunum	2
gura	13
gure	54
gureinga	1
gureingoro	1
gurere	17
gurero	3
guri	1
gurom	94
guromdi	8
gurongua	1
gurure	1
guwai	159
guwainam	1
guwainom	4
guwaiyom	8
guwo	588
guwom	46
guwomdi	1
hisop	1
i	5303
igere	2
ika	8
ikai	669
ikairi	1
ikamere	3
ikanaimie	4
ikaneingoro	1
ikanere	1
ikaninga	1
ikaniye	1
ikankeinga	1
ikankepunga	1
ikeikamere	2
ikeimba	1
ikeime	2
ikeimia	1
ikeimie	9
ikeinga	6
ikeipa	1
ikeiye	2
ikeiyo	8
ikemba	1
ikeme	3
ikemie	1
ikenaimba	3
ikenaime	8
ikenaimie	6
ikenainga	3
ikenaipire	1
ikenaiye	4
ikenamba	1
ikename	2
ikenamie	4
ikenane	1
ikenanga	1
ikenangua	3
ikenapune	4
ikenaro	1
ikenga	1
ikengoro	1
ikengua	2
ikeno	1
ikepuiye	1
ikepunie	1
ikere	2
ikeyo	2
iki	906
ikinam	17
ikinamdi	5
ikinom	114
ikinomdi	30
ikinum	11
ikinumdi	7
ikirai	11
ikire	5
ikiwori	1
ikiyom	3
ikom	242
ikomdai	1
ikomdi	60
ikoro	1
ikumo	5
imam	5
imari	136
imba	4
ime	190
imie	48
imimi	13
imin	3
imo	2
inabuiye	1
inaika	8
inaimba	3
inaime	48
inaimie	40
inainga	42
inaingai	1
inaingamere	2
inaingero	1
inaingoro	5
inaipa	1
inaipika	1
inaipire	1
inaiya	1
inaiye	36
inako	130
inamba	4
iname	18
inamie	15
inane	2
inanga	6
inangore	1
inangua	27
inanguai	1
inangui	1
inanie	11
inapuiye	1
inapuka	1
inapunba	1
inapune	69
inapunga	15
inapunie	5
inare	1
inaro	35
inaye	3
ine	1
inga	65
ingai	6
ingamere	2
ingero	1
ingi	2
ingoro	8
ingua	56
inguai	4
inguamere	6
ingui	2
inie	4
inokore	556
inokorom	2
inokoronam	1
ipa	18
ipikamere	2
ipire	5
ipo	141
ipom	50
ipon	1
ipu	222
ipuiye	3
ipuka	1
ipun	215
ipunba	1
ipune	4
ipunga	13
ipungai	1
ipungamere	3
ipunie	8
irai	95
iran	1313
irau	5
iraunaime	1
iraunangoro	1
iraure	1
irauro	5
ire	460
iriri	1
iro	480
iron	79
isop	1
iwa	196
iwari	3
iwawo	1
iwe	29
iwo	2
iya	2
iye	6
iyo	71
ka	4534
kai	154
kaikenaime	1
kaime	113
kaimie	1
kaimom	1
kainam	1
kaingoro	18
kaingua	88
kainguai	2
kainguamere	5
kainie	1
kainom	2
kaire	1
kairo	5
kaiyom	1
kako	1
kakom	2499
kakomdai	1
kakomdi	3
kakomirai	1
kakomom	1
kakonam	1
kakonom	1
kalsironi	1
kam	2169
kama	66
kame	6
kamo	1
kamom	7
kamui	14
kamun	242
kamundi	306
kan	668
kanaika	5
kanaimba	3
kanaimbere	1
kanaime	27
kanaimia	1
kanaimie	12
kanaimo	1
kanainga	35
kanaingai	15
kanaingere	1
kanaingoro	2
kanaipika	2
kanaipire	1
kanaipore	1
kanaiye	18
kanam	273
kanamdi	1
kaname	2
kanamie	4
kananga	3
kanangoro	1
kanangua	7
kananie	3
kanapuna	1
kanapune	28
kanapunga	8
kanapunie	1
kanapuno	1
kanare	1
kanaro	39
kanenba	2
kanene	1
kanenga	5
kanengai	10
kanenia	1
kanenie	1
kanenkai	1
kaneno	5
kanere	253
kanero	103
kanika	22
kanikai	81
kaniki	1
kanikoro	1
kanimba	8
kanime	26
kanimie	14
kanine	2
kaninga	75
kaningai	88
kaningairai	1
kaningamere	5
kaningarai	1
kaningoro	5
kaninie	2
kanipa	4
kanipika	3
kanipikai	3
kanipire	4
kanirian	1
kaniro	1
kaniye	47
kaniyo	47
kankeika	2
kankeimba	11
kankeime	17
kankeimie	20
kankeinga	16
kankeingamere	2
kankeipire	4
kankeiye	20
kankeiyo	1
kankemba	3
kankeme	7
kankemie	5
kankenaika	1
kankenaime	16
kankenaimie	4
kankenainga	4
kankenaingero	1
kankenamba	1
kankename	4
kankenamie	1
kankenangua	1
kankenanie	1
kankenapune	3
kankenapunga	1
kankenaro	1
kankenga	3
kankengoro	1
kankengua	3
kankenie	5
kankepunba	2
kankepune	7
kankepunga	9
kankepunie	1
kankere	9
kankero	4
kankeye	4
kankeyo	2
kano	20
kanom	643
kanome	1
kanomie	4
kanomom	1
kanongoro	2
kanongua	42
kanonguai	4
kanonguamere	1
kanopukai	1
kanopunga	12
kanopungai	1
kanopungoro	1
kanopunie	6
kanum	69
kanumbo	2
kanumdi	1
kanume	22
kanumie	11
kanungoro	4
kanungua	66
kanunguai	11
kanunguamere	1
kanupika	1
kanupuka	2
kanupunba	1
kanupune	16
kanupunga	51
kanupungai	8
kanupungamere	2
kanupunie	6
kap	1
kapa	43
kapakom	106
kapakonam	1
kapam	16
kapan	1
kapanom	1
kapo	69
kapokom	1
kapu	171
kapuka	31
kapukom	1
karaimba	1
karaime	1
karaingoro	1
karam	8
karame	1
karamie	3
karangore	2
karangoro	6
karangua	34
karanguai	1
kari	6
kasu	291
kau	92
kaunaika	1
kaunam	15
kaunamdi	1
kaunaye	1
kaungoro	1
kaungua	2
kaunom	128
kaunomdi	7
kaunpunga	1
kaunsel	18
kaunum	14
kaunumdi	4
kaure	7
kauro	4
kausuwa	2
kauwi	1
kauwo	6
kauwom	88
kauwomdi	43
kawiro	1
kawom	665
kawomdi	1
kawomye	3
kea	34
kei	319
keika	5
keikai	1
keikeinga	2
keikeme	2
keikenaime	1
keikengua	1
keima	1
keimba	1
keime	5
keimie	2
keinga	19
keingamere	5
keingi	6
keingoro	1
keipikamere	1
keipire	1
keirai	2
keire	11
keiro	15
keiye	1
keiyo	1
keiyom	1
kekai	1
kekengua	1
kemba	2
keme	7
kemeikeiwan	2
kemie	2
kemine	3
kenaika	1
kenaikai	1
kenaiki	1
kenainga	1
kenaiye	11
kenamba	2
kename	1
kenamie	1
kenanga	2
kenangoro	2
kenangua	5
kenano	1
kenapune	6
kenaro	2
kendi	2
kene	287
kenekene	1
kengoro	4
kengua	16
kenguai	1
kenguamere	1
kenom	228
kepenam	2
kepenama	2
kepenom	4
kepenoma	2
kepenum	1
kepenuma	1
kepom	7
kepoma	3
kepunie	1
kera	1
keraikom	4
keranom	139
kere	5
kereika	1
kereikai	1
kereimba	3
kereimbo	1
kereime	6
kereinga	8
kereingai	4
kerekeime	3
kerekeme	1
kerekenaiye	1
kerekenapunba	1
kerekengua	1
keren	2
kerenen	1
kerengai	1
kerepungamere	1
kerere	34
kerero	1
kero	1
kerome	1
keromie	1
kerongua	1
kerongui	1
keropunga	1
kerowaika	1
kerowaime	2
kerowaimie	1
kerowainga	3
kerowaiye	1
kerowangua	2
kerowapunga	2
kewa	73
kewam	1
kewanom	9
kewanum	1
kewarai	1
keyo	3
ki	1070
kiam	41
kiama	21
kianam	4
kianama	8
kianom	55
kianoma	18
kianum	4
kianuma	10
kiap	1
kiapam	362
kiapanam	7
kiapanom	578
kiapanum	2
kika	3
kikam	1
kiki	1
kimba	6
kime	13
kimi	8
kimie	12
kiminem	170
kiminenam	1
kiminom	1
kin	3
kina	1
kinaika	1
kinaimba	2
kinaime	13
kinaimie	8
kinainga	4
kinaingoro	1
kinaiye	3
kinam	13
kinamdi	1
kiname	9
kinamie	5
kinan	2
kinanam	1
kinangua	3
kinanie	1
kinanom	69
kinanomdi	2
kinanum	1
kinapunba	1
kinapune	5
kinaro	1
kineimie	1
kinekeimie	1
kinere	1
kineyo	1
kinga	3
kingoro	1
kingua	4
kinguamere	1
kinom	6
kinomdi	1
kinum	1
kio	7
kiom	2
kipam	2
kipamdi	3
kipanamdi	1
kipanom	3
kipanomdi	1
kipanumdi	2
kipi	249
kipin	7
kipinum	1
kipiyom	1
kipom	41
kipune	2
kira	65
kiraikoma	2
kirako	3
kiram	8
kirame	3
kiranam	1
kiranom	1
kirarai	1
kirari	2
kirawa	31
kire	3
kiren	4
kirisoraito	1
kirogram	1
kiromita	8
kitai	3
kiya	1
kiye	2
kiyo	15
kiyom	15
koi	596
koikamere	1
koikeiyo	2
koikembo	1
koikeme	2
koikemia	1
koikemie	6
koikenamba	1
koikename	1
koikenangore	1
koikenangua	1
koikenanie	1
koikengoro	1
koikengua	4
koikenguamere	2
koikeo	1
koikeyo	1
koimba	2
koimbo	1
koime	25
koimia	1
koimie	11
koimoi	22
koimoiri	12
koinga	20
koingai	1
koingamere	6
koingoro	21
koingua	23
koinguai	1
koinguamere	5
koinom	3
koipungamere	1
koire	14
koiri	2
koiro	46
koiye	1
koiyo	2
koiyom	2
koiyomdi	1
koka	23
koko	2
kokom	1
kokonam	4
kokonan	1271
kokonanam	19
kokonanom	139
kokonanum	1
kokonas	1
koma	738
komari	83
komariki	46
komarikiwom	1
komariwom	2
komawom	5
komo	4
komoreke	1
komunom	1
komureke	2
kon	254
konam	3
kongo	474
kongom	12
kongomom	3
kongonam	6
kongonom	16
kongonum	7
kongori	4
kongoyom	3
konmori	38
konom	205
konomom	2
konum	3
kopa	2
kopare	200
koparemom	1
koparerai	3
kopareyom	2
kopore	1
kopouno	2
kopu	136
kopumom	1
kopuna	426
kopunam	4
kopunamom	1
kopunanam	7
kopunanom	9
kora	23
koraime	2
koraimie	1
korainga	2
koraiye	2
koramba	1
korame	2
koramie	5
koranga	3
korangere	1
korangoro	1
korangua	12
koranguai	2
korapune	6
korapunga	1
korari	11
koraro	2
kore	138
kori	317
korinam	7
koro	1170
koromgere	1
koropane	426
kororo	1
koroware	16
korowo	1
koruwa	1
kosi	30
kou	121
kouma	11
kounama	1
kounom	94
kowi	18
kowiri	19
kowiyom	3
koyomdi	1
ku	3
kua	191
kuai	1
kuawom	5
kui	276
kuiam	61
kuianam	10
kuianom	73
kuianomdi	1
kuianum	12
kuika	2
kuikeinga	1
kuimba	1
kuime	5
kuimokome	30
kuinga	5
kuingua	3
kuipa	2
kuire	4
kuiyam	2
kuiye	15
kuiyo	2
kuki	14
kukinom	2
kukinum	1
kukiri	1
kukiyom	1
kuku	239
kukureingamere	2
kukureiyo	3
kukurere	6
kukurero	3
kukuro	2
kukurowamie	1
kukurowanga	1
kum	8
kumai	1
kuman	4
kumanom	1
kumba	4
kume	8
kumie	2
kumo	15
kun	178
kunaika	3
kunaime	4
kunaimie	2
kunaingai	1
kunaiye	2
kunamba	1
kuname	8
kunamie	3
kunangoro	1
kunangua	2
kunapunga	1
kune	1
kunei	148
kungoro	5
kungua	9
kunuma	6
kupa	90
kupi	1
kupune	1
kupunga	1
kura	295
kuraiye	1
kurake	3
kurako	1
kuran	1
kurangua	2
kure	12
kurei	3
kurekeimie	1
kurere	5
kuri	160
kurinom	15
kurinum	1
kuriyom	17
kurowaimie	1
kuwai	3
kuwam	1
kuwamdi	1
kuwan	36
kuwandi	2
kuwanom	48
kuwe	1
kuwi	1
kuwo	5
kuwokauwari	1
kuwokauwo	11
kuwokawo	13
kuwom	224
laion	4
lam	4
lama	2
lepa	1
lok	1
ma	585
mai	4
maiya	2
maka	1
makarawa	8
make	298
makenam	1
maket	13
maki	1
makinangore	1
makinangoro	1
makinga	6
makingai	2
makire	3
mam	118
maminom	4
man	464
mana	6
manam	17
manama	1
manamdi	1
mane	22
mangi	519
maniki	10
manom	53
manoma	1
manomdi	32
mansinom	66
mansinomdi	48
mantai	16
manum	17
mapomdi	24
maponamdi	2
maponomdi	1
mapunamdi	2
mapunanam	29
mapunanom	2
mapunom	2571
mapunomdi	31
mapunomdiri	1
mapunomom	48
mapunonam	4
mapunonom	43
mapunum	1
maram	3
maramdi	8
maranam	4
maranamdi	1
maranom	14
maranomdi	4
maranum	1
maranumdi	1
mare	2
marenom	2
mari	1091
marom	1
mastari	12
mauro	1
maurom	1
mawa	11
mei	19
meika	1
meikeime	1
meikeimie	2
meikeinga	1
meikeiyo	3
meikeme	1
meikenaime	1
meikenaimie	1
meikenapune	1
meikere	1
meikeyo	2
meimba	1
meime	5
meina	201
meinaime	2
meinainga	1
meinaingamere	1
meinaiye	1
meinam	28
meinamba	1
meinanam	1
meinanom	45
meinanum	4
meinaro	1
meine	1
meinga	6
meingamere	1
meingoro	4
meingua	1
meipunbo	1
meire	17
meiro	5
meiye	1
meiyo	4
mem	4
meme	17
mena	295
mengua	1
mepi	3
meran	39
mere	70
meren	1
meri	11
merimeri	2
merire	1
mianam	1
miki	1
mimi	12
mina	224
minam	111
minamdi	8
mine	1
minom	460
minomdi	107
minti	1
minum	35
minumdi	2
mionam	3
mirinam	1
mirinom	1
mirinomdi	1
mirion	1
miriyom	165
miriyomdi	27
mita	2
miyom	35
moi	527
moika	98
moikai	2
moikamere	18
moikeika	4
moikeikai	1
moikeikamere	2
moikeikero	1
moikeikoro	2
moikeimba	16
moikeimbo	2
moikeime	23
moikeimie	17
moikeinga	173
moikeingamere	1
moikeingi	7
moikeingoro	3
moikeipa	2
moikeipiboro	1
moikeipikai	1
moikeipuiye	1
moikeiya	1
moikeiye	15
moikeiyo	4
moikema	3
moikemba	7
moikembo	3
moikeme	38
moikemie	12
moikemo	3
moikenaika	2
moikenaimba	3
moikenaime	9
moikenaimie	5
moikenainga	12
moikenaipa	1
moikenaipika	1
moikenaiye	10
moikenamba	2
moikename	2
moikenamie	6
moikenangoro	2
moikenangua	13
moikenanguai	1
moikenanie	2
moikenapunba	1
moikenapune	8
moikenapunga	1
moikenapunie	1
moikenaro	4
moikene	6
moikenga	2
moikengamere	1
moikengoro	2
moikengua	10
moikenguairai	1
moikenie	1
moikepuipa	1
moikepunba	5
moikepune	14
moikepunga	7
moikepungoro	1
moikepunie	2
moikere	10
moikero	1
moikeye	1
moikeyo	1
moiki	100
moikoro	20
moimba	92
moimbo	22
moimbore	8
moime	637
moimia	12
moimie	417
moimio	1
moimo	8
moinba	2
moinbo	1
moinbore	4
moine	45
moinga	737
moingai	22
moingamere	64
moingarai	3
moingere	3
moingero	6
moingi	585
moingoro	279
moingua	424
moinguai	10
moinguairai	4
moinguamere	72
moinguamom	4
moinguarai	2
moingui	422
moinia	4
moinie	48
moinio	1
moino	13
moinum	1
moipa	8
moipika	24
moipikai	1
moipikamere	2
moipiki	11
moipikoro	10
moipiporo	1
moipire	32
moipo	2
moipuika	2
moipuipa	1
moipuiye	9
moipuka	6
moipukamere	1
moipuki	1
moipukoro	1
moipunba	20
moipune	108
moipunga	144
moipungai	8
moipungamere	7
moipungi	83
moipungoro	15
moipunie	71
moiraime	1
moire	268
moiro	1830
moirom	6
moiya	5
moiye	157
moiyo	111
moiyom	1
mokembo	1
moko	138
mokoime	2
mokoinga	91
mokoingai	1
mokoingamere	1
mokokeinga	1
mokokeme	2
mokokename	2
mokokenapune	1
mokom	261
mokomba	2
mokombo	1
mokome	35
mokomie	4
mokonaimie	2
mokonainga	3
mokoname	8
mokonamie	3
mokonangoro	2
mokonangua	4
mokonaro	5
mokongoro	16
mokongua	34
mokonguai	5
mokonguamere	7
mokongui	7
mokopikoro	1
mokopune	1
mokopunga	2
mokore	16
mokoro	23
monom	4
mora	808
moraika	17
moraikai	3
moraiki	12
moraikoro	5
moraimba	6
moraimbo	1
moraime	133
moraimeâ€”ari	1
moraimie	52
moraimo	1
morainga	136
moraingai	2
moraingamere	4
moraingere	6
moraingi	40
moraingore	1
moraingoro	14
moraipika	5
moraipire	4
moraipo	4
moraiya	1
moraiye	47
morame	58
moramie	29
moranba	1
morane	7
moranga	17
morangere	4
morangero	2
morangi	5
morangoro	11
morangua	65
moranguai	4
moranguamere	3
morangui	12
moranie	12
morano	1
morapikoro	1
morapire	1
morapuika	1
morapuiye	2
morapuka	1
morapukai	1
morapunba	1
morapunbo	1
morapunbore	1
morapune	76
morapunga	43
morapungere	1
morapungi	3
morapungoro	3
morapunie	10
moraro	43
morere	2
mori	31
moro	48
morom	71
mounam	6
mounamdi	23
moundi	1
mounom	82
mounomdi	22
mounon	1
mounum	5
mounumdi	12
mouwom	32
mouwomdi	153
mowomdi	1
mowuomdi	1
mu	16
mukare	6
mukom	337
mukomdi	1
mukonum	1
muku	55
mukunam	1
mukunom	1
mun	1382
munmane	653
munmanewom	3
munom	263
munomdi	10
munomom	1
mureime	1
mureingoro	1
murere	1
muro	2
murom	317
muromdi	92
murome	7
muromom	5
murongoro	6
murongua	2
muronom	4
muronomdi	1
murowaro	1
muruwangua	1
muruwo	1831
na	3739
naakokeime	1
nai	28
naika	21
naikeime	1
naikeme	1
naikengua	1
naiki	1
naikire	4
naikoro	4
naimba	8
naimbo	2
naime	37
naimie	27
naimo	5
nainaime	1
nainaimie	1
nainainga	2
nainaingoro	1
nainame	1
nainangua	2
nainano	1
nainaro	3
naine	1
nainga	43
naingai	1
naingere	2
naingoro	7
naingua	1
nainie	1
naipika	3
naipikai	2
naipikoro	2
naipire	3
naipo	1
naire	3
nairo	1
naiye	42
nakanaime	4
nakanaimie	5
nakanainga	1
nakaname	1
nakanapune	1
nakaneime	1
nakanenga	1
nakanere	1
nakanime	1
nakanimie	2
nakaniyo	1
nakankeime	1
nakankeimie	1
nakankeiye	1
nakankenaimba	5
nakankenaime	1
nakankenaimie	5
nakankenainga	2
nakanungua	2
nakere	1
nakire	5
nakukureime	1
nakukurowangamere	1
nakukurowangua	1
nakurowamie	1
nama	2
namba	7
nambamom	2
nambo	3
name	34
namia	1
namie	21
nan	23
nanan	96
nandire	3
nandiro	8
nane	3
nanga	8
nangere	2
nangi	1
nangoro	20
nangua	47
nanguai	3
nanguamere	1
nangui	2
nanie	5
napare	9
napire	2
napuika	1
napuiye	3
napuka	1
napunba	1
napune	58
napunga	23
napunie	3
naran	1
nare	3
nareimba	14
nareime	23
nareimie	21
nareimo	2
nareinga	64
nareingai	4
nareingamere	4
nareingere	1
nareingero	1
nareingoro	15
nareipika	1
nareipiro	1
nareiyo	22
narekeimba	4
narekeime	7
narekeimie	16
narekeinga	13
narekeingai	1
narekeiyo	3
narekemba	6
narekeme	7
narekemie	1
narekenaimba	1
narekenaime	2
narekenaimie	3
narekenainga	4
narekenamba	2
narekenambo	1
narekename	8
narekenangoro	1
narekenangua	5
narekenare	1
narekenba	2
narekenga	1
narekengoro	1
narekengua	1
narekenie	1
narekeyo	6
narenba	2
narene	10
narenga	33
narengai	4
narengairai	2
narengamere	2
narengere	1
narengoro	4
narenie	3
nareno	5
narere	65
narero	7
nari	2
naro	180
narokemie	2
narokenaiye	1
narokename	2
narokengua	1
naromba	4
narome	101
naromie	26
narongoro	74
narongua	94
naronguai	3
naronguamere	15
narowaimba	3
narowaime	24
narowaimie	14
narowaimo	1
narowainga	39
narowaingere	3
narowaingoro	3
narowaipikai	1
narowaiye	2
narowama	1
narowamba	1
narowambo	7
narowame	20
narowamie	6
narowanba	2
narowane	4
narowanga	11
narowangai	2
narowangere	3
narowangoro	15
narowangua	39
narowanguai	1
narowanguamere	1
narowanie	5
narowapune	2
narowaro	18
narowingoro	1
nawi	93
naye	2
ne	5354
neika	20
neiki	2
neikoro	4
neimba	3
neimbo	1
neime	32
neimie	16
neimo	1
neinga	183
neingai	1
neingamere	7
neingi	12
neingoro	16
neipika	1
neipire	1
neiyo	21
neka	1
nekaname	1
nekanika	1
nekeika	1
nekeimba	4
nekeime	4
nekeimo	1
nekeinga	21
nekeingamere	2
nekeingoro	2
nekeipika	1
nekeiye	2
nekeiyo	16
nekemba	1
nekeme	2
nekemie	3
nekenaime	5
nekenaimie	1
nekenainga	7
nekenaingere	1
nekenaipa	2
nekenaipo	1
nekenaiye	6
nekename	2
nekenamie	1
nekenangua	3
nekenanie	1
nekenapunba	1
nekenapunbo	3
nekenapune	5
nekenapunga	2
nekenaro	1
nekenba	1
nekenga	2
nekengoro	4
nekengua	20
nekepire	1
nekepunba	2
nekepunbo	2
nekepune	1
nekere	5
nekero	9
nekeyo	4
nem	126
nen	55
nenam	24
nenama	1
nenen	570
nenga	5
nengere	1
nengoro	1
nenie	3
nenom	98
nenoma	5
nenta	280
nenum	13
nere	119
nero	25
neye	1
niki	1299
nimi	25
ninumui	5
no	1994
noi	13
noikemba	1
noikename	3
noimba	2
noime	1
noimie	1
noinaime	1
noinaimie	2
noinainga	1
noinangua	2
noingoro	1
noingua	2
noire	2
nokanaime	1
nokanere	2
nokanime	1
nokaninga	1
nokankeiyo	1
nokankename	1
nokano	1
nokanumba	1
nokapu	1200
nokapunan	1
nokapuran	1
nokapuwom	1
nokapuyo	1
noki	1
nokire	1
nokom	39
nokomdi	5
nokonam	6
nokonei	6
nokonero	1
nokonom	8
nokonomdi	3
nokonongoro	2
noma	1
nomamenom	1
nomane	41
nomanem	39
nomanemdi	7
nomanenam	20
nomanenamdi	1
nomanenom	294
nomanenomdi	27
nomanenum	23
nomanenumdi	2
nomaneyom	18
nomaneyomdi	6
nomba	2
nome	18
nomie	2
nomo	1
nomon	1
non	336
nonam	11
nondire	3
nondiro	1
nongore	1
nongoro	15
nongua	105
nonguai	4
nonguamere	7
nongui	12
noniki	44
nonikinam	1
nonikiyom	1
nonkei	6
nonom	12
nonon	534
nonum	2
nopunbo	2
nopune	6
nopunga	17
nopungamere	3
nopungoro	1
nopunie	1
nore	7
noreika	1
noreimba	14
noreime	19
noreimie	8
noreinga	22
noreingamere	1
noreingoro	11
noreipika	1
noreipire	1
noreiyo	5
norekeime	2
norekeimie	1
norekeinga	4
norekeiyo	1
norekemba	3
norekeme	6
norekemie	4
norekenaime	1
norekenaingoro	2
norekenamba	3
norekenambo	1
norekename	20
norekenamie	2
norekenamo	1
norekenangero	1
norekenangua	7
norekenaro	3
norekengua	3
norekenguamere	1
norekeno	1
norekere	1
norekeyo	1
norenbore	1
norene	8
norenga	38
norengamere	1
norengere	3
norengero	1
norengoro	5
norepikoro	2
norere	79
norero	27
noro	44
norokenaime	1
norokename	1
norokenangua	1
noroma	1
noromanga	37
noromba	11
norome	185
noromie	39
noromo	3
norongoro	116
norongua	256
noronguai	6
noronguamere	11
norowaimba	1
norowaime	12
norowaimie	4
norowaimo	1
norowainga	19
norowaingoro	1
norowaipika	1
norowaiye	1
norowambo	3
norowame	78
norowamia	1
norowamie	13
norowanga	6
norowangere	1
norowangoro	9
norowangua	93
norowanie	1
norowano	1
norowapune	1
norowaro	11
norowaye	1
nou	57
nouro	101
nowai	2
nowaika	5
nowaikamere	1
nowaikore	1
nowaikoro	2
nowaima	4
nowaimba	1
nowaimbo	1
nowaime	18
nowaimie	5
nowainga	83
nowaingai	1
nowaingi	4
nowaingoro	2
nowaipire	1
nowaipiro	1
nowaipo	1
nowaiya	3
nowaiye	6
nowamba	3
nowame	12
nowamie	6
nowana	2
nowane	1
nowanga	8
nowangore	1
nowangoro	3
nowangua	29
nowanguai	1
nowangui	2
nowanie	2
nowano	1
nowapuiye	1
nowapunbo	5
nowapune	30
nowapunga	25
nowapungi	2
nowapunie	1
noware	3
nowaro	27
nowaye	2
nowi	35
nowikamere	1
nu	1
nukunom	4
num	3
numa	1
numon	11
nunu	13
nupi	99
nupinam	1
nupinom	3
nupinum	1
nupiyom	1
nupunom	1
nurom	41
nuruwo	1
nuwi	1668
nuwinam	2
nuwinom	1
nuwirai	2
nuwiri	30
nuwiwom	1
nuwiyom	12
okan	2
okoinom	1
okom	283
okomdi	32
okome	550
okomewom	1
okomwomdi	5
okon	7
okonam	52
okonamdi	10
okonom	439
okonomdi	57
okonum	47
okonumdi	3
okore	2
onam	10
onamdi	7
ongo	37
ono	3
onopa	49
onoparai	2
opa	9
opai	1121
opairai	3
oparom	4
oparomi	234
oparomirai	3
opom	114
opon	47
ori	1774
orinam	4
orinan	8
orinom	29
orirai	3
oriwa	11
oriwom	15
oriyo	2
oriyom	3
oro	1
oromene	12
oropo	56
oupa	1
paran	3
paus	8
pepa	12
pepam	5
popo	1
rin	1
ruwe	1
safa	4
sandu	6
sanupui	37
sapaiya	1
sapatani	2
saroniki	1
sel	14
sen	13
seropim	1
si	2365
sifu	1
sika	6
sikamere	1
sikeika	1
sikeimba	1
sikeime	4
sikeimie	3
sikeimo	1
sikeinga	12
sikeipire	1
sikeiyo	12
sikel	1
sikeme	7
sikemie	4
sikenaikai	1
sikenaime	6
sikenaimie	2
sikenainga	2
sikenaingai	1
sikenaingere	1
sikenaiye	2
sikenamba	2
sikename	7
sikenamie	2
sikenangore	1
sikenangoro	1
sikenangua	6
sikenanie	1
sikenapune	6
sikenaro	9
sikengoro	5
sikengua	6
sikepune	3
sikepunie	1
sikere	14
sikero	1
sikeyo	2
siki	2
sikire	3
sikirongoro	1
sikirowaiye	1
sikirowaro	1
sikirume	1
sikirungoro	1
sikirungua	1
sikoro	1
simba	12
simbo	2
sime	39
simia	2
simie	11
simin	2
sin	12
siname	17
sine	2
singa	154
singai	3
singairai	2
singamere	11
singamom	1
singanom	1
singarai	2
singere	2
singi	3
singoro	21
sino	15
sinom	27
sinomdi	29
sip	8
sipa	1
sipikoro	1
sipire	4
sipsip	145
sire	201
sirimanom	1
siringoro	1
siro	146
siwa	11
siye	4
siyo	31
skul	2
stua	1
su	7
sukuire	2
sukuro	17
sumba	2
sume	33
sumie	14
sumo	3
sumuna	27
suna	401
sunari	5
sunga	1
sungoro	79
sungua	216
sunguai	16
sunguairai	1
sunguamere	28
sunguamom	4
sungui	5
sunguiri	1
suo	1
suomgera	1
supa	2
supunba	1
supune	3
supunga	15
supungoro	1
supunie	2
surai	897
suraiye	136
surei	1
suwaika	10
suwaikoro	1
suwaimba	1
suwaime	10
suwaimie	9
suwainga	159
suwaingai	2
suwaingamere	1
suwaingere	1
suwaingi	1
suwaingoro	4
suwaipika	1
suwaiye	3
suwamba	3
suwambo	1
suwame	10
suwamie	7
suwanga	7
suwangai	2
suwangore	1
suwangoro	7
suwangua	64
suwanguamom	1
suwangui	2
suwanie	1
suwapunba	1
suwapune	8
suwapunga	50
suwapungai	1
suware	1
suwaro	25
suwi	15
suwo	827
suwom	6
ta	2989
tai	1789
taikan	48
tainam	16
tainom	31
tainum	19
taiyom	4
taki	9
takis	44
tako	1
takomie	1
takoname	2
takonangua	2
takonaro	2
takongoro	16
takongua	13
takonguamere	2
tamanowangua	1
tamanume	14
tamanumie	1
tamere	9
tanom	1
tanum	1
tapa	2
tapai	1
taran	1
tari	1
taro	5
tarom	526
taroma	23
taromdai	1
taromi	5
taromirai	1
taromom	1
tawa	243
te	4057
tei	3917
teika	45
teikai	2
teikamere	3
teikeime	1
teikero	2
teikoro	13
teimba	53
teimbo	1
teimbore	1
teime	152
teimia	1
teimie	55
teimio	1
teimo	4
teina	168
teinga	790
teingai	2
teingamere	16
teingamom	1
teingero	6
teingore	1
teingoro	256
teipa	7
teipika	3
teipikamere	2
teipikoro	16
teipipa	1
teipire	7
teiri	7
teiro	8
teiwo	2
teiye	85
teiyo	122
tekeika	2
tekeimba	9
tekeime	29
tekeimie	17
tekeinga	60
tekeingoro	2
tekeiro	1
tekeiyo	24
tekemba	6
tekembo	2
tekeme	22
tekemie	8
tekenaika	3
tekenaimba	3
tekenaimbo	2
tekenaime	14
tekenaimie	4
tekenainga	22
tekenaingere	1
tekenaingoro	1
tekenaipa	1
tekenaiye	3
tekenamba	2
tekenambo	4
tekename	14
tekenamie	8
tekenangore	1
tekenangoro	1
tekenangua	19
tekenapunbo	1
tekenapune	11
tekenaro	6
tekenaye	1
tekengoro	5
tekengua	13
tekenguai	1
tekeo	1
tekepunba	1
tekepune	6
tekepunga	2
tekere	14
tekero	3
tekeyo	10
tekoro	3
teme	62
ten	1
tene	5
tenga	23
tengamere	4
tengere	2
tengoro	2
tenie	5
teno	1
tepikoro	2
tepire	3
tere	698
tero	145
teye	5
teyo	1
to	75
toi	1
toka	53
tokamere	2
tokoi	612
tokoimba	1
tokoinga	1
tokomere	7
tokoro	1
tomba	42
tombo	5
tombore	1
tome	353
tomie	68
tomo	2
tongi	65
tongoro	578
tongua	406
tonguai	14
tonguairai	1
tonguamere	40
tonguamom	3
tongui	1
topas	1
topire	1
toponga	1
topongoro	1
topuiye	6
topuka	2
topunba	4
topune	29
topunga	79
topungairai	1
topungamere	1
topungoro	9
topunie	6
topuno	1
tora	219
torae	26
torame	4
toramena	2
toramere	23
toraran	1
tore	1
toren	40
torere	1
tou	34
tousan	2
touwi	3
touwire	1
towa	16
towaika	21
towaikere	2
towaikoro	12
towaimba	7
towaimbo	4
towaime	55
towaimie	18
towainga	130
towaingere	5
towaingero	3
towaingoro	16
towaipa	1
towaipika	1
towaipikoro	1
towaiye	64
towama	2
towamba	5
towambo	5
towame	86
towamie	26
towamo	9
towan	1
towana	1
towane	1109
towanerai	3
towanewom	1
towanga	16
towangere	4
towangore	4
towangoro	45
towangua	92
towanguai	1
towanguamere	1
towanie	4
towapuiye	4
towapunba	2
towapunbo	3
towapunbore	2
towapune	51
towapunga	43
towapungai	2
towapungamere	1
towapungoro	5
towapunie	2
towaro	53
towaye	2
towi	14
tukoiso	1
twenti	1
u	845
uanam	1
uka	37
ukai	3
ukoro	6
umari	33
umba	3
umbo	1
ume	92
umia	4
umie	61
unaika	47
unaikai	3
unaikamere	3
unaikere	1
unaikoro	5
unaimba	1
unaime	12
unaimie	9
unainga	23
unaingai	1
unaingoro	5
unaipa	2
unaipika	1
unaipire	1
unaiye	47
unam	4
unamba	3
unambo	7
uname	44
unamie	15
unanan	93
unanga	6
unangore	1
unangoro	22
unangua	136
unanguai	3
unanie	3
unapune	1
unapunga	2
unare	1
unaro	24
unaye	2
une	7
unga	3
ungere	1
ungoro	104
ungua	104
unguai	16
unguamere	15
unguamom	2
ungui	11
unnangua	1
unom	103
unum	9
ununu	1
upika	2
upikoro	5
upire	3
upuiye	1
upuka	1
upunba	1
upune	20
upunga	9
upungoro	3
upunia	2
upunie	2
ure	546
uro	545
urom	4
uwo	45
uwom	46
wain	87
waine	2
waiyapo	10
waiyom	6
wake	1
wako	313
wakoime	3
wakonangua	1
wakongua	1
wakore	18
wakoro	11
wam	408
wama	14
wamdai	1
wamirai	1
wamyo	2
wan	245
wanaime	3
wanaimie	2
wanainga	6
wanaingai	1
wanaipa	1
wanam	61
wanamie	2
wanamyo	2
wanangoro	1
wanangua	2
wananguai	1
wananie	1
wanapo	8
wanapune	6
wanapunga	4
wanapunie	2
wanaro	6
wandou	52
wandouimba	3
wandouime	5
wandoukeime	1
wandoukeinga	1
wandoukepune	1
wandoume	1
wandounaimba	1
wandounainga	1
wandounangua	2
wandounaro	1
wandoungua	1
wandoupika	1
wandoupire	1
wandoupuiye	1
wandoure	8
wandouro	15
wandowimbore	1
wandowime	1
waneinga	2
wanere	28
wanero	7
wanikai	2
wanime	14
wanimie	5
wanine	1
waninga	21
waningai	7
waningamere	7
waningoro	3
wanipire	1
waniyo	11
wankeime	3
wankeimie	3
wankeinga	3
wankeingamere	1
wankeingoro	2
wankeiyo	4
wankemba	1
wankeme	2
wankenaimba	1
wankenangua	1
wankengua	3
wankepunba	1
wankepune	3
wankepunie	1
wankere	3
wanom	12
wanoma	4
wanongua	3
wanongui	4
wanopa	41
wanopam	1
wanopanam	4
wanopanom	24
wanopanoma	2
wanopanomyo	1
wanopao	1
wanopunga	1
wanum	18
wanumdai	1
wanume	2
wanumie	2
wanungua	8
wanunguamere	2
wanupunba	1
wanupune	1
wanupunga	2
wanupungamere	1
wanupunie	1
wapun	2
wara	10
warako	1
ware	5
wareika	1
wareinga	2
warekeime	1
warere	1
wau	10
wauinga	1
wauko	1
wauna	16
waunaimie	1
waunaro	1
waure	4
wauro	3
wauwi	2
wauye	1
wayapo	5
wayom	111
wayomom	1
weire	1
weiro	1
weke	3
wepi	10
wepirom	5
werai	35
werainom	1
werairai	1
werakom	1
werewo	2
weyom	3
weyomdi	2
weyonom	6
wi	113
wia	8
wikoro	1
wimari	1
wimba	6
wimbo	2
wime	59
wimie	6
win	1
winam	2
winga	73
wingai	14
wingairai	1
wingamere	3
wingero	6
wingi	4
wingoro	64
winom	52
winum	5
wiom	2
wipika	1
wipikoro	5
wipire	5
wira	139
wiri	3
wiro	8
witi	7
wiya	1
wiye	45
wiyo	28
wiyom	66
wiyomdi	1
wo	6
woi	60
woika	1
woikeime	1
woikeimie	2
woikenaimie	1
woikengua	1
woikere	1
woime	1
woimie	1
woinaro	1
woine	1
woinga	24
woingai	1
woingamere	1
woingero	1
woingi	2
woingoro	2
woingua	14
woinguai	1
woinguamere	3
woingui	2
woipunga	1
woire	4
woiro	3
woiye	1
wom	1109
womdi	40
wonom	3
woraime	2
worainga	6
worangua	1
woranguai	1
ya	12
yae	4
yai	2942
yaiye	1
yaiyo	25
yakori	5
yana	46
yapenom	1
yaro	1
yarom	31
yaromdai	1
yaromi	4057
yaromirai	2
yaspa	1
yau	6
yauinga	1
yaukere	1
yaume	3
yaunagere	1
yaunaika	1
yaunaikoro	1
yaunaiye	6
yaunambo	1
yauname	1
yaunangoro	5
yaunangua	1
yaungoro	11
yaungua	6
yaure	7
yauro	2
ye	14
yesu	1
yo	926
yokam	30
yokama	1103
yokamai	11028
yokamairai	1
yokamao	123
yokamdi	4
yokami	8
yoko	1
yokoi	14
yokoinam	9
yokoinama	2
yokoinom	3
yokoinoma	2
yokoinum	3
yokoinuma	1
yokoiyom	5
yokoiyoma	2
yokomai	1
yokori	214
yokorom	1
yokoroma	1
yono	96
yonom	13
yononam	1
yononom	4
yoporakom	7
yoporam	715
yoporamdi	1
yoporanam	14
yoporanom	9
yoporanum	4
yopui	3
yopuingua	1
yopuire	1
yopuiro	1
yoro	105
yorom	3
yoromi	1
yororo	4
yoru	1
yoruwake	2
you	13
yowom	1
yupui	6
yupuinga	1
yupuire	1
â€˜	1359
â€™	1359
â€œ	4382
â€	4383
