!	966
(	99
)	99
,	13016
-	1
.	8071
12,000	13
1260	2
144	1
144,000	3
153	1
1600	1
23,000	1
276	1
430	1
450	1
666	1
:	153
;	637
?	1028
A	76
Aaron	4
Aaron’s	1
Abaddon	1
Abba	3
Abel	4
Abiathar	1
Abide	2
Abijah	3
Abilene	1
Abiud	2
About	6
Above	3
Abraham	70
Abraham’s	6
According	3
Accordingly	1
Achaia	10
Achaicus	1
Achim	2
Adam	9
Addi	1
Adonai	123
Adonai-Tzva’ot	1
Adonai’s	2
Adramyttium	1
Adriatic	1
Advice	1
Aeneas	2
Aenon	1
Aereopagus	2
After	114
Afterwards	3
Agabus	2
Again	34
Agrippa	11
Ah	1
Ahaz	2
Aim	1
Akeldama	1
Alas	3
Aleichem	1
Alexander	6
Alexandria	3
Alexandrians	1
All	53
Almighty	1
Alpha	3
Alphaeus	5
Already	3
Also	16
Although	7
Always	1
Am	4
Amen	99
Amminadab	3
Amon	2
Among	6
Amos	1
Amphipolis	1
Ampliatus	1
An	11
Ananias	11
And	887
Andrew	14
Andronicus	1
Angels	1
Anna	1
Annas	4
Anointed	6
Another	2
Answer	2
Answering	2
Antioch	20
Antipas	1
Antipatris	1
Anyone	3
Anyway	1
Apelles	1
Apollonia	1
Apollos	11
Apollyon	1
Appearing	1
Apphia	1
Appius	1
Aquila	7
Arabia	2
Arabs	1
Aramaic	7
Archelaus	1
Archippus	2
Are	37
Aren’t	8
Areopagus	1
Aretas	1
Arimathea	4
Aristarchus	5
Aristobulus	1
Ark	1
Around	3
Arphaxad	1
Artemas	1
Artemis	5
As	119
Asa	2
Asher	2
Asia	20
Ask	7
Asking	1
Assassins	1
Assos	2
Astonished	1
Astonishment	1
Asyncritus	1
At	34
Athenians	1
Athens	5
Attalia	1
Augustan	1
Augustus	1
Author	1
Authority	1
Automatically	1
Avoid	1
Away	3
Azor	2
Azotus	1
Baal	1
Baby	1
Babylon	9
Babylonian	3
Bad	1
Balaam	2
Balaam’s	1
Balak	1
Bar-Abba	11
Bar-Yeshua	1
Barak	1
Barnabas	32
Barsabbas	2
Bartholomew	4
Bartimaeus	1
Baruch	5
Be	28
Bear	2
Beautiful	2
Because	32
Before	8
Beginning	2
Behold	43
Being	1
Belial	1
Believe	1
Beloved	1
Ben	2
Ben-Avraham	1
Ben-David	14
Ben-Elohim	39
Ben-Elyon	1
Benjamin	4
Beor	1
Berea	3
Berechiah	1
Bernice	3
Besides	9
Bethany	12
Bethlehem	8
Bethphage	3
Bethsaida	7
Bethzatha	1
Beware	4
Beyond	1
Bithynia	2
Blasphemy	1
Blastus	1
Bless	1
Blessed	38
Blessing	1
Blood	2
Boanerges	1
Boaz	3
Boldly	1
Book	9
Both	2
Boys	1
Branches	1
Brazen	1
Break	1
Breaking	1
Brethren	20
Bright	1
Bring	8
Brother	5
Brothers	1
Buckle	1
But	946
Buy	1
By	48
B’nei-Israel	14
Caesar	21
Caesar's	1
Caesarea	17
Caesar’s	7
Caiaphas	9
Cain	3
Cainan	1
Call	4
Called	1
Calling	3
Can	5
Cana	4
Canaan	2
Canaanite	1
Candace	1
Capernaum	16
Cappadocia	2
Carpus	1
Cast	1
Cauda	1
Cenchrea	2
Certainly	3
Chains	1
Chaldeans	1
Chief	1
Child	15
Children	7
Child’s	1
Chios	1
Chloe’s	1
Chorazin	2
Chosen	1
Christianoi	1
Cilicia	8
Circumcision	2
City	1
Claiming	1
Claudia	1
Claudius	3
Cleanse	1
Clement	1
Cleopas	1
Clopas	1
Closing	2
Cnidus	1
Coasting	1
Cohort	2
Colonnade	1
Colossae	1
Come	39
Coming	3
Compassionate	1
Concerning	3
Conduct	1
Confessing	1
Confront	1
Consequently	1
Consider	8
Convinced	1
Corinth	6
Corinthians	2
Cornelius	8
Correct	1
Corresponding	1
Cos	1
Cosam	1
Couldn’t	2
Covenant	1
Cover	1
Creator	2
Crescens	1
Cretans	2
Crete	5
Crispus	2
Crowds	1
Crying	1
Cursed	2
Cut	1
Cyprus	8
Cyrene	5
Cyrenian	1
Cyrenians	1
Dalmanutha	1
Dalmatia	1
Damaris	1
Damascenes	1
Damascus	14
Daniel	1
Daughter	3
Daughters	1
David	44
David’s	2
Day	29
Days	2
Dealing	1
Death	4
Decapolis	3
Declare	1
Deity	2
Deliverer	1
Demas	3
Demetrius	3
Derbe	4
Desiring	1
Destroy	1
Devote	1
Diaspora	4
Did	5
Didn’t	10
Dionysius	1
Diotrephes	1
Direct	2
Discipling	2
Dismiss	1
Distinguishing	1
Do	115
Doctor	1
Does	3
Doesn’t	2
Doing	1
Don’t	50
Dorcas	2
Doubtless	1
Draw	1
Dress	1
Drink	1
Drive	1
Driving	1
Drusilla	1
During	1
Each	2
Early	2
Eat	2
Eber	1
Egypt	25
Egyptian	3
Egyptians	2
Eight	1
Either	1
El	3
Elamites	1
Eleazar	2
Eleven	1
Eli	2
Eliakim	3
Eliezer	1
Elijah	29
Elisha	1
Eliud	2
Elizabeth	8
Elizabeth’s	1
Elmadam	1
Elohei	1
Elohei-Tzva’ot	7
Eloheinu	1
Elohim	15
Eloi	2
Elymas	1
Elyon	7
Emmaus	1
Emperor	2
Encouragement	1
End	2
Enoch	3
Enormous	1
Enosh	1
Enough	1
Enraged	1
Enter	3
Entering	2
Epaenetus	1
Epaphras	3
Epaphroditus	2
Ephesian	1
Ephesians	4
Ephesus	17
Ephphatha	1
Ephraim	1
Epicurean	1
Er	1
Erastus	3
Esau	3
Esli	1
Eternal	1
Ethiopian	1
Ethiopians	1
Eubulus	1
Eunice	1
Euodia	1
Euphrates	2
Eutychus	1
Eve	2
Even	37
Ever	1
Every	17
Everybody’s	1
Everyone	19
Everything	5
Examine	1
Excellent	1
Execute	7
Explain	2
Fair	2
Faithful	3
Fall	3
Fallen	2
Falling	3
Famine	1
Fast	1
Father	260
Fathers	2
Father’s	12
Fear	8
Fearing	1
Feast	9
Feed	2
Feeling	1
Felix	9
Fellow	2
Festus	13
Field	2
Fight	1
Fill	2
Final	3
Finally	10
Finding	3
First	15
Firstfruits	1
Five	3
Flee	1
Focus	1
Follow	11
Followers	1
Following	1
Food	1
Fool	1
Fools	1
For	837
Forever	2
Fortunatus	1
Forty-six	1
Forum	1
Four	2
Foxes	2
Freedmen	1
Freely	1
Friend	5
From	35
Furthermore	2
Gabbatha	1
Gabriel	2
Gad	1
Gadarenes	1
Gadol	12
Gaius	5
Galatia	6
Galatians	1
Galilean	4
Galileans	4
Galilee	63
Gallio	3
Gamaliel	2
Gate	1
Gather	1
Gaza	1
Gazing	1
Gehenna	13
Gennesaret	2
Gentile	3
Gentiles	71
Gerasenes	3
Get	34
Gethsemane	2
Getting	2
Gideon	1
Give	19
Glorify	1
Glory	2
Go	52
Goal	1
God	1154
God's	4
God-fearer	2
God-fearers	3
God-fearing	4
God-haters	1
God’s	114
Gog	1
Going	5
Golgotha	3
Gomorrah	4
Good	121
Governor	1
Grace	21
Grapes	1
Great	9
Greater	1
Greece	1
Greek	24
Greeks	5
Greet	27
Greetings	5
Guard	2
Guardian	1
Guilty	1
HA-NATZRATI	1
Ha	1
Hagar	2
Hail	3
Hallel	2
Hallelujah	2
Halleluyah	2
Hamor	1
Hand	1
Hanukkah	1
Happy	2
Har-Megiddo	1
Haran	2
Harden	1
Has	2
Hasn’t	2
Have	22
Havens	1
Haven’t	6
Having	7
He	1542
Head	2
Heal	1
Hear	5
Hearing	1
Heaven	5
Hebrew	4
Hebrews	3
Heli	1
Hellenists	3
Help	1
Helper	4
Her	4
Here	10
Here’s	1
Hermas	1
Hermes	2
Hermogenes	1
Herod	41
Herodians	3
Herodias	6
Herodion	1
Herod’s	5
Hezekiah	2
Hezron	3
He’s	20
Hierapolis	1
High	1
Him	1087
Himself	86
His	696
Holies	8
Holy	24
Honor	6
Hope	1
Hosea	1
Hoshia-na	6
Hosts	2
House	2
How	71
However	12
Humble	1
Hurry	1
Husbands	2
Hymenaeus	1
Hymeneaus	1
Hypocrite	1
Hypocrites	3
I	2121
I'll	1
IS	2
Iconium	6
Idol-Makers	1
Idumea	1
If	204
Illyricum	1
Immanuel	1
Immediately	29
Immerser	14
In	117
Increase	1
Indeed	22
Insist	2
Insofar	1
Instantly	2
Instead	25
Intercessor	1
Into	2
Is	26
Isaac	19
Isaiah	22
Isn’t	13
Israel	61
Israelite	2
Israelites	2
Issachar	1
It	128
Italian	1
Italy	4
Its	2
Ituraea	1
It’s	16
I’ll	21
I’m	44
I’ve	15
JEWS	4
Jacob	67
Jacob’s	1
Jairus	2
Jambres	2
Jannai	1
Jannes	2
Jared	1
Jason	4
Jason’s	1
Jeconiah	2
Jehoshaphat	2
Jephthah	1
Jeremiah	3
Jericho	7
Jerusalem	140
Jerusalemites	1
Jesse	5
Jew	13
Jewish	89
Jews	23
Jezebel	1
Joanan	1
Joanna	2
Job	1
Joda	1
Joel	1
John	141
John's	2
John’s	12
Jonah	9
Jonah’s	1
Jonam	1
Joppa	10
Joram	2
Jordan	15
Jorim	1
Josech	1
Joseph	39
Joses	2
Joshua	3
Josiah	2
Jotham	2
Joy	1
Judah	55
Judaic	1
Judaism	2
Judea	39
Judean	47
Judeans	25
Judge	4
Judgment	9
Julia	1
Julius	2
Jumping	1
Junia	1
Just	18
Justice	1
Justus	3
KING	4
Kadosh	1
Kedoshim	1
Keep	11
Keeps	1
Kefa	5
Kenan	1
Kidron	1
Kill	2
King	45
Kingdom	6
Kinneret	1
Kish	1
Knock	2
Know	4
Knowing	3
Knowledge	1
Kohen	12
Korah’s	1
Kriot	11
Kuza	1
Lake	1
Lamb	36
Lamech	1
Lament	1
Land	1
Laodicea	7
Large	1
Lasea	1
Last	5
Later	1
Latin	1
Laying	1
Lazarus	18
Lazy	1
Leader	1
Leaders	1
Leaning	2
Leave	6
Leaving	3
Legion	2
Let	76
Letter	1
Let’s	13
Levi	8
Levite	2
Levites	1
Levitical	1
Levi’s	1
Libya	1
Life	11
Lifting	1
Like	3
Likewise	15
Linus	1
Lion	1
Listen	8
Little	2
Live	4
Living	2
Lois	1
Long	1
Longing	1
Look	60
Looking	5
Lord	441
Lord's	1
Lord’s	17
Lot	3
Lot’s	1
Love	7
Loved	13
Lucius	2
Luke	3
Lycaonian	2
Lydda	3
Lydia	1
Lydia’s	1
Lysanias	1
Lysia	1
Lysias	2
Lystra	6
Maath	1
Macedonia	22
Macedonian	1
Macedonians	3
Magadan	1
Magdala	11
Magdalene	1
Magog	1
Mahalalel	1
Majestic	1
Majesty	4
Make	13
Malchus	1
Malta	1
Man	111
Manaen	1
Manasseh	3
Many	18
Man’s	1
Marana	1
Mark	8
Martha	13
Mashiach	4
Master	90
Masters	1
Master’s	1
Mattatha	1
Mattathias	2
Matthan	2
Matthat	2
Matthew	5
Matthias	2
Maturity	1
Matzah	4
May	32
Me	418
Meanwhile	4
Medes	1
Mediator	2
Melchizedek	8
Melea	1
Melki	2
Men	13
Menna	1
Mercy	2
Mesopotamia	2
Message	1
Messiah	509
Messiah’s	72
Messianic	1
Methuselah	1
Michael	2
Midian	1
Mighty	1
Miletus	3
Mine	13
Miriam	56
Miriam’s	1
Miserable	1
Mitylene	1
Mnason	1
Moloch	1
More	1
Moreover	6
Morning	1
Moses	80
Most	4
Mount	18
Mouth	1
Move	1
Moved	2
Moving	1
Much	1
My	342
Myra	1
Myself	14
Mysia	2
Mystery	1
Naaman	1
Naggai	1
Nahor	1
Nahshon	3
Nahum	1
Nain	1
Name	6
Naphtali	3
Narcissus	1
Nathan	1
Nathanael	6
Nation	1
Natzeret	18
Natzrati	1
Natzratim	1
Neapolis	1
Neither	8
Nereus	1
Neri	1
Never	5
Nevertheless	12
Nevuah	1
New	3
News	117
Next	1
Nicanor	1
Nicodemus	5
Nicolaitans	2
Nicolas	1
Nicopolis	1
Niger	1
Night	3
Nineveh	2
Ninevites	1
No	75
Noah	8
None	2
Nor	9
Northeaster	1
Not	23
Nothing	1
Notice	2
Now	486
Nympha	1
O	55
OF	4
Obed	3
Obey	2
Obscene	1
Of	1
Offspring	1
Oh	3
Older	1
Olives	12
Olympas	1
Omega	3
On	36
Once	7
One	220
Onesimus	2
Onesiphorus	2
Only	4
Or	43
Order	1
Ordering	1
Orderly	1
Originator	1
Other	5
Others	11
Otherwise	16
Our	14
Out	6
Outside	1
Over	3
Overcome	1
Owe	1
Pamphylia	4
Pamphyllia	1
Paphos	2
Paradise	3
Pardon	2
Parmenas	1
Parthians	1
Passing	1
Passover	29
Patara	1
Patmos	1
Patrobas	1
Paul	181
Paul's	1
Paulus	1
Paul’s	9
Pavement	1
Pay	4
Peleg	1
People	5
Perez	3
Perfects	1
Perga	3
Pergamum	2
Perhaps	1
Persevere	1
Persis	1
Perspective	1
Peter	171
Peter's	1
Peter’s	3
Phanuel	1
Pharaoh	3
Pharaoh's	1
Pharaoh’s	1
Pharisee	11
Pharisees	86
Pharisee’s	2
Philadelphia	2
Philemon	1
Philetus	1
Philip	35
Philippi	6
Philippians	1
Philologus	1
Phlegon	1
Phoebe	1
Phoenicia	3
Phoenix	1
Phrygia	3
Phygelus	1
Pick	3
Pilate	61
Pisidia	2
Place	8
Plain	1
Please	2
Pontius	3
Pontus	3
Pool	1
Porcius	1
Portico	2
Power	1
Powerful	1
Practice	1
Praetorian	1
Praetorium	7
Praise	2
Pray	10
Preparation	5
Prepare	4
Presence	1
Prisca	3
Priscilla	4
Probably	1
Prochorus	1
Proclaimed	1
Proclaiming	1
Prompted	1
Prophesy	3
Prophet	7
Prophetic	1
Prophets	21
Psalms	3
Ptolemais	1
Publius	2
Pudens	1
Pure	1
Pursue	2
Pursuing	1
Put	11
Puteoli	1
Pyrrhus	1
Qualities	1
Quartus	1
Queen	2
Quick	2
Quickly	1
Quiet	3
Quirinius	1
Rabbi	13
Rabboni	2
Raca	1
Rachel	1
Rahab	3
Ram	3
Ramah	1
Rather	21
Reach	1
Realizing	2
Reassure	1
Rebecca	1
Receive	2
Red	2
Refresh	1
Rehoboam	2
Rejoice	10
Relationships	1
Release	3
Remain	1
Remember	8
Remind	2
Remove	1
Repay	1
Repent	4
Rephan	1
Respect	1
Return	2
Reu	1
Reuben	1
Revealed	1
Rhegium	1
Rhesa	1
Rhoda	1
Rhodes	1
Right	13
Righteous	5
Righteousness	1
Rightly	2
Riot	1
Rise	1
Rising	1
River	2
Rock	1
Roll	1
Roman	8
Romans	4
Rome	9
Root	2
Ruach	244
Rufus	2
Ruin	1
Ruler	1
Rulers	1
Run	1
Ruth	1
Sacrifice	1
Sacrifices	1
Sadducees	14
Sailing	2
Salamis	1
Salem	2
Salim	1
Salmon	3
Salmone	1
Salome	2
Salt	1
Salvation	3
Samaria	9
Samaritan	10
Samaritans	3
Samos	1
Samothrace	1
Samson	1
Samuel	3
Sanhedrin	17
Sapphira	1
Sarah	3
Sarah’s	1
Sardis	3
Saul	30
Saul’s	1
Save	2
Savior	24
Say	3
Sceva	1
Scripture	32
Scriptures	20
Sea	10
Seal	1
Search	1
Secundus	1
See	25
Seed	1
Seeing	12
Seek	2
Seen	1
Seize	1
Seleucia	1
Sell	2
Semein	1
Send	7
Sending	2
Sent	1
Sergius	1
Serug	1
Servant	4
Servants	1
Serve	1
Set	1
Seth	1
Setting	3
Seven	5
Shabbat	60
Shabbats	1
Shaliach	1
Shall	6
Shalom	17
Shammashim	1
Sharon	1
Shavuot	3
She	34
Shealtiel	3
Shechem	3
Shelah	1
Shem	1
Shema	1
Sheol	11
Shepherd	9
She’s	2
Shofar	1
Should	3
Shouldn’t	1
Show	4
Sidon	11
Sighing	1
Silas	14
Siloam	3
Silvanus	4
Silver	1
Simeon	7
Simon	73
Simon’s	6
Sin	1
Sinai	4
Since	24
Sir	15
Sirs	1
Sit	9
Sitting	2
Six	1
Skull	4
Slaves	3
Smyrna	2
So	395
Sodom	9
Solomon	9
Solomon's	2
Solomon’s	1
Some	29
Someone	2
Sometimes	1
Son	172
Sons	2
Soon	1
Sopater	1
Sosipater	1
Sosthenes	2
South	2
Sovereign	3
Sown	4
Spain	2
Spirit	7
Spreading	1
Stachys	1
Stand	9
Standing	3
Star	1
Start	1
Stay	7
Stephanas	3
Stephen	10
Stephen’s	1
Still	5
Stoic	1
Stone	1
Stop	11
Stormy	1
Straight	1
Straightening	1
Strap	1
Strengthen	1
Stretch	3
Stretching	1
Stumbling	1
Such	3
Suddenly	10
Suffer	1
Suffering	2
Summoning	1
Sunrise	1
Supper	1
Supposing	1
Surely	4
Susanna	1
Synagogue	1
Syntyche	1
Syracuse	1
Syria	8
Syrian	1
Syrophoenicia	1
Syrtis	1
THE	8
THIS	2
Tabernacles	1
Tabitha	2
Table	1
Take	35
Taken	1
Taking	4
Tales	1
Talitha	1
Talking	1
Tamar	1
Tarsus	5
Taverns	1
Tax	1
Teach	1
Teacher	42
Tearing	1
Tell	12
Temple	107
Tent	4
Terah	1
Tertius	1
Tertullus	2
Test	1
Testimony	1
Tetrarch	1
Thaddaeus	2
Thanks	3
Thanksgiving	1
That	13
That’s	2
The	491
Their	10
Then	509
Theophilus	2
There	59
Therefore	175
There’s	2
These	51
Thessalonians	2
Thessalonica	6
Thessolonica	1
Theudas	1
They	306
They’ve	1
Things	2
Thinking	1
This	139
Thomas	11
Those	21
Though	13
Three	4
Through	16
Throw	2
Throwing	1
Thunder	1
Thus	8
Thyatira	4
Tiberias	3
Tiberius	1
Tie	1
Timaeus	1
Time	1
Timon	1
Timothy	24
Timothy’s	1
Titius	1
Titus	13
To	67
Today	11
Together	1
Tomorrow	1
Tonight	1
Torah	234
Torah’s	1
Touch	2
Trachonitis	1
Tree	3
Troas	6
Trophimus	3
Troubles	1
True	5
Truly	6
Trust	1
Trusted	1
Trustworthy	5
Tryphaena	1
Tryphosa	1
Turn	4
Turning	3
Twelve	22
Twin	4
Two	5
Tychicus	4
Tychius	1
Tyrannus	1
Tyre	12
Tzva’ot	2
Unity	1
Unknown	1
Unless	6
Unshakeable	1
Untie	3
Until	1
Up	3
Upon	8
Urbanus	1
Urge	1
Uriah	1
Us	2
Uzziah	2
Valley	1
Vengeance	2
Very	2
Vindicated	1
Visit	1
Wait	1
Wake	2
Walk	2
Walking	1
Wanting	1
Warnings	1
Was	4
Wasn’t	2
Watch	11
Watching	1
Way	6
We	126
Well	5
Were	2
Weren’t	2
We’re	5
We’ve	7
What	125
Whatever	10
What’s	12
When	278
Whenever	7
Where	34
Wherever	1
Whether	3
Which	16
While	31
Who	65
Whoever	26
Whose	4
Who’s	1
Why	72
Will	5
With	18
Without	2
Witness	3
Wives	1
Woe	25
Woman	8
Women	2
Won’t	3
Word	12
Workplace	1
Wormwood	1
Worship	3
Worthy	2
Write	4
Writings	2
Y	1
YESHUA	2
Yes	37
Yeshua	1222
Yeshua’s	30
Yet	65
Yisrael	1
Yitzhak	1
Yom	4
You	558
You're	1
Young	1
Your	141
Yours	6
Yourself	14
You’re	8
You’ve	7
Zacchaeus	5
Zadok	2
Zarephath	1
Zeal	1
Zealot	4
Zebedee	9
Zebedee’s	3
Zebulun	3
Zechariah	10
Zechariah’s	2
Zenas	1
Zerah	1
Zerubbabel	3
Zeus	2
Zion	7
a	2084
abandon	4
abandoned	5
abandoning	3
abandons	1
abide	13
abides	18
abiding	1
ability	5
ablaze	2
able	65
aboard	3
abolish	2
abomination	2
abound	1
abounds	1
about	381
above	32
absence	2
absent	8
absolutely	1
absorbed	1
abstain	5
abstains	2
abundance	6
abundant	1
abundantly	2
abuse	3
abused	1
abuses	1
abyss	7
accent	1
accept	17
acceptable	7
acceptance	3
accepted	8
accepting	2
accepts	1
access	3
accompanied	6
accompany	2
accompanying	1
accomplish	1
accomplished	5
accomplishing	2
accord	1
according	111
account	22
accountable	1
accounting	1
accounts	2
accurately	2
accusation	1
accuse	13
accused	8
accuser	2
accusers	4
accuses	2
accusing	3
accustomed	3
acknowledge	7
acknowledges	5
acquaintances	1
acquainted	1
across	4
act	9
acted	4
acting	2
action	3
actions	1
activates	1
active	1
activities	1
activity	1
acts	3
actually	2
add	4
added	10
addicted	3
adding	1
addressed	3
addressing	1
adds	2
administer	1
administered	2
administrator	1
admitted	2
admonishing	1
adoption	5
adorn	1
adorned	3
adulterers	3
adulteress	2
adulteresses	1
adulterous	2
adultery	23
adulthood	1
advance	2
advanced	1
advancement	1
advancing	1
advantage	7
adversary	2
advice	1
advisable	1
advise	1
advised	1
advocate	1
afar	1
affairs	1
affection	1
affirm	2
affirmation	1
affirmed	1
affirming	1
afflicted	4
affliction	1
afflictions	6
afraid	43
after	155
afterward	7
again	130
against	200
age	24
agent	1
ages	7
aging	1
agitated	2
agitating	2
ago	14
agony	1
agree	7
agreed	5
agreement	3
agrees	2
aground	5
ahead	16
aid	2
aide	2
ailment	1
ailments	1
aim	3
aimlessly	1
air	15
airs	1
alabaster	3
alarmed	3
alas	3
aleichem	4
alert	15
alienated	2
alike	1
alive	23
all	922
allegiance	1
allegorically	1
alleys	1
allow	6
allowed	3
allowing	1
almost	2
aloes	1
alone	41
along	70
already	41
also	454
altar	25
altars	1
alteration	1
altered	1
although	7
always	48
am	321
amazed	34
amazement	2
amazing	1
ambassador	2
ambassadors	1
ambition	3
ambush	2
amen	29
amethyst	1
among	212
amount	2
amply	1
an	217
ancestors	1
anchor	4
anchors	3
ancient	5
ancients	2
and	6072
anew	2
angel	98
angelic	1
angels	82
angel’s	3
anger	10
angry	8
anguish	4
animal	2
animals	7
ankles	1
announce	2
announced	4
announcing	3
anoint	5
anointed	8
anointing	6
another	204
another’s	5
answer	24
answered	111
answering	24
answers	6
anti-messiah	4
anti-messiahs	1
anticipation	1
anxious	2
any	94
anybody	1
anymore	5
anyone	140
anyone’s	4
anything	67
anywhere	1
apart	21
apologized	1
appeal	9
appealed	4
appear	7
appearance	16
appeared	44
appearing	6
appears	5
appease	1
applied	1
apply	1
appoint	3
appointed	23
appointing	1
appoints	3
apportioned	2
approached	5
approaches	1
approaching	10
appropriate	4
approval	3
approve	4
approved	5
approves	1
approving	1
aprons	1
arbitrator	1
archangel	2
architect	1
are	1042
area	6
areas	2
aren’t	9
argue	1
argued	1
arguing	9
argument	3
arguments	3
arise	4
arisen	3
arises	4
ark	7
arm	4
armies	5
armor	4
arms	4
army	1
aroma	6
arose	10
around	88
aroused	1
arrange	1
arranged	3
arrangements	1
arrest	3
arrested	4
arresting	1
arrival	3
arrive	3
arrived	21
arrogance	2
arrogant	4
arrows	1
art	1
arts	2
as	892
ascend	1
ashamed	15
asher	1
ashes	4
ashore	4
aside	20
ask	61
asked	59
asking	29
asks	11
asleep	14
aspire	1
aspires	1
assembled	4
assembly	6
assert	1
assign	2
assigned	4
assistant	1
assisting	1
associate	3
assumed	1
assuming	1
assurance	2
assured	1
assuring	1
astonished	15
astonishing	1
astonishment	2
astounded	8
astray	22
at	378
ate	27
athlete	1
atonement	4
attached	2
attack	4
attacked	3
attacks	1
attain	1
attained	2
attempt	1
attempts	1
attendant	2
attending	2
attention	17
attitude	6
attorney	1
attributes	1
audience	1
authenticated	1
authorities	14
authority	71
authorization	1
authorized	1
autumn	1
avenge	1
avenged	2
avenger	2
avoid	5
await	1
awaiting	1
awaits	1
awake	1
awaken	1
awakened	1
award	1
aware	2
awareness	1
away	280
awe	4
awhile	3
axe	2
babble	1
babbler	1
babes	2
babies	4
back	99
back-talking	1
backbiting	3
bad	13
badly	1
bag	6
bail	1
balance	2
band	2
bandaged	1
banished	1
bank	1
banquet	8
barbarian	1
barbarians	1
bare	1
barely	5
barley	3
barn	4
barns	2
barren	5
barricades	1
based	25
basic	4
basics	1
basin	1
basis	3
basket	5
baskets	10
batch	4
bathed	1
battered	1
battle	6
battling	1
bay	1
be	1261
beach	3
beam	6
bear	16
bearable	3
bearing	7
bears	9
bear’s	1
beast	38
beasts	5
beast’s	1
beat	13
beaten	4
beating	9
beatings	2
beautiful	4
beautify	1
beauty	3
became	94
because	362
become	117
becomes	11
becoming	7
bed	8
bedridden	1
beelzebul	7
been	288
before	265
beforehand	12
beg	16
began	198
beggar	2
begged	10
begging	18
begin	6
beginning	46
begins	3
begs	1
begun	2
behalf	22
behave	3
behaved	3
behaves	1
behaving	2
behavior	2
beheaded	5
behind	17
behold	49
beholding	1
beholds	2
being	124
beings	2
belief	1
believe	97
believed	44
believer	5
believers	8
believes	15
believing	7
belittle	1
belly	3
bellyaching	1
belong	14
belonged	1
belonging	6
belongings	1
belongs	11
beloved	5
below	2
belt	9
belts	1
bend	1
beneath	1
benefactors	1
beneficial	3
benefit	16
benefited	1
bent	2
beryl	1
beside	9
besides	4
best	10
betray	12
betrayed	6
betrayer	5
betrayers	1
betraying	7
betrothed	1
better	37
between	23
beverage	1
beware	5
bewildered	1
beyond	27
big	8
bigger	1
bill	3
bind	1
binding	1
binges	1
bird	1
birds	17
birth	30
birthday	2
birthright	1
bit	7
bite	1
bits	1
bitter	6
bitterly	2
bitterness	3
black	3
blade	1
blame	2
blamed	1
blameless	15
blamelessly	1
blaspheme	3
blasphemer	1
blasphemers	1
blasphemes	2
blasphemies	4
blasphemous	2
blasphemy	6
blast	2
blasts	1
blaze	1
blazing	1
bleach	1
blemish	1
blemishes	1
bless	7
blessed	28
blessing	16
blessings	2
blew	3
blind	53
blinded	2
blindfold	1
blindfolded	1
block	7
blocked	1
blocks	3
blood	98
bloodline	1
bloodshed	1
blot	1
blots	1
blotted	1
blow	2
blowing	1
blown	2
blows	2
blue	1
board	3
boarded	2
boards	1
boast	40
boasted	1
boastful	2
boasting	17
boasts	4
boat	46
boats	7
bodies	13
bodily	3
body	160
body’s	1
boils	2
bold	3
boldly	9
boldness	15
bond	2
bondage	6
bone	1
bones	3
book	14
books	5
booming	1
booth	3
bore	2
born	52
borne	1
borrow	1
both	81
bother	3
bothered	1
bothering	1
bottom	4
bottomless	1
bought	11
bound	20
boundaries	1
bountifully	2
bow	8
bowed	6
bowl	9
bowls	5
box	4
boy	13
boys	2
boy’s	1
brace	1
bracha	11
brag	1
braiding	3
branch	7
branches	14
brass	1
bread	68
break	14
breakfast	2
breaking	7
breaks	1
breastplate	2
breastplates	2
breasts	3
breath	3
breathed	4
breathing	1
brethren	167
briars	1
bride	6
bridegroom	17
bridegroom’s	1
bridle	3
briefly	3
bright	4
brighter	1
brilliance	1
brilliantly	1
brimstone	6
bring	68
bringing	20
brings	19
brit-milah	1
broad	3
broiled	1
broke	18
broken	17
brokers	1
bronze	3
brood	5
brother	107
brotherhood	1
brotherly	7
brothers	39
brother’s	7
brought	108
brushwood	1
brutal	2
bucket	1
budded	1
budging	1
build	11
builder	4
builders	5
building	17
buildings	3
builds	7
built	21
bulls	3
bunches	1
bundle	1
bundles	1
burden	11
burdened	5
burdens	3
burdensome	1
burial	6
buried	11
burn	8
burned	9
burner	2
burning	13
burns	1
burnt	3
burst	6
bury	4
bush	4
bushes	2
business	7
businessmen	1
busy	1
busybodies	2
but	799
buy	13
buying	3
buys	2
by	739
bypass	1
bystanders	6
byways	1
b’shem	5
calamities	1
calculate	1
calf	4
call	38
called	195
calling	25
calls	20
calm	4
calves	2
came	434
camel	4
camel’s	2
camp	3
can	102
cancel	1
canceled	2
cancels	1
cancer	1
cannot	74
can’t	8
capable	2
captain	6
captive	5
captives	2
captivity	2
capture	5
captured	2
caravan	1
carcass	1
care	26
cared	1
careful	5
carefully	7
careless	1
cares	7
cargo	3
carnelian	2
carob	1
carousing	4
carpenter	1
carpenter’s	1
carried	20
carries	1
carry	23
carrying	7
carved	1
case	19
cases	1
cast	8
casting	4
castrate	1
catch	6
catches	1
catching	1
cattle	3
caught	12
cause	20
caused	5
causes	14
causing	2
cave	1
caves	2
cease	1
ceased	3
celebrate	8
celebration	1
cell	1
cellar	1
cemetery	1
census	2
center	3
centurion	21
centurions	3
certain	30
certainly	7
certainty	2
certificate	2
certified	1
chaff	2
chain	3
chained	1
chains	18
chalcedony	1
chamber	2
chance	5
change	6
changed	5
chanting	4
chaos	2
character	4
charcoal	1
charge	31
charged	2
charges	10
charging	1
chariot	3
chariots	2
chase	1
chasm	1
chatter	2
cheat	2
cheated	2
check	1
cheek	2
cheerful	2
cheerfulness	1
cheering	1
cherishes	2
cherubim	1
chest	4
chests	2
chicks	2
chief	11
chiefs	1
child	39
childbearing	1
childhood	2
childish	1
childless	2
children	109
children’s	3
child’s	3
choice	3
choke	2
choked	4
choking	1
choose	5
chooses	2
choosing	2
chopped	1
chose	14
chosen	31
chosenness	1
chrysoprase	1
cinnamon	1
circle	1
circled	1
circumcise	4
circumcised	24
circumcision	22
circumstance	2
circumstances	2
cities	9
citizen	4
citizens	4
citizenship	2
citron	1
city	108
city’s	2
claim	3
claimed	2
claiming	2
claims	1
clamors	2
clanging	1
clashes	4
classify	1
clay	4
clean	20
cleaning	1
cleanse	3
cleansed	11
cleanses	1
cleansing	4
clear	26
clear-minded	3
cleared	1
clearly	10
clerk	1
clever	1
cleverly	1
cleverness	1
cliff	4
climbed	1
climbs	2
clinging	2
cloak	6
cloaks	6
close	9
closed	2
closely	4
closes	1
cloth	12
clothe	7
clothed	15
clothes	28
clothing	26
cloths	1
cloud	19
cloudiness	1
clouds	7
clubs	5
clusters	2
co-laboring	1
co-sharers	1
co-worker	2
co-workers	2
coals	1
coarse	1
coast	2
coastal	1
coasting	1
coat	2
coats	1
code	1
coffin	1
cohort	3
coin	4
coins	4
cold	8
collapsed	3
collect	4
collected	2
collection	2
collections	1
collector	7
collectors	16
collector’s	2
colony	1
colt	12
come	410
comes	131
comfort	8
comforted	4
comforting	1
coming	157
command	30
commanded	28
commander	18
commanders	2
commanding	1
commandment	31
commandments	23
commands	8
commend	2
commendable	1
commendation	1
commended	4
commending	3
commends	2
commission	3
commissioned	1
commit	19
commits	7
committed	11
committing	6
common	8
commonwealth	1
commotion	2
commotions	1
communicate	1
communities	35
community	75
companion	2
companions	2
company	4
compare	6
compared	3
comparison	4
compassion	19
compassionate	3
compels	1
competence	1
competent	3
competes	2
competitor	1
complain	1
complaint	1
complete	24
completed	10
completely	11
completing	3
completion	1
compulsion	2
concealed	2
conceit	1
conceited	2
conceive	2
conceived	4
concern	8
concerned	2
concerning	42
concession	1
concluded	1
concluding	1
concocted	1
condemn	14
condemnation	9
condemned	15
condemning	1
condemns	2
condition	3
conduct	8
confer	1
conferred	1
confess	5
confessed	5
confessing	2
confession	3
confidence	15
confident	6
confidently	1
confined	1
confirm	1
confirmation	2
confirmed	4
confirming	1
confirms	1
conflicts	2
conformed	2
conformity	1
confounding	1
confront	1
confronted	1
confused	4
confusing	2
confusion	3
congregation	1
connected	1
connection	2
conquer	1
conquered	1
conqueror	1
conquerors	1
conscience	28
consciences	1
consciousness	1
consent	4
consider	28
considerable	4
consideration	1
considered	13
considering	2
considers	1
consist	2
consistent	2
consolation	1
console	1
conspiracy	1
conspired	1
constant	3
constantly	5
consult	2
consulted	2
consume	2
consumed	2
consumes	1
consuming	1
containers	1
contamination	1
contempt	3
contend	1
content	5
contentious	1
contentment	2
continually	12
continue	22
continued	12
continues	2
continuing	4
contradict	1
contradictions	1
contrary	11
contributing	2
contribution	2
control	5
controlled	1
controversies	1
convenient	1
conversing	1
conversion	1
convert	1
convict	3
convicted	2
conviction	1
convicts	1
convinced	13
convincing	1
convulsion	1
convulsions	3
cool	1
copper	5
coppersmith	1
cords	1
corner	1
corners	5
cornerstone	7
corpse	3
corpses	2
correct	3
corrected	1
correctly	2
corrector	1
corresponds	1
corrupted	4
corruptible	2
corruption	4
corrupts	1
cost	1
costly	2
cot	3
cots	1
could	52
couldn’t	13
council	10
counsel	1
counselor	1
count	5
counted	6
counterparts	1
counting	1
country	17
countrymen	2
countryside	11
courage	8
course	6
court	11
courted	1
courtesy	1
courts	5
courtyard	5
cousin	1
covenant	30
covenants	3
cover	4
cover-up	1
covered	8
covering	1
covers	2
covet	2
coveted	1
coveting	2
cowardly	1
craft	1
craftiness	1
craftsman	1
craftsmen	2
crafty	1
crave	2
cravings	4
crazy	3
create	2
created	20
creation	16
creature	10
creatures	17
credit	7
credited	11
credits	1
creeping	1
crew	1
cried	31
cries	3
crime	1
crimes	2
criminal	1
crippled	4
criticism	3
crooked	4
crop	5
crops	2
cross	23
cross-beam	3
crossbar	1
crossed	6
crossing	1
crow	1
crowd	120
crowds	48
crowed	5
crown	15
crowned	3
crowns	6
crows	7
crucified	22
crucify	5
crucifying	1
cruel	1
crumbs	2
crush	3
crushed	2
crushing	2
cry	8
crying	24
crystal	3
cubits	2
cultivated	1
cumin	1
cunning	3
cup	30
cups	1
cured	1
curing	1
curse	10
cursed	13
cursing	2
curtain	6
custody	2
custom	10
customs	5
cut	35
cutting	2
cymbal	1
daily	7
dance	2
danced	2
dancing	1
danger	6
dangerous	1
dangers	8
dare	9
dared	4
dares	1
dark	7
darkened	6
darkness	49
date	1
daughter	22
daughter-in-law	3
daughters	5
dawn	4
dawned	1
dawns	1
day	235
daybreak	5
daylight	2
days	157
day’s	2
dazzling	1
dead	147
deadly	3
deadness	1
deaf	5
deal	2
dealing	1
dear	4
dearly	18
death	135
debate	2
debated	2
debater	1
debating	5
debt	3
debtors	3
debts	3
decay	9
decaying	1
decays	1
deceit	7
deceitful	5
deceitfulness	1
deceive	8
deceived	12
deceiver	2
deceivers	3
deceives	3
deceiving	4
decently	1
deception	4
decide	2
decided	12
decides	1
decision	2
declare	10
declared	7
declares	1
declaring	4
declined	1
decorate	1
decorated	2
decrease	1
decree	3
decreed	1
decrees	4
deed	12
deeds	67
deep	11
deeply	10
defame	1
defeat	1
defect	1
defend	2
defending	2
defense	14
defile	2
defiled	8
defilement	1
defiling	2
deities	1
delay	6
delegation	1
delight	6
delighted	4
deliver	6
deliverance	1
delivered	12
delivering	3
deluded	2
deluding	1
delusional	1
demand	2
demanded	3
demanding	4
demands	2
demeanor	4
demon	21
demon-plagued	5
demonic	3
demons	48
demonstrate	3
demonstrates	3
demonstrating	1
demonstration	1
den	4
denarii	7
denarius	9
denied	13
denies	5
denounce	1
denounced	1
dens	2
deny	23
denying	1
depart	3
departed	8
departure	4
depend	2
depended	1
depends	2
deport	1
depraved	1
deprive	2
deprived	1
depth	5
depths	1
derived	1
descendants	5
descended	2
descending	1
descent	2
describe	1
described	4
describing	2
desert	8
deserted	4
deserts	1
deserve	2
deserved	1
deserves	1
deserving	8
design	2
designated	2
designed	1
desire	26
desired	3
desires	23
desiring	2
desolate	6
desolation	3
despair	1
despaired	1
despicable	1
despise	4
despised	1
despite	1
destine	1
destined	4
destitute	1
destroy	27
destroyed	27
destroyer	1
destroyers	1
destroying	2
destroys	3
destruction	17
destructive	1
detail	8
determine	2
determined	4
determining	1
detest	1
detestable	6
detested	1
detesting	1
detour	1
devastated	1
developing	1
devil	32
devil’s	2
devote	5
devoted	3
devoting	1
devotion	4
devour	7
devours	1
devout	5
devoutly	1
dialogue	2
dictate	1
did	299
didn't	1
didn’t	58
die	40
died	64
dies	14
differ	1
difference	1
different	15
differs	1
difficult	1
difficulty	2
dig	2
digging	1
dignified	3
dignity	1
diligence	5
diligent	2
diligently	1
dill	1
dimly	1
dine	1
dinghy	3
dining	3
dinner	2
dip	2
dipped	2
dipping	1
dips	1
direct	3
directed	9
directing	1
direction	2
directs	1
dirge	1
dirges	1
dirt	2
disability	1
disabled	3
disabling	1
disagreed	1
disagreement	1
disappeared	1
disappoint	1
disarming	1
disaster	2
disbelief	1
discern	4
discerned	2
discerning	3
discernment	1
discerns	1
disciple	28
discipled	1
disciples	249
discipline	7
disciplined	5
disciplines	1
discouraged	3
discourse	1
discovered	2
discuss	5
discussed	2
discussing	4
discussion	1
disease	6
diseases	9
disgrace	6
disgraceful	2
disgracing	1
dish	2
dishonest	4
dishonesty	1
dishonor	5
dishonored	4
dishonors	2
disintegrate	1
dismiss	1
dismissed	2
disobedience	10
disobedient	11
disobey	1
disobeyed	1
disobeying	1
disorder	1
disowned	1
disparage	1
dispatching	1
display	1
displayed	2
disposal	1
dispute	4
disputes	6
disputing	2
disqualified	1
disqualify	1
disregarding	1
disrepute	1
disrespect	2
dissension	1
dissolved	1
distance	13
distinction	4
distinctions	1
distort	1
distorting	1
distracted	1
distraction	1
distress	7
distressed	6
distresses	2
distribute	1
distributed	2
distributing	1
district	3
disturbed	2
disturbing	1
divide	2
divided	16
divides	1
dividing	1
divination	1
divine	4
division	6
divisions	4
divorce	10
divorced	2
divorces	5
do	655
doctor	3
doctors	1
doctrines	2
doer	3
doers	2
does	188
doesn’t	37
dog	1
dogmatically	1
dogs	8
doing	76
doings	1
domain	2
dominion	1
don't	1
done	93
donkey	7
donkey’s	1
donned	1
don’t	92
door	28
doorkeeper	3
doors	7
dose	1
double	2
double-minded	2
double-speaking	1
doubly	1
doubt	5
doubting	2
doubts	3
dough	3
dove	4
doves	6
down	243
downcast	1
downstairs	1
drag	2
dragged	3
dragging	5
dragnet	1
dragon	12
dragon’s	1
drank	5
drash	1
draw	12
drawing	3
drawn	1
draws	1
dream	7
dreaming	1
dreams	1
dregs	1
drench	1
drenched	1
dress	4
dressed	14
drew	12
dried	2
drift	2
drifting	1
drink	67
drinking	11
drinks	9
drive	21
driven	9
drives	7
driving	7
dropped	1
dropping	2
drops	2
drove	9
drowned	3
drowsy	1
drunk	10
drunkard	3
drunkards	2
drunken	1
drunkenness	2
dry	3
drying	1
due	12
dug	4
dull	2
dumb	1
dumbfounded	1
dumped	1
during	17
dust	11
duty	1
dwell	21
dwelling	14
dwells	9
dying	6
dysentery	1
each	99
eager	7
eagerly	12
eagerness	6
eagle	3
ear	18
earlier	1
early	11
earnestly	4
ears	25
earth	169
earthly	8
earthquake	8
earthquakes	4
earth’s	1
easier	7
east	9
easy	2
eat	100
eaten	4
eating	23
eats	19
echad	2
edge	3
edification	1
educated	1
effect	4
effective	2
effort	9
egg	1
eight	5
eighteen	3
eighth	5
eighty	1
eighty-four	1
either	10
ejected	1
elbow	1
elder	4
elderly	1
elders	62
elect	3
election	1
elements	2
eleven	5
eleventh	3
eliminated	2
else	20
embodiment	1
emboldened	1
embrace	1
emerald	2
empathize	1
emptied	1
empty	5
empty-handed	4
emunah	3
enabled	1
enables	1
enacted	1
encounter	1
encourage	14
encouraged	16
encouragement	17
encourages	2
encouraging	2
end	45
ended	3
endless	2
ends	4
endurance	14
endure	14
endured	6
endures	9
enduring	2
enemies	20
enemy	12
engage	1
engaged	3
engraved	1
enjoy	3
enjoying	1
enlarged	1
enlightened	3
enlisted	1
enmity	1
enough	21
enraged	4
enriched	1
enriching	1
enslave	1
enslaved	5
enslaves	1
entangled	1
entangles	1
entangling	1
enter	72
entered	56
entering	8
enters	6
entertained	2
entertaining	1
entice	1
enticed	2
enticing	1
entire	5
entirely	1
entitled	1
entrance	2
entrap	1
entrust	4
entrusted	12
entrusting	1
entry	1
envy	13
envying	1
epidemics	1
epileptics	1
equal	6
equality	2
equip	1
equipped	1
error	6
escape	16
escaped	5
escapes	1
escaping	2
escorted	1
escorting	1
eshua	1
especially	17
essentials	1
establish	3
established	4
establishes	1
estate	1
esteem	1
esteemed	1
esteems	1
eternal	61
eternity	2
eunuch	5
eunuchs	4
evaluate	1
even	211
evening	19
events	5
ever	50
everlasting	6
every	151
everyday	1
everyone	85
everyone’s	3
everything	88
everywhere	10
evidence	10
evident	5
evil	117
evildoer	5
evildoers	5
exact	1
exactly	3
exaggerate	1
exalt	2
exalted	11
exalts	5
examine	4
examined	3
examines	1
examining	1
example	12
examples	2
exceedingly	3
exceeds	1
excel	3
excellence	1
excellent	5
excelling	1
except	60
excess	1
excessive	1
exchange	2
exchanged	2
exclude	1
excluded	2
excuse	3
excused	2
execute	7
executed	13
execution	5
executioner	2
exercise	2
exercised	1
exercises	2
exercising	2
exhausted	2
exhortation	2
exhortations	1
exhorted	1
exhorts	1
exile	5
exist	6
existed	3
existence	1
existing	1
exists	2
exit	1
exodus	1
exorcists	1
expect	5
expectation	3
expected	1
expecting	7
expense	1
expenses	1
expensive	4
experienced	1
experiencing	1
explain	3
explained	4
explaining	4
exploit	1
expose	1
exposed	5
exposure	1
expressing	1
extending	2
extensive	1
extent	2
external	1
extinguish	1
extortion	1
extraordinary	4
extreme	3
eye	37
eyes	75
eyewitness	1
eyewitnesses	2
face	48
facedown	1
faces	6
facing	2
fact	8
factions	2
facts	2
fading	1
fail	3
failed	4
fails	1
failure	1
fainthearted	1
fair	1
faith	184
faithful	38
faithfully	1
faithfulness	26
faithless	6
fall	36
fallen	17
falling	9
falls	17
false	36
falsehood	1
falsely	3
fame	1
families	1
family	5
famine	6
famines	3
fan	1
far	44
faraway	1
farewell	4
farm	2
farmed	1
farmer	2
farmers	3
farther	5
fast	22
fasted	1
fastened	2
fasting	7
fatal	2
father	96
father's	1
father-in-law	1
fathered	40
fathers	51
father’s	5
fathoms	2
fattened	5
fault	5
favor	18
favorable	2
favored	2
favoritism	7
fear	58
feared	6
fearful	2
fearing	5
fearlessly	2
fears	4
feast	22
feasting	2
feasts	4
fed	2
feeble	1
feed	4
feeding	3
feeds	2
feel	2
feeling	1
feelings	2
feet	86
fell	79
fellow	52
fellows	1
fellowship	10
felt	8
female	4
fenced	1
fertilizer	1
fervent	2
fervently	3
festival	5
fever	8
few	16
field	23
fields	8
fierce	1
fiery	9
fifteen	2
fifteenth	1
fifth	4
fifties	1
fifty	5
fig	16
fight	5
fighting	4
figs	5
figuratively	1
figure	1
figured	1
figurehead	1
fill	8
filled	52
filling	2
fills	1
filth	2
filthy	3
final	1
finance	1
find	57
finding	5
finds	21
fine	13
finery	3
finger	8
fingers	1
finish	8
finished	23
finishing	2
fire	75
firm	23
firmly	3
first	148
firstborn	9
firstfruit	1
firstfruits	7
fish	28
fishermen	3
fishers	2
fishing	1
fists	2
fit	3
fitted	2
fitting	6
five	41
fix	1
fixed	1
flame	7
flaming	2
flashed	3
flashes	6
flattery	2
flautists	1
flavor	3
flawless	1
fled	10
flee	13
flees	1
flesh	111
fleshly	6
flew	1
flinging	1
flock	9
flog	1
flogged	1
flood	6
flooded	1
floods	2
floor	2
flour	3
flow	5
flowed	2
flower	3
flowing	1
fluid	1
flute	4
fly	1
flying	3
foal	1
foaming	2
foams	1
focused	2
focusing	1
fold	1
follow	47
followed	38
following	35
follows	1
folly	1
food	48
foods	3
fool	6
fooling	1
foolish	20
foolishness	10
fools	4
foot	13
foothold	2
footing	1
footsteps	3
footstool	7
for	1645
forbearance	1
forbid	4
forbidden	3
forbidding	1
forbids	1
force	10
forced	5
forces	3
forcing	1
forefather	1
forefathers	2
forehead	4
foreheads	4
foreign	4
foreigner	3
foreigners	3
foreknew	1
foreknowledge	2
foreman	1
foremost	2
forerunner	1
foreseeing	1
foreshadower	1
foreshadowing	1
foresight	1
forest	1
foretold	4
forever	51
forfeit	1
forfeits	2
forgave	3
forget	2
forgets	2
forgetting	1
forgive	18
forgiven	24
forgiveness	2
forgives	2
forgiving	2
forgotten	5
fork	2
form	10
formal	1
formed	8
former	5
formerly	3
forsake	2
forsaken	2
forth	29
fortunate	10
fortune-telling	1
forty	17
forty-two	2
forward	5
fought	3
foul	2
found	107
foundation	26
foundations	4
fountain	1
four	40
four-footed	3
fourteen	5
fourteenth	2
fourth	9
fox	1
fragments	1
fragrance	1
fragrant	3
frankincense	2
frantically	1
fraud	1
free	45
freed	1
freedman	1
freedom	13
freely	6
frequent	1
frequently	2
fresh	5
friction	1
friend	9
friends	21
friendship	2
frightened	3
frogs	1
from	1114
front	10
frothing	1
fruit	69
fruitful	1
fruitless	3
fruits	4
fulfill	19
fulfilled	32
fulfillment	1
fulfills	1
full	69
fullest	1
fullness	15
fully	12
fully-armed	1
fun	1
function	1
furious	6
furnace	6
furnished	2
further	6
fury	7
fuss	1
futile	4
futility	2
future	2
gadol	44
gadol’s	1
gain	17
gained	8
gains	2
gall	1
garbage	1
garden	6
gardener	4
garlands	1
garment	14
garments	4
gashing	1
gate	19
gates	15
gateway	1
gather	21
gathered	51
gathering	10
gathers	4
gave	117
gaze	1
gazed	1
gear	1
genealogies	2
genealogy	3
generals	1
generation	34
generations	10
generosity	4
generous	4
generously	1
gentle	6
gentleness	9
gently	1
genuine	3
genuinely	1
genuineness	1
get	64
gets	5
getting	6
ghost	3
gift	37
gifts	22
gigantic	1
girl	13
girls	2
give	171
given	152
giver	1
gives	36
giving	33
glad	5
gladly	6
gladness	5
glass	5
gleam	1
gleaned	1
glimpse	1
gloom	4
gloomy	4
glories	1
glorified	26
glorify	18
glorifying	7
glorious	26
glory	145
glutton	2
gluttons	1
gnashing	8
gnat	1
gnawed	1
go	175
goads	1
goal	5
goat	1
goats	6
goatskins	1
goat’s	1
god	6
goddess	2
godless	3
godliness	16
godly	6
gods	9
goes	27
going	112
gold	27
golden	14
gone	40
gong	1
good	231
goodbye	1
goodness	4
goods	4
goodwill	1
gorged	1
gossip	1
gossipers	1
gossips	1
got	62
gouge	1
governing	1
governor	18
governors	4
governor’s	2
grab	4
grabbed	11
grabbing	5
grace	94
gracious	10
graciously	1
graft	1
grafted	5
grain	12
grandchildren	1
grandiose	1
grandiosities	1
grandmother	1
grant	14
granted	11
granting	1
grape	1
grapes	2
grasp	7
grasped	2
grass	11
gratitude	3
grave	2
graves	1
graveyard	3
gray	1
great	162
greater	45
greatest	12
greatly	9
greatness	1
greed	11
greedy	6
green	4
greenish	1
greet	15
greeted	3
greeting	9
greetings	11
greets	5
grew	8
grief	8
grievance	1
grieve	2
grieved	10
grieving	5
grinding	2
grinds	1
gripped	2
groan	3
groaning	2
groans	2
grope	1
ground	28
grounded	1
grounds	2
group	7
groups	4
grow	10
growing	10
grown	4
grows	4
growth	1
grudge	1
grudgingly	1
grumble	5
grumblers	1
grumbling	4
guarantee	2
guaranteed	2
guard	19
guarded	4
guardian	2
guardians	2
guarding	5
guards	10
guest	6
guests	6
guidance	1
guide	6
guides	4
guiltless	1
guilty	3
guy	1
guys	1
g’dolim	2
ha-Kodesh	91
ha-Mashiach	4
ha-Metzora	2
ha-Natzrati	10
ha-ba	12
ha-ra	2
ha-zeh	1
habit	1
had	564
hadn’t	4
hail	4
hair	20
hairs	2
hairstyles	1
half	8
halfway	1
hall	2
hametz	11
hand	151
handed	38
handing	3
handkerchief	1
handkerchiefs	1
handle	4
handmade	1
handpicked	2
hands	89
handwashing	2
handwritten	1
hang	1
hanged	1
hanging	4
hangs	1
happen	31
happened	67
happening	14
happens	8
happier	1
happily	1
happy	1
harassed	1
harbor	2
hard	24
hard-working	1
harden	3
hardened	6
hardening	2
hardens	1
harder	2
hardhearted	1
hardheartedness	1
hardly	1
hardness	4
hardship	9
hardships	1
harm	19
harmed	1
harmful	2
harmonious	1
harmony	4
harp	2
harpists	2
harps	2
harsh	3
harshly	3
harvest	15
harvested	1
harvesters	1
has	619
hasn’t	4
hastening	1
hastily	1
hate	14
hated	11
hateful	1
hates	12
hating	3
haughty	1
haul	1
hauled	1
haunt	1
have	1015
haven’t	10
having	87
havoc	1
hay	1
haya	1
he	1099
head	58
headed	3
headfirst	1
heading	1
headquarters	6
heads	23
headwaiter	3
heal	16
healed	52
healing	12
healings	3
heals	2
health	3
healthy	5
heap	3
heaped	1
hear	103
heard	218
hearer	2
hearers	2
hearing	40
hears	23
heart	113
heartfelt	1
heartless	1
hearts	62
heart’s	1
heat	6
heaven	229
heavenlies	1
heavenly	23
heavens	28
heavy	6
hedge	2
heed	1
heeded	1
heel	1
heifer	1
height	4
heir	8
heirs	10
held	14
helmet	2
help	22
helped	6
helper	2
helpers	1
helpful	2
helping	3
helpless	2
helps	2
hem	1
hen	2
her	285
herald	2
herb	1
herbs	2
herd	7
herdsmen	3
here	94
heresies	1
here’s	2
herself	9
hesitating	2
hesitation	1
he’s	5
hid	9
hidden	24
hide	1
high	19
high-minded	1
high-priestly	1
higher	1
highest	6
highly	4
highways	2
hill	4
hills	1
hillside	3
him	931
himself	104
hinder	3
hindered	2
hindering	1
hindrance	2
hire	1
hired	6
his	663
hit	3
hitting	1
hoisted	1
hoisting	1
hold	43
holding	22
holds	4
hole	1
holes	1
holiness	14
holy	79
home	41
homeland	1
homeless	1
homeowner	1
homes	2
hometown	6
homosexuality	1
homosexuals	1
honest	2
honey	4
honor	48
honorable	4
honorably	1
honorarium	1
honored	3
honors	3
hook	1
hope	78
hoped	3
hopes	2
hoping	4
horn	1
horns	10
horribly	1
horse	7
horse-drawn	1
horsemen	2
horses	8
horse’s	1
hospitable	3
hospitality	3
host	4
hosted	2
hostile	7
hostility	3
hosting	1
hot	3
hour	94
hours	3
house	157
household	37
households	3
houses	8
housetops	2
how	144
however	6
howling	1
huge	3
human	38
humanity	4
humans	3
humble	13
humble-minded	1
humbled	4
humbles	3
humbling	1
humiliate	2
humiliated	1
humiliation	1
humility	10
hundred	23
hundredfold	5
hundreds	1
hung	1
hunger	5
hungry	24
hunted	1
hurled	2
hurricane-force	1
hurried	2
hurry	2
hurrying	1
hurting	1
husband	40
husbands	12
hush	1
hyacinth	1
hymns	3
hypocrisy	8
hypocrite	1
hypocrites	12
hypocritical	1
hyssop	2
idea	3
identified	1
idle	6
idol	10
idolater	1
idolaters	5
idolatries	1
idolatry	3
idols	13
idol’s	1
if	434
ignorance	5
ignorant	8
ignorantly	1
ignore	1
ignoring	1
ill	2
illegitimate	2
illogical	1
illuminated	1
image	25
images	1
imagination	1
imagine	1
imitate	4
imitators	6
immature	1
immediately	34
immerse	8
immersed	48
immerses	1
immersing	11
immersion	21
immersions	1
immoral	11
immorality	33
immortal	2
immortality	5
immovable	2
impart	1
impartial	1
impartially	1
impediment	1
imperishable	2
implanted	1
important	2
imposed	1
impossible	11
imposters	1
imprint	1
imprisoning	1
imprisonment	7
imprisonments	1
impulse	1
impure	1
impurity	6
in	2833
inappropriately	3
inaugurate	1
inaugurated	2
incapacitated	1
incense	10
incessant	1
incited	2
incites	1
inciting	2
include	1
including	5
incompetent	1
incomprehensible	1
inconvenient	1
incorruptibility	2
incorruptible	2
incorruption	1
increase	6
increased	2
increases	1
increasing	5
incredible	2
indebted	1
indecency	5
indecent	1
indeed	33
independent	2
indescribable	1
indestructible	1
indicate	1
indicating	1
indignant	5
indignation	2
indispensable	1
individual	1
individually	2
indulged	2
indulgence	1
indulging	1
ineffective	2
ineffectiveness	1
inexperienced	1
inextinguishable	2
infant	2
infants	6
inferior	2
infested	1
infirmities	1
inflict	2
inflicting	1
inflicts	1
influential	3
informed	3
inhabitants	1
inherit	15
inheritance	17
inherited	1
inheriting	1
iniquities	1
initiative	1
initiator	2
injuries	1
injustice	3
ink	3
inn	1
inner	7
innermost	1
innkeeper	1
innocent	9
inquire	2
inquired	1
inquirers	1
insane	3
inscribed	2
inscription	6
inside	12
insight	3
insignificant	1
insist	3
insisted	1
insistent	1
insisting	5
insofar	2
insolent	1
inspired	1
instant	3
instantly	3
instead	19
instigated	1
instinct	1
instinctively	1
instruct	2
instructed	5
instructing	1
instruction	10
instructions	4
instructors	1
instrument	1
insult	4
insulted	4
insults	2
insurrection	1
integrity	1
intelligent	2
intelligible	1
intend	2
intending	4
intends	1
intense	1
intent	1
intentions	2
intently	7
intercedes	2
interceding	1
intercession	2
intercessions	1
interest	2
interests	3
intermediary	2
interpret	5
interpretation	3
interpreter	1
interprets	1
interrogate	2
interrogated	2
interval	1
intestines	1
intimate	1
intimately	1
intimidation	1
into	420
intoxicating	1
introduced	2
introduction	2
invalid	3
invalids	1
inventors	1
investigate	3
investigated	2
investigating	1
investigation	1
invisible	4
invite	6
invited	20
invites	1
invoke	1
involving	1
inward	1
inwardly	3
iron	6
irrational	1
irresponsibly	2
irrevocable	1
irritated	1
is	2067
island	11
isn’t	14
isolated	5
issue	4
issues	6
it	1142
its	82
itself	24
it’s	17
ivory	1
jacinth	1
jail	5
jailer	5
jar	9
jars	4
jasper	4
jealous	3
jealously	1
jealousy	11
jeering	5
jewelry	1
join	3
joined	18
joins	2
joint	2
joint-heirs	1
joints	2
journey	20
journeying	1
journeys	1
joy	63
joyful	1
joyfully	2
joyous	1
judge	61
judged	24
judges	16
judge’s	1
judging	9
judgment	64
judgments	4
jump	1
jumped	1
jurisdiction	1
just	174
justice	12
justification	1
justified	8
justifier	1
justifies	2
justify	3
kadosh	3
kedoshim	60
keep	97
keeper	1
keeping	33
keeps	19
kept	117
key	4
keys	2
kick	1
kill	46
killed	40
killing	3
kills	4
kin	4
kind	28
kindled	1
kindly	2
kindness	12
kinds	18
king	37
kingdom	152
kingdoms	3
kings	35
kingship	1
king’s	4
kinsman	1
kiss	10
kissed	3
kissing	3
knee	3
kneeling	3
knees	12
knelt	3
knew	37
knock	1
knocked	2
knocking	2
knocks	3
know	368
knowing	40
knowledge	46
knowledgeable	1
known	84
knows	34
kohanim	81
kohen	61
korban	1
koum	1
labor	12
labored	2
laboring	2
labors	3
lack	7
lacked	1
lacking	8
lacks	3
lady	2
lagging	1
laid	35
lake	10
lamb	5
lambs	2
lame	13
lamenting	1
lamp	12
lamplight	1
lamps	7
lampstand	4
land	51
landed	1
landing	2
landowner	1
lands	2
language	5
languages	2
lanterns	1
lap	1
large	39
larger	1
largest	1
lashes	1
lashing	1
lashon	2
last	50
lasting	2
lasts	1
late	6
later	18
latter	1
laugh	1
laughing	1
laughter	1
launderer	1
lavished	1
law	33
law-breaker	1
lawful	1
lawgiver	1
lawless	11
lawlessness	12
lawsuits	1
lawyer	3
lawyers	5
lay	25
laying	12
laymen	1
lays	2
lazy	2
lead	23
leader	11
leaders	66
leadership	1
leader’s	1
leading	21
leads	15
leaf	1
leaned	1
leaning	1
leaped	3
leaping	1
learn	14
learned	17
learning	3
lease	1
leased	3
least	16
leather	2
leave	33
leaven	2
leavened	2
leavens	1
leaves	9
leaving	21
led	38
left	123
leftovers	5
legal	1
legion	1
legions	1
legitimately	1
legs	3
lema	2
lend	4
length	3
leopard	1
less	8
lesser	1
lesson	1
lest	4
let	198
lets	1
letter	25
letters	11
letting	1
let’s	11
level	1
liar	8
liars	4
liberated	1
lick	1
lie	14
lied	1
lies	4
life	195
life-giving	1
lifeless	1
lifestyle	2
lift	9
lifted	13
lifting	3
ligament	1
light	89
lighten	1
lighting	2
lightly	3
lightning	9
lights	5
like	229
like-minded	1
likeness	4
likewise	14
lilies	2
limit	1
limits	3
line	1
linen	18
lion	3
lions	3
lion’s	2
lips	6
listed	1
listen	26
listened	8
listeners	1
listening	13
listens	4
lit	1
little	69
live	85
lived	15
lives	29
living	86
load	1
loads	1
loaf	1
loaves	22
local	1
lock	1
locked	6
locusts	4
lodge	1
lodging	1
loins	2
lone	1
long	67
longed	4
longer	65
longing	10
look	49
looked	29
looking	43
lookout	1
looks	6
loose	2
loosened	1
loosening	1
lord	6
lords	4
lose	22
loses	8
losing	1
loss	10
lost	13
lot	6
lots	6
loud	42
loudly	4
love	222
loved	74
lovely	1
lovers	5
loves	30
love’s	1
loving	1
low	1
lower	3
lowered	5
lowering	1
lowest	2
lowly	2
lukewarm	1
lump	1
luncheon	1
lust	3
lustfulness	1
lusts	1
luxury	5
lying	22
made	201
madman	1
madness	1
magi	4
magic	2
magical	1
magician	2
magnificent	1
magnified	1
magnifies	1
magnifying	1
maid	1
maidservant	2
maimed	1
main	3
majesty	3
majority	2
make	126
maker	1
makes	20
making	24
male	7
malice	6
malign	1
maligned	1
man	404
man's	2
man-made	3
manage	2
management	3
manager	9
managers	1
managing	3
manger	3
manifestation	1
mankind	10
manna	4
manner	15
mansion	1
manure	1
many	212
many-sided	1
man’s	26
marble	1
mark	11
marked	2
market	1
marketplace	7
marketplaces	6
marriage	8
married	13
marries	8
marrow	1
marry	12
marrying	2
marveled	4
marveling	4
marvelous	3
masquerade	1
masquerades	1
masquerading	1
masses	1
master	50
masters	12
mastery	1
master’s	7
mat	9
match	1
material	5
mats	1
matter	10
matters	17
mature	6
maturity	1
matzah	13
maximum	1
may	290
maybe	2
me	403
meal	8
meals	1
mean	7
meaning	4
meaningless	2
means	18
meant	4
measure	18
measured	5
measureless	1
measurement	2
measures	3
measuring	2
meat	3
mediator	2
meek	1
meekness	1
meet	17
meeting	4
meetings	1
meets	6
melt	2
member	4
members	10
memorial	1
memories	1
memory	6
men	217
mend	1
mending	2
menorah	2
menorahs	6
mention	6
mentioned	1
mentioning	2
men’s	5
merchandise	1
merchant	1
merchants	5
mercies	2
merciful	4
merciless	1
mercy	60
mere	1
merely	1
merry	1
message	46
messages	3
messenger	6
messengers	4
messiahs	2
met	14
metal	1
metaphors	3
midday	2
middle	13
midnight	4
midst	25
might	183
mightier	3
mighty	20
migrated	1
mikveh	1
mile	1
miles	2
military	2
milk	5
mill	2
million	1
millstone	4
mina	4
minas	3
minchah	1
mind	53
mindful	1
minds	15
mindset	3
mine	8
minister	1
ministering	1
ministry	11
mint	2
minus	1
miracle	5
miracles	15
miraculous	1
mirror	3
miserable	3
miseries	1
misery	1
mislead	2
missed	3
mistreat	2
mistreated	5
mistreatment	1
mists	1
mitzvah	3
mitzvot	3
mix	3
mixed	6
mixture	1
mob	4
mock	3
mocked	4
mocking	7
modesty	2
moisture	1
moment	8
momentary	1
money	32
moneybox	2
moneychangers	4
moneylender	1
month	3
months	16
monuments	1
moon	10
moral	1
morals	1
more	174
moreover	3
morning	11
mortal	8
most	20
moth	3
moth-eaten	1
mother	80
mother-in-law	6
mothers	3
mother’s	4
motioned	3
motioning	1
motive	1
motives	3
mountain	28
mountains	12
mountainside	2
mounted	1
mounts	1
mourn	10
mourned	2
mourning	7
mouth	64
mouthing	1
mouths	6
move	6
moved	5
moving	1
mowed	1
much	97
mud	6
mulberry	1
mulling	1
multi-faceted	1
multiplied	5
multiply	3
multiplying	3
multitude	9
multitudes	1
murder	17
murdered	5
murderer	6
murderers	5
murders	1
murmuring	4
music	2
musicians	1
must	118
mustard	5
mute	11
mutilation	1
mutual	1
muzzle	2
my	294
myriads	5
myrrh	4
myself	31
mysteries	3
mystery	24
myths	4
nail	1
nailed	2
nailing	1
nails	1
naked	12
nakedness	2
name	175
name's	1
named	53
namely	4
names	11
name’s	2
nard	2
narrow	4
nation	27
nations	52
native	3
natives	2
natural	10
naturally	1
nature	11
near	69
nearby	8
nearer	1
nearing	1
nearly	2
nearsighted	1
necessary	18
necessity	1
neck	6
necks	1
need	58
needed	4
needle	3
needs	11
needy	1
neglect	7
neglected	1
neglecting	2
neighbor	18
neighboring	1
neighbors	5
neither	34
nest	2
nested	1
nests	2
net	7
nets	8
netted	1
never	112
new	51
newborn	1
newness	1
news	21
next	36
night	56
nights	5
nine	1
ninety-nine	4
ninth	9
no	429
noble	1
noble-minded	1
nobleman	3
nobody	1
nodded	1
nods	1
noise	2
noisy	2
nominated	1
non-Jew	1
none	28
nonsense	1
noon	1
nor	68
north	2
northeast	1
not	1659
note	1
nothing	105
notice	9
noticed	4
noticing	1
notorious	1
nourished	2
nourishes	1
now	182
nowhere	2
nullified	1
nullify	3
number	31
numbered	2
numbers	2
numerous	1
nursed	1
nursing	5
nurtured	1
oath	17
oaths	3
obedience	15
obedient	7
obey	23
obeyed	4
object	3
objection	1
objects	1
obligated	4
obligation	3
obliged	1
observance	2
observe	5
observed	1
observer	1
observes	1
observing	1
obsessed	1
obtain	2
obtained	8
obtaining	1
obvious	4
occasion	2
occupations	1
occupied	2
of	4574
off	71
offend	2
offense	8
offenses	1
offer	21
offered	29
offering	28
offerings	10
offers	1
office	8
officer	2
officers	12
official	1
officials	3
officiated	1
offshore	1
offspring	10
often	19
oil	18
olam	8
old	44
older	6
oldest	1
olive	8
olives	1
on	903
once	45
one	983
ones	74
oneself	2
one’s	5
only	129
onto	4
open	36
opened	52
opening	3
openly	9
opens	6
operating	2
opinion	2
opinions	2
opponent	4
opponents	3
opportunity	15
oppose	1
opposed	4
opposes	6
opposing	1
opposite	7
opposition	6
oppress	1
oppressed	3
oppression	1
or	400
ordained	1
ordeal	1
order	61
ordered	28
ordering	2
orderly	2
orders	11
ordinary	1
organize	1
orgies	1
original	1
originate	1
orphaned	1
orphans	2
other	120
others	80
otherwise	6
other’s	1
ought	29
our	367
ours	9
ourselves	32
out	584
outbursts	1
outcome	6
outdo	1
outer	8
outlaws	3
outran	1
outright	1
outside	47
outsiders	3
outstretched	1
outward	3
outwardly	2
outwitted	1
over	206
overboard	2
overcame	2
overcome	16
overcomes	10
overflow	14
overflowed	3
overflowing	4
overflows	3
overjoyed	5
overlooked	2
overpower	1
overpowered	1
overpowering	1
overpowers	1
overseer	3
overseers	2
overshadow	1
overshadowed	2
overshadowing	2
overstep	1
overtake	2
overtaking	1
overturned	3
overturning	1
overwhelmed	1
owe	5
owed	5
owes	1
own	205
owned	2
owner	3
owners	2
owns	1
ox	5
oxen	5
pack	1
packed	1
pagan	1
pagans	10
pageantry	1
paid	9
pain	3
painful	2
pains	9
pair	1
palace	1
palaces	2
pale	1
pallbearers	1
palm	2
paper	1
parable	31
parables	16
paralyzed	16
parchments	1
pardon	6
pardoned	4
parents	23
part	31
partake	3
partaker	4
partakers	3
partial	2
partiality	3
participate	1
parties	1
partner	2
partnered	1
partners	11
partnership	2
parts	27
party	3
pass	34
passage	3
passed	33
passenger	1
passerby	1
passes	4
passing	28
passion	2
passions	6
past	8
pasture	1
patch	6
path	3
paths	7
patience	18
patient	15
patiently	4
patriarch	2
patriarchs	5
patroness	1
pattern	3
pay	22
payback	2
paying	7
payment	3
pays	1
peace	7
peaceable	2
peaceful	2
peacemakers	1
pearl	2
pearls	7
peddling	1
pen	1
penalty	3
pennies	1
penny	3
people	335
people-pleasers	2
peoples	8
people’s	1
per	1
perceive	1
perfect	26
perfected	3
perfecter	1
perfecting	2
perfection	2
perform	9
performed	9
performing	6
performs	1
perfume	4
perfumes	1
perhaps	6
periods	1
perish	10
perishable	3
perished	3
perishes	1
perishing	7
perjurers	1
permanent	1
permission	4
permit	4
permits	2
permitted	42
permitting	1
perplexed	6
persecute	10
persecuted	14
persecuting	7
persecution	8
persecutions	6
persecutor	1
perseverance	13
persevere	1
persevered	1
persistence	1
persisting	1
person	45
personal	1
personally	1
persons	3
person’s	4
persuade	5
persuaded	5
persuades	1
persuading	1
persuasive	1
persuasive-sounding	1
perverse	1
perversions	1
pervert	1
perverted	1
pest	1
petition	1
petitioned	2
petitions	1
philosophers	1
philosophy	1
phrase	1
physical	7
physically	1
physician	1
pick	2
picked	12
picking	1
picture	1
piece	2
pieces	12
pierce	1
pierced	4
piercing	1
pig	1
pigeons	1
pigs	13
pile	1
piled	1
pillar	2
pillars	2
pillow	1
pilot	2
pious	1
pit	8
pitchers	1
pitiable	1
pitied	1
place	117
placed	21
places	16
placing	1
plague	4
plagued	5
plagues	10
plain	2
plainly	3
plan	10
planned	4
planning	4
plans	1
plant	2
planted	10
planting	1
plants	3
plate	1
platter	4
play	3
played	3
players	1
playing	1
plead	1
pleaded	3
pleading	2
pleads	1
pleas	1
please	14
pleased	16
pleasing	17
pleasure	6
pleasures	4
pledge	4
plentiful	2
plenty	3
plot	6
plots	1
plotted	5
plotting	2
plow	2
plowing	2
pluck	2
plucking	1
plunder	4
plundering	1
plunge	1
plunged	1
pods	1
poets	1
point	15
pointing	1
pointless	1
points	1
poison	3
poisoned	1
poked	1
poking	1
police	2
polished	2
pollutes	1
pollutions	1
pondered	1
pondering	1
pool	2
poor	37
population	2
porch	1
porches	1
portion	1
portrayed	1
ports	1
position	5
positive	1
possessed	1
possesses	1
possessing	2
possession	5
possessions	11
possible	16
pots	1
potter	1
potter’s	2
pouch	2
pouches	1
pound	1
pounded	1
pounding	1
pounds	2
pour	5
poured	21
pouring	1
pours	1
poverty	5
power	111
powerful	10
powerfully	2
powerless	2
powers	11
practice	16
practiced	1
practices	8
practicing	4
praise	24
praised	3
praises	4
praiseworthy	1
praising	11
pray	53
prayed	15
prayer	29
prayers	21
praying	30
prays	1
preach	3
preached	2
preaches	1
preaching	4
precaution	1
precede	1
precious	12
predestined	4
predetermined	3
predicted	1
predicting	1
prefer	1
pregnant	9
preparation	1
preparations	2
prepare	18
prepared	32
preparing	2
presence	27
present	41
presentable	1
presentation	1
presented	6
presenting	1
preservation	1
preserve	1
preserved	3
press	5
pressed	3
pressing	6
pressure	4
pretended	1
pretending	1
prevail	1
prevailed	1
prevailing	1
prevent	3
prevented	2
previous	1
previously	5
price	5
pride	3
prideful	1
priest	1
priesthood	7
priestly	5
prince	2
principalities	2
principle	4
principles	4
prints	1
prison	38
prisoner	14
prisoners	11
prisons	4
private	4
privately	9
prize	1
prized	1
proceed	5
proceeded	3
proceeds	4
process	1
procession	1
proclaim	51
proclaimed	46
proclaimer	3
proclaimers	1
proclaiming	38
proclaims	3
proclamation	4
proconsul	4
proconsuls	1
produce	17
produced	4
produces	9
producing	5
products	2
profess	1
professed	1
professing	1
profit	6
profitable	1
progress	3
progressing	2
prolonged	1
prominent	5
promiscuity	1
promise	42
promised	16
promises	12
promote	1
proof	2
proofs	1
proper	9
properly	2
property	10
prophecies	2
prophecy	14
prophesied	5
prophesies	3
prophesy	12
prophesying	5
prophet	60
prophetess	2
prophetic	2
prophets	66
prophet’s	3
proportion	1
proselyte	1
proselytes	1
prosperity	1
prostitute	8
prostitutes	4
prostrate	1
protect	1
protected	1
protects	1
protested	2
proud	6
prove	5
proved	8
proven	1
proverb	2
provide	3
provided	4
provides	1
providing	2
province	2
proving	1
provision	1
provoke	6
provoked	3
provoking	1
prowls	1
psalm	3
psalmist	1
psalms	2
public	5
publicly	5
puffed	7
puffs	1
pull	1
pulled	5
pulls	2
punish	3
punished	2
punishes	1
punishing	1
punishment	9
purchased	1
pure	23
purification	5
purified	5
purifies	2
purify	5
purifying	2
purity	4
purple	9
purpose	23
pursue	7
pursued	2
pursuits	1
push	1
pushed	1
put	193
puts	15
putting	11
puzzling	1
quake	1
quaked	1
quaking	1
qualified	1
qualities	2
quality	1
quarrel	3
quarreling	1
quarrels	2
quarrelsome	2
quart	1
quarters	3
quarts	1
queen	2
quench	1
quenched	2
question	13
questioned	17
questioning	8
questions	5
quick	1
quick-tempered	1
quickly	15
quiet	13
quieted	1
quit	1
quite	4
rabbi	2
race	2
radiance	2
radiant	1
rage	7
rags	1
railed	1
rain	10
rainbow	2
rained	1
raining	1
rainstorm	1
raise	16
raised	86
raises	3
raising	7
ran	19
rang	1
ransack	1
ransom	3
rarely	1
rather	34
ravenous	1
ravens	1
reach	10
reached	9
read	25
reader	2
readiness	1
reading	8
reads	1
ready	25
reaffirm	1
real	5
realities	2
reality	1
realize	4
realized	8
realizing	1
really	14
reap	14
reaper	2
reapers	2
reaping	2
reaps	1
reason	80
reasoned	3
reasoning	1
reasons	1
rebelled	1
rebellion	8
rebellious	2
rebels	1
rebirth	1
rebuild	6
rebuke	9
rebuked	15
rebuking	3
recall	3
receive	87
received	78
receives	23
receiving	12
recently	1
reckless	2
recklessness	2
recline	10
reclined	7
reclines	2
reclining	20
recognition	1
recognize	11
recognized	12
recognizing	5
recommend	1
recommendation	1
reconcile	3
reconciled	7
reconciliation	4
reconciling	1
reconsider	1
record	2
recount	1
recounting	1
recovery	1
red	5
redeem	2
redeemed	4
redeemer	1
redeems	1
redemption	10
reducing	1
reed	3
reefs	1
refined	3
reforms	1
refrain	1
refreshed	4
refuge	1
refuse	4
refused	4
refuses	4
refusing	2
refute	1
refuted	1
regain	3
regained	3
regard	7
regarded	4
regarding	6
region	32
regions	7
register	2
registered	1
regret	3
regularly	1
regulations	2
reign	14
reigned	4
reigns	1
reject	5
rejected	16
rejecting	2
rejection	1
rejects	6
rejoice	34
rejoiced	8
rejoices	4
rejoicing	10
relate	1
related	1
relating	2
relations	2
relative	2
relatives	9
release	21
released	13
releasing	1
reliable	1
relief	5
relieved	1
religion	5
religious	3
rely	3
remain	30
remained	12
remaining	3
remains	17
remark	1
remarkable	1
remember	20
remembered	9
remembering	4
remembers	3
remind	4
reminded	2
reminder	4
reminding	1
remnant	2
remorse	1
removal	12
remove	2
removed	3
removing	1
render	1
rendering	1
renew	1
renewed	3
renewing	2
renounce	1
renounced	1
rented	1
repaid	2
repay	12
repays	1
repeat	1
repent	18
repentance	21
repented	3
repenting	1
repents	2
replica	1
replicas	1
replied	45
reply	1
report	13
reported	22
reporters	1
reproach	1
reproof	1
reptiles	3
reputable	1
reputation	3
request	1
requested	3
requests	4
required	4
requirement	3
rescue	8
rescued	10
resembled	1
reserved	6
residents	1
resides	1
resist	6
resisted	5
resolved	1
resources	1
respect	19
respectable	1
respected	4
respectfulness	2
respects	3
respond	1
responded	25
responding	2
responds	1
response	3
responsible	1
rest	56
rested	2
restless	1
restoration	3
restore	4
restored	8
restores	1
restoring	1
restrain	1
restrained	2
restraint	1
restricted	2
rests	1
result	6
resulted	3
resulting	4
resurrection	41
retribution	1
return	18
returned	31
returning	4
returns	2
reveal	9
revealed	46
revealing	1
reveals	1
revelation	14
revelations	2
reveling	1
revenge	1
reverence	5
reverent	2
revering	1
revile	2
reviled	1
revilers	1
reviling	2
revived	1
revolt	1
revolutionary	4
reward	28
rewarder	1
rich	42
riches	14
richly	4
richness	4
rid	4
ride	1
ridiculing	3
riding	8
right	118
righteous	64
righteously	4
righteousness	87
rightly	4
rights	2
ring	2
ringleader	1
riot	5
rioting	1
riots	2
rip	2
ripe	3
ripped	3
ripping	1
rise	30
risen	11
rises	3
rising	3
risked	2
risking	1
ritual	4
rivalries	1
river	7
rivers	4
road	24
roadside	2
roar	4
roaring	2
roars	1
rob	1
robbed	1
robber	1
robbers	4
robe	12
robes	7
rock	11
rocks	4
rocky	6
rod	8
rods	2
roll	2
rolled	9
rolling	1
roof	7
rooftop	1
room	16
rooms	2
rooster	13
root	12
rooted	2
roots	2
ropes	3
rose	11
rotted	1
rotten	6
rough	1
row	1
rowed	1
royal	8
rubbed	1
rubbing	1
rudder	1
rudders	1
rue	1
ruin	4
ruined	4
ruins	1
rule	10
ruler	16
rulers	16
rules	2
ruling	65
rulings	1
rumbling	1
rumblings	4
rumors	2
run	12
runners	1
running	5
runs	2
rushed	11
rushing	7
rust	3
rusted	1
ruthless	1
sabachthani	2
sackcloth	4
sacred	2
sacrifice	19
sacrificed	4
sacrifices	18
sacrificing	1
sacrilegious	1
sad	1
sad-faced	1
safe	6
safeguard	2
safely	6
safety	3
said	961
sail	12
sailed	10
sailing	4
sailors	3
sake	59
sakes	3
saliva	1
salt	8
salted	1
salty	2
salute	1
salvation	46
salve	1
same	126
sanctification	2
sanctified	6
sanctifies	1
sanctify	2
sanctuary	2
sand	4
sandal	1
sandals	10
sandbar	1
sang	1
sapphire	1
sardonyx	1
sashes	1
sat	33
satan	35
satan's	1
satisfied	7
satisfy	3
savage	2
save	38
saved	50
saving	1
saw	211
sawed	1
say	269
saying	457
sayings	4
says	132
scale	1
scales	1
scared	2
scarlet	6
scars	1
scattered	13
scattering	1
scatters	3
scene	1
scepter	2
schemes	2
scheming	1
scholar	4
scholars	59
scoffers	3
scoffing	2
scolding	2
scorch	1
scorched	3
scorcher	1
scorching	3
scorpion	2
scorpions	3
scourge	6
scourged	4
scourging	1
screamed	1
screaming	1
screams	1
scroll	21
scrolls	1
scrubbed	1
scum	1
sea	91
seal	16
sealed	4
sealing	1
seals	5
seamless	1
search	9
searched	2
searches	3
searching	11
seared	1
seas	1
seashore	1
season	5
seasoned	1
seasons	5
seat	20
seated	23
seats	7
second	44
secret	14
secretly	10
secrets	4
sect	5
secure	3
secured	1
securely	1
security	1
seder	2
seduction	2
seductive	1
see	222
seed	46
seeds	7
seeing	22
seek	23
seeking	16
seeks	5
seem	3
seemed	8
seems	6
seen	84
sees	22
seize	9
seized	14
seizes	1
seizing	1
seizures	1
select	2
selected	2
self	7
self-confident	1
self-control	8
self-controlled	7
self-denial	1
self-discipline	1
self-indulgence	2
self-indulgent	1
self-made	1
self-seeking	2
selfish	3
selfishness	2
sell	6
seller	1
selling	8
sells	1
send	49
sending	16
sends	12
sense	4
senseless	1
senses	4
sensible	1
sensual	2
sensuality	1
sent	188
sentence	3
sentenced	2
sentencing	1
separate	9
separated	5
separates	2
separation	3
serif	2
serious	1
serpent	6
serpents	4
servant	65
servants	43
servant’s	1
serve	40
served	12
serves	8
service	31
services	2
serving	11
set	93
sets	5
setting	8
settle	4
settled	5
settlement	1
seven	89
seventh	10
seventy	4
seventy-five	1
several	6
severe	2
severely	1
severity	2
sewer	1
sews	1
sexual	24
sexually	8
shackles	4
shade	1
shadow	5
shake	5
shaken	17
shaking	4
shaliach	23
shall	331
shalom	78
shame	21
shameful	4
shamefully	2
shamefulness	1
shameless	1
shamelessly	1
shammashim	4
shammashit	1
shape	2
shaped	1
share	26
shared	2
shares	2
sharing	9
sharp	7
sharper	1
sharply	2
shattered	2
shave	1
shaved	2
she	163
shearer	1
sheath	1
shed	3
shedding	2
sheep	40
sheepfold	1
sheepskins	1
sheep’s	1
sheet	3
shekels	1
shelter	4
shelters	1
shepherd	10
shepherds	5
she’s	1
shield	1
shifting	1
shine	9
shines	1
shining	6
ship	21
shipments	1
ships	3
shipwreck	2
ship’s	1
shirt	2
shirts	3
shlichim	61
shoes	1
shofar	5
shone	4
shook	5
shoot	1
shore	6
short	17
shortcomings	1
shortly	2
should	72
shoulders	2
shouldn’t	5
shout	5
shouted	9
shouting	18
shouts	1
shoved	1
show	51
showbread	3
showed	14
showing	8
shown	14
shows	7
shreds	1
shrewdly	1
shrieking	1
shrines	1
shrink	2
shrinks	1
shrivel	1
shriveled	3
shroud	1
shudder	1
shut	15
shuts	2
sick	40
sickbed	1
sickle	8
sickness	4
sicknesses	2
side	36
sides	2
sift	1
sight	36
sign	39
signal	1
signaled	1
signifying	1
signs	42
silence	2
silenced	3
silent	16
silk	1
silver	19
silversmith	1
similar	1
simplicity	1
sin	106
since	79
sincere	3
sincerely	1
sincerity	6
sinful	11
sing	5
singing	9
single	14
sink	2
sinking	1
sinless	1
sinned	18
sinner	12
sinners	28
sinning	9
sins	93
sin’s	1
sir	1
sister	16
sisters	8
sit	19
sits	5
sitting	47
six	9
sixth	12
sixty	5
size	1
skilled	1
skin	1
skins	6
sky	10
slain	5
slander	11
slandered	4
slanderer	1
slanderers	2
slandering	2
slanderous	2
slanders	2
slap	1
slapped	2
slapping	1
slaps	2
slaughter	5
slaughtered	2
slaughtering	1
slave	60
slave-traders	1
slaved	1
slavery	4
slaves	30
slay	1
sleep	11
sleeper	1
sleeping	16
sleepless	1
sleeplessness	1
slip	2
slipped	3
slope	1
slow	5
slowly	1
slowness	1
sluggish	2
slumber	1
small	22
smallest	5
smarter	1
smash	1
smearing	1
smell	1
smoke	12
smoky	1
smoldering	1
smooth	2
snake	4
snakes	2
snare	3
snares	2
snatch	2
snatched	2
snatches	2
snatching	1
sneering	2
snow	2
snuff	1
so	645
so-called	4
soaked	2
sobbing	1
sober	1
sober-minded	3
soil	12
sojourners	3
sojourning	1
sold	15
soldier	8
soldiers	33
solemn	1
solemnly	4
solicited	1
solid	3
some	173
somebody	2
somehow	7
someone	52
something	56
somewhere	3
son	186
song	5
songs	2
sons	56
soon	29
sooner	1
sorcerers	2
sorceries	1
sorcery	1
sores	2
sorrow	12
sorrowful	7
sorrows	1
sort	4
sorts	1
sought	1
soul	33
souls	19
soul’s	1
sound	26
sounding	1
soundings	1
sour	6
source	1
south	6
southeast	1
sow	9
sowed	6
sower	7
sowing	2
sown	12
sows	7
spare	8
sparing	1
sparingly	2
sparkling	1
sparrows	4
spat	4
speak	98
speaker	3
speakers	1
speaking	87
speaks	31
spear	1
spearmen	1
special	5
species	1
specific	1
speck	6
spectacle	3
speculations	1
speech	18
speechless	1
spell	1
spend	8
spending	5
spent	8
spew	1
spewed	2
spice	1
spices	4
spies	2
spilled	2
spills	1
spin	2
spirit	94
spirits	33
spiritual	31
spiritually	1
spit	2
spitting	3
splattered	1
splendid	1
split	7
spoils	1
spoke	64
spoken	62
sponge	3
spot	3
spotless	2
spotlight	1
sprang	3
spread	21
spreading	9
spreads	1
spring	2
springing	2
springs	6
sprinkled	4
sprinkling	2
sprout	1
sprouted	1
sprouts	1
sprung	1
spurn	1
spy	1
squads	1
squandered	2
squandering	1
square	1
squares	1
stadia	3
stadium	1
staff	5
stain	1
stained	1
stake	9
stalk	1
stalked	1
stall	1
stand	39
standard	2
standards	1
standing	75
stands	9
standstill	1
star	12
stare	1
stared	1
staring	2
stars	16
start	6
started	19
starting	3
startled	2
state	3
statement	9
stature	2
stay	23
stayed	28
staying	10
stays	2
steadfast	1
steadfastness	2
steadiness	1
steady	1
steal	12
stealing	2
steals	1
stealth	2
steered	1
step	1
stepped	1
steps	3
stern	2
sternly	3
stewards	3
stick	7
sticking	1
stiff	1
stiff-necked	1
still	65
sting	2
stingers	1
stings	1
stinks	1
stir	4
stirred	9
stirring	3
stirs	1
stocks	1
stole	1
stomach	7
stomped	1
stone	48
stoned	6
stones	16
stone’s	1
stoning	3
stood	57
stoop	1
stop	16
stopped	12
stopping	1
stops	1
store	5
stored	2
storeroom	1
stores	1
storing	2
storm	5
story	3
straight	22
straining	2
strange	4
stranger	5
strangers	11
strangled	3
strap	2
strapped	1
straps	1
straw	1
stray	1
straying	1
strays	1
street	7
streets	5
strength	13
strengthen	11
strengthened	12
strengthening	3
strengthens	1
stretch	2
stretched	9
stretcher	2
stretchers	1
strict	4
stricter	1
strictest	1
strictly	2
strife	8
strike	10
strikes	1
striking	1
stripped	5
stripping	1
strips	5
strive	2
strives	1
striving	2
strong	25
stronger	5
strongholds	1
strongly	2
struck	11
struggle	4
struggling	2
stuck	1
stumble	20
stumbled	1
stumbles	3
stumbling	17
stupid	1
stupor	1
subduing	1
subject	11
subjected	5
subjection	5
submission	2
submit	14
submitted	5
subservient	1
substance	1
subverting	1
succeeded	1
such	66
sudden	1
suddenly	12
sue	1
suffer	33
suffered	19
suffering	17
sufferings	12
suffers	4
sufficient	2
suitable	2
sukkot	3
sulfur	2
sum	3
summed	2
summer	3
summon	2
summoned	3
summoning	2
sun	28
sunk	1
sunlight	1
sunset	1
super	1
super-special	1
supper	2
supplication	1
supplied	3
supplies	3
supply	1
supplying	1
support	4
supporting	2
supports	1
suppose	14
supposed	5
supposes	1
supposing	3
suppress	1
supreme	1
sure	8
surely	8
surface	1
surging	1
surpasses	3
surpassing	3
surplus	2
surprised	6
surrender	1
surround	1
surrounded	4
surrounding	10
survival	2
survive	1
survives	1
suspected	1
suspense	1
suspicions	1
sustained	1
swallowed	6
swallowing	1
swamped	1
swear	9
swears	10
sweat	1
sweep	2
sweeps	1
sweet	3
swell	1
swept	4
swift	2
swim	1
swimming	1
swindler	1
swindlers	2
switching	1
swollen	1
sword	30
swords	6
swore	5
sworn	6
swung	2
sycamore	1
symbol	2
sympathetic	1
sympathize	1
synagogue	44
synagogues	25
t0	1
tabernacle	6
tabernacled	1
table	25
tables	4
tablet	1
tablets	3
tail	1
tails	4
take	107
taken	52
takes	26
taking	26
talent	3
talents	9
tales	2
talk	8
talked	3
talkers	1
talking	26
talks	1
tame	2
tamed	2
tanner	3
task	1
taste	8
tasted	5
tasting	1
taught	21
tax	30
taxes	5
teach	34
teacher	12
teachers	12
teaches	4
teaching	88
teachings	4
teams	1
tear	7
tearing	6
tears	9
teeth	10
tefillin	1
tell	214
telling	45
tells	50
temple	13
temples	2
temporary	1
tempt	1
temptation	9
tempted	10
tempter	2
tempts	1
ten	27
tenant	3
tenants	12
tender	3
tenderhearted	1
tenderly	1
tending	2
tendons	1
tends	1
tent	7
tent-makers	1
tenth	5
tents	1
term	1
terms	3
terribly	1
terrified	10
terrify	1
terrifying	3
territory	1
terror	2
terrorized	1
terrors	1
test	20
tested	7
testified	20
testifies	5
testify	31
testifying	11
testimony	48
testing	12
tetrarch	6
tha	1
than	154
thank	15
thankful	1
thankfulness	2
thanks	32
thanksgiving	10
thanksgivings	1
that	1811
that’s	1
the	10345
theater	2
theft	2
their	492
theirs	4
them	1274
themselves	84
then	221
there	380
therefore	19
these	374
they	1490
they’ll	1
they’re	5
they’ve	4
thief	12
thieves	7
thieving	1
thigh	1
thing	32
things	464
think	28
thinking	9
thinks	8
third	58
thirst	3
thirsty	14
thirty	9
thirty-eight	1
this	885
thistles	2
thorn	3
thorns	14
thoroughfares	1
thoroughly	6
those	512
though	69
thought	13
thoughts	11
thousand	30
thousands	3
threatening	1
threats	5
three	80
threshing	5
threw	26
thrilled	3
throat	1
throne	54
thrones	8
through	305
throughout	30
throw	23
throwing	8
thrown	41
throws	2
thunder	7
thundered	1
thunders	3
thus	2
thwarted	1
tickled	1
tie	3
tied	10
ties	2
tiles	1
till	1
time	158
timeless	1
times	43
timid	1
timidity	1
tip	1
tithe	5
tithes	3
to	5617
today	23
toddlers	1
together	112
toil	4
told	80
tolerable	2
tolerance	1
tolerant	1
tolerate	1
tolls	1
tomb	40
tombs	9
tomorrow	10
tone	1
tones	1
tongue	24
tongues	25
too	48
took	120
tools	2
tooth	2
top	8
topaz	2
torch	1
torches	2
tore	3
torment	14
tormented	8
torn	8
torrent	2
tortured	2
torturers	1
tossed	3
tossing	1
totaled	1
totally	3
touch	14
touched	23
touches	1
touching	1
toward	42
towel	2
tower	4
town	39
towns	14
trade	3
traded	2
tradition	10
traditions	4
train	3
trained	5
training	5
traitor	1
trample	3
trampled	4
trampling	1
trance	3
transfigured	2
transform	1
transformed	2
transgress	2
transgression	7
transgressions	6
transgressor	1
transgressors	1
translated	8
translates	1
translation	1
transparent	1
trap	10
travel	8
traveled	6
travelers	1
traveling	17
travelling	1
treacherous	1
treachery	1
treads	1
treasure	13
treasured	2
treasurer	1
treasures	5
treasury	6
treat	4
treated	10
treating	3
tree	45
trees	9
tremble	1
trembled	1
trembling	6
trespasses	4
trial	7
trials	5
tribe	23
tribes	9
tribulation	7
tribute	2
tricked	1
trickery	4
tried	21
tries	2
trimmed	1
trims	1
trip	1
triumphal	1
triumphed	1
triumphing	1
triumphs	1
trivial	1
troop	1
troops	2
trouble	30
troubled	11
troublemaker	1
troubles	5
troublesome	1
true	54
truly	7
trumpet	6
trumpeted	7
trumpeters	1
trumpets	3
trust	73
trusted	13
trusting	27
trusts	11
trustworthy	10
truth	105
truthful	1
truthfully	3
truthfulness	1
try	4
trying	45
tunic	1
tunics	1
turmoil	1
turn	38
turned	28
turning	9
turns	3
turtle	1
twelfth	1
twelve	42
twenty	3
twenty-five	1
twenty-four	6
twice	4
twinkling	1
twins	1
twist	1
twisted	6
two	142
two-edged	3
twos	1
tycoons	1
tyrant	2
tzaddik	4
tzaddikim	1
tzaddik’s	1
tzara’at	11
tzedakah	13
tzitzit	4
tzitziyot	1
unable	2
unapproachable	1
unashamed	1
unaware	2
unbelief	9
unbeliever	4
unbelievers	4
unbelieving	7
unborn	2
unceasingly	1
uncertainty	1
unchangeable	1
unchanging	1
uncircumcised	13
uncircumcision	7
unclean	33
uncleanness	1
unclear	1
unclothed	1
uncontrolled	1
uncountable	1
uncovered	3
undefiled	4
undeniable	1
under	78
underage	2
underfoot	1
undergird	1
underneath	2
understand	58
understanding	16
understands	3
understood	11
undertaken	1
undertaking	2
underway	1
undeservedly	1
undying	1
unending	1
unequally	1
unfading	3
unfaithful	2
unfit	1
unforgiving	1
unfruitful	5
ungifted	2
ungodliness	4
ungodly	13
ungrateful	2
unholy	22
unified	1
uninformed	1
uninstructed	1
unintentional	1
union	1
united	4
units	2
unity	3
universe	3
unjust	6
unjustly	1
unknown	2
unleavened	2
unless	36
unlifted	1
unload	1
unlocked	2
unmarked	1
unmarried	4
unnecessary	1
unprepared	1
unpresentable	1
unprofitable	1
unquenchable	1
unrepentant	1
unrighteous	7
unrighteousness	10
unripe	1
unrolled	1
unruly	2
unsalty	1
unsearchable	1
unseen	1
unshrunk	2
unskilled	1
unsold	1
unspiritual	1
unstable	3
unstained	1
unsuitable	1
unsuspecting	1
untie	5
untied	1
until	124
untimely	1
untying	4
unusual	1
unveiled	1
unwashed	2
unwavering	1
unwilling	5
unwise	1
unworthy	3
up	570
uphold	1
upholding	1
uplifting	1
upon	105
upper	5
upright	1
uprightness	1
uproar	7
uproot	1
uprooted	3
upset	3
upstairs	2
upward	1
urge	22
urged	10
urgency	1
urgent	1
urgently	1
urging	7
us	434
use	14
used	17
useful	6
useless	5
uses	1
using	3
usual	2
utmost	1
utter	7
utterance	1
utterances	1
uttering	1
utterly	5
vacant	1
vain	13
valid	3
validate	1
valley	1
valuable	4
value	7
valued	1
vanish	1
vanishes	1
vanishing	2
vapor	2
variation	1
various	17
vast	1
ve	1
vegetables	1
vegetation	1
vehemently	1
veil	4
veiled	2
verdict	1
verify	1
versed	1
very	62
vessel	2
vessels	5
vex	1
via	1
vicinity	1
vicious	1
victorious	1
victory	5
view	2
vilify	1
village	15
villages	11
vindicate	1
vindicated	2
vine	7
vineyard	23
vineyard’s	2
violation	6
violations	1
violence	3
violent	6
violently	1
viper	1
vipers	5
virgin	9
virgins	5
virgin’s	1
virtue	6
visible	6
vision	13
visionary	1
visions	2
visit	9
visitation	2
visited	5
visiting	2
visitors	1
voice	106
voices	6
void	2
volume	1
vomit	1
vote	1
vouch	1
vow	3
vowed	1
voyage	2
vultures	2
v’hoveh	1
v’yavo	1
wage	4
wages	5
wail	2
wailed	1
wailing	3
waist	4
wait	14
waited	1
waiting	17
waits	1
wake	3
walk	51
walked	8
walking	34
walks	4
wall	9
walls	2
wander	1
wandered	1
wandering	1
want	90
wanted	27
wanting	12
wants	20
war	15
warfare	1
warm	1
warming	5
warmly	2
warn	4
warned	13
warning	14
warns	1
wars	5
was	1316
wash	12
washed	13
washing	3
washings	1
wasn’t	20
waste	1
wasted	2
wasteland	2
watch	18
watched	3
watching	16
water	76
watered	1
waterless	3
waters	11
wave	2
waver	1
wavered	1
wavering	1
waves	7
way	200
ways	19
we	732
weak	29
weakened	1
weaker	1
weakness	12
weaknesses	5
wealth	11
wealthy	1
weapons	3
wear	9
wearing	4
weary	5
weather	2
wedding	15
weeds	8
week	9
weep	17
weeping	24
weigh	1
weighed	3
weight	3
weightier	1
weighty	1
welcome	14
welcomed	14
welcomes	11
well	98
well-advanced	1
well-grounded	1
well-known	1
well-loved	1
well-pleasing	1
well-spoken	2
went	267
wept	4
were	837
weren’t	3
west	5
we’d	1
we’ll	2
we’re	4
we’ve	6
what	519
whatever	59
what’s	2
wheat	12
when	514
whenever	16
where	139
wherever	12
whether	35
which	231
while	149
whip	1
whipped	2
white	26
whiter	1
whitewashed	2
who	1440
whoever	83
whole	84
wholeheartedly	1
wholesome	1
whom	167
whomever	2
whoring	1
whose	38
why	53
wick	1
wicked	13
wickedness	11
wide	6
widely	1
widow	15
widowed	1
widows	14
width	3
wife	70
wife’s	1
wild	12
wilderness	32
wildflower	1
wildly	1
will	1314
willfully	1
willing	23
willingly	2
wills	7
win	7
wind	27
window	1
windowsill	1
winds	12
windstorm	2
wine	43
winepress	6
wineskins	6
wings	5
winnowing	2
winter	7
wintered	1
wintering	1
wipe	4
wiped	4
wiping	1
wisdom	52
wise	30
wisely	1
wiser	1
wish	18
wished	1
wishes	5
wishing	2
witchcraft	1
with	1363
withdraw	1
withdrew	6
wither	1
withered	6
withers	2
within	27
without	79
withstand	2
witness	32
witnesses	25
wives	12
woe	14
woes	1
woke	6
wolf	2
wolves	4
woman	102
woman’s	1
womb	11
wombs	1
women	43
women's	1
won	4
wonder	3
wonderful	2
wonderfully	1
wondering	4
wonders	17
won’t	23
wood	6
wool	2
word	183
words	101
wore	2
work	68
worked	11
worker	9
workers	19
working	15
workings	1
workmanship	1
works	52
world	204
worldly	6
worldly-minded	1
world’s	3
worm	1
worms	1
wormwood	1
worn	1
worried	1
worries	4
worry	11
worrying	3
worse	15
worship	39
worshiped	18
worshiper	1
worshipers	3
worshiping	4
worshipper	1
worships	2
worth	2
worthless	7
worthwhile	1
worthy	47
would	170
wouldn’t	13
wound	4
wounded	3
wounds	3
woven	1
wrapped	12
wrath	31
wrinkle	1
write	37
writes	1
writing	16
writings	3
written	127
wrong	20
wrongdoer	1
wrongdoing	3
wrongdoings	1
wronged	3
wrongly	1
wrote	23
year	20
yearn	1
yearning	1
yearns	1
years	53
yelled	1
yellow	2
yes	6
yesterday	3
yet	111
yield	3
yielded	5
yielding	3
yields	1
yoke	5
yoked	1
you	3264
young	19
younger	11
youngest	1
your	767
yours	21
yourself	39
yourselves	85
youth	3
youthful	1
youthfulness	1
you’ll	4
you’re	20
you’ve	14
zeal	5
zealous	5
zealously	2
—	1267
‘	446
’	450
“	2252
”	1949
…	3
