	1
!	362
"	3849
(	49
)	49
,	14146
-	7
.	10764
1.260	2
120	1
144.000	3
153	1
2.200	1
200.000.000	1
276	1
300	1
40	1
42	2
430	1
50.000	1
666	1
7.000	1
72	1
:	2561
;	1
?	963
?aamle	3
?aamnde	12
?aggiiɗo	2
?akki	2
?am	1
?am?amtira	1
?am?amtirgo	2
?am?amtiri	10
?ama	18
?amaay	2
?amammi	1
?aman	10
?amanmi	2
?amanno	1
?amata	2
?amataa	1
?amatammi	2
?ame	4
?ami	211
?amno	1
?amol	6
?amrata	2
?amta	1
?amti	2
?amugo	12
?amɓe	1
?amɗe	6
?amɗiti	1
?aro	1
?aɓɓo	1
?i?am	85
?ombal	4
?ombe	1
?oye	1
?oyre	2
?oyri	2
?oyrugo	1
?oyɓe	1
?uuge	8
A	114
Aa'a	25
Aadamu	13
Aamiina	25
Aarte	1
Aartuŋga	1
Aartuɓe	2
Aawdi	10
Aawoowo	1
Aawre	1
Aawɗo	1
Aayaaje	1
Aayaare	2
Abadon	1
Abba	1
Abihuda	2
Abilene	1
Abiya	3
Abiyater	1
Accan	1
Acce	18
Accu	8
Adaramittiya	1
Addi	1
Adilaaku	1
Admin	1
Afiya	1
Agabus	2
Agarippa	12
Agustus	1
Ajootus	1
Ajora	2
Aka'ikus	1
Akas	2
Akaya	10
Akeldama	1
Akilas	7
Akim	2
Alaama	3
Alat	8
Aleksandire	6
Aleksandiriya	4
Alfa	2
Aljanna	1
Alkawal	2
Allah	2343
Almasiihu	624
Amfipolis	1
Aminadabu	3
Ammaa	921
Amos	3
Ampiliyatus	1
An	73
Ananiyas	12
Andaronikus	1
Andire	12
Anna	1
Annabi	3
Annabo'en	8
Annaboojo	4
Annas	5
Anndal	2
Annde	10
Anndin	1
Anndine	2
Anndinol	6
Anndite	1
Annditit	1
Anndu	1
Annduɗo	1
Annoora	4
Antakiya	24
Antipas	1
Antipatris	1
Anuhu	4
Apelles	1
Apolliyon	1
Apolloniya	1
Apollos	11
Arabiya	3
Aram	2
Aran	10
Arano	6
Ardiiɓe	1
Aretas	1
Areyopagus	3
Arfasada	1
Arimatiya	4
Aristarkus	5
Aristobul	1
Arkilawus	1
Arkippus	2
Arni	1
Artemas	1
Artemis	5
Asa	2
Asama	6
Asawe	1
Asaweere	1
Asee	12
Aser	2
Asiya	19
Asiŋkirit	1
Assos	2
Asta	1
Asŋgol	1
Ateena	6
Attaliya	1
Aybe	5
Ayne	8
Ayne'as	2
Aynoowo	4
Aynooɓe	1
Aynu	1
Aynun	1
Ayuba	1
Ba''iiɗo	4
Ba'al	1
Baaba	13
Baabila	13
Baabiraawo	245
Baabiraaɓe	1
Baakin	1
Baali	1
Baawal	1
Baawɗe	10
Baawɗo	5
Bakeeje	1
Balaama	3
Balak	1
Balastus	1
Ballal	1
Balloowo	3
Balmi	1
Balɗe	5
Bana	198
Bar-Yeesu	1
Barabbas	11
Barak	1
Barakiya	1
Barka	35
Barkaama	3
Barnabas	34
Barsabas	2
Bartime	1
Bartolome	4
Bataakeeji	1
Bataakewol	22
Baytaniya	14
Baytifaaji	3
Baytijata	1
Baytilaama	8
Baytisayda	7
Baŋguki	1
Baɓɓatti	2
Baɗanɗo	1
Baɗɗo	3
Be'eljebul	4
Be'eljebulfi	1
Be'eljebulfo	1
Be'or	1
Bee	92
Benyamin	4
Bereya	5
Bereyaajo	1
Bernike	3
Berniwol	3
Bi'eteeɗo	1
Bi'ɗo	2
Bicce	1
Bilaa	1
Bilki'en	1
Bindi	1
Bitiniya	2
Biɓɓe	1
Bo'es	3
Bojji	1
Bolle	11
Bolwanɗo	1
Bone	21
Boneeji	2
Bonnonda	1
Boosɗo	2
Booɗɗum	11
Bowanerges	1
Buhuuje	1
Bumɗo	2
Caahu	1
Caaliiɓe	1
Caka	8
Cakkine	1
Camɗine	1
Caɓɓawal	2
Caɗɗum	3
Ceediiɗo	1
Cembiɗine	2
Cembiɗinoowo-yimɓe	1
Cende	1
Ceniiŋgu	14
Ceniiɗo	85
Ceye	6
Ceyen	1
Ceynindire	1
Ceyode	3
Ceyore	3
Ciftore	15
Ciftoren	1
Cige	1
Cili	1
Cilmine	2
Ciwto	3
Codoowo	1
Colli	2
Coorre	1
Cottine	2
Cudde	1
Cujidanen	1
Cuklane	1
Cune	1
Cuurɗe	4
Cuuɗiiɗum	3
Cuɓaneeɗam	1
Cuɓol	2
Daada	11
Daadafa	1
Daakaaje	1
Daawuda	62
Daaya	2
Daayam	3
Dagiiɗum	1
Dalmaatiya	1
Dalmanuta	1
Damaris	1
Damas	13
Damasfa	1
Damasfu	1
Dammugal	2
Dammugal-baali	1
Dammugal-booɗŋgal	2
Daniyel	1
Dara	2
Dawaaɗi	1
Dawroowo	1
Dawrooɓe	6
De'ere	1
De'u	1
Debbo	34
Deerɗa	1
Deerɗam	3
Deerɗam'en	53
Deerɗiiko'en	1
Deerɗiraawo	2
Deerɗiraaɓe	20
Deerɗu	1
Defte	2
Deftere	23
Demas	3
Demetriyus	3
Demoowo	2
Derbe	5
Derkeejo	2
Diga	50
Diggaali	1
Diina	1
Dillu	3
Dimbannde	1
Dimbanɗe	2
Diskuɗo	4
Diyonisiyus	1
Diyotrefes	1
Dokkal	3
Dokke	2
Doldolɗe	2
Doole	12
Dorkas	2
Dow	16
Duniyaaru	9
Durooɓe	1
Durusilla	1
Duuraay	1
Duuɓi	8
Duuɗe	1
Duŋganam	1
E	5
Eber	1
Efesus	22
Effata	1
Efratis	2
Efrayim	1
Elamiya	1
Eli	2
Eli'ejer	1
Elimas	2
Elisa	1
Elisabet	10
Eliya	30
Eliyajaaru	2
Eliyakim	3
Eliyuda	2
Elmadam	1
Elohi	1
Eltu	1
Emmawus	1
En	73
Enen	16
Enos	1
Enɗam	2
Epafras	3
Epafroditus	3
Epikuri'en	1
Erastus	3
Eri	1
Esaaya	22
Esiraawo	3
Espaniya	2
Estefanas	3
Estuɗo	1
Etiyen	14
Etiyopiya	2
Etiyopiyaajo	4
Ewna	1
Ewnaaɓe	2
Ewne	1
Ewnike	1
Ewnindire	1
Ewodi	1
Ewtikus	2
Faamtin	1
Faamu	1
Faanyɓe	1
Faataaɓe	3
Fahin	27
Fajiri	3
Fakat	100
Falek	1
Fanuyel	1
Fares	3
Farisa'en	91
Farisaajo	13
Fasooɓe	3
Faɓɓijaŋgo	3
Fe''irde	2
Fe''u	1
Febe	1
Feere	1
Felegon	1
Felikus	9
Fenika	2
Festus	15
Fewooɓe	2
Fewre	3
Figelus	1
Filadelfiya	2
Filemon	2
Filetus	1
Filip	38
Filippi	5
Filippi'en	1
Filologus	1
Filooɓe	4
Fin	1
Finikiya	3
Firawna	6
Firigiya	3
Fitinɓe	1
Fodde	4
Foroy	4
Fortu	3
Fortunatus	1
Fotaay	1
Foto	1
Fottaay	1
Gaaja	1
Gaasa	2
Gabbata	1
Gada	1
Gadarena'en	1
Gaduuji	3
Gaduuru	1
Galaatiya	6
Galaatiya'en	1
Galili	69
Galili'en	3
Galiliijo	3
Galliyo	3
Gamaliyel	2
Ganyo	2
Ganyɗo	1
Gaynaako	1
Gayus	5
Gecemane	2
Gedeyon	1
Geese	1
Genesaret	3
Gerasene'en	1
Gergasene'en	1
Gese	1
Gi'e	2
Gi'ɗo	1
Gilɗi	1
Ginnaaji	7
Ginnawol	5
Gite	5
Giɗɗo	2
Gog	1
Golgota	3
Gomorra	3
Gondal	1
Gonduɗo	1
Gonɗo	1
Gookaali	1
Gooto	20
Gooŋga	23
Gorko	16
Goɗɗe	3
Goɗɗo	72
Goɗɗum	3
Gujjo	1
Gulɗum	1
Gumbal-hoore	4
Gure-sappo	3
Haa	83
Haako	1
Haala	12
Haalaaji	1
Haanaay	1
Haandino	1
Haani	9
Habaru	3
Habila	4
Hajara	3
Hakke	2
Hakkeeji	6
Hakkiilo	4
Hakkiilooji	5
Hakkil	2
Hakkilan	3
Hakkilango	1
Halfa	3
Halfin	1
Halleende	2
Hamor	1
Hande	3
Haraka	1
Haran	2
Harmagedon	1
Haruna	4
Harunafo	1
Hawtaade	2
Hawtuɓe	1
Hawwa	2
Haykaliiru	2
Hayre	3
Haŋki	1
Haɗataa	1
He'i	2
Hedi	1
Heeddiɗɗiraaɓe	2
Heerɗinaaɓe	1
Hejekiya	2
Heli	2
Hendu	3
Hermas	1
Hermes	2
Hermogenes	1
Hesli	1
Hesruunu	3
Hey	12
Heɓtu	1
Heɓɓe	1
Hiddeko	8
Hikma	1
Himeneyus	2
Hirodiyon	1
Hirudiya	7
Hirudus	56
Hisnu	2
Hisnugo	2
Hiyerapolis	1
Hokkam	4
Hokku	4
Hollam	1
Hollu	1
Honooɓe	1
Hoo'u	5
Hoo'ugo	1
Hoofnu	2
Hoolaare	2
Hooliiɓe	1
Hoolo	2
Hoore	2
Hoore'en	1
Hooreejo	18
Hoosu	2
Hootu	4
Horre	2
Hose'a	1
Huja	1
Hunduko	1
Huunde	7
Huuw	3
Huuwanooɓe	1
Huuwanɓe	1
Huuwdooɓe	1
Huuwooɓe	5
Huuwugo	1
Huɗo	1
Iblisa	28
Ibrahiima	99
Ibraniŋkeejo	1
Ibraniŋko'en	1
Idumaya	1
Ijabel	1
Ikoniya	6
Ilam	1
Illiriya	1
Innde	14
Inɗe	3
Irin	9
Isiyaaku	22
Iskariyot	11
Isra'iila	64
Isra'iila'en	33
Isra'iilaajo	1
Issakar	1
Istakis	1
Isuwa	4
Italiya	5
Ittanam	1
Itte	1
Ittu	2
Itureya	1
Iwɗo	3
Iyeende	3
Jaagorɗo	24
Jaaliiɓe	2
Jabulon	3
Jabuura	4
Jakayus	4
Jaleeɗe	1
Jam	10
Jama'aaje	3
Jama'aare	4
Jamanuuji	1
Jambotooɗo	1
Jananɓe	1
Jara	1
Jardugel	2
Jarribooje	1
Jawdi	2
Jawgel	2
Jawmiraawo	591
Jawmiraaɓe	1
Jawmu	13
Jayrus	8
Jaytun	12
Jayŋgol	2
Jaŋginaaɗo	1
Jaŋginooɓe	2
Jaŋgo	27
Jaŋgoowo	2
Jaŋgu	1
Jaɓɓita	2
Jebede	11
Jeeɗa	2
Jekariya	16
Jemma	7
Jemmaare	7
Jenas	1
Jewus	2
Jey	2
Jeyaaɓe	1
Jeyaaɗo	1
Jeynitaare	1
Jibiriila	2
Jiijiiɓe	1
Jippa	1
Jippiiɗo	1
Jipporde	1
Jipporde-woonde	1
Jipporle-tati	1
Jo''inirɗe	1
Joga	4
Jogaago	1
Jokkirli	1
Jomnoowo	1
Jomnooɓe	5
Jonta	82
Joonde	3
Joonde-maayɓe	1
Jooɗa	2
Jooɗiiɓe	2
Jooɗiiɗo	1
Joppe	12
Jorobaabila	3
Joweeɗiɗi	2
Jumɓaare	1
Juulde	1
Juulniiɗo	1
Juulnol	3
Juuɗe	1
Juŋŋgo	1
Ka	5
Kaa'e	2
Kaafahi	2
Kaajal	1
Kaaka	1
Kaakaaji	5
Kaayeefi	1
Kaayeefiwol	2
Kaaɗeeŋga	1
Kadi	81
Kadiboo	11
Kafarnahum	17
Kakkilane	7
Kakkile	19
Kalawdiyus	3
Kaldiya	1
Kaliifaajo	2
Kalkoowo	1
Kalluɗo	2
Kamɓe	56
Kana	4
Kanaana	2
Kanaaniijo	2
Kandake	1
Kanje	5
Kanji	3
Kanjum	61
Kappadosiya	2
Karamɗum	1
Karpus	1
Kawartus	1
Kawda	1
Kawtal	1
Kay	7
Kayafas	9
Kayinu	3
Kaynam	2
Kayre	3
Kaysariya	18
Kaysariya-Filippi	1
Kayto	18
Kayya	8
Kaŋga	3
Kaŋgal	1
Kaŋgeeri	3
Kaŋgol	3
Kaŋgu	1
Kaŋko	103
Kaɓɓe	2
Kaɓɓorli	1
Kebbine	1
Kederon	1
Keenya	1
Kefas	1
Kelemes	1
Kereskes	1
Kereta	6
Kereta'en	1
Keŋkereya	2
Keɓane	1
Keɓɗo	6
Keɗite	1
Ki	4
Kiita	3
Kiitoowo	2
Kiliyopas	1
Kinidus	1
Kiprus	8
Kiriniyus	1
Kirispus	2
Kirseteeɗi	1
Kis	1
Kisndam	5
Kisnoowo	15
Kiyos	1
Ko	122
Ko'e	2
Kolle	2
Kolleeɗam	2
Kolopas	1
Kolossi	1
Kolowe	1
Kolte	1
Kondondi	1
Koni	33
Konne'en	4
Konneejo	1
Koo	92
Koo'e	5
Koode	1
Koofne	18
Koofnindire	3
Koofŋgol	1
Koolaaɗo-gooŋgaajo	1
Koombooje	1
Koombowal	2
Koomoy	153
Koondey	4
Koondeye	3
Koora	1
Koosam	1
Koose	4
Kooseeje	1
Kootoy	5
Kooŋgale	1
Kooɓeye	2
Kooɗiye	1
Kooɗume	11
Korajin	2
Korbaan	1
Korintu	7
Korintu'en	2
Korneliyus	12
Korɗo	1
Kos	1
Kosɗe	1
Koy	1
Koyɗum	1
Koŋgol	2
Kubar	2
Kubaru	3
Kubaruwol	3
Kufne	1
Kule	3
Kulol	1
Kunduɗe	1
Kur'u	1
Kurgoowo	1
Kusel	3
Kuturu'en	1
Kuudi	1
Kuuduuje	1
Kuugal	6
Kuuje	18
Kuuwane	2
Kuuwanoowo	1
Kuuwanɗo	1
Kuuwdiɗɗiraawo	1
Kuuwe	14
Kuuwen	1
Kuuwindire	1
Kuuwoowo	5
Kuuŋga	2
Kuuɗe	4
Laajarus	21
Laamiiɓe	5
Laamiiɗo	20
Laamiiɗo-gooŋgaaku	1
Laamiiɗo-salaaman	1
Laamu	14
Laanyooɓe	1
Laar	2
Laarugo	1
Laatana	1
Laate	9
Laatiiɗo	1
Laatinir	1
Laatinooɗo	1
Laawol	1
Laawol-darnuŋgol	1
Labbi-ciwtuɗi	1
Lamba	1
Lamek	1
Laseya	1
Law	42
Lawdikiya	7
Laymaaru	2
Laɓɓine	2
Le'i	1
Lebbi	1
Leese	1
Leestine	1
Lekki	6
Lelwa	1
Leppol	1
Les	2
Lesdi	4
Lewi	14
Lewi'en	3
Lewiŋkeejo	2
Lewiŋko'en	1
Libiya	2
Lice	2
Lidda	3
Lidiya	2
Likoniya	1
Liman'en	4
Limanjo	4
Limanku	1
Limce	2
Limgal	8
Linjiila	3
Linye	2
Lisal	2
Lisaniya	1
Lisiya	1
Lisiyas	4
Listira	6
Liɗɗi	1
Lo'is	1
Looɗe	1
Ludu	5
Luggol	1
Luka	3
Lukiyus	2
Luttaay	1
Luttani	2
Lutti	2
Luttuɓe	3
Luumo-Appiyus	1
Luural	1
Luwal	1
Luwe	2
Ma''e	2
Maaliya	3
Maana	2
Maata	1
Maayde	5
Maayo	1
Maayɓe	3
Maayɗo	3
Maccuɗo	1
Madiyan	1
Magadan	1
Magdala	12
Magog	1
Mahol	3
Mahoowo	2
Makedoniya	23
Makedoniya'en	2
Malaa'ika'en	7
Malaa'ikaajo	25
Maleliyel	1
Malkisadaka	11
Malkus	1
Malla	39
Mallimallooje	1
Mallum	1
Malta	1
Manahen	1
Manason	1
Manassa	3
Manda	3
Maranata	1
Mariyama	65
Markus	11
Marta	15
Marɓe	4
Marɗo	23
Masiihiŋkeejo	10
Masiihiŋko'en	29
Matta	9
Mattat	3
Mattata	1
Mattatiya	2
Mattiyas	2
Matusala	1
Mawniraawo	1
Mawnitaare	1
Mawɓe	31
Mawɗe	1
Mawɗo	1
Maŋgte	5
Maŋgtoore	1
Maŋgu	2
Maɓɓitane	1
Mballe	2
Mballeeɗam	1
Mballindire	5
Mballite	1
Mbar	1
Mbare	1
Mbarkiɗine	1
Mbaŋgine	1
Mbaɗe	6
Mbi'e	4
Mbi'eeɗam	1
Mbolwe	1
Mbolwindire	1
Mbooɗeeŋga	2
Mboye	1
Mediya	1
Meemeeɗam	1
Meemɓe	1
Meetaleewol	2
Meleya	1
Melki	3
Menna	1
Mesopotamiya	2
Mi	642
Mika'iilu	2
Mika'iilu'en	1
Miletus	3
Min	274
Minin	29
Minyiraawo	1
Mira	1
Misiya	2
Misra	26
Misra'en	2
Misraajo	4
Mitilene	1
Mo	69
Mo''ere	14
Moja	1
Moloko	1
Moodibbo	64
Moodiɓɓe	8
Mooɓe	1
Mooɓre	11
Mooɓte	1
Moy	63
Munyal	1
Munyan	2
Munye	3
Muusa	105
Muusafe	1
Na	7
Na'am	1
Na'aman	1
Naa	80
Naafiki'en	1
Naafikiijo	1
Naaloore	1
Naane	15
Naasunu	3
Naawɗum	2
Naaŋge	3
Naftore	1
Naftortooɓe	1
Nafuda	1
Naggay	1
Nahum	1
Nakor	1
Nan	5
Nanane	1
Nananeeɗam	3
Nananɗo	1
Nane	8
Naneeɗam	1
Nanooɓe	1
Nanɓe	6
Narkis	1
Narrinooɓe	1
Nasaratu	22
Nasaratu'en	1
Nasaratuujo	8
Naste	3
Nastire	1
Nastugo	3
Natan	1
Natanayel	6
Nayin	1
Naŋge	1
Naŋgte	1
Ndaa	145
Ndaare	19
Ndaaye	2
Ndaayeeɗam	2
Ndabbaawa	10
Ndarne	1
Nde	531
Ndeene	1
Ndeente	6
Nden	471
Nder	69
Ndey	1
Ndeye	3
Ndi	4
Ndikka	23
Ndikkanammi	1
Ndikkano	1
Ndille	3
Ndillen	1
Ndiyam	4
Ndo''e	2
Ndo'ane	3
Ndo'aneeɗam	1
Ndokke	6
Ndokkeeɗam	1
Ndotti'en	4
Ndu	3
Nebbam	1
Neeɓaay	1
Neeɓataa	1
Neeɓi	2
Neftalim	3
Nel	4
Nelaaɓe	14
Nelaaɗo	1
Nelɗo	1
Neri	1
Neriyus	1
Neyapolis	1
Neɗɗo	11
Nga	11
Ngaaba	1
Ngaajindire	1
Ngaddaneeɗam	3
Ngadde	4
Ngal	5
Ngam	806
Nganye	1
Ngapaleewol	1
Ngare	12
Nge	1
Ngecce	3
Ngeelooba	3
Ngeendam	1
Ngel	8
Ngesa	1
Ngesa-?i?am	2
Ngette	4
Ngetten	1
Ngibbine	1
Ngiiwam	3
Ngimane	3
Ngiɗe	2
Ngiɗindire	5
Ngiɗindiren	1
Ngo	4
Ngol	13
Ngomna	1
Ngomnaajo	2
Ngu	8
Ngurte	2
Ngurtine	1
Ni	2
Nikanor	1
Nikodemu	5
Nikolawus	1
Nikolay'en	1
Nikolay'enfa	1
Nikopolis	1
Nimfa	1
Niniwe	5
Njaabeeɗam	2
Njaafaneeɗam	1
Njaafe	1
Njaafotire	1
Njaajirka	1
Njamndi	2
Njamɗitine	2
Njare	1
Njaŋge	1
Njaɓe	4
Njaɓte	1
Njaɓɓe	1
Njehe	20
Njehen	1
Njemme	2
Njo''ine	1
Njoge	3
Njooɗe	9
Njooɗode	5
Njowo	1
Njurmine	2
Njuutirka	2
No	5
Non	34
Nonnon	20
Noy	47
Nume	4
Numooji	3
Numte	3
Numtu	1
Nuuhu	10
Nuɗɗine	2
Nuɗɗingo	1
Nuɗɗinki	7
Nuɗɗinɓe	10
Nuɗɗinɗo	3
Nyaamanɓe	1
Nyaamanɗo	3
Nyaamdanɓe	1
Nyaamdu	6
Nyaamduuji	1
Nyaamen	1
Nyalaade	17
Nyalawma	1
Nyalɗe	9
Nyande	26
Nyaw	2
Nyawɗo	3
Nyidduɗum	2
Nyiɓre	2
O	754
Obed	3
Olimpas	1
On	273
Onesiforus	2
Onesimus	3
Onon	139
Oo	11
Ooho	9
Oya	1
Paame	6
Paanyo	4
Paataaɗo	1
Pafos	2
Pamfiliya	5
Pareeje	2
Parewal	1
Parmenas	1
Partiya	1
Paska	34
Patara	1
Patmos	1
Patrobas	1
Pentekosta	3
Pergame	2
Perge	3
Persis	1
Pilaatu	66
Pilaatufa	1
Piriskilla	7
Pirrus	1
Pisidiya	4
Piste	4
Piyer	197
Pol	220
Pontiyu	2
Pontiyus	1
Pontus	3
Pooli	1
Poondol	1
Porkiyus	1
Porokorus	1
Potiyoli	1
Potolemayis	1
Publiyus	2
Puccu	2
Pukara'en	56
Pukara'enfa	1
Pukaraajo	6
Rabbuni	1
Ragare	1
Ragaw	1
Rahab	3
Rama	1
Rawaandu	1
Rebekka	2
Reenta	1
Regiyus	1
Remooɓe	1
Remugo	1
Resa	1
Rewɓe	20
Riiw	1
Rimɗinaaɓe	1
Riskuɓe	1
Robo'am	2
Rode	1
Rodos	1
Roma	49
Roma'en	15
Romaajo	8
Roondiiɓe	1
Rufus	2
Ruuben	1
Ruuhu	290
Ruuhuuji	1
Ruuhuwol	1
Ruulde	1
Ruut	1
Saa'i	79
Saa'iire	3
Saalotooɓe	1
Saare	3
Saarooji	4
Sadok	2
Saduki'en	16
Safira	1
Sakko	3
Sakkoma	5
Saklere	1
Sala	1
Salaaman	1
Salaatiyel	3
Salamis	1
Saliima	2
Saliiɓe	1
Salim	1
Salmoni	1
Salmuuna	3
Salome	2
Saman	2
Samariya	12
Samariya'en	5
Samariyaajo	5
Samirna	2
Samos	1
Samotaras	1
Samson	1
Samuyila	2
Sappo	1
Saratu	5
Sardis	3
Sarepta	1
Saron	1
Saruku	1
Sawtu	14
Sayɗaanu	53
Seedamku	1
Seedooɓe	3
Seedu	1
Sekundus	1
Selewkiya	1
Sem	1
Sembe	1
Semeyn	1
Sergiyus	1
Setu	1
Sey	115
Seynu	1
Seyo	7
Seyotooɓe	1
Sidon	11
Sifana	1
Siftinor	2
Siftor	4
Siftoram	1
Sikar	1
Sikem	1
Sikewas	1
Silas	24
Silikiya	6
Silikiyaajo	1
Silowam	3
Simeyon	5
Simon	80
Sina	5
Sintike	1
Sirakus	1
Sirene	7
Siriya	7
Sirofiniiki'en	1
Sirri	1
Sirwa	1
Sitoyko'en	1
Siwta	1
Siwtaare	1
Siyona	4
Sodoma	8
Sol	33
Sonaa	1
Soobaajo	11
Soobiraaɓe	15
Soodanɓe	1
Soodu	2
Sooje'en	10
Soojeejo	3
Soomoore	1
Soorru	2
Sooya-hakkiilo'en	1
Sooya-hakkiiloojo	1
Sooyɓe	1
Sopater	1
Sosipater	1
Sostenes	2
Sottu	1
Sujidan	4
Suka	7
Suka'en	6
Sukaajo	1
Sukaaɓe	1
Sukkita	1
Suklana	3
Suleymaanu	12
Susanna	1
Suudu	5
Suunooji	2
Suɓaaɓe	1
Taa	218
Taada	1
Taasawo	1
Taaske	1
Taaskitaare	1
Taaskitanam	1
Taaskitinam	1
Tabita	3
Tabite	6
Tadde	2
Tagu	1
Talaka'en	2
Talakaajo	2
Talita	1
Tamar	1
Tammunde	4
Tampuɗo	1
Tamseeje	4
Tamseere	1
Tapaare	1
Tara	1
Tarakonitis	1
Tarsus	5
Tato	1
Tawfilus	3
Tawreeta	20
Taŋkol-kaa'e	1
Teddin	5
Teddine	5
Tedduŋgal	14
Teema	24
Tefe	1
Tertiyus	1
Tertullus	3
Terɗe	4
Tessaloniiki	8
Tewdas	1
Tiberiyas	4
Tiina	1
Tiinaare	1
Tiine	9
Tiiɗe	1
Tikikus	5
Time	1
Timmoode	2
Timmugo	1
Timon	1
Timote	29
Timotimooŋgal	1
Tindinoore	1
Tirannus	1
Tirifena	1
Tirifosa	1
Tirus	12
Titus	14
Tiyatira	4
Tiɗɗin	3
Tiɗɗine	2
Tiɗɗiniiɓe	1
To	568
Tokkam	7
Tokke	7
Tokkeeɗam	3
Tokkiiɓe	1
Tokkiiɗo	3
Tokkindirki	1
Tokkotooɓe	1
Tomas	12
Ton	30
Too	102
Toonyiiɗo	1
Torane	1
Tore	16
Tornde	3
Torofimus	3
Torowas	6
Torra	4
Torraaɓe	1
Towirka	1
Toy	20
Tum	6
Tuubane	1
Tuube	7
Tuubu	2
Ufnirɗum	2
Ujiya	2
Umma	25
Ummaatooje	4
Ummaatoore	4
Umme	5
Umranɗo	1
Umrooje	7
Umroore	9
Umru	3
Urbanus	1
Urdun	14
Uriya	1
Urusaliima	151
Useni	7
Uureeŋgol	1
Waajooɓe	1
Waaju	2
Waato	10
Waatu	2
Waddu	2
Wakiiliijo	1
Wakkati	31
Wakkatiire	1
Walaa	107
Wallam	1
Wallooɓe	1
Wallu	1
War	17
Waynaaɓe	1
Waŋgin	3
Waŋginan	1
Waɗ	3
Waɗam	1
Waɗan	1
Waɗanam	2
Waɗataako	4
Waɗi	2
Waɗooɓe	1
Waɗɓe	2
Weelo	1
Weelooji	1
Weendu	1
Wi'	5
Wi'eteeɓe	2
Wi'ugo	3
Wi'ɓe	2
Windan	7
Windango	1
Windu	3
Wirndallo	1
Wolde	11
Wolde-Allah	1
Wolde-ngeendam	1
Wolwu	1
Wondiɗɗiraaɓe	1
Wonduɓe	1
Wonɓe	6
Woodaa	5
Woodi	77
Woodino	12
Woore	1
Wooɗaay	1
Worɓe	4
Woyanɓe	1
Woyla-walaadu-fuunaaru	1
Woɗɓe	66
Wulliiɓe	1
Wumnu	1
Wumtu	2
Wumɓe	4
Wuro	2
Wurta	2
Wuykuɓe	1
Ya	39
Yaafana	3
Yaake	41
Yaawɗa	4
Yah	15
Yahdu	1
Yahru	2
Yahudiya	46
Yahuuda	53
Yahuudu'en	277
Yahuuduujo	24
Yahɓe	1
Yakuba	44
Yakubu	26
Yamberes	2
Yamɓe	3
Yamɗitingo	1
Yannay	2
Yannes	2
Yanugo	1
Yarat	1
Yason	5
Yeccam	3
Yeccu	7
Yeeso	22
Yeesu	1604
Yefta	1
Yekuniya	2
Yerda	1
Yeremiya	3
Yeriko	6
Yessa	4
Yettoore	9
Yeɓre	4
Yeɓre-laamiiɗo-Roma	1
Yeɓrefe	1
Yi'ɓe	3
Yiide	9
Yiite	2
Yiitere	2
Yimɓe	164
Yiɗ	9
Yiɗaaɓe	1
Yoda	1
Yonam	1
Yonas	10
Yoo	142
Yoo'el	1
Yoof	1
Yoofan	1
Yoram	2
Yorim	1
Yosek	1
Yoses	3
Yosuwa	2
Yotam	2
Yowanan	1
Yowanna	2
Yowwa	3
Yoŋki	2
Yoɓ	1
Yoɓam	1
Yuhanna	181
Yuliya	1
Yuliyus	2
Yunaniŋkeejo	3
Yunaniŋkeejofi	1
Yunaniŋko'en	8
Yuniyas	1
Yusafat	2
Yusiya	2
Yustus	3
Yusufu	44
[	5
]	25
a	671
aa'a	4
aamiina	1
aarta	20
aartan	12
aartanmi	1
aartannde	2
aartata	3
aartataa	1
aartatam	1
aarti	37
aartirmi	1
aartu	1
aartuka	1
aartumi	2
aartunde	2
aartundu	1
aartuno	1
aartuŋga	4
aartuŋgal	2
aartuŋgol	1
aartuɓe	20
aartuɗo	4
aawa	4
aawaande	1
aawaay	5
aawan	1
aawata	1
aawataa	2
aawdi	21
aawdiiji	2
aawi	9
aawoowo	4
aawre	1
aawɗo	1
aaya	1
aayaaje	6
aayaare	1
abada	7
abadin	7
acca	47
accaay	27
accam	1
accammi	1
accan	15
accana	1
accanan	1
accataa	22
accataano	2
accatam	3
acce	25
acci	95
accino	2
acciri	1
accu	13
accugo	6
accumi	4
accuɓe	2
accuɗa	2
afaaku	1
afel	1
afo	6
afɓe	2
agate	1
ajaba'en	1
al'aada	12
al'aadaaji	8
alaama	15
alaamaaji	5
algaru	1
algayta	1
algaytaaji	1
algaytaaru	5
aljanna	2
alkaali	4
alkaaliijo	1
alkamaari	18
alkawal	48
alkawalji	3
alkibilaaji	3
alluha	3
alluhaaje	3
almasiihu'en	2
am	888
ametistu	1
amin	200
ammaa	718
an	106
aniini	2
anisa	1
annabaaku	21
annabaakuuji	1
annabi	19
annabo'en	79
annaboojo	46
annaboojono	1
annda	12
anndaa	138
anndaaka	16
anndaano	8
anndaaɗo	3
anndal	77
anndan	20
anndanno	2
anndanɗo	1
anndataa	2
anndataake	1
anndataano	1
annde	7
anndi	360
anndin	3
anndina	39
anndinaama	1
anndinaaɓe	1
anndinan	5
anndinanmi	1
anndine	3
anndineeɗam	1
anndingo	29
anndini	52
anndinirgol	1
anndiniri	3
anndinirta	1
anndinirɗi	1
anndinki	7
anndinmi	3
anndinno	2
anndino	5
anndinol	51
anndinooje	1
anndinoowo	1
anndinooɓe	5
anndinta	10
anndintaa	1
anndintammi	1
anndinte	1
anndinɗo	1
anndiranmi	1
anndiri	4
anndirten	4
anndirton	1
anndirɗa	1
anndita	3
annditaay	2
annditan	1
annditi	13
annditingo	1
annditini	1
annditiran	1
annditire	1
annditiri	1
annditirte	1
annditirton	1
anndititgo	1
anndon	6
anndugo	36
anndumi	4
annduno	1
annduɓe	5
annduɗen	1
annduɗo	11
annduɗon	2
annini	6
anniya	61
anniyaaji	3
annoora	68
aran	11
arana	1
aranal	5
arande	7
arandeere	3
arandu	5
arani	2
arano	17
aranol	2
ardi	7
ardiiɓe	11
ardiiɗe	1
ardiiɗo	16
ardini	1
ardo	2
ardoto	1
ardotooɓe	1
asama	240
asamanji	12
asamawu	1
asar	6
asaweeje	1
asaweere	7
asgumri	10
asgumrifi	1
asgumrifu	1
asli	8
asliije	2
asliijo	1
asŋgol	28
atiime'en	2
aybe	81
aybeeji	18
aybefa	7
aybefe	1
aybewol	6
aybina	2
aybinan	1
aybingo	1
aybini	2
aybinta	1
aybintaano	1
aybuɓe	1
ayna	25
aynaama	1
aynaaɓe	1
aynan	5
aynanɗo	1
ayne	13
ayni	7
aynirdu	2
aynirta	2
aynoowo	11
aynooɓe	19
aynu	2
aynugo	12
aynuɗo	1
aytino	5
ba''iiɗo	4
ba''orɗe	1
baaba	84
baabiraawo	2
baabiraaɓe	9
baakin	49
baaldal	2
baali	41
baaliiɗo	1
baanewo	1
baataaki	1
baatal	3
baatirɗum	4
baatɗe	1
baawal	9
baawanɗo	3
baawɗe	293
baawɗeeji	12
baawɗo	18
babal	11
babe	1
bajjel	3
bajjo	5
bajjofa	1
bakeeje	1
balbe	1
ballal	11
ballinaaŋgel	1
ballinanɗo	1
ballinki	1
balloowo	4
balmi	13
balndi	16
balndol	41
balɗe	57
bamɗe	1
bana	882
bandiiko	1
bandiiko'en	1
bandiraawo	2
bandiraaɓe	12
bandum'en	1
baptisma	99
barka	27
barkaaji	11
barkaama	3
barkiɗina	7
barkiɗinaaɓe	3
barkiɗinaaɗo	3
barkiɗinan	5
barkiɗingo	1
barkiɗini	11
barkiɗiniri	1
barkiɗinɗo	1
barooje	1
barooɗe	2
barri	2
barro	1
baruudu	6
baruudufi	1
baruudufu	1
bataakeeji	12
bataakewol	23
batte	2
baytal	1
baŋ	2
baŋganɗo	1
baŋge	6
baŋginanŋgol	1
baŋginki	1
baŋginteeɗum	1
baŋguki	4
baŋguɗum	8
baɓɓatti	3
baɓɓol	4
baɗaaɗo	1
baɗanɗo	2
baɗoowo	15
baɗɗo	8
be''itte	13
be'i	5
bee	2671
beelaaɗo	2
beelaaɗono	2
beeli	1
beembal	4
beembe	2
beernoowo	2
beero	2
belki	2
belŋgol	10
belɗe	4
belɗi	1
belɗum	1
berniiji	11
berniwol	96
beɗol	1
bi'eteeki	1
bi'eteeŋgal	3
bi'eteeŋgel	1
bi'eteeŋgol	3
bi'eteeɗe	1
bi'eteeɗo	70
bi'ɗo	9
bicce	5
bilaa	56
bileeji	6
bilki'en	1
bindaaŋgol	1
bindaaɗe	9
bindaaɗum	5
bindi	2
bindirgol	2
bindol	2
binduɗo	1
biɓɓe	3
biɗu'aaku	2
biɗu'aakuuji	2
biɗu'aakuujo	1
bojji	12
boliiɗe	1
bolle	200
bolwananɗo	1
bolwannooɗo	1
bolwanɗo	8
bolwuɗo	1
bone	74
boneeji	22
bonnonda	2
bonnooje	1
boo	1394
boofi	3
boofol	1
booro	5
boorooji	2
boosɗo	8
booɗki	4
booɗŋgal	11
booɗŋgel	2
booɗŋgol	7
booɗɗe	67
booɗɗi	2
booɗɗo	27
booɗɗum	91
borgoore	1
boɗeeje	8
boɗeeji	1
boɗeejum	1
boɗɗe	6
buhuuje	3
buhuure	1
bukkaaji	4
bumtuɗo	4
bumɗo	20
bumɗono	2
buuwi	1
caaca	4
caafaali	4
caahaaki	4
caahu	7
caahuuji	1
caakaaki	1
caaki	1
caalaaki	2
caalake	1
caalataako	1
caali	10
caaliiɗo	1
caaliiɗum	1
caalo	3
caalori	1
caamata	1
caamni	3
caamɗum	4
caatal	18
caatane	1
caatani	1
caati	5
caatina	1
caatuka	2
caatuki	1
caatuŋgal	1
caatuɗe	2
caatuɗi	3
caatuɗo	3
caawaaŋgel	1
caawi	1
cabbi	6
cafti	1
cak	4
caka	190
cakaaru	1
cakaawo	1
cakitiiɗo	1
cakkina	4
cakkinaama	3
cakkinane	1
cakkine	2
cakkini	6
cakla	2
caklane	4
cakle	5
cakli	8
cakliiɗo	2
caklo	3
calaaki	1
cale	1
caleteeɗo	1
cali	26
caliiɗo	2
calino	1
callallu	3
callalluuji	14
callalluwol	1
calo	4
calotire	1
caloto	1
cammeeje	7
camɗina	3
canji	1
cannyaaŋgol	1
cappanɗe	65
cappinana	1
cappine	1
cardi	26
carwinaaɗi	1
carwotiri	3
cattina	1
cattine	1
cattini	1
caŋkiti	10
caŋkititto	2
caŋkito	3
caɓɓaaje	3
caɓɓawal	8
caɓɓe	4
caɓɓi	2
caɗeele	3
caɗndi	1
caɗŋgal	1
caɗŋgol	1
caɗɗam	2
caɗɗe	3
caɗɗi	3
caɗɗum	3
ceeda	2
ceedake	1
ceedanaaki	1
ceedano	1
ceedanto	1
ceede	111
ceedi	12
ceediiɗo	3
ceedo	10
ceedoowo	10
ceedorto	1
ceedoto	6
ceeka	2
ceekgol	2
ceeki	3
ceeraaɗo	3
ceergal	2
ceettoto	1
ceeɓooje	5
cehoowo	2
cekaay	2
ceke	1
ceki	1
cela	2
celi	5
cembiɗa	1
cembiɗe	1
cembiɗi	2
cembiɗina	1
cembiɗinammi	1
cembiɗindira	1
cembiɗine	3
cembiɗini	6
cembiɗinooje	1
cembiɗki	3
cembiɗŋgol	1
cembiɗɗe	1
cembiɗɗi	4
cembiɗɗo	16
cembiɗɗum	1
cemta	2
cemtaay	1
cemtan	2
cemte	1
cemti	1
cemtina	1
cemtinaay	1
cemtiniiɗe	5
cemtiniiɗi	2
cemtiniiɗum	2
cemtinirta	2
cemtira	2
cemtirten	1
cemtuɗum	8
cena	2
cenaakoy	1
cenaaŋga	1
cenaaɗe	2
cenaaɗo	3
cenda	1
cendaama	1
cendake	1
cendan	1
cendana	4
cende	1
cendeten	1
cendi	9
cendindira	1
cendindiri	1
cendiri	2
cendirta	1
cendoowo	1
cendoto	1
cenduki	3
cenduŋgol	1
ceni	1
ceniiki	1
ceniiŋgol	6
ceniiŋgu	2
ceniiɗam	1
ceniiɗe	7
ceniiɗi	1
ceniiɗo	6
ceniiɗum	2
cenki	7
ceye	7
ceyi	12
ceyiiɗo	1
ceynanŋgol	1
ceynoowol	15
ceynuɗon	1
ceyo	7
ceyode	1
ceyodi	1
ceyodo	2
ceyori	3
ceyoro	3
ceyorto	3
ceyortoomi	1
ceyoto	4
ci'e	8
ci'efa	2
ci'efe	1
ciftinora	1
ciftinorki	1
ciftora	13
ciftoraay	1
ciftorammi	5
ciftore	4
ciftori	6
ciftormi	1
ciftortaa	3
cigoranto	1
cigorɗum	1
ciiɗe	1
cikaay	1
ciki	1
cilaaje	11
cindaaɗi	1
cirgu	1
citta	5
cittaaje	1
ciwa	5
ciwti	1
ciwto	4
ciwtorɗe	1
ciwtoto	1
ciɗotiral	1
codataa	2
codi	1
codol	6
codoowo	2
cofndotiri	1
coggu	4
collaaje	7
colli	17
colloy	4
colndi	4
comataa	1
come	3
comen	1
comi	2
comnanɗe	1
comɗe	1
coobri	2
cooda	5
coodana	1
coodi	3
coodoya	1
coometeeɗo	4
coomi	1
coorra	2
coorraay	1
coorrataa	2
coorreteeŋgel	1
coorri	3
coorruɗon	1
coottaari	1
coottiraaɗon	1
cooyataa	1
cooyino	1
cooyɗo	2
cortaaɗo	1
corɓoori	2
cotta	2
cotte	1
cotti	1
cottine	1
cottini	1
cowi	7
coy	5
coɓa	1
coɓi	1
coɓki	6
coɓkoy	1
coɓna	1
coɓnindira	1
coɓɗe	3
coɓɗi	3
coɓɗo	2
coɓɗum	7
cub	9
cudde	1
cuddi	4
cudditaaɗe	1
cufu	1
cujida	1
cujidana	8
cujidanaay	1
cujidanaayno	1
cujidanammi	2
cujidanan	1
cujidane	2
cujidani	14
cujidanino	1
cujidanki	3
cujidanoowo	3
cujidanta	4
cujidantaa	1
cujidantam	1
cujidanton	1
cujidi	3
cujidiranta	1
cujidoowo	1
cukka	1
cukki	2
cukkiti	1
cuklane	5
cuklani	1
cuklaniiɗo	2
cuklano	9
cuklanto	2
cuklantooɗon	1
culaaɗo	5
culhotiral	1
cumo	1
cuna	2
cunake	3
cunammi	1
cuni	2
cunoto	2
cuti	1
cuumataako	3
cuumi	3
cuumo	5
cuumoto	5
cuuna	1
cuunaama	1
cuunaaɗo	5
cuune	1
cuurel	1
cuurɗe	8
cuusal	1
cuuwi	1
cuuɗaama	1
cuuɗan	1
cuuɗi	38
cuuɗiika	3
cuuɗiiŋgal	1
cuuɗiiɗe	2
cuuɗiiɗi	2
cuuɗiiɗum	9
cuɓa	2
cuɓaama	1
cuɓaaŋgol	1
cuɓaaɗo	3
cuɓanan	1
cuɓani	1
cuɓanmi	1
cuɓe	1
cuɓi	6
cuɓki	1
cuɓol	2
cuɓti	3
cuɓɗo	1
daada	76
daada'en	1
daadafa	1
daadiraaɓe	2
daage	1
daago	5
daakaaje	1
daakaare'en	5
daakaareejo	5
daakaareeku	8
daama	4
daamam	1
daamammi	1
daamataa	1
daamugo	1
daande	4
daaroowo	1
daarorgal	10
daarɗo	1
daaya	2
daayaago	2
daayaaki	8
daayi	6
daayiiɓe	6
daayiiɗi	1
daayiiɗo	5
daayiiɗum	22
daayinooɓe	2
daayna	1
daaynanam	1
daayni	1
daaynu	1
daayori	1
daayoto	1
dabare	24
dabareeji	8
dabbaaji	24
dabbugo	1
dabbunde	4
dabbuno	1
dagaaki	3
dagake	3
daganake	1
dagiiɗum	1
dakkerr	4
dakman	1
dakmi	1
daliila	209
daliilaaji	1
dammugal	30
dammuŋgol	1
dammuɗe	14
dammuɗo	1
daneeje	12
daneeji	3
daneewol	1
danwinaaɗe	1
danya	7
danyaaka	5
danyaama	11
danyaaŋgel	2
danyaaɓe	6
danyaaɗo	10
danyan	2
danyano	1
danyante	1
danyeego	8
danyeeki	13
danyete	1
danygol	13
danygolji	1
danyi	47
danyndu	1
danyugo	9
dara	4
daraago	5
daraaki	5
daraja	8
darake	1
darataako	5
dari	68
dariinde	2
dariiɓe	8
dariiɗo	5
darino	1
darna	3
darnaama	1
darnadarnata	1
darnan	4
darnani	1
darnde	4
darni	15
darnugo	3
darnuŋgol	1
darnuɗi	1
darnuɗo	2
daro	7
darodi	1
darorto	1
daroto	2
daroyto	1
dartaago	1
dartaare	17
dartanaago	2
dartanaaki	1
dartani	1
dartanto	1
darti	1
darŋgal	21
dasaaɓe	1
dawa	1
dawaaɗi	5
dawaaɗi'en	1
dawi	1
dawriinde	1
dawrirde	1
dawroowo	3
dawrooɓe	49
dawrugo	1
daŋgo	1
daŋgraŋge	1
daŋki	4
daŋraŋgal	1
daŋraŋge	1
daŋɗe	2
daɗadaɗa	7
daɗi	1
daɗki	2
daɗugo	2
de'a-hakkiilo'en	1
de'a-hakkiiloojo	1
de'ere	9
de'i	1
de'iiŋgo	1
de'itaay	1
de'iti	8
de'itina	3
de'itinammi	1
de'itinan	1
de'itingo	4
de'itini	4
de'itinki	3
de'itinoowo	2
de'itɓe	1
debbi	2
debbo	218
deerɗa	12
deerɗa'en	4
deerɗam	12
deerɗam'en	22
deerɗiiko	14
deerɗiiko'en	3
deerɗiraawo	40
deerɗiraaɓe	120
deerɗu	10
deerɗum	27
deerɗum'en	6
deeɗi	3
defaama	2
defte	38
deftel	4
deftere	118
demoowo	4
derke'en	5
derkeejo	3
derkeejono	2
derkeno	1
desanaaɗe	1
dey	1
deydey	33
deyel	7
dibinooje	2
diga	344
diidi	1
diina	25
dilla	14
dillaay	2
dillan	6
dillani	5
dilli	81
dillidi	5
dilliri	2
dillu	5
dillugo	9
dilluki	1
dimaaɗe	1
dimanŋgal	1
dimaro	3
dimba	2
dimbaago	3
dimbaaki	1
dimbake	1
dimban	1
dimbannde	3
dimbanɗe	1
dimbata	1
dimbataa	1
dimbataako	4
dimbi	16
dimbinta	1
dimbo	2
dimboto	1
dimbugo	1
dimo	10
dimol	1
dimɗinooje	1
dirti	1
dirtorde	1
dirtoto	1
diskuɗo	19
diw	2
diwa	1
diwi	1
diwna	4
diwnanɗo	1
diwni	1
diwnugo	1
diwugo	1
diwŋgol	3
do''a	3
do''aaki	1
do''aaɓe	1
do''ake	7
do''an	1
do''anɗi	1
do''ataa	2
do''ataako	1
do''eeki	1
do''i	25
do''iinde	1
do''iiɓe	2
do''ino	1
do''o	1
do''oto	3
do''ugo	3
do''uɗo	1
do'a	79
do'aago	6
do'aaji	13
do'aare	1
do'anaago	2
do'ano	1
do'o	2
dogga	1
doggan	4
doggi	9
doggu	1
doggudu	1
doggugo	3
dokkaaɗe	1
dokkaaɗo	1
dokkal	63
dokkanɗe	1
dokkanɗo	4
dokke	23
dokketeeɗo	1
dokkoowo	9
dokkuɗo	4
dokta	2
doldolndefu	1
donanɗo	1
donoowo	3
dooka	1
dookaaji	1
doola	1
doolan	1
doolata	1
doole	29
dooli	9
doolugo	3
doondiiɗo	2
doondorɗum	1
dooŋgal	8
dooŋgle	6
dow	791
dowru	6
dufeteeŋgal	2
dukki	1
dundehi	2
duniya	1
duniyaaru	329
dura	4
durata	1
duroowo	2
durugo	1
dutal	2
duule	11
duumaago	1
duumaare	2
duumiinde	2
duumiindu	2
duumiinge	1
duumiiŋgal	4
duumiiŋge	3
duumiiɗe	1
duumiiɗi	1
duumiiɗo	4
duumo	1
duumoto	1
duumotooɗum	1
duunde	16
duurataa	1
duuri	7
duuŋgel	1
duuɓi	49
duuɗe	1
duŋgaaki	1
duŋgake	1
duŋgana	2
duŋganaaki	9
duŋganam	3
duŋgani	14
duŋgano	1
duŋganto	1
duŋgataako	1
duŋgaye	5
duŋgayeere	4
duŋgi	1
e	1931
eeraago	1
eeri	7
eero	2
eerti	1
eewi	3
eewugo	1
eeŋga	2
eeŋgaay	1
eeŋgata	1
eeŋgi	3
eeŋgta	1
eeŋgti	4
eeŋgtina	2
eeŋgtinaaka	1
eeŋgtinaama	2
eeŋgtineego	1
eeŋgtingo	1
eeŋgtini	2
eeŋgtugo	1
eeŋgtuɗo	1
efta	5
efti	4
eftira	1
eftu	2
egga	1
eggi	1
eggineeki	2
eggini	3
eggita	1
egguki	1
ekkitaago	1
ekkitaaki	2
ekkite	2
ekkiti	5
ekkitin	1
ekkitina	2
ekkitingo	5
ekkitini	4
ekkitinirta	1
ekkitinmi	1
ekkitino	1
ekkitinol	4
ekkitinoowo	1
ekkitinɓe	1
ekkitiɗa	1
ekkito	6
ekkitori	1
elohi	1
elta	11
eltaay	1
eltan	1
eltanɗo	1
eltataa	1
eltataake	1
elte	2
elti	3
eltirta	1
elto	2
eltoowo	2
eltugo	4
en	728
enen	42
enɗa	2
enɗaay	1
enɗam	32
enɗan	3
enɗanmi	1
enɗataa	1
enɗi	14
enɗindira	1
enɗiri	2
enɗoowo	1
enɗooɓe	2
enɗu	6
enɗugo	2
enɗuɓe	1
enɗuɗo	2
esiraawo	3
esta	11
estaama	1
estaaɓe	2
estammi	1
estan	2
este	3
esteteeɓe	1
esti	7
estino	1
estira	1
estiri	1
esto	8
estooji	4
estooɓe	1
estugo	6
estuɗo	1
esum	2
etanan	2
etani	2
etirgal	3
etirɗe	1
ewna	5
ewnaago	6
ewnaaki	2
ewnaama	6
ewnaandu	9
ewnaaɓe	23
ewnake	3
ewnata	1
ewne	8
ewneego	3
ewnete	1
ewneteeɗe	1
ewneteeɗo	1
ewni	90
ewniiɗo	8
ewnindira	1
ewniti	1
ewno	21
ewnori	5
ewnoto	9
ewnotooɗo	1
ewnotooɗon	1
ewnoya	1
faada	1
faalaaka	1
faalataa	1
faama	7
faamaay	3
faaman	1
faamata	1
faamataa	4
faamataako	1
faami	8
faamoto	2
faamrata	2
faamri	1
faamtin	1
faamtina	7
faamtinan	4
faamtingo	10
faamtini	3
faamtiniri	1
faamtugo	1
faamu	28
faamugo	9
faamuuji	1
faandu	4
faanyɓe	3
faasikaare	5
faasiki'en	1
faasikiijo	1
faasiti	1
faataare	13
faataaɓe	11
faddanaago	1
fahduɓe	2
fahin	171
fahɓe	1
fajiri	13
fakat	114
famarde	5
famarɓe	1
famɗa-dakamjam	1
famɗa-nuɗɗinki'en	5
famɗa-nuɗɗinkiijo	1
famɗi	3
famɗiri	1
famɗugo	6
fanti	1
farillaaji	8
fasooɓe	5
fassitira	1
fassitiran	1
fassitirgo	2
fassitiri	1
fassitirooɓe	1
fawnaama	2
faɓɓa	4
faɓɓan	1
faɓɓi	11
faɓɓidi	1
faɓɓijaŋgo	1
faɓɓitijaŋgo	1
faɓɓugo	2
faɗɗa	1
faɗɗatammi	1
faɗɗi	1
fe''a	1
fe''e	2
fe''i	3
fe''ugo	2
feere	322
feere-feereeje	11
feere-feereeji	5
feereno	1
feesaare	1
feesiiɓe	2
feewtan	1
feewtina	1
fel	4
fela	5
felaay	2
felan	1
felata	3
feli	7
felindirgo	1
felmaaŋgo	2
feloore	9
felugo	8
ferewnde	3
fergata	1
fergataako	1
fergoore	1
fergoto	1
ferɓe	1
fewa	2
fewaay	1
fewani	3
fewataa	5
fewi	3
fewjere	1
fewooɓe	22
fewre	27
fewugo	1
fg	1
fiira	2
fijir	1
fijira	1
fijirde	3
fijirgo	1
filooɓe	3
filti	1
filtugo	1
filu	9
fina	2
finaay	1
findina	2
findingo	1
findini	2
fini	2
fista	3
fistango	1
fistataa	1
fisti	2
fistugo	3
fitina	11
fitinaaji	1
fitinammi	1
fiya	1
fiyaama	1
fiyete	2
fiyi	6
fiyooɓe	2
fiyugo	10
fiɗi	3
fiɗugo	5
fiɗɗi	2
fodde	41
fombina	11
fomoonde	29
foonda	1
foondaama	1
foondata	1
foonde	1
foondeego	1
foondi	5
foondira	1
foondiranɓe	1
foondu	3
foondugo	2
fooɗa	1
fooɗan	2
fooɗana	2
fooɗanan	1
fooɗani	1
fooɗantaa	1
foroy	100
fortanan	1
forti	8
fortugo	1
fotaay	5
fotan	1
fotani	1
fotannde	1
fotanɓe	1
fotataa	1
foti	10
fotina	1
fotingo	1
foto	13
fotooji	3
fottaay	11
fottan	3
fottana	5
fottanaay	3
fottanan	4
fottananɓe	1
fottango	9
fottani	16
fottannde	5
fottanta	11
fottantaa	1
fotti	45
fottida	1
fottirde	1
fottitan	1
fottugo	5
fottunde	2
fottuno	1
furkitaago	2
fursina	55
fursina'en	1
fursinaajo	2
fursinafa	7
fursinafe	4
fursinafi	1
fursinafo	2
fusan	1
fuu	1637
fuufaama	1
fuufaay	1
fuufete	1
fuufi	9
fuufooɓe	3
fuufugo	2
fuunaaŋge	8
fuuni	1
fuɗa	1
fuɗi	8
fuɗirta	2
fuɗna	1
fuɗnan	1
fuɗnanan	1
fuɗni	1
fuɗnugo	1
fuɗŋgo	4
fuɗɗa	2
fuɗɗam	38
fuɗɗan	2
fuɗɗanɓe	1
fuɗɗi	88
fuɗɗino	1
fuɗɗira	1
fuɗɗiri	3
fuɗɗoode	7
ga'i	7
gaa'en	2
gaabi	1
gaabotiral	6
gaafaaŋgal	74
gaafaaɗe	3
gaajanɗo	2
gaajoowo	4
gaasa	14
gaasaaji	2
gaasawol	2
gabbe	4
gaddananŋgal	1
gaddanŋgal	1
gadduŋgal	1
gaduuji	16
gaggel	1
gal	2
gala	2
galaŋgal	2
gamarle	1
ganyo	2
ganyɗo	1
garanɗe	6
garanɗi	4
garanɗo	12
garanɗum	1
garki	18
garoyki	4
garsa	2
gartanɗo	1
garɗo	3
gasiiɗo	2
gasɗe	3
gawargal	4
gawel	9
gawri	13
gaynaako	14
gaɗa	20
gaɗaare	3
ge'elle	3
geccaaji	1
geccawol	1
geddal	1
geelooɗi	2
geene	10
geese	5
geete	12
geeti	1
geeto	27
geetono	1
geeɗinoowo	2
geeɗitinoowo	1
genaale	15
gerdaaɗo	1
gertogal	3
gese	11
gettooje	7
gewɗe	1
geɓe	14
geɗal	31
gi'al	1
gi'anɗe	1
gi'anɗo	2
gi'e	13
gi'eteeɗe	3
gi'ɗo	3
gibbineeki	1
gide	1
giiteleeji	1
giiwaaɗi	1
giiwoowo	4
gikke	1
gikku	10
gilɗi	7
gime	7
gimi	2
gimol	1
ginnaaji	61
ginnaaɗo	15
ginnawol	34
gite	84
giŋgille	1
giɗaaɗi	13
giɗaaɗo	31
giɗɗo	6
go	286
go'o	5
go'oore	1
go'owal	1
godoore	4
gonduɗo	1
gonŋgal	2
gonŋgel	1
gonɗe	3
gonɗi	17
gonɗo	12
gookaali	1
gootal	11
goote	1
gootel	8
gooti	4
gooto	209
gootol	10
gootum	17
gooŋga	260
gooŋga'en	15
gooŋgaaje	5
gooŋgaaji	4
gooŋgaajo	40
gooŋgaaku	47
gooŋgaare	9
gooŋgaaru	1
gooŋgaha	2
gooŋgahi	2
gooŋgawal	1
gooŋgawol	3
gooŋgɗini	1
gooŋgɗiri	1
gooŋɗa	7
gooŋɗan	3
gooŋɗi	3
gooŋɗina	4
gooŋɗinan	2
gooŋɗinango	1
gooŋɗingo	9
gooŋɗini	9
gooŋɗiniri	2
gooŋɗiri	3
gooŋɗirta	1
gooŋɗugo	1
gooŋɗuŋgal	1
gooŋɗuŋgol	1
gooŋɗuɗe	1
gooŋɗuɗo	1
gorgel	6
goriiko	11
gorko	123
gorum	8
goŋgoŋ	2
goɗŋgal	1
goɗŋgol	1
goɗɗe	82
goɗɗi	16
goɗɗo	526
goɗɗum	5
guddo	1
gudel	2
gudinteeɗe	2
gujjo	15
gulduɗum	3
guleeki	3
guleteeɗe	1
guleteeɗi	3
gullaali	5
gullaaɗo	2
gullotonooɗo	1
gulɗo	1
gulɗum	2
gure	27
gurtinanɗo	1
gurtinɗo	1
guufndaale	1
guykoowo	3
haa	3396
haaja	1
haajataa	1
haaje	80
haajeeji	2
haaji	2
haako	8
haako-haakoore	1
haakooji	17
haala	301
haalaaji	13
haanaay	5
haananaay	1
haanani	8
haandaayno	1
haandani	3
haandi	7
haandunde	1
haani	21
haarannde	1
haarni	1
haarugo	1
haarɓe	1
haaɗa-ɓerndeejo	1
haaɗan	1
haaɗi	2
haaɗko	1
habaru	48
habaruuji	1
haccan	1
haddi	2
hafti	2
hakke	174
hakke'en	1
hakkeeji	102
hakkewol	6
hakkiilo	57
hakkiilooji	18
hakkila	3
hakkilan	2
hakkilana	5
hakkilanaay	4
hakkilango	5
hakkilani	2
hakkilantaa	2
hakkilɓe	4
hakkunde	57
hakkundeejo	3
halagaare	2
halal	3
halfina	2
halfinaaɓe	2
halfinan	1
halfinani	1
halfini	23
halfiniri	1
halfinta	1
halfinte	2
halfitini	2
halka	12
halkan	16
halkanɓe	2
halkata	3
halkataa	5
halke	1
halkere	17
halki	15
halkugo	16
halkuɓe	2
halla	2
halleende	66
halli	4
hallina	2
hallingo	4
hallintammi	1
hallugo	5
hallunde	4
hallundeno	1
hallundu	2
halluŋgo	3
halluɓe	33
hande	41
handeere	1
haraka	4
harfeere	2
harli	3
harlotirgo	3
harmi	3
harmingo	1
hasni	2
hawa	8
hawriti	3
hawta	5
hawtaade	7
hawtaay	7
hawtan	2
hawtana	1
hawtanan	1
hawtata	1
hawti	30
hawtiri	1
hawtirta	1
hawtiɗɗiraaɓe	4
hawtu	1
hawtugo	4
hawtuɓe	5
haya	1
haykaliiru	123
hayniiɓe	3
hayre	41
hayru	16
hayruuji	9
hayɗin	1
hayɗina	2
hayɗinan	1
hayɗingo	1
hayɗini	14
hayɗinte	1
haŋki	1
haɓa	2
haɓan	2
haɓda	7
haɓdan	1
haɓdi	2
haɓdino	1
haɓdu	1
haɓi	2
haɓre	16
haɓugo	4
haɓɓa	4
haɓɓaaka	1
haɓɓaande	1
haɓɓaaɓe	7
haɓɓan	1
haɓɓanooɓe	1
haɓɓeego	1
haɓɓi	16
haɓɓugo	1
haɓɓuno	1
haɓɓunoonde	1
haɗ	2
haɗa	3
haɗan	1
haɗata	6
haɗataa	1
haɗatammi	2
haɗi	15
haɗugo	5
he'aay	15
he'an	4
he'anndu	1
he'ataa	1
he'i	34
he'uɓe	2
hebbaago	1
hebbaaki	1
hebbi	3
hebbidinaay	1
hebbin	1
hebbina	10
hebbinaaɓe	1
hebbinan	1
hebbingo	1
hebbini	5
hebbintaa	1
hebbo	1
hecco	1
hedi	20
heeddiɗɗiraaɓe	4
heefeerɓe	16
heerori	1
heerɗini	1
heewa	10
heewi	28
heewtaay	1
heewti	1
heewtugo	1
hendu	39
hesre	9
hesru	4
hesɓe	2
hesɗita	1
hesɗitina	2
hesɗitingo	2
hey	1
heyni	1
heynitaago	2
heɓa	42
heɓaay	21
heɓan	52
heɓana	3
heɓani	1
heɓanno	2
heɓanɓe	3
heɓata	18
heɓataa	14
heɓataako	2
heɓi	79
heɓorto	1
heɓoto	13
heɓra	1
heɓrani	1
heɓrata	2
heɓri	4
heɓta	4
heɓtaama	2
heɓtaay	1
heɓtan	4
heɓtanno	1
heɓtataa	1
heɓtataake	2
heɓti	14
heɓtirta	3
heɓtu	1
heɓtugo	4
heɓugo	42
heɓɓe	7
heɗitaago	2
heɗiti	1
heɗititto	1
heɗito	1
hiddeko	24
hiila	5
hiilaaji	8
hiilaajo	3
hiili	1
hiimo	2
hiirdanɓe	2
hiiri	12
hiirnaaŋge	8
hiisti	1
hiitaago	26
hiitaaka	1
hiitaaki	1
hiitaama	3
hiitaaɓe	1
hiitaaɓeno	1
hiitake	3
hiitataako	8
hiite	2
hiiteego	4
hiitete	1
hiiteteeɓe	6
hiiti	11
hiito	24
hiitooɓe	4
hiitoro	1
hiitorte	1
hiitorteeɓe	1
hiitorto	3
hiitotirgo	1
hiitoto	27
hiiɗi	1
hiiɗini	1
hikma	18
hikma'en	1
hikmaajo	1
hinnam	1
hinno	1
hinnoto	2
hinnuye	5
hippa	1
hippaago	1
hippi	6
hippo	1
hippoto	1
hir?indira	2
hir?indiran	2
hirsaaka	3
hirsaama	1
hirseego	1
hirsi	2
hirsirde	21
hirsu	2
hisa	4
hisan	13
hisanno	1
hisanɓe	3
hisi	3
hisna	15
hisnaay	1
hisnaaɓe	1
hisnam	1
hisnammi	2
hisnan	14
hisnanno	1
hisnataa	1
hisnatam	1
hisneego	1
hisnete	1
hisneteeɓe	1
hisni	22
hisniri	1
hisnirta	2
hisnu	4
hisnugo	27
hisrude	1
hisrugo	1
hisugo	8
hitaande	13
hoddirana	2
hoddiranaama	1
hoddirno	1
hofi	3
hokka	45
hokkaama	6
hokkaamano	1
hokkaandu	1
hokkaay	6
hokkaaɓe	1
hokkam	2
hokkammi	3
hokkan	72
hokkannde	1
hokkanndu	1
hokkanno	1
hokkano	1
hokkanɓe	1
hokkata	32
hokkataa	1
hokkataake	1
hokkatam	1
hokke	6
hokkete	9
hokki	192
hokkino	3
hokkiri	6
hokkirno	1
hokkirta	1
hokkiti	3
hokku	13
hokkugo	39
hokkuno	4
holla	4
hollan	5
hollata	1
holle	1
holleego	1
hollete	4
holli	21
holliri	1
hollirta	1
hollu	4
hollugo	10
hona	2
honan	2
honi	1
honnaaki	2
honooɓe	1
honugo	2
hoo'a	7
hoo'aay	1
hoo'ata	1
hoo'e	2
hoo'i	47
hoo'u	8
hoo'ugo	5
hoofna	1
hoofnata	2
hoofneego	1
hoofni	17
hoofnu	1
hoofnugo	3
hoola	4
hoolaago	4
hoolaaki	1
hoolaare	23
hoolaaɓe	11
hooli	36
hooliiɓe	2
hoolniinde	5
hoolo	20
hoolooji	4
hooloore	1
hoolugo	9
hoolɗinaare	1
hoolɗinori	1
hoondu	9
hoore	268
hoore'en	2
hooreejo	59
hoosa	5
hoosan	4
hoosanta	1
hoosanɓe	1
hoosata	1
hoosataake	1
hoose	3
hooseere	43
hoosete	1
hoosi	20
hoosino	1
hoosita	1
hoositugo	1
hoosu	2
hoosugo	9
hoota	7
hooti	14
hootu	6
hormu	2
horooɓe	1
horre	11
horɓe	3
hottollo	1
howi	1
hoynana	3
hoynanammi	2
hoynani	1
hoynde	1
hoyugo	11
hoyɗi	2
hoyɗugo	1
hoɗɓe	11
hubli	2
hufneere	2
hujja	10
hujjaaji	1
hujjotira	4
hujjotiri	3
hul	7
hula	4
hulaay	3
hulan	1
hulataa	8
huleego	1
huli	14
hulni	1
hulniiŋgo	1
hulniiɓe	1
hulnugo	2
hultor	5
hultori	6
hulugo	3
hulɓe	7
humakaare	1
humaki'en	3
humakiijo	1
humta	1
humtana	1
humtanan	2
humtango	2
humtiri	1
huna	1
hunaago	1
hunake	1
hunani	3
hunayeere	17
hunduko	57
huni	7
hunorake	5
hunori	5
hunoro	1
hunortooɓe	1
hurgooɓe	2
hurgu	1
huuduure	4
huufi	2
huunde	47
huusiti	1
huusitirde	1
huutaaki	1
huuw	3
huuwa	43
huuwaay	2
huuwaayno	1
huuwan	10
huuwana	15
huuwanaay	1
huuwanammi	2
huuwanan	2
huuwananɓe	1
huuwane	2
huuwango	10
huuwani	19
huuwanooɓe	19
huuwanta	3
huuwanɓe	9
huuwata	20
huuwataa	10
huuwdi	2
huuwdiɗɗiraaɓe	3
huuwdooɓe	6
huuwdugo	1
huuwi	73
huuwino	4
huuwno	1
huuwoore	1
huuwooɓe	40
huuwra	1
huuwranta	3
huuwrata	9
huuwri	1
huuwtinira	3
huuwtiniran	1
huuwtinirgo	2
huuwtiniri	7
huuwtinirta	2
huuwtinirtaa	1
huuwugo	88
huuwɓe	2
huɓɓa	1
huɓɓanŋge	4
huɓɓata	2
huɓɓataa	1
huɗa	1
huɗaaɓe	1
huɗi	5
huɗo	3
huɗugo	4
huɗɓe	1
i'e	4
ibbe	9
ibbi	18
ibraniŋkoore	11
iidoore	3
iidoori	1
iinani	2
iini	1
ila	1
ilam	4
ilanŋgo	3
iline	1
ilna	1
ilnannde	1
ilni	1
ilooje	2
ilugo	5
imiradi	2
inabohi	5
inaboojam	51
inabooje	22
innde	159
inni	2
inɗe	15
irin	45
isop	1
itta	13
ittaama	3
ittaaɗe	1
ittake	2
ittan	3
ittana	2
ittanammi	1
ittanan	2
ittane	1
ittani	1
ittanŋgel	1
ittata	2
ittataa	3
ittataake	1
itte	1
ittete	1
itteteeɓe	1
itti	9
ittu	2
ittugo	10
ittuki	5
iwa	3
iwaay	15
iwaayno	1
iwan	3
iwanŋgu	1
iwanɗo	1
iwata	5
iwataa	3
iwi	110
iwino	1
iwka	1
iwnde	8
iwndu	4
iwŋgal	4
iwŋge	1
iwŋgel	1
iwŋgol	1
iwŋgu	5
iwɓe	16
iwɗe	4
iwɗi	1
iwɗo	11
iwɗon	2
iyeende	11
jaabaago	5
jaabaaki	6
jaabake	2
jaabanaago	1
jaabano	4
jaabanto	1
jaabataako	4
jaabi	224
jaabo	2
jaabori	1
jaaborto	1
jaaboto	9
jaagorɓe	3
jaagorɗo	29
jaajiihi	1
jaalaago	5
jaalaama	1
jaalake	3
jaalataako	1
jaali	6
jaaliiɓe	4
jaaliiɗo	4
jaalo	9
jaalora	1
jaalorgal	10
jaalori	2
jaaloto	4
jaarta	1
jaartirɗum	2
jaartugo	1
jaasŋgal	1
jaasɗum	2
jaati	5
jaawaabu	5
jaawaabuuji	1
jaawal	4
jaaŋgol	4
jaaɓi	1
jaaɓruɗum	2
jabuura	1
jabuuraaje	1
jagganaago	1
jaggiiɓe	1
jaggiiɗo	4
jahaale	4
jahaaŋgal	24
jahannama	11
jahanŋgal	2
jahanɗe	1
jahanɗo	1
jahe	3
jahranŋgal	1
jahranŋgol	4
jahranɗi	1
jahreteeɗo	2
jakka	3
jalbita	2
jalbiti	1
jam	67
jama'aaje	31
jama'aare	106
jamanu	26
jamanuuji	9
jamanuuru	12
jamba	1
jambaago	2
jambi	4
jambiiɗo	1
jambo	2
jamboto	9
jambotooɓe	1
jambotooɗo	9
jame	1
jamnan	1
jamo	5
jamre	1
jamɗe	4
jamɗitinaaɗo	1
jamɗitinki	1
janannal	2
jananne	6
jananno	8
janannol	1
jananɓe	11
jancugo	2
jardugel	26
jarne	7
jarnoowo	2
jaroowo	2
jarraba	1
jarriba	2
jarribaago	7
jarribaama	1
jarribake	2
jarribataake	1
jarribataako	1
jarribeeki	6
jarribi	2
jarribo	2
jarriboowo	1
jarriboto	1
jaw	2
jawdi	44
jawgel	37
jawleeji	1
jawleeru	2
jawmam	1
jawmiiji'en	1
jawmiiko	2
jawmiire	1
jawmiraawo	1
jawmiraaɓe	13
jawmu	24
jawmum	3
jawɗi	4
jayli	2
jaytunhi	7
jaytunje	1
jayŋgol	11
jaŋga	3
jaŋgaay	1
jaŋgan	1
jaŋgango	1
jaŋganɗo	1
jaŋgata	1
jaŋgi	5
jaŋgingo	1
jaŋgini	1
jaŋginoowo	8
jaŋginooɓe	7
jaŋgirde	1
jaŋgo	20
jaŋgoowo	2
jaŋgugo	7
jaŋguki	1
jaŋguɓe	1
jaŋkiniiɗe	1
jaŋɗe	1
jaɓ	3
jaɓa	8
jaɓaay	10
jaɓan	9
jaɓana	1
jaɓanan	1
jaɓanno	2
jaɓantaa	1
jaɓanɓe	2
jaɓanɗo	1
jaɓata	2
jaɓataa	1
jaɓeteeɗe	1
jaɓeteeɗo	2
jaɓi	43
jaɓino	1
jaɓooɓe	1
jaɓri	2
jaɓta	3
jaɓtata	2
jaɓtatammi	1
jaɓteego	1
jaɓti	2
jaɓtino	1
jaɓtoowo	1
jaɓtooɓe	2
jaɓtugo	3
jaɓugo	17
jaɓɓa	1
jaɓɓaago	5
jaɓɓataako	1
jaɓɓe	3
jaɓɓi	12
jaɓɓiiɗo	1
jaɓɓitaago	1
jaɓɓiti	11
jaɓɓito	4
jaɓɓo	2
jaɓɓorto	1
jaɓɓotiri	1
jeende	1
jeenoowo	6
jeenooɓe	7
jeeɗi	2
jeeɗo	3
jemma	41
jemmaaje	3
jemmaare	13
jeyaaɓe	8
jeyaaɗo	3
jeyi	6
jeynitaaje	1
jeynitaare	2
jeynitiiɓe	1
jeŋgi	1
jigaaje	2
jiiba	2
jiibaaji	1
jiija	1
jiiji	1
jiijiiɓe	3
jiijiiɗe	1
jiijiiɗo	1
jiiɓa	1
jiiɓaaɗum	1
jiiɓi	8
jillaay	1
jillindiraaɗum	2
jillindiri	2
jillindirtaa	1
jinna	1
jinnan	1
jinnanŋgol	1
jinnataa	4
jinni	4
jinnirta	1
jinnugo	1
jippa	2
jippaago	2
jippaaki	1
jippake	2
jippanake	1
jippi	16
jippiinde	1
jippiindu	2
jippina	1
jippingo	1
jippini	4
jippo	16
jipporde	2
jippori	1
jippoto	3
jiŋgi	1
jiŋgina	2
jiŋginafa	1
jiŋguɗo	1
jo''idini	1
jo''ina	2
jo''inaama	1
jo''inaay	4
jo''inaaɗe	2
jo''inan	4
jo''inanta	1
jo''ini	11
jo''inirde	1
jo''inirɗe	2
jo''inirɗum	5
jo''intaa	1
joga	1
jogaago	7
jogaaki	2
jogataako	1
jogeego	2
jogi	22
jogiiɓe	5
jogiiɗo	3
jogitaaki	1
jogitam	1
jogiti	2
jogito	1
jogo	3
jogoowo	2
jogoto	1
jokke	2
jokki	2
jokkira	1
jokkirgol	8
jokkirli	9
jokkiroowo	1
jokkirooɓe	1
jokkirtaa	1
jomnoowo	5
jomnooɓe	10
jomorgol	15
jonta	208
jonta'en	5
jontaajam	1
jontaaje	4
jontaajum	1
jontaaru	6
jontawal	1
jontawol	1
joole	8
joonde	40
joorŋgal	1
joote	3
jooɗa	4
jooɗaago	20
jooɗake	2
jooɗataako	6
jooɗi	96
jooɗiiŋgol	2
jooɗiiɓe	21
jooɗiiɗo	18
jooɗino	3
jooɗo	17
jooɗodaago	4
jooɗodi	5
jooɗodiiɓe	1
jooɗodo	1
jooɗori	4
jooɗorɗe	2
jooɗoto	16
jooɗoyi	1
jowaaɗo	1
jowaɓal	1
jowaɓre	2
joweego	21
joweego'owal	1
joweegoore	1
joweegooru	1
joweenayaɓal	1
joweenayi	10
joweetataɓal	1
joweetataɓre	3
joweetati	7
joweeɗiɗawre	4
joweeɗiɗaɓal	1
joweeɗiɗi	56
jowi	40
jubaaji	9
jubaawol	10
jubi	3
juboto	1
juhuki	1
junuuba	2
juraago	8
jurataako	1
juro	10
juroro	2
jurortaako	2
jurorto	1
jurortooɓe	1
jurotooɓe	2
jurumɗi	1
jurumɗo	13
juulde	59
juulnaago	8
juulnaaki	2
juulnaakino	1
juulni	4
juulniiɓe	4
juulniiɗo	3
juulno	2
juulnol	18
juulnolfa	1
juulnolfe	1
juulnotooɓe	3
juulnugo	2
juulnugofi	1
juura	3
juutaay	1
juutiri	1
juutɗi	1
juuɗe	99
juuɗɗi	1
juŋŋgo	96
ka	201
ka'a	17
kaa'e	47
kaafaaje	7
kaafahi	23
kaaja	1
kaajal	16
kaaji	3
kaajindira	1
kaajindirki	1
kaajuɗi	2
kaaka	13
kaakaaji	45
kaakiraawo	2
kaakiraaɓe	6
kaandi	3
kaara	1
kaare	1
kaari	9
kaataakooje	1
kaayeefi	23
kaayeefiije	5
kaayeefiiji	45
kaayeefiire	1
kaayeefiwal	1
kaayeefiwol	8
kaaɗɗam	3
kaaɗɗum	1
kadi	24
kadiboo	5
kaja	3
kakkila	4
kakkilana	6
kakkilanaay	2
kakkilananɗo	2
kakkilane	1
kakkilani	2
kakkile	10
kakkili	1
kakkilɗo	4
kal	23
kalfina	2
kalfinaama	1
kalfinaami	1
kalfinaandi	1
kalfinaaɗo	4
kalfinaɗa	2
kalfini	4
kalhali	2
kaliifaajo	8
kaliifaaku	2
kalka	4
kalkaay	1
kalkan	7
kalkanɗi	1
kalkete	1
kalketeeɗo	1
kalki	10
kalkira	2
kalkiran	1
kalkooje	1
kalkooji	2
kalkoowo	1
kalkoowol	1
kalku	1
kalli	1
kallina	2
kallinan	2
kallinta	1
kalluka	40
kalluki	3
kallundi	1
kalluŋgal	2
kalluŋgol	11
kalluɗe	34
kalluɗi	32
kalluɗo	22
kalluɗum	20
kam	317
kamɓe	65
kan	1
kanje	7
kanji	3
kanjum	44
kanyakanyaaji	2
kanyakanyaajife	1
kanyakanyaawu	6
karamɗe	1
karamɗi	2
karamɗum	6
karfeeje	2
karli	1
karminaaɗi	1
kasa	7
kasni	2
kawritan	1
kawta	17
kawtaay	1
kawtal	78
kawtata	1
kawtataa	2
kawtataano	1
kawte	5
kawti	41
kawtirɗe	2
kawtiɗɗiraawo	1
kawye	3
kawyeeji	6
kaye	5
kayniiɗe	3
kayniiɗum	1
kayre	5
kayri	1
kayru	2
kayto	2
kayɗina	2
kayɗinan	1
kayɗine	2
kayɗini	53
kayɗiniika	2
kayɗiniiɗi	2
kaŋga	2
kaŋgal	1
kaŋgeeri	47
kaŋgel	1
kaŋgo	1
kaŋgol	2
kaŋgu	2
kaŋka	1
kaŋko	222
kaɓa	4
kaɓaay	1
kaɓan	1
kaɓanɗi	1
kaɓata	2
kaɓataa	2
kaɓda	4
kaɓde	1
kaɓdi	3
kaɓe	2
kaɓi	2
kaɓɓa	3
kaɓɓaama	1
kaɓɓaandi	1
kaɓɓaaɗi	1
kaɓɓaaɗo	20
kaɓɓaaɗono	2
kaɓɓan	1
kaɓɓanmi	1
kaɓɓi	14
kaɓɓorli	1
kaɓɓumi	1
kaɓɓuno	1
kaɓɓuɗi	1
kaɓɓuɗo	2
kaɗa	2
kaɗan	1
kaɗanɗo	1
kaɗata	1
kaɗe	7
kaɗi	9
ke'aay	3
ke'aayno	1
ke'anno	1
ke'ataa	1
ke'i	5
ke'iiɗo	1
kebbaaki	1
kebbinaaŋgu	1
kebbinaaɗo	2
kebbinanɗo	2
kebbini	9
kebbinirta	1
kebbinki	2
kebbintaa	1
kebbitina	1
keccal	1
kecce	1
keccel	1
keccoy	1
keeddiɗɗa	1
keeddiɗɗiiko	1
keeddiɗɗiraawo	9
keeddiɗɗum	6
keenya	2
keeri	4
keerol	14
keewa	5
keewan	1
keewe	1
keewi	14
keewŋgal	2
keewŋgol	2
keewɗe	6
keewɗi	1
keewɗo	7
keni	5
keppi	1
keruba'en	1
kesa	4
kesal	8
kesam	21
kese	4
kesel	3
kesi	4
keso	7
kesol	5
kesri	1
kesu	3
kesum	2
kesɗita	1
kesɗiti	2
kewal	1
keɓa	56
keɓaay	32
keɓaayno	1
keɓal	6
keɓan	54
keɓana	2
keɓanan	1
keɓanka	1
keɓanno	2
keɓanɗi	2
keɓata	4
keɓataa	20
keɓen	1
keɓeten	2
keɓi	76
keɓmi	6
keɓnooɗon	1
keɓon	6
keɓoton	1
keɓra	3
keɓranmi	1
keɓranɗo	1
keɓrata	5
keɓri	1
keɓruɗen	2
keɓta	4
keɓtaay	2
keɓtan	4
keɓtataa	3
keɓti	1
keɓtirten	1
keɓɗa	2
keɓɗe	2
keɓɗen	8
keɓɗi	1
keɓɗo	6
keɓɗon	4
keɗitittaako	1
keɗito	2
ki	74
ki'i	1
kiccaaji	4
kiikiɗe	6
kiiloowo	1
kiirtaari	11
kiirtidi	1
kiirto	1
kiita	116
kiitaaji	3
kiitaama	3
kiitaaɗo	1
kiitake	1
kiite	4
kiiteteeɗo	2
kiiti	6
kiito	6
kiitoowo	16
kiitore	1
kiitori	1
kiitoriimi	1
kiitorte	1
kiitoto	8
kiiɗŋgu	2
kiiɗɗam	2
kiiɗɗe	8
kiiɗɗi	1
kiiɗɗum	2
kilaajo	1
kilo	4
kilomeeta	8
kinnotoomi	1
kippi	4
kippol	2
kir?indiran	4
kir?indiri	1
kirisoliti	1
kirisoparasu	1
kirsaama	1
kirsaaŋga	1
kirsaaŋgel	8
kirsaaɗi	9
kirsaaɗum	1
kirsata	3
kirse	1
kirseteeŋga	2
kirseteeɗi	14
kirsirɗe	1
kirsol	1
kisa	8
kisaay	1
kisan	7
kisanno	1
kisata	1
kisataa	2
kisi	5
kisino	1
kisnan	2
kisnanɗe	1
kisnanɗo	1
kisndam	39
kisne	1
kisnoowo	12
kisnuɗo	1
kisoton	1
kisra	1
kisrata	3
kisroton	2
kisrumi	1
ko	985
ko'e	158
kobo	1
koboore	1
kofi	1
kofo	1
kolla	6
kolle	3
kolli	4
kolluɗo	1
kolobaaji	1
kombi	48
kona	1
koni	17
konnaagu	5
konne'en	31
konneeji	1
konneejo	15
konu	12
konuuji	3
koo	316
koo'aay	1
koo'e	2
koo'i	10
koocaay	1
koode	20
koofli	1
koofna	5
koofne	2
koofni	13
koofŋgol	3
kookaye	2
kookiye	1
kookoye	1
koola	3
koolaaɗo	16
kooli	25
kooliimi	1
koolniiŋgol	1
koolniiɗe	3
koolniiɗo	11
koolo	7
koombooje	10
koombowal	101
koombowalfa	1
koombowalfe	2
koombowalfi	2
koombowalfo	1
koombowalfu	2
koomoy	183
koomoye	1
koonal	2
koondey	9
koondeye	8
koondeyeere	3
koondiye	1
koonduye	2
koonoy	7
koosa	2
koosan	4
kooseeje	15
koosi	11
koota	3
kooti	7
kootidi	2
kootoy	37
koowaagol	1
kooŋgale	6
kooŋgele	1
kooŋgole	4
kooŋgoye	3
kooŋguye	1
kooɓeye	5
kooɗeye	8
kooɗiye	4
kooɗume	182
koppi	23
koppoowo	3
kora	1
koromje	4
koromwal	3
korɗo	6
kosam	5
kosŋgal	8
kosɗe	66
kowaagol	1
koy	18
koynana	1
koyŋgol	1
koyɗi	1
koyɗol	11
koyɗum	3
koŋgol	16
koŋguɗi	2
koŋsiire	1
koɗo	6
koɗono	2
kubar	38
kubaru	3
kubaruuji	13
kubaruwol	44
kufna	1
kujjotiri	2
kula	16
kulaay	3
kulan	3
kulataa	2
kule	7
kuli	17
kulna	1
kulnataa	1
kulniiɗum	3
kulol	39
kultora	2
kultore	13
kultoreeŋgol	1
kultori	22
kultorɗon	2
kulɗo	2
kumi	1
kumpiti	1
kumtanammi	1
kumtani	1
kunayeeje	3
kunduɗe	17
kune	1
kunore	5
kur'u	2
kurgoowo	2
kurgun	1
kuri	1
kuroori	7
kurum	1
kusel	25
kuturu'en	4
kuturuujo	6
kuudi	6
kuuduuje	4
kuugal	161
kuuje	251
kuuwa	59
kuuwaay	3
kuuwaayno	1
kuuwaaɗi	3
kuuwan	5
kuuwana	16
kuuwananmi	1
kuuwane	4
kuuwani	2
kuuwanmi	4
kuuwanno	1
kuuwano	3
kuuwanoowo	13
kuuwanta	1
kuuwantaa	1
kuuwanɗo	4
kuuwata	11
kuuwataa	3
kuuwda	3
kuuwdata	1
kuuwdiɗɗiraawo	5
kuuwdoowo	6
kuuwe	13
kuuwen	1
kuuweteeɗum	1
kuuwi	25
kuuwindira	1
kuuwino	1
kuuwmi	2
kuuwno	1
kuuwon	1
kuuwooje	1
kuuwoowo	19
kuuwoton	2
kuuwraandi	1
kuuwraaɗe	4
kuuwraaɗi	1
kuuwranmi	1
kuuwranta	1
kuuwrata	3
kuuwreten	1
kuuwri	1
kuuwroton	1
kuuwtinira	4
kuuwtiniraay	1
kuuwtinire	2
kuuwtinirtaa	1
kuuwɗo	3
kuuŋga	11
kuuɗe	198
kuɓɓa	1
kuɓɓaaŋga	1
kuɓɓanɗi	1
kuɓɓi	3
kuɗa	4
kuɗan	3
kuɗanɗe	2
kuɗel	6
kuɗi	15
kuɗindire	1
kuɗooje	1
laabi	18
laafuɓe	5
laafuɗo	9
laalaaje	1
laamaago	2
laamake	1
laamakeno	1
laamana	2
laamanaago	3
laamane	1
laamani	6
laamaniiɓe	1
laamaniiɗi	1
laamano	16
laamantaako	1
laamanto	3
laamantooŋgel	1
laami	3
laamiiɓe	28
laamiiɗo	116
laamlaamɓe	2
laamo	4
laamodoto	1
laamorde	2
laamori	1
laamoto	5
laamu	210
laamuuji	6
laamɓe	1
laamɗo	1
laanya	1
laanyi	1
laanyirgel	1
laanyirɗe	1
laanyoowo	2
laanyooɓe	3
laanyugo	1
laar	7
laara	20
laaraay	1
laarammi	1
laaranɓe	1
laarataa	1
laare	1
laareego	1
laareteende	1
laareteeɓe	1
laari	31
laarlaarni	1
laarndaago	1
laaru	1
laarugo	26
laata	1
laataago	37
laataaki	76
laataakino	1
laatake	29
laatakeno	1
laatana	1
laatanake	3
laatane	1
laatani	30
laatano	45
laatantaako	1
laatante	2
laatanto	77
laatantooɗe	1
laatataako	13
laatataakono	1
laate	14
laati	250
laatiimi	2
laatiinde	1
laatiiɓe	14
laatiiɗe	4
laatiiɗen	2
laatiiɗo	5
laatiiɗon	2
laatina	8
laatinaay	1
laatinan	6
laatine	1
laatini	20
laatiniri	1
laatino	25
laatinooɗo	1
laatinooɗon	1
laatinta	1
laato	166
laatorano	1
laatori	14
laatorino	1
laatorto	15
laatoto	117
laatotono	2
laawol	148
laaɓa-ɓerndeejo	1
laaɓa-ɓerɗe'en	2
laaɓaay	5
laaɓan	2
laaɓeeŋga	6
laaɓi	8
laaɓka	2
laaɓnde	8
laaɓndi	3
laaɓrata	1
laaɓugo	3
laaɓŋgal	2
laaɓŋgel	1
laaɓŋgo	5
laaɓŋgol	2
laaɓŋgu	1
laaɓɓe	11
laaɓɗe	10
laaɓɗi	1
laaɓɗo	6
laaɓɗum	34
labbe	1
labbi	28
labbo	1
ladde	57
laddehi	2
ladooji	4
lagaawal	1
lamba	21
lammeeŋga	5
lamminan	2
lamminirta	1
lammuɗam	4
lammuɗum	1
laral	3
lare	5
laruuraaji	3
lati	1
law	74
lawru	7
layaaji	1
layannde	1
laymaaji	4
laymaaru	14
laɓaay	1
laɓaŋge	1
laɓi	1
laɓugo	2
laɓɓina	3
laɓɓinaama	2
laɓɓinaamano	1
laɓɓinaaɓe	1
laɓɓinaaɗe	1
laɓɓinan	4
laɓɓinani	1
laɓɓingo	3
laɓɓini	8
laɓɓinirta	1
laɓɓinki	1
laɓɓinu	1
laɓɗo	1
laɗɗe	2
le	21
le'al	4
le'i	11
lebbi	17
leekuuje	1
leese	6
leesna	2
leesneteeɗo	2
leesni	5
leesniri	1
leeso	48
leestana	3
leestane	1
leestango	2
leestani	3
leestina	1
leestinammi	1
leestini	4
leestinteeɗo	1
leestirana	1
leesugo	8
leesɓe	13
leesɗe	2
leesɗi	1
leesɗo	2
leggal	59
lekki	19
lema	2
lenyol	25
leppel	4
leppi	5
leppol	2
les	26
lesdi	353
lesdiiru	2
lesɗe	16
lewru	11
leɗɗe	25
lice	13
lii'a	3
lii'aago	3
lii'aama	1
lii'anaago	1
lii'anaaɗi	1
lii'anake	1
lii'aneego	1
lii'ani	4
lii'ano	6
lii'anooɓe	1
lii'antaako	1
lii'anto	1
lii'o	3
lii'oto	1
lii'otooŋgal	1
lii'otooɓe	1
lii'otooɓeno	1
liitir	2
liiŋgu	5
likoniire	1
lim	1
lima	2
limaaka	3
limaayno	1
limaaɓe	1
limaaɗi	2
liman'en	146
limana	1
limanaay	1
limanan	2
limani	5
limanjo	15
limanku	10
limantaa	1
limataa	3
limataake	1
limataako	1
limce	115
limete	1
limeteeɗo	1
limgal	13
limi	4
limino	1
limseeji	1
limta	1
limtugo	1
limugo	1
linjiila	89
linya	10
linye	1
linyi	5
linyira	1
linyoowo	4
linyugo	6
lipilaare	1
lisaafi	4
lisal	2
liɗɗi	33
loope	6
loorɗe	2
loosol	1
loota	4
lootaama	1
lootaay	3
lootan	1
lootanam	1
lootanooma	1
lootata	1
lootataa	2
loote	2
looti	6
lootindira	1
lootu	1
lootugo	6
lootɓe	1
loowa	2
loowata	2
loowataa	1
loowugo	1
looɗe	2
loraago	6
lorake	4
lori	40
loriiɓe	2
lorino	1
lorna	3
lornammi	1
lornan	2
lornana	2
lornango	1
lornani	1
lornante	1
lornatam	1
lorne	1
lorni	5
lornugo	1
loro	12
loroto	11
lorotooɗen	1
lorotooɗon	1
lorta	1
lortaago	2
lortake	2
lorti	17
lortine	1
lorto	3
losi	4
lowi	2
lowol	5
loŋgere	5
luggaay	3
luggeeŋga	3
luggi	1
luggiri	1
lugguka	11
lugguŋgal	8
lugguɗam	2
lugguɗi	2
lukkataa	1
lukki	2
lukkoowo	1
lutta	1
luttaay	1
luttan	2
luttani	7
luttanno	1
luttata	4
luttataa	3
lutti	23
luttidi	1
luttundi	1
luttuno	1
luttuɓe	38
luttuɗe	2
luttuɗi	4
luttuɗum	9
luuluuje	7
luuluuri	2
luumo	7
luural	4
luuri	3
luuta	8
luutanɗe	1
luuti	16
luutira	1
luutka	2
luutooɓe	7
luutugo	3
luutɓe	1
luutɗo	2
luuwe	6
luuɓe	5
luuɓnirta	1
luuɗu'en	1
luuɗu'enfa	1
luwal	14
luwe	11
ma	578
ma''annde	2
ma''e	2
ma''ere	4
ma''i	3
ma''irta	2
maa	19
maaga	21
maagal	10
maage	1
maagel	39
maago	10
maagol	37
maagu	4
maajam	2
maaje	41
maaji	32
maajum	761
maaka	11
maaki	22
maako	1480
maakoy	10
maama	2
maana	4
maande	1
maare	39
maari	14
maaru	30
maata	3
maataay	1
maatan	1
maatataa	1
maaten	1
maati	10
maatina	1
maatugo	4
maatuɗo	1
maaya	20
maayaay	6
maayaayno	1
maayan	16
maayanndu	2
maayanɓe	2
maayanɗi	3
maayanɗo	1
maayanɗum	1
maayata	1
maayataa	14
maayataano	2
maayda	3
maayde	169
maaydi	5
maayel	1
maayeten	1
maayi	92
maayino	1
maaynataa	1
maayndu	1
maayni	1
maayno	2
maaynooɓe	1
maayo	40
maayooɓe	1
maayrata	1
maayri	2
maayugo	18
maayɓe	89
maayɓeno	2
maayɗo	22
maaɗa	201
maccuɓe	27
maccuɓeno	1
maccuɗo	27
maha	10
mahaama	2
mahaandu	2
mahaaɗi	1
mahani	1
maharaandu	1
mahata	1
mahi	7
mahino	1
mahira	1
mahita	1
mahitan	2
mahol	8
mahoowo	4
mahrata	1
mahruɗe	1
mahugo	3
mahɗo	4
majja	3
majjaayno	1
majjan	6
majjanɓe	3
majjataa	1
majjere	2
majji	15
majjina	11
majjinaay	1
majjinan	9
majjingo	1
majjini	14
majjinooŋgu	1
majjinta	1
majjira	1
majjiri	4
majjuno	2
majjunoonde	1
majjuŋgu	2
majjuɓe	4
majjuɗe	1
majjuɗi	4
majjuɗo	1
makala	1
makka	9
makki	3
malaa'ika'en	77
malaa'ikaajo	93
malla	277
mallimallooje	4
man	515
mana	4
manataa	2
manda	4
manfa	1
mani	2
mannu	3
manoore	1
mantaago	3
mantataako	1
manto	2
mantooje	1
mantoore	1
mantoraago	7
mantoraaki	1
mantorake	1
mantori	2
mantorino	1
mantoro	10
mantorto	4
mantortoomi	1
mantotooɗo	1
mara	11
maraay	13
maraaɓe	1
maral	20
maran	2
marata	2
marataa	1
mari	81
marki	1
markoy	1
marmi	6
marna	1
marnan	1
marnde	3
marndi	1
marndu	2
marno	1
marnooɗo	3
marugo	4
marŋga	2
marŋgol	2
marɓe	79
marɗa	5
marɗe	13
marɗi	3
marɗo	62
marɗon	4
marɗum	1
masar	1
masiibo	1
masiibooji	12
masin	186
maslindire	1
mawna	11
mawnan	1
mawnde	27
mawndi	4
mawndu	3
mawni	14
mawnidi	3
mawnina	6
mawninaay	1
mawningo	3
mawnini	6
mawninki	2
mawninoowo	1
mawninteeɗo	1
mawniri	2
mawnirta	1
mawnitaago	3
mawnitaare	5
mawnite	2
mawniti	1
mawnitiiɓe	3
mawnitiiɗo	3
mawnitittaako	1
mawnititto	1
mawnitittooɓe	2
mawnito	6
mawnugo	24
mawɓe	122
mawɗam	1
mawɗe	20
mawɗi	11
mawɗo	77
mawɗum	2
mayramjo	1
mayramjofa	1
maŋga	2
maŋgal	12
maŋgo	20
maŋgol	14
maŋgta	10
maŋgtan	1
maŋgtanɓe	1
maŋgte	2
maŋgten	2
maŋgti	7
maŋgtooje	2
maŋgtoore	6
maŋgtugo	4
maŋgu	50
maɓɓaama	2
maɓɓaaŋgol	1
maɓɓaaɗi	1
maɓɓana	1
maɓɓanaay	1
maɓɓani	1
maɓɓataako	1
maɓɓe	830
maɓɓete	1
maɓɓi	10
maɓɓiri	1
maɓɓirɗe	1
maɓɓita	5
maɓɓitaaki	1
maɓɓitaama	3
maɓɓitaay	1
maɓɓitaaŋgal	1
maɓɓitaaŋgel	2
maɓɓitake	1
maɓɓitan	2
maɓɓitana	1
maɓɓitanan	5
maɓɓitani	5
maɓɓite	1
maɓɓiti	26
maɓɓitiiɗe	1
maɓɓitirgel	1
maɓɓitiri	1
maɓɓitirɗum	3
maɓɓitugo	2
maɓɓu	2
maɓɓugo	2
mba''aawa	1
mba''i	2
mba''ini	1
mba'i	3
mba'ino	1
mbaagi	1
mbaalda	1
mbaaldaay	1
mbaali	4
mbaaloto	1
mbaaltani	1
mbaalu	5
mbaatataa	3
mbaate	3
mbaateendam'en	7
mbaateendamjo	1
mbaati	2
mbaawa	3
mbaawaay	22
mbaawan	19
mbaawanno	1
mbaawataa	40
mbaawi	8
mbaawino	1
mbaawrata	7
mbaawɗon	1
mbakki	5
mbal	1
mballa	13
mballaay	1
mballammi	2
mballe	1
mballi	4
mballina	4
mballinan	1
mballindira	4
mballindire	4
mballini	9
mballinmi	2
mballinno	1
mballira	1
mballiri	1
mballuno	1
mbalmi	1
mbami	3
mbar	6
mbar-hoore	5
mbar-hooreeji	2
mbara	23
mbaraaka	1
mbaraama	1
mbaraay	2
mbaraaɓe	4
mbaraaɗo	1
mbarammi	2
mbaran	17
mbaratam	1
mbare	3
mbareego	15
mbareeki	2
mbaren	1
mbareteeɓe	1
mbareteeɗo	3
mbari	41
mbarjaari	21
mbarjo	1
mbarki	1
mbarkiɗina	2
mbarmbartira	1
mbarno	2
mbarnooɓe	1
mbarooga	7
mbaroojam	1
mbaroowo	7
mbarooɓe	6
mbarto	1
mbarugo	49
mbarɗa	1
mbattudi	8
mbattudifa	1
mbattudife	2
mbaŋga	4
mbaŋgan	6
mbaŋgani	4
mbaŋgi	6
mbaŋgina	12
mbaŋginaay	1
mbaŋginan	2
mbaŋginanŋgu	1
mbaŋginanɗam	1
mbaŋgine	2
mbaŋgini	4
mbaŋginira	1
mbaŋginta	2
mbaŋgirta	1
mbaŋgirton	1
mbaŋgoya	1
mbaɗa	60
mbaɗaaka	1
mbaɗaay	7
mbaɗammi	1
mbaɗan	13
mbaɗana	3
mbaɗanaay	1
mbaɗanan	1
mbaɗananmi	1
mbaɗane	4
mbaɗani	7
mbaɗanmi	9
mbaɗata	29
mbaɗataa	4
mbaɗe	14
mbaɗen	1
mbaɗeten	2
mbaɗi	104
mbaɗino	3
mbaɗmi	3
mbaɗno	4
mbaɗoto	1
mbaɗoton	4
mbaɗɗa	2
mbaɗɗon	2
mbe''iti	3
mbeela	19
mbeelaaŋga	1
mbeelu	1
mbeernaari	1
mbeernaay	1
mbeerni	3
mbeeɗa	1
mbeeɗi	1
mbeldiiji	1
mbelndi	1
mbelwen	1
mbelɗam	2
mbembi	1
mbemboto	1
mbi'a	88
mbi'aama	2
mbi'aay	1
mbi'an	15
mbi'ana	1
mbi'ani	3
mbi'anmi	12
mbi'anta	1
mbi'ata	29
mbi'ataa	1
mbi'atam	2
mbi'e	16
mbi'eteendi	4
mbi'eteeɗam	1
mbi'eten	7
mbi'i	305
mbi'mbi'tiri	5
mbi'mi	17
mbi'no	7
mbi'noomi	1
mbi'on	1
mbi'oton	7
mbi'rata	3
mbi'rumi	1
mbi'ɗa	4
mbi'ɗon	4
mbicca	1
mbiccaama	1
mbiccaaɗam	1
mbifa	1
mbilan	1
mbiliti	3
mbinda	3
mbindaaka	3
mbindaama	9
mbindana	4
mbindani	4
mbindanmi	6
mbindano	1
mbindi	8
mbindino	1
mbindumi	5
mbinduɗon	1
mbo''ina	1
mbo''itina	2
mbolida	3
mbolwa	27
mbolwaama	1
mbolwaay	3
mbolwan	3
mbolwana	1
mbolwani	6
mbolwanmi	4
mbolwanta	1
mbolwata	8
mbolwe	3
mbolwi	30
mbolwiranmi	1
mbolwirta	2
mbolwirton	1
mbolwoton	2
mbolwumi	1
mbonna	7
mbonnaay	1
mbonnan	1
mbonnata	1
mbonnataa	1
mbonnataako	1
mbonne	1
mbonni	3
mbonniri	1
mbonnirta	1
mbonno	1
mbonnoto	1
mboodi	11
mboofa	7
mboofi	1
mbooji	1
mboonana	1
mboonani	1
mboondi	8
mboonindire	1
mboowi	5
mboowran	1
mbooɗaay	1
mbooɗan	1
mbooɗataa	1
mbooɗeeŋga	54
mbooɗi	1
mbooɗiri	1
mbooɗka	4
mbooɗŋgu	5
mbooɗɗam	2
mbosam	1
mboya	4
mboyaay	2
mboyan	10
mboyani	1
mboyata	1
mboyde	1
mboye	4
mboyeeɗam	1
mboyi	3
mboɗeeri	5
mboɗeewa	2
mboɗeewu	1
mbulku	4
mbulwuldi	9
mbulwuldiijo	1
mbuma	1
mbumndam	1
mbumti	2
mbumtiri	1
mbustataake	1
mbustu	1
mbuuri	2
meem	2
meema	6
meemaay	1
meeman	1
meemataa	3
meemete	1
meemi	25
meemugo	5
meemɓe	1
meemɗo	1
meere	62
meere'en	7
meereeje	8
meereeji	6
meereejo	2
meereejum	1
meeriɗina	5
meeriɗingo	2
meeriɗini	6
meeriɗiniri	1
meeriɗintaa	1
meeta	12
meetaay	3
meetaleeji	4
meetaleewol	12
meetata	1
meetataa	29
meeti	2
meetu	3
meeɗa	1
meeɗaay	56
meeɗaayno	1
meeɗataa	2
meeɗen	235
meeɗi	17
meeɗino	2
meeɗɗo	3
men	187
metta	1
mettaago	1
mettamɓeram	4
mettataako	1
metteeŋga	1
metti	6
mettina	1
mettine	2
mettini	1
mettuɗe	1
mi	1675
miijo	1
miliyoŋji	2
mimsitaago	1
mimsitaaki	1
mimsitaare	2
mimsitittaako	1
mimsito	1
min	993
minin	44
minti	2
minyiraawo	1
mirra	1
misaalu	17
misaaluuji	1
misaaluwol	1
mo	2547
mo''ana	4
mo''ani	11
mo''e	1
mo''ere	78
mo''in	1
mo''ina	3
mo''inaandu	2
mo''inaaɓe	1
mo''inan	1
mo''ingo	1
mo''inta	1
mo''intaa	1
mo''itin	1
mo''itina	1
mo''itinaandu	1
mojaare	7
moji	3
molde	6
mon	313
mone	1
moo?u	1
mooci	1
moodibbo	19
moodibboojo	2
moodiɓɓe	58
moolooji	3
moolooru	2
moorugo	1
moorɗi	1
moota	4
mootaaji	2
mooɓaama	1
mooɓe	6
mooɓgal	1
mooɓi	10
mooɓotiri	1
mooɓre	51
mooɓta	7
mooɓtaago	4
mooɓtaay	1
mooɓtake	2
mooɓtan	4
mooɓtane	1
mooɓtataa	1
mooɓte	1
mooɓteteeɓe	1
mooɓti	38
mooɓtiiɓe	3
mooɓtino	1
mooɓtirta	2
mooɓto	4
mooɓtorde	17
mooɓtoto	4
mooɓtotooɓe	4
mooɓtugo	9
mooɗon	694
moy	80
moye	9
moyti	1
moytira	1
moɗa	1
moɗi	2
moɗindira	1
mum	349
mum'en	10
munya	2
munyal	35
munyan	1
munyana	13
munyanam	2
munyanammi	1
munyanan	4
munyananmi	1
munyananɓe	1
munyane	1
munyaneeɗam	1
munyango	3
munyani	9
munyanta	1
munyantaa	3
munye	3
munyi	11
munyindire	1
munyiri	2
munyon	1
munyrata	1
munyugo	5
munyɓe	3
munyɗo	2
musina	2
musinankoy	2
musineego	1
musininanɓe	1
musininooɓe	2
musinta	1
musinɗa	1
muti	4
mutugo	3
muudoore	1
muuka'en	3
muukaaji	1
muukaajo	3
muukaare	1
muukawol	1
muukɗinŋgol	1
muuya	1
muuyaay	1
muuyaaɗo	7
muuyani	1
muuyi	26
muuymi	1
muuyno	1
muuyo	56
muuyɗo	1
muuɗum	468
muuɗum'en	97
na	392
na'i	3
naa	188
naafikaaku	2
naafikaare	8
naafiki'en	21
naafikiijo	2
naalaaɓe	2
naalaaɗo	3
naalam	1
naalan	1
naalanɓe	1
naali	3
naalooje	1
naaloore	8
naane	41
naargeeji	1
naargewol	1
naatalmaajo	1
naawan	2
naawanŋgal	1
naawataa	1
naawataano	1
naawatammi	1
naaweeŋga	4
naawi	13
naawino	1
naawka	1
naawna	3
naawnataa	1
naawnde	2
naawneego	1
naawni	4
naawnoto	1
naawnu	1
naawnugo	3
naaworlaaji	1
naawugo	2
naawɗe	1
naawɗi	1
naawɗum	4
naaŋge	51
nafa	9
nafaay	6
nafan	8
nafata	18
nafataa	28
nafatam	2
nafatammi	2
nafete	1
nafi	6
nafooje	3
nafoowal	1
nafoowo	1
nafrata	2
naftora	1
naftoraago	1
naftoro	1
nafuda	20
nafugo	8
nagge	1
namarde	2
namdan	2
namooɓe	1
nan	1
nana	56
nanaay	9
nanaayno	1
nanal	2
nanan	11
nanana	3
nananaay	5
nananammi	2
nananan	1
nanane	2
nananeeɗam	2
nanango	8
nanani	4
nananmi	1
nanantaa	1
nananɓe	11
nananɗo	3
nanata	7
nanataa	5
nanda	2
nandaay	4
nandal	1
nandan	4
nandataa	1
nande	2
nandeten	1
nandi	97
nandinan	1
nandinanmi	1
nandingo	1
nandini	1
nandinira	1
nandinirta	2
nandinta	2
nandugo	1
nandunde	1
nandundi	1
nandundu	1
nanduŋgel	1
nanduɓe	1
nanduɗo	4
nane	7
naneego	4
naneteeɗum	1
nani	265
naniri	1
nanirton	1
nanmi	4
nannoomi	1
nano	9
nanooɓe	4
nanoton	3
nanugo	49
nanɓe	9
nanɗa	2
nanɗo	1
nanɗon	1
nardi	2
narra	3
narraay	7
narral	8
narran	1
narrata	2
narrataa	2
narrataano	1
narri	17
narrina	1
narrini	2
narrino	1
narrinooɓe	1
narru	1
narrugo	4
narruɓe	3
nasta	44
nastaay	7
nastaayno	1
nastan	9
nastanɓe	4
nastata	9
nastataa	9
naste	1
nasti	141
nastida	1
nastidi	1
nastin	2
nastina	3
nastinaama	3
nastinaay	1
nastinaaɗe	1
nastinaaɗo	1
nastinan	2
nastine	2
nastineego	1
nastingo	11
nastini	29
nastinirta	1
nastinno	1
nastinta	4
nastintammi	1
nastinte	2
nastiraay	1
nastiri	3
nastirta	1
nastu	3
nastugo	52
nastunooɗo	1
nastuɓe	4
nayaɓal	1
nayaɓo	2
nayaɓre	5
nayeeri	2
nayeeɓe	4
nayi	56
nayo	27
naywa	1
naywi	5
naŋga	19
naŋgaay	3
naŋgaayno	1
naŋgaaɓe	1
naŋgaaɗi	1
naŋgaaɗo	2
naŋgammi	1
naŋgan	6
naŋgataa	3
naŋge	2
naŋgeego	2
naŋgeteeɗo	1
naŋgi	62
naŋgira	7
naŋgirta	1
naŋgta	1
naŋgtaago	1
naŋgtaare	9
naŋgti	1
naŋgtiiɓe	3
naŋgtiiɗo	2
naŋgtugo	1
naŋgudi	1
naŋgugo	18
naŋguɓe	2
ndaa	43
ndaara	33
ndaaran	3
ndaarata	3
ndaarataa	2
ndaare	13
ndaarenma	1
ndaareten	1
ndaari	11
ndaarndaartiri	1
ndaaron	2
ndaaroton	1
ndaayaakino	1
ndaaye	3
ndaayi	1
ndaayiindi	2
ndaayo	2
ndabba	1
ndabbaawa	37
ndagaaki	1
ndaganake	1
ndamma	1
ndaneeha	1
ndaneewu	2
ndanwini	1
ndanya	1
ndanyata	1
ndanye	1
ndanyi	1
ndarataako	1
ndare	2
ndari	35
ndariimi	1
ndarna	2
ndarnata	1
ndarni	4
ndaro	5
ndaroto	5
ndartake	1
ndartani	1
ndartano	1
ndartanto	1
ndasa	1
ndasata	1
ndasi	5
ndawi	1
ndawri	9
ndaɗa	1
ndaɗataa	1
ndaɗɗi	2
nde	600
nde'a	2
nde'e	63
nde'e?	1
nde'ita	2
nde'iti	3
nde'itina	2
nde'itindire	1
nde'itini	3
nde'itiniri	1
ndeena	20
ndeenan	1
ndeenata	4
ndeene	2
ndeeneten	1
ndeeni	3
ndeenoton	4
ndeente	3
ndeentini	1
nden	247
nder	1426
ndesaaji	1
ndesaari	7
ndey	9
ndeya	1
ndeye	19
ndi	74
ndiggi	1
ndiiwa	2
ndiiwan	1
ndiiwe	1
ndiiwi	3
ndiiwranmi	1
ndiiwrata	1
ndikka	14
ndikkana	1
ndikkitini	1
ndilla	16
ndillan	1
ndillani	2
ndille	5
ndillen	5
ndilli	60
ndillidi	1
ndillumi	1
ndimaraaku	1
ndimataa	2
ndimbataako	1
ndimbi	2
ndimbirta	1
ndimboto	3
ndimu	13
ndimɗi	1
ndirti	2
ndirtini	1
ndirto	2
ndiska	1
ndiski	2
ndiskina	1
ndiwna	1
ndiwni	1
ndiwtori	1
ndiyam	116
ndiyamji	1
ndiye	1
ndo''a	3
ndo''aaki	1
ndo''ake	1
ndo''an	3
ndo''e	1
ndo''i	7
ndo''o	4
ndo''oto	2
ndo'ane	1
ndo'ano	3
ndo'anto	1
ndogga	4
ndoggan	2
ndogge	2
ndoggi	18
ndokka	27
ndokkaama	3
ndokkammi	1
ndokkan	16
ndokkanmi	1
ndokkanno	1
ndokkanɗam	1
ndokkata	1
ndokkatammi	1
ndokke	14
ndokki	35
ndokkindiran	1
ndokkiti	2
ndokkitittaa	1
ndokkoowu	1
ndokkumi	1
ndoni	1
ndonŋgu	1
ndoola	1
ndoolaay	1
ndooleeɗam	1
ndooli	4
ndoonda	2
ndoondete	1
ndoondi	11
ndoondo	1
ndotti'en	23
ndottidaay	1
ndottidi	2
ndottiijo	4
ndu	154
ndu'u	15
ndufa	1
ndufaaɗam	11
ndufan	1
ndufanno	2
ndufe	1
ndufi	4
ndujji	1
ndura	2
nduuma	1
nduumiika	2
nduumiiŋgu	3
nduumiiɗam	53
nduumoto	1
nduurataa	1
nduurdi	1
nduuri	2
nduuɓu	1
nduye	1
nduŋganaaka	1
nduŋgani	2
nduŋgantaako	1
ne'e	1
ne'iiɓe	3
ne'iiɗe	1
ne'iiɗo	1
nebbam	16
neeminaare	1
neeɓ	1
neeɓa	2
neeɓa-ɓerɗe'en	1
neeɓaay	5
neeɓataa	3
neeɓi	7
neeɓtinaay	1
neeɓugo	1
nela	13
nelaaka	2
nelaama	1
nelaay	4
nelaaɓe	96
nelaaɗo	38
nelal	2
nelan	14
nelanan	3
nelanmi	1
nelda	2
neldan	3
neldanno	1
neldata	2
neldi	18
neldu	1
neldugo	1
nelduɗon	1
nele	1
nelete	1
neli	116
neliri	1
nelno	4
nelugo	7
nelɓe	2
nelɗo	28
ner	1
neɗɗaaku	5
neɗɗo	105
nga	53
nga'a	1
nga'al	11
ngaaba	7
ngaabotira	3
ngaabotiren	1
ngaabotiri	1
ngaabotirno	1
ngaabotirta	1
ngaafi	1
ngaaja	2
ngaajaay	1
ngaaji	21
ngaajina	12
ngaajinaama	1
ngaajinanmi	2
ngaajindira	1
ngaajindire	1
ngaajine	1
ngaajini	4
ngaajinmi	2
ngaajino	1
ngaajinta	3
ngaajintaa	1
ngaajiranmi	1
ngaajirmi	1
ngaajo	3
ngaajoto	2
ngaajoyi	1
ngaajumi	2
ngaanci	1
ngaari	8
ngaawoowo	1
ngaawooɓe	6
ngadda	4
ngaddaay	2
ngaddan	2
ngaddana	2
ngaddaneeɗam	1
ngaddani	16
ngaddanmi	1
ngaddataano	1
ngadde	3
ngaddi	28
ngagaaki	1
ngagaakifu	1
ngakki	1
ngal	156
ngala	1
ngalaa	76
ngalaano	4
ngalbiije	1
ngale	4
ngalum	1
ngam	2110
ngamaay	2
nganya	3
nganyaandi	4
nganyan	3
nganyi	6
nganyindiran	1
nganymi	2
nganyŋgu	1
ngapaleeji	6
ngapaleewol	11
ngara	24
ngaraay	1
ngaran	14
ngaranan	3
ngarani	1
ngaranka	1
ngaranmi	2
ngaranno	1
ngaranta	1
ngarata	1
ngardata	1
ngardi	2
ngarduno	1
ngare	4
ngari	138
ngarmi	1
ngarno	1
ngarol	6
ngarta	1
ngartata	1
ngarti	5
ngartira	1
ngartire	1
ngartiri	1
ngasata	1
ngaska	16
ngati	3
ngatindira	1
ngawo	1
ngaya	1
ngayla	1
ngaylataa	1
ngaylita	1
ngaylitaaki	1
ngaylite	1
ngayliti	3
ngaylititto	1
ngaylito	3
ngaylorto	1
ngayloto	1
nge	7
nge'e	1
nge'el	5
ngecca	8
ngeccaay	1
ngeccan	4
ngeccata	2
ngeccatam	1
ngecce	3
ngeccete	2
ngecci	39
ngeccuno	1
ngedda	1
ngeddan	2
ngeddataake	1
ngeddi	1
ngeebi	1
ngeebo	2
ngeelooba	1
ngeenaari	18
ngeendam	159
ngeetam	5
ngeewta	2
ngeewti	1
ngeewtida	2
ngeewtidan	1
ngeewtuɗon	1
ngeeɗa	7
ngeeɗan	6
ngeeɗeten	1
ngeeɗi	2
ngeeɗirta	1
ngeeɗitaay	1
ngeeɗiti	2
ngejjita	1
ngejjite	10
ngejjiti	5
ngel	142
ngeloto	1
ngenka	1
ngenwa	5
ngenwammi	1
ngenwan	1
ngenwi	2
ngenwirta	1
ngerdaaki	1
ngerdi	8
ngerdina	2
ngerdo	1
ngerɓa	1
ngesa	86
ngetta	14
ngettaay	1
ngettataa	1
ngette	2
ngetten	2
ngetteten	1
ngettirta	1
ngettu	1
ngewa	1
ngewaay	1
ngewataa	1
ngewi	2
ngeyna	1
ngeyne	1
ngi'a	29
ngi'aaka	1
ngi'aay	13
ngi'an	19
ngi'ata	2
ngi'ataa	11
ngi'ataake	2
ngi'atam	5
ngi'i	133
ngi'mi	4
ngi'no	1
ngi'oton	3
ngi'ɗa	3
ngi'ɗon	1
ngibbina	2
ngibbinan	2
ngibbini	1
ngiile	1
ngiili	3
ngiilo	2
ngiiloto	1
ngiiwa	1
ngiiwaama	4
ngiiwam	96
ngiiwamji	1
ngiiweteemi	1
ngiiwi	1
ngiiwino	1
ngiiwo	1
ngilli	1
ngima	5
ngimana	1
ngimani	2
ngimeten	1
ngimi	4
nginam	1
ngino	2
ngiɗa	1
ngiɗaa	11
ngiɗaakoy	1
ngiɗaano	1
ngiɗan	1
ngiɗanno	1
ngiɗe	6
ngiɗi	122
ngiɗindira	5
ngiɗindire	4
ngiɗindiren	1
ngiɗindiri	1
ngiɗino	2
ngiɗiri	2
ngiɗmi	30
ngiɗno	3
ngiɗɗa	5
ngiɗɗon	5
ngo	49
ngo'o	4
ngo'ol	41
ngol	200
ngola	1
ngole	4
ngomna	13
ngomna'en	1
ngomnaajo	5
ngona	1
ngonan	2
ngonanmi	3
ngonata	1
ngonda	4
ngondaay	1
ngondan	8
ngondanmi	1
ngondi	20
ngondirten	1
ngoni	41
ngonka	1
ngonmi	6
ngonnooɗam	1
ngonŋgu	1
ngonɗam	1
ngonɗen	1
ngoodi	64
ngooka	3
ngookan	5
ngookana	1
ngooke	2
ngooki	7
ngoori	1
ngoota	18
ngootam	2
ngootu	12
ngooŋgaari	1
ngooŋgɗini	1
ngooŋɗa	1
ngooŋɗi	2
ngooŋɗina	1
ngooŋɗinaay	1
ngooŋɗini	2
ngooŋɗiri	1
ngooŋɗuka	4
ngorgiraaɓe	3
ngorkoy	1
ngorri	1
ngoŋgi	2
ngoɗka	2
ngoɗkoy	1
ngoɗŋga	1
ngu	91
ngubi	1
ngubo	2
nguboto	1
ngudina	9
ngudinaama	1
ngudine	4
ngudini	5
ngudinmi	1
ngudinta	1
nguja	1
nguji	1
ngujja	4
ngujjaay	1
ngujji	2
ngujorɗam	1
ngula	3
ngulaay	1
ngulata	1
ngule	1
nguleeŋga	1
nguli	2
ngullaama	1
ngullataako	1
ngulli	13
ngulliti	2
ngullo	3
ngullori	6
ngullotira	1
ngullotire	1
ngulloto	1
ngulndi	1
ngurngurte	1
ngurtataako	1
ngurte	3
ngurti	36
ngurtiimi	1
ngurtiiɗam	1
ngurtina	7
ngurtinaama	1
ngurtinan	2
ngurtine	1
ngurtini	10
ngurtiniri	1
ngurtino	1
ngurto	10
ngurtorto	1
ngurtoto	4
ngurŋgurta	1
ngurŋgurte	1
ngurŋgurti	5
ngurŋgurto	1
ngurŋgurtugo	1
nguufo	3
nguura	1
nguure	9
nguye	1
nguyka	6
nguykaay	1
nguykan	1
nguykata	1
nguyken	1
nguyki	3
nguykinoojam	4
ni	189
ni'i	11
njaabano	1
njaabanto	1
njaabataako	1
njaabe	2
njaabi	58
njaabo	2
njaaborto	1
njaaboto	2
njaafaaki	1
njaafaama	10
njaafake	1
njaafanaaki	3
njaafani	2
njaafano	1
njaafe	2
njaafo	1
njaafotira	1
njaafotire	1
njaajirka	1
njaalake	4
njaalataako	1
njaali	6
njaalo	2
njaalortooɗen	1
njaaloto	2
njaalti	1
njaalu'en	2
njaareendi	7
njaartirta	1
njaawa	1
njaawi	2
njaaɓan	2
njaaɓi	1
njaaɓnjaaɓtira	1
njaaɓtan	1
njaha	35
njahaay	1
njahan	3
njahanmi	5
njahata	4
njahda	3
njahdan	3
njahdi	9
njahmi	2
njahno	1
njahra	11
njahran	4
njahrana	1
njahrane	2
njahrani	4
njahranta	1
njahrata	1
njahrataa	2
njahre	1
njahri	44
njala	1
njalan	2
njali	3
njambi	1
njambori	1
njambortooɗa	1
njambotiran	1
njamboto	1
njamnataa	1
njamndi	24
njamu	1
njamɗita	3
njamɗitaay	1
njamɗiti	10
njamɗitina	1
njamɗitine	2
njamɗitini	3
njamɗitiniri	1
njana	1
njanan	2
njananndi	1
njancan	2
njanci	11
njani	3
njara	11
njaraay	1
njaram	9
njaramji	1
njaran	5
njarata	3
njarataa	2
njarda	1
njardanmi	1
njardi	1
njardukoy	3
njare	1
njaren	1
njari	13
njarmi	1
njarnaay	1
njarni	4
njaroton	2
njarribe	1
njarribi	1
njarribo	2
njawaaki	1
njawdiri	1
njawe	2
njawi	3
njawna	4
njawni	1
njawo	4
njawotooɗa	1
njayna	1
njaynan	1
njaynanka	1
njayni	1
njaŋga	4
njaŋgaama	1
njaŋgaay	3
njaŋgana	1
njaŋgata	4
njaŋgeten	2
njaŋgi	4
njaŋgina	1
njaŋgini	1
njaŋkine	1
njaɓa	12
njaɓaay	12
njaɓaayno	2
njaɓan	9
njaɓana	1
njaɓanaay	1
njaɓata	3
njaɓataa	5
njaɓe	8
njaɓeeɗam	1
njaɓi	35
njaɓindire	1
njaɓmi	2
njaɓranno	1
njaɓri	1
njaɓta	4
njaɓtaandi	1
njaɓtan	1
njaɓti	2
njaɓɓaaki	4
njaɓɓake	2
njaɓɓe	5
njaɓɓi	8
njaɓɓiti	2
njaɓɓitotiri	1
njaɓɓo	2
njaɓɓori	1
njaɓɗon	4
nje''ina	1
njeena	1
njeenu	41
njeeɗake	1
njeeɗi	6
njeeɗo	5
njehe	5
njehen	2
njehi	61
njehino	1
njeyaaŋgu	5
njiiɓaandi	3
njiiɓake	1
njiiɓi	1
njiiɓo	1
njillindiraaŋga	1
njillindiraaɗam	1
njinnan	5
njinnataa	3
njippake	1
njippe	1
njippi	4
njippina	2
njippinan	1
njippini	7
njippo	1
njiŋgindira	1
njo''ina	3
njo''ine	1
njo''ini	4
njogaaki	2
njogake	1
njogataako	1
njoge	8
njogi	10
njogino	1
njogitake	1
njogite	3
njogo	9
njogore	1
njogori	1
njogorto	1
njogoto	1
njokkira	4
njokkire	1
njokkirɗa	1
njomna	1
njoofa	4
njoofaay	1
njoofan	1
njoofanno	1
njoofe	2
njoofi	7
njoofta	1
njoorndi	1
njooɓaari	5
njooɗaaki	2
njooɗe	6
njooɗi	32
njooɗiikoy	2
njooɗiiŋgu	2
njooɗino	3
njooɗiɗa	2
njooɗo	16
njooɗodi	1
njooɗodo	8
njooɗodoto	1
njooɗori	5
njooɗoriimi	1
njooɗorto	1
njooɗortooɗon	1
njooɗoto	5
njooɗotono	1
njottake	4
njottataako	1
njotti	51
njotto	4
njottori	4
njowanaay	1
njowaɓo	2
njoweego	2
njoweegoojo	3
njoweenayo	3
njoweetataɓo	1
njoweetato	2
njoweeɗiɗaɓo	4
njoweeɗiɗo	29
njowo	18
njowoy	1
njoɓa	2
njoɓaay	1
njoɓan	1
njoɓata	1
njoɓataa	1
njoɓe	5
njoɓi	2
njoɓoton	1
njoɓrata	1
njumri	3
njurataako	1
njurmindire	1
njuro	2
njuroro	3
njurortoomi	1
njuttina	1
njuttinan	1
njuulna	4
njuulnaaki	6
njuulnaami	1
njuulnataako	3
njuulno	1
njuutan	1
njuutirka	2
njuutka	1
njuwaaŋga	1
njuwi	1
no	228
nofru	9
nokkuuje	9
nokkuure	108
non	325
nonnon	5
noogas	10
noonde	1
noppi	22
noy	55
nufani	1
nufaye	5
nufayeeji	2
nufayeere	2
numa	10
numaay	4
numaayno	1
numana	2
numango	3
numanmi	1
numanta	1
numata	9
numataa	2
nume	11
numi	29
numino	1
numo	19
numol	1
numooji	55
numta	2
numti	2
numtugo	2
numugo	7
numɗa	1
numɗon	1
nuɗɗin	3
nuɗɗina	23
nuɗɗinaay	46
nuɗɗinaayno	1
nuɗɗinammi	1
nuɗɗinan	3
nuɗɗinanɓe	2
nuɗɗine	8
nuɗɗineeɗam	2
nuɗɗingo	31
nuɗɗini	135
nuɗɗiniri	5
nuɗɗinirta	1
nuɗɗinirɗon	2
nuɗɗinki	201
nuɗɗinmi	1
nuɗɗinno	1
nuɗɗinnooɓe	2
nuɗɗinta	2
nuɗɗintaa	8
nuɗɗintam	1
nuɗɗinɓe	173
nuɗɗinɗa	1
nuɗɗinɗo	19
nuɗɗinɗon	1
nyaam	5
nyaama	75
nyaamaay	10
nyaamal	2
nyaaman	5
nyaamanɗo	2
nyaamata	2
nyaamataa	9
nyaamda	13
nyaamdan	3
nyaamdata	2
nyaamde	1
nyaamdi	5
nyaamdu	111
nyaamdugo	1
nyaamdunooɗo	1
nyaamduuji	6
nyaame	13
nyaameteeɗi	1
nyaami	37
nyaamindira	1
nyaamna	5
nyaamnaay	1
nyaamnan	2
nyaamnata	1
nyaamnataa	1
nyaamni	3
nyaamnirde	3
nyaamno	1
nyaamnoowo	1
nyaamnu	1
nyaamo	35
nyaamoowo	1
nyaamooye	1
nyaamoton	1
nyaamre	5
nyaamru	3
nyaamrude	1
nyaamrugel	2
nyaamu	1
nyaamugo	43
nyaamɓe	3
nyaancaaŋgu	1
nyaande	5
nyaaɗi	2
nyaaɗɗam	2
nyalaade	94
nyalaaɗe	2
nyalawma	17
nyalawmaaje	3
nyalawmaare	3
nyalbi	1
nyalde	2
nyalla	1
nyalli	5
nyalwaay	1
nyalɗe	62
nyamaande	14
nyamlo	2
nyande	112
nyaw	12
nyawi	7
nyawino	1
nyawji	11
nyawmande	2
nyawu	1
nyawɓe	37
nyawɗo	19
nyawɗono	3
nyeɗe	1
nyeɗira	1
nyeɗugo	2
nyeɗɓe	1
nyi'e	12
nyidduɓe	2
nyidduɗum	2
nyifa	1
nyifataa	7
nyifi	1
nyifoton	1
nyifugo	1
nyiibi	1
nyiindere	2
nyiɓaandu	1
nyiɓaaŋgol	2
nyiɓan	1
nyiɓango	1
nyiɓani	1
nyiɓle	2
nyiɓol	1
nyiɓre	49
nyiɓɓan	2
nyiɓɓi	5
nyiɓɓugo	2
nyiɓɓuki	1
nyiɓɓundu	1
nyobba	1
nyodi	1
nyolan	1
nyolataa	2
nyoli	2
nyolooru	1
nyolugo	1
nyolɗum	1
nyooti	2
nyootugo	3
nyukkaago	1
nyukkanto	1
nyukki	1
nyukkiindi	1
nyukkiiɗi	1
nyukkina	1
nyukkinaay	1
nyukkine	1
nyukkini	5
nyukko	1
o	3547
on	2678
onikis	1
onon	193
oo	156
ooho	6
ooli	1
oon	8
oya	19
paama	15
paamaay	19
paamaayno	1
paaman	7
paamanɗo	2
paamata	1
paamataa	16
paame	4
paameteeɗe	1
paami	15
paamino	1
paamoton	2
paamroton	1
paamta	2
paamtan	1
paamtinan	1
paamtinoowo	1
paamtinta	1
paanyo	8
paataaku	1
paataaɗi	2
paataaɗo	7
paaɓi	1
paaɗŋgal	3
paho	1
pahol	1
pamaral	4
pamare	4
pamarel	7
pamari	2
pamaro	1
pamaroy	9
pamarum	1
pamɗitinan	1
pareeje	1
parewal	4
pargal	1
pasaaɗo	1
pasi	1
pasoowo	5
passitiroowo	1
pat	1
pattule	1
pawna	1
pawnaama	1
pawne	3
pawniiɗo	2
pawno	1
payanɗe	8
payndi	3
payni	1
payɗi	1
paɓɓa	1
paɓɓi	9
paɗe	13
paɗɗe	2
paɗɗi	1
pe''an	2
peetel	2
peetum	8
peewol	4
peewɗam	1
peewɗo	1
pela	3
pelammi	1
pelata	2
pele	1
peli	4
pellel	20
pelmaali	7
peraay	1
pergi	1
perto	1
pewa	3
pewan	1
pewana	2
pewani	2
pewantammi	1
pewe	5
pewi	1
pewooji	4
pewoowo	13
pewpewtire	1
piiranŋgal	2
piirooji	1
pija	1
pijirle	8
piloowo	2
piltundi	1
piltuɗe	3
pina	1
pindi	7
pindini	3
pine	1
pini	2
pista	1
pistan	1
pistataake	1
pistataako	1
pisti	7
pitinta	1
pittirla	19
pittirlaaji	14
piw	14
piya	8
piyammi	1
piyanɗe	3
piyeteeɗo	2
piyi	10
piyoowo	1
piyɗe	3
piɗa	5
piɗan	1
piɗi	5
piɗɗani	1
piɗɗe	3
piɗɗi	1
pofli	1
poliis	2
poliis'en	1
poofta	1
poofɗe	4
poola	3
pooli	6
poonda	2
poondan	1
poonde	1
poondi	2
poondira	1
poondirgal	1
poondirta	1
poondirɗum	2
poondol	2
poosokje	4
pooɗi	1
potaay	2
potan	4
potanɗo	1
poti	8
potta	6
pottaay	1
pottan	2
pottana	1
pottanaay	1
pottananŋgal	2
pottananɗi	2
pottantaa	1
pottanɗe	2
potti	7
pottuɗe	4
pottuɗum	4
potuki	1
pucci	19
puccu	5
pukara'en	240
pukaraajo	17
purkiti	1
puru	1
pusa	1
pusi	1
pusrata	1
puufani	2
puufeteeɗe	1
puufki	1
puufoowo	2
puunaandi	1
puusuuje	1
puɗɗaay	1
puɗɗan	1
puɗɗi	44
puɗɗita	3
puɗɗuki	3
puɗɗuno	1
puɗɗunooɗen	1
puɗɗuŋgal	1
puɗɗuɗo	1
puɗɗuɗon	1
raaɓa	1
ragare	4
ragareeje	9
ragareeji	3
ragareejo	5
rammini	1
rammiti	1
raneere	2
raneewo	1
ranwi	1
ranwingo	1
re'ataa	3
reeda	1
reedan	1
reedi	2
reedu	15
reedu'en	3
reedugo	3
reeduujo	2
reena	8
reenammi	1
reenanɓe	2
reenata	1
reeni	4
reenta	1
reentin	1
reentingo	3
reentini	2
reenugo	2
reenɓe	1
reeta	10
relli	1
rema	1
remooɓe	10
resa	2
resaandu	1
rewɓe	83
riba	14
riggaaŋgo	1
riiwa	10
riiwaaɓe	1
riiwan	1
riiwata	1
riiwi	9
riiwno	1
riiwra	2
riiwre	1
riiwugo	12
rikisi	9
rikisi'en	1
rima	3
rimaay	1
riman	4
rimarɓe	1
rimata	3
rimataa	11
rimi	4
rimugo	3
rimɓe	16
rimɗan	1
rimɗi	3
rimɗina	5
rimɗinan	2
rimɗingo	1
rimɗini	6
rimɗiniri	2
rimɗintammi	1
rimɗugo	2
riska	1
riski	2
riskina	1
riskinan	1
riskiri	1
risku	12
riskugo	2
riskuɓe	13
rok	1
romaŋkoore	1
ronataa	1
ronti	1
ronugo	2
rookaago	1
rooko	4
roondaago	3
roondaaki	1
roondana	1
roondanaago	1
roondata	1
roondataa	1
roondeego	1
roondi	3
roondiiɓe	1
roondo	2
rowani	2
rufa	3
rufan	5
rufani	1
rufi	17
rufino	1
rufugo	1
ruuhu	26
ruuhuuji	20
ruuhuwol	13
ruulde	8
ruuldere	8
saa'a	9
saa'aaji	1
saa'i	135
saa'iiji	4
saa'iire	23
saadooni'en	2
saafaandu	2
saahiiɓe	2
saaka	6
saaki	5
saalaago	2
saalake	2
saalano	1
saali	12
saaliiɓe	1
saalo	13
saalori	1
saaloto	4
saalotono	1
saaman	1
saare	202
saarooji	22
saata-ko'e'en	4
saatan	1
saatana	1
saatango	1
saati	1
saatinan	1
saatugo	4
saatuki	1
saatunde	2
saatundu	3
saatuŋgo	3
saatuɓe	2
saawaaŋgo	1
saawari	2
saawi	12
sabakaare	2
sabaktani	2
sadaka	16
sadakaaji	4
safira	2
sakitiiɓe	9
sakitorde	1
sakkin	1
sakkina	2
sakkinaama	7
sakkinan	2
sakkinana	2
sakkinannde	1
sakkinanɓe	1
sakkingo	1
sakkini	7
sakkinte	1
sakko	4
sakkoma	11
sakkonta	1
saklana	1
saklanto	1
saklataa	1
saklere	5
sakli	8
sakliiɓe	2
saklinɓe	1
sala	2
salaago	2
salaaki	1
salaaman	1
salake	6
salana	1
salanaago	1
salataako	1
saleteeɗo	1
sali	21
sallabi	2
salo	2
salori	4
salorta	1
salotooɓe	1
sam	190
saman	52
sammeere	2
samɗina	1
samɗineego	1
samɗinooɓe	1
sanaa'a	3
sanji	1
sanjooɓe	4
sannyataa	2
sappanan	1
sappi	2
sappina	1
sappinan	1
sappingo	2
sappini	1
sappo	114
sappoore	1
sappowal	1
saray	1
sardis	2
sarru	3
sarwotiraay	1
sarwotirgo	1
sarwotiri	1
sawru	13
sawtu	87
sawtuuji	2
saŋgeere	3
saŋkita	2
saŋkitaago	3
saŋkitan	2
saŋkiti	10
saŋkitiiɓe	4
saŋkititto	1
saŋkito	1
saŋkitori	1
saŋkitugo	1
saɗan	1
saɗawre	2
saɗeende	1
saɗi	1
saɗiri	1
saɗugo	1
saɗɗin	1
seeda	2
seedaago	5
seedaaki	1
seedake	2
seedamku	47
seedamkuuji	1
seedanaago	4
seedanake	1
seedani	1
seedano	10
seedanto	3
seedata	1
seedataako	1
seedi	14
seedo	9
seedooɓe	21
seedoto	5
seedotooɓe	3
seedugo	1
seeka	1
seekaay	1
seekan	2
seekata	1
seeki	8
seekugo	1
seera	5
seeri	7
seerugo	2
seeto	3
seetto	2
seettoto	1
seeɓoore	4
sefre	2
seha	1
sehi	1
sekaay	1
seki	4
seko	6
sekreterjo	1
sektotooɓe	1
sekugo	1
seli	1
selna	1
selni	1
selnugo	1
sembe	86
sembinde	1
sembindu	4
sembiɗa	5
sembiɗin	2
sembiɗina	10
sembiɗinan	4
sembiɗingo	4
sembiɗini	9
sembiɗinta	1
sembiɗirta	1
sembiɗŋgo	1
sembiɗɓe	6
semta	4
semtaay	1
semtan	4
semteende	3
semti	2
semtina	3
semtingo	1
semtini	1
semtintaa	1
semtintaake	1
semtiraay	2
semtooɓe	2
semtu	1
sen	1
sena	4
senaago	6
senaande	1
senaare	6
senaaɓe	9
senata	2
senda	7
sendaama	2
sendaay	3
sendaaɓe	1
sendake	5
sendan	1
sendana	1
sendani	6
sendata	3
sendataa	1
sendete	1
sendeteeɓe	1
sendi	7
sendindira	1
sendindiraay	1
sendindiran	1
sendindirgo	4
sendindirta	2
sendindirtaa	6
sendira	2
sendiraay	2
sendirgo	1
sendiri	3
sendirta	3
sendititgo	1
senditugo	1
sendugo	11
seni	2
seniinde	11
seniindu	4
seniiɓe	10
senugo	1
sera	2
sey	320
seya	2
seyaago	2
seyake	1
seyi	10
seyiiɓe	2
seyna	2
seynatammi	1
seyni	8
seynugo	4
seyo	84
seyoda	2
seyoraaki	1
seyorake	1
seyori	1
seyoro	10
seyortaako	3
seyorto	5
seyoto	8
seɗɗa	105
sifa	1
siftinora	3
siftinoran	2
siftinorde	1
siftinore	1
siftinorgo	2
siftor	2
siftora	5
siftoraay	1
siftoranɓe	1
siftore	2
siftorgo	3
siftori	8
siftorta	1
siga	5
sigaago	1
sigani	8
siganto	1
sigi	5
sika	2
sike	1
silaawo	2
siliki	1
silmini	2
silmino	1
sirri	31
sirriiha	5
sirriije	3
sirriiji	11
sirriijum	4
sirwi	1
siwa	22
siwano	1
siwtaago	6
siwtaare	14
siwtataako	1
siwtinan	1
siwtorde	59
siwtori	1
siwtoto	1
soda	3
sodaama	1
sodan	2
sodata	3
sodeego	1
sodooɓe	7
sodu	2
sodugo	2
sofndaago	4
soggata	3
soli	16
somaay	1
somi	2
somɓe	2
sonaa	59
sonyo	1
sooba'en	9
soobaajo	20
soobaaku	3
soobiraaɓe	19
soobri	1
sooda	4
soodan	1
soodata	1
soodi	5
soodooɓe	2
soodoygo	2
soodu	1
soodugo	3
sooduno	1
soofni	2
sooje'en	81
soojeejo	9
soomoore	1
soorowol	2
soorra	1
soorraay	1
soorranno	1
soorri	7
soorrooɓe	8
soorru	1
soorrugo	1
soorruno	1
sooso	3
soottaaɓe	2
sootti	1
soottugo	3
sooya	1
sooya-anndal'en	1
sooya-faamu'en	1
sooya-gooŋga'en	1
sooya-nuɗɗinki'en	2
sooyi	1
sooynde	14
sooyɓe	7
sortaaɓe	1
sotta	2
sottan	2
sotti	2
sottina	2
sottinaama	1
sottinan	1
sottinanta	1
sottini	2
sottinta	1
sottintaake	1
sottugo	1
soɓi	1
soɓnan	1
soɓnata	7
soɓnataa	1
soɓni	1
soɓnugo	3
soɓɓe	4
subaha	2
sudda	5
suddaandu	1
suddaare	5
suddaay	3
suddan	2
suddi	4
sujidana	8
sujidanaay	1
sujidanan	1
sujidananɓe	1
sujidango	9
sujidani	9
sujidanooɓe	8
sujidanta	2
sujidanɓe	3
sujidi	6
sujidooɓe	2
suka	45
suka'en	23
sukaajo	1
sukaaku	1
sukaaɓe	1
sukkugo	1
suklanaago	6
suklanaaki	4
suklani	2
suklaniiɓe	2
suklano	8
suklantaako	1
suklanto	2
suklantooɓe	1
sukli	3
suleyje	9
suleyre	14
sulhindira	1
sulhu	7
sulke	2
sulkeeji	2
sulma	2
sulmi	3
sulmu	1
suna	1
sundukru	5
suni	5
suniiɓe	2
suniri	1
suno	10
sunoto	1
sunugo	2
suti	5
suudu	153
suumaago	1
suumi	2
suumo	2
suuna	2
suunaaɓe	4
suuno	25
suunooji	46
suuwa	2
suuwan	1
suuwi	3
suuɗaago	1
suuɗaaki	1
suuɗaama	1
suuɗaay	1
suuɗani	1
suuɗataa	1
suuɗeego	1
suuɗi	7
suuɗino	3
suuɗoto	1
suuɗugo	1
suɓaande	1
suɓaaɓe	28
suɓani	1
suɓata	1
suɓi	44
suɓino	1
suɓiri	1
suɓno	3
suɓugo	5
ta''a	7
ta''aande	1
ta''aaŋgal	1
ta''an	3
ta''e	1
ta''i	21
ta''ino	3
ta''u	4
ta''ugo	4
taa	409
taade	2
taadi	4
taado	1
taadorgol	7
taadorli	1
taadoto	1
taaniraaɓe	1
taarake	1
taari	21
taarihaaji	1
taariiŋgol	1
taariiɓe	1
taariiɗe	1
taarnaandu	1
taarni	1
taaroto	1
taasaaje	9
taasawo	18
taaskake	3
taaskanaago	1
taaskani	6
taaskaniiɓe	1
taaskaniiɗi	1
taaskaniiɗo	1
taaskano	3
taaskanto	1
taaske	2
taaski	7
taaskiimi	1
taaskiiɓe	4
taaskiiɗo	4
taaskinaama	1
taaskitina	6
taaskitinaama	1
taaskitinaandu	2
taaskitinaaŋge	1
taaskitinaaŋgu	1
taaskitinaaɗam	1
taaskitinana	1
taaskitinane	1
taaskitinani	2
taaskitinanno	1
taaskitine	1
taaskitingo	1
taaskitini	8
taasko	4
taaskorde	1
taaskuno	1
taasnan	1
taasni	1
taasnugo	1
tabinde	4
tabindi	1
tabita	12
tabitaay	3
tabitan	7
tabitana	2
tabitani	1
tabitanndu	1
tabite	7
tabitgo	1
tabiti	27
tabitina	12
tabitinan	3
tabitinani	2
tabitingo	2
tabitini	19
tabitiniri	1
tabitinka	1
tabitinta	5
tabitinɗo	1
tabitiri	2
tabitirta	3
tabititgo	1
tabitittaa	1
tabitŋgal	1
tabitɓe	2
tabitɗe	1
tabitɗo	1
tagaaka	2
tagaakano	1
tagaay	1
tagaayno	3
tagaaɓe	1
tagaaɗum	1
tagdi	3
tageefooji	3
tageego	1
tageeki	1
taggaande	1
taggan	1
taggi	1
taggirta	1
tagi	15
tagle	4
tagra	1
tagraama	1
tagri	8
tagɗo	13
taha	1
takay	2
takka	1
takkaaŋgel	1
takkannde	8
takkanɗe	5
takkata	1
takkataa	1
takki	6
takkiti	7
takkitugo	2
takkugo	1
tal	6
talaka'en	26
talakaajo	7
talakaaku	2
talkiɗi	2
talli	5
tammaago	1
tammaaki	3
tammake	3
tammani	1
tammi	122
tammiiŋgel	1
tammiiɓe	1
tammiiɗe	2
tammiiɗi	1
tammiiɗo	1
tammiiɗon	1
tammini	1
tammino	5
tammiɗa	1
tammo	10
tammorto	1
tammoto	7
tammotooɗen	1
tammunde	50
tampa	3
tampa-ɓerɗe'en	1
tampaay	1
tampan	2
tampana	1
tampataa	2
tampe	3
tampere	5
tampi	7
tampuki	1
tampuɓe	16
tampuɓeno	1
tampuɗe	2
tampuɗi	4
tampuɗo	9
tampuɗum	1
tamre	1
tamseeje	50
tamseere	22
tan	182
tapaaje	7
tapaare	10
tappa	1
tappi	4
tappoowo	1
tappooɓe	1
tappugo	2
tataɓa	1
tataɓal	1
tataɓo	9
tataɓre	38
tataɓru	1
tataɓu	1
tati	91
tato	21
tawa	2
tawaama	1
tawaande	1
tawaay	19
tawaaɓe	1
tawan	17
tawataa	2
tawataake	2
tawe	2
taweego	1
tawete	1
tawi	82
tawon	108
tawreeta	223
tawta	1
tawti	4
tawugo	3
tayre	1
taŋkaandu	1
taɓo	1
te'a	10
te'aaka	3
te'aama	1
te'aay	2
te'aaɓe	4
te'aaɗo	4
te'ana	1
te'anooɗo	1
te'ataa	3
te'ataake	1
te'e	1
te'eego	3
te'i	15
te'indira	1
te'ino	3
te'rugo	1
te'ugo	4
te'ɓe	3
te'ɗo	1
tedda-asli'en	3
tedda-lenyoljo	1
teddana	3
teddanaay	2
teddango	1
teddani	1
teddanta	1
teddantaa	3
teddeeŋga	1
teddi	1
teddin	2
teddina	31
teddinaama	1
teddinaay	5
teddinaaɓe	1
teddinammi	1
teddinan	9
teddine	3
teddineego	1
teddingo	11
teddini	17
teddinira	1
teddinirta	1
teddinirton	1
teddinki	4
teddinooɓe	4
teddinta	1
teddintaa	1
teddintammi	1
teddugo	1
teddunde	2
tedduŋgal	132
tedduŋgo	1
tedduŋgu	1
tedduɓe	4
tedduɗe	8
tedduɗi	2
tedduɗo	6
teebur	6
teeburji	3
teeburjife	1
teegal	3
teele	3
teema	7
teemerre	26
teemeɗɗe	33
teera	1
tefa	4
tefammi	1
tefan	1
tefanŋga	1
tefata	2
tefatam	4
tefi	17
tefugo	6
tekkaaje	1
telɓan	1
telɓanaama	1
telɓane	1
telɓani	7
telɓindire	1
tembo	4
tembu	1
tembuɓe	3
teppe	1
terde	10
tergal	1
terɗe	21
teteki	1
teɓataa	2
teɓugo	3
teɗɗuɗo	1
tiggi	2
tiggirgal	1
tiggirɗe	2
tiggirɗum	1
tiggorɗe	1
tiggugo	1
tiina	1
tiinaago	2
tiinaare	31
tiinake	1
tiinde	4
tiindu	1
tiine	6
tiini	8
tiiniiɓe	3
tiiniiɗo	1
tiinino	1
tiino	9
tiinorto	2
tiinotooɓe	1
tiinotooɗo	1
tiitaago	1
tiitataako	1
tiiti	1
tiitiinde	1
tiitiiŋgal	1
tiitine	1
tiito	2
tiiɗe	6
tiiɗi	2
tiiɗɓe	1
tijji	10
tijjo	1
tikkani	6
tikkanɗo	1
tikkataa	1
tikkere	24
tikki	6
tikkingo	1
tikkoowo	1
tikkooɓe	1
tikkugo	1
timma	4
timman	6
timmata	1
timmataa	6
timmi	23
timmidi	3
timmidine	1
timmidingo	2
timmidini	1
timmidiɗɓe	3
timmidiɗɗo	4
timmin	1
timmina	3
timminaaka	1
timminaay	7
timminan	4
timmine	2
timmingo	8
timmini	39
timminira	2
timminirde	1
timminirgo	1
timminiri	2
timminirta	1
timmintaa	1
timmirta	2
timmitin	1
timmitina	3
timmitinan	1
timmitingo	2
timmitini	2
timmitintaa	1
timmitirde	2
timmoode	29
timmugo	2
timmuki	3
timmunde	2
timmuŋgal	5
timmuɓe	11
timmuɗe	1
timmuɗo	5
timmuɗum	1
timotimooŋgal	1
tindingo	4
tindini	7
tindinoore	2
tindinta	1
tindintaake	2
tis	7
tiɗɗiiŋgal	1
tiɗɗin	3
tiɗɗina	9
tiɗɗinaare	2
tiɗɗine	2
tiɗɗingo	2
tiɗɗini	11
to	600
togayeere	3
toggooje	1
toggoore	1
togoore	1
tokka	4
tokkaago	19
tokkaaki	10
tokkake	5
tokkam	4
tokkataako	5
tokke	9
tokkere	8
tokkete	3
tokki	145
tokkiiɓe	36
tokkiiɗen	1
tokkiiɗo	8
tokkindirki	5
tokkindirɗi	1
tokkino	3
tokkinooɓe	1
tokkinooɗon	1
tokkitine	1
tokkiɗa	1
tokko	77
tokkori	3
tokkoriimi	1
tokkortooɗen	1
tokkortooɗon	1
tokkoto	14
tokkotoomi	1
tokkotooɓe	2
tokkotooɗo	1
tolɗi	3
ton	309
tonaa	2
too	1
tooke	2
toonyaago	1
toonyaaki	1
toonyaama	1
toonyaare	4
toonyaaɓe	3
toonyake	1
toonyaŋge	2
toonyeteeɗo	1
toonyi	10
toonyiiɓe	2
toonyiiɗo	1
toonyino	2
toonyo	4
toonyootoɗa	1
toonyooɓe	1
toonyoto	3
toonyotooɗa	5
tooɓaayno	1
topas	1
tora	1
toraago	17
toraaki	3
torake	9
toraneeɗam	2
torano	2
torataako	3
tore	4
tori	90
toriimi	1
toriiɗo	1
tornde	4
torndeeji	1
toro	71
toroto	11
torotooɓe	2
torotooɗon	1
torra	38
torraaji	15
torraama	1
torraaɓe	3
torraaɗo	1
torrake	1
torram	1
torran	1
torranŋge	1
torranɓe	1
torrataa	2
torratam	1
torreego	3
torreteeɓe	1
torreteeɗo	1
torri	12
torriiɗo	2
torriri	2
torro	8
torroto	3
torrotono	1
torrugo	5
torruno	1
towirka	1
townde	7
towndiije	1
towndiire	11
towndu	3
towni	14
towri	1
towŋgol	1
towɗe	1
toy	26
toɓa	2
toɓaay	1
toɓan	2
toɓi	6
toɓna	1
toɓnana	1
toɓnata	1
toɓugo	1
toɓɓe	1
toɓɓere	1
tufan	1
tufi	1
tufirgel	1
tufirkoy	1
tufle	13
tuggani	4
tuggi	19
tullaay	2
tullan	1
tulli	4
tullidiɗɓe	1
tullidiɗɗo	1
tullita	2
tullitan	2
tullitgo	1
tulliti	2
tum	33
tunwinaay	1
tunwuɗe	3
turaago	1
turi	6
turmiiji	1
turo	1
tuuba	10
tuubaay	6
tuuban	1
tuubane	1
tuubanɓe	1
tuube	1
tuubi	15
tuubni	1
tuubu	7
tuubugo	4
tuubuɓe	1
tuufaana	4
tuufani	1
tuufanto	1
tuufnorɗum	1
tuuforgol	7
tuugofi	1
tuugtaago	1
tuugtaaki	1
tuugtataako	1
tuugtifa	1
tuugto	1
tuugtooɓe	1
tuundi	1
tuure	1
tuurtana	2
tuurtango	1
tuurtani	3
tuurtanno	1
tuurtanooɓe	2
tuurtanɓe	2
tuurti	1
tuurtina	1
tuurtiri	1
tuurtirno	1
tuurtol	5
tuurtolji	1
tuurtooɓe	6
tuurtuɓe	1
tuurtuɗo	1
tuutan	3
tuuti	10
tuutuuji	1
tuuɗe	8
u'a	7
u'i	5
ufi	1
ufnaaka	7
ufnan	2
ufnirɗum	9
ufnugo	1
ujine	29
ujineeje	5
ujineere	10
ukka	1
ukkanan	1
ukkani	3
ukkano	2
ukkanto	6
ukki	1
umma	4
ummaago	4
ummaaki	1
ummaatooje	118
ummaatoore	30
ummake	3
ummani	1
ummanto	9
umme	1
ummi	91
ummiiɗi	1
ummina	4
umminan	2
ummingo	4
ummini	16
umminiri	1
umminno	1
ummitaago	3
ummitaaki	6
ummitake	11
ummiti	24
ummitiiɗo	2
ummitina	2
ummitinaama	1
ummitinaay	1
ummitinaaɓe	2
ummitinaaɗo	2
ummitinan	6
ummitine	1
ummitineego	2
ummitineeki	22
ummitingo	5
ummitini	29
ummitiniran	1
ummitinirta	1
ummitinoowo	2
ummitinɗo	2
ummitittaako	9
ummititto	23
ummitittooɓe	1
ummito	3
ummitorto	1
ummo	4
ummoto	3
ummotooŋgol	1
umra	8
umraama	1
umraami	1
umran	3
umranmi	2
umranɗo	1
umrata	3
umri	102
umrino	2
umrooje	58
umroore	82
umru	3
umrugo	1
umruno	2
uppuɗo	1
urdi	15
urle	14
useni	2
ustataako	3
usti	2
usto	3
ustugo	1
uufnaaka	2
uuluuji	1
uuma	4
uumaali	1
uumi	2
uureeŋga	1
uureeŋgol	3
uurnde	2
uurɗam	3
uurɗe	2
uwa	9
uwaaka	1
uwdaama	1
uwdaaɓe	1
uweego	1
uweeki	2
uwi	11
uwooɓe	1
uwoya	1
uwugo	1
wa''aago	2
wa''i	15
wa''iiɓe	5
wa''ini	2
wa''o	2
wa'i	14
wa'no	1
waabaago	6
waabooɓe	1
waabotira	1
waabotirgo	4
waabotiri	1
waabotooɓe	1
waada	1
waadan	3
waade	5
waaja	6
waajaago	70
waajata	1
waaje	1
waaji	25
waajina	20
waajindirgo	1
waajingo	18
waajini	12
waajino	1
waajinta	1
waajinte	1
waajinɓe	1
waajiri	1
waajirta	1
waajo	6
waajooɓe	7
waajoygo	1
waaju	41
waajugo	11
waala	1
waalde	3
waaldugo	1
waali	15
waaliiɓe	1
waalino	2
waalo	2
waanca	3
waancata	1
waanci	5
waancugo	3
waanji	1
waari	1
waata-juŋŋgoojo	5
waata-terɗe'en	3
waata-terɗeejo	7
waatanan	1
waatanno	1
waati	6
waato	94
waatoto	1
waawa	1
waawaay	19
waawan	25
waawanno	2
waawanɓe	2
waawata	14
waawataa	51
waawataano	2
waawi	32
waawna	1
waawni	2
waawrata	6
waawri	2
waawɓe	6
wabbere	1
wadda	16
waddan	3
waddana	3
waddanam	1
waddanan	5
waddanannde	1
waddane	1
waddango	1
waddani	10
waddannde	1
waddanta	1
waddanɓe	1
waddete	1
waddi	22
waddu	3
waddugo	1
waddunooɓe	1
wadduɓe	2
wafdu	7
waflaare	1
wahayu	7
wahayuuji	2
wahraaɓe	1
wajibi	1
wakere	12
wakiilaaku	3
wakiili'en	2
wakiiliijo	3
wakkati	58
wakkatiiji	5
wakkatiire	3
wakkatiyel	1
wakki	1
walaa	239
walaadu	2
walaano	11
walla	23
wallaay	2
wallam	1
wallammi	4
wallan	5
wallanno	1
wallata	1
walli	11
walliinde	9
wallin	2
wallina	2
wallinani	2
wallineego	1
wallingo	5
wallini	22
wallinira	1
walliri	1
wallirta	1
wallirɓe	1
wallita	2
wallooɓe	5
wallu	3
wallugo	18
wami	2
wamnde	10
wanya	6
wanyaay	1
wanyan	5
wanyata	1
wanyatam	1
wanyi	9
wanyirta	1
wanyugo	2
wanyɓe	2
war	8
wara	46
waraay	17
waraayno	2
waran	54
warana	1
waranaay	4
warani	4
warannde	8
waranndu	7
waranɓe	1
warata	7
warataa	5
wardan	2
wardi	8
wardu	1
wardunooɓe	1
warduɓe	2
wari	209
warjanto	1
warjo	2
warjoto	9
warnde	1
warnooɓe	2
waroya	1
waroyi	3
waroyta	3
warta	3
wartan	3
wartani	1
wartata	1
warti	26
wartira	1
wartiran	1
wartirgo	1
wartiri	4
wartugo	2
warugo	67
warɓe	9
wasaande	2
wasaandu	1
wasan	1
wasi	3
wasino	1
wasugo	1
wasuye	2
wasuyeeji	1
wawarde	1
wayla	1
waylake	1
waylan	1
waylataako	1
wayli	3
waylitan	3
waylitgo	2
wayliti	9
waylitino	1
waylititgo	1
waylito	1
waylitooɓe	1
waylo	1
waylugo	3
waynaaɓe	6
wayne	1
waŋga	18
waŋgan	9
waŋgana	2
waŋganaay	3
waŋganan	1
waŋgani	28
waŋgannde	2
waŋganta	1
waŋgantaa	1
waŋgata	7
waŋgataa	1
waŋgi	36
waŋgin	1
waŋgina	27
waŋginaama	2
waŋginan	11
waŋginana	8
waŋginanan	3
waŋginango	7
waŋginani	27
waŋginante	2
waŋgingo	13
waŋgini	33
waŋginiran	1
waŋginiri	3
waŋginirta	2
waŋginta	3
waŋgintaa	1
waŋgintaake	2
waŋginte	1
waŋginɓe	1
waŋgirani	1
waŋgiri	2
waŋgirta	1
waŋgugo	2
waɗ	19
waɗa	67
waɗaama	2
waɗaay	27
waɗammi	1
waɗan	40
waɗana	6
waɗanaayno	1
waɗanaaɓe	1
waɗanam	1
waɗanan	3
waɗane	1
waɗango	6
waɗani	33
waɗanno	1
waɗata	23
waɗataa	6
waɗataako	3
waɗatammi	1
waɗe	1
waɗeego	1
waɗi	289
waɗino	6
waɗno	8
waɗnooɓe	1
waɗooɓe	22
waɗoto	5
waɗoya	1
waɗugo	117
waɗɓe	5
weelaama	1
weelaaɓe	2
weelo	24
weelooji	1
weendu	52
weera	2
weerde	4
weerni	8
weernugo	1
weerugo	1
weeta	1
weeti	8
weetugo	3
wela-ɗemŋgaljo	1
wela-ɗemɗe'en	1
welata	1
welnataa	1
welndu	3
welugo	1
welwelo	2
wembo	1
wi'	8
wi'a	181
wi'aama	5
wi'aay	18
wi'aayno	1
wi'am	2
wi'ammi	1
wi'an	27
wi'ani	1
wi'anta	2
wi'anɓe	4
wi'ata	31
wi'ataa	5
wi'ataano	1
wi'atammi	3
wi'e	17
wi'eego	6
wi'ete	14
wi'eteende	19
wi'eteendu	5
wi'eteeŋgo	7
wi'eteeɓe	3
wi'i	1186
wi'no	56
wi'rata	5
wi'ugo	95
wi'ɓe	1
wicci	2
wicco	1
widdi	2
wifa	1
wifta	2
wiftaama	1
wifti	1
wiige	1
wiiki	2
wilan	3
wilataa	1
wili	1
wilitiindu	1
winda	59
windaaka	4
windaama	10
windaay	3
windan	2
windana	5
windanaay	1
windango	4
windani	21
windanta	1
winde	2
windeego	2
windi	19
windiri	1
windu	8
windugo	8
winduno	2
wirnataako	1
wirndallo	5
wirni	1
wiɓɓere	2
wiɗito	1
wo''ingo	1
wo''itina	1
wo''itinan	1
wo''itingo	1
wolde	114
wolida	1
wolidi	2
wolwa	51
wolwaay	6
wolwan	4
wolwana	25
wolwanaay	5
wolwanaayno	1
wolwanammi	1
wolwanan	1
wolwane	2
wolwango	29
wolwani	79
wolwanta	3
wolwantaa	1
wolwanɓe	6
wolwata	10
wolwataa	3
wolwataano	1
wolweego	1
wolwi	87
wolwini	1
wolwino	2
wolwooɓe	6
wolwu	3
wolwugo	79
wolwuno	2
wolwuɓe	1
wona	2
wonata	1
wonda	11
wondaay	5
wondan	9
wondataa	4
wonde	5
wondi	63
wondiɗɗiraaɓe	5
wondu	10
wondugo	6
wonduno	1
wonduɓe	17
woni	422
wonna	4
wonnake	2
wonnan	1
wonnataako	1
wonni	4
wonniiɓe	2
wonno	6
wonnooɓe	1
wonnoto	3
wonnotoondu	1
wonnugo	3
wontuɓe	1
wonŋgo	1
wonɓe	47
woodaa	14
woodaano	1
woodani	2
woodi	183
woodino	10
woofataa	1
wooji	2
wooka	2
wookananɓe	1
wookani	1
wookataa	1
wooki	7
wookugo	3
woonana	3
woonanan	2
woonane	5
woonani	2
woonanta	1
woonde	13
woonugo	1
woore	108
wooru	29
woostan	2
woosti	1
woosɓe	8
wooto	16
woowa	3
woowi	6
woowno	1
wooɗa	1
wooɗa-gikku'en	2
wooɗaay	6
wooɗi	21
wooɗiri	1
wooɗugo	17
wooɗɓe	13
worɓe	57
woy	1
woya	7
woyan	1
woyani	1
woyanɓe	1
woyata	2
woyi	4
woyla	2
woylafe	1
woyooɓe	2
woyu	1
woyugo	2
woɗeere	5
woɗnde	3
woɗŋgo	1
woɗɓe	264
wubeego	2
wudin	4
wudinaama	1
wudinaay	1
wudine	2
wudingo	2
wudini	3
wudintaa	1
wudinte	1
wudinteeɓe	1
wudinteeɗo	1
wujaay	1
wuji	1
wujja	3
wujju	5
wujjugo	3
wula	4
wulan	2
wulannde	1
wulanndu	1
wuleego	1
wuli	4
wullaago	9
wullaandu	17
wullake	1
wulliiɓe	4
wullo	1
wullooɓe	1
wulloto	4
wulnde	3
wulugo	3
wulweende	1
wulŋge	2
wuman	1
wumi	1
wumni	4
wumre	5
wumta	1
wumti	7
wumtinam	1
wumtinan	1
wumtini	7
wumtiniri	1
wumtiri	1
wumtu	1
wumɓe	23
wurde	2
wurdere	5
wuro	133
wurta	6
wurtaago	5
wurtake	3
wurtataako	3
wurti	63
wurtiiɓe	1
wurtin	1
wurtina	6
wurtinaama	1
wurtinan	3
wurtineego	1
wurtingo	6
wurtini	21
wurtiniri	1
wurtino	2
wurtintaa	2
wurtintaake	1
wurto	9
wurtoto	8
wuttudu	5
wuura	1
wuustuɓe	2
wuuwa	1
wuuwaandu	2
wuykere	2
wuyki	1
wuykooɓe	2
wuykugo	1
wuyɓe	7
ya	24
yaafa	1
yaafaago	7
yaafam	2
yaafane	1
yaafani	5
yaafano	2
yaafantaako	2
yaafanto	6
yaafataake	1
yaafeego	1
yaafi	2
yaafo	3
yaaforani	1
yaafori	1
yaafoto	5
yaafuye	22
yaajiri	1
yaake	34
yaala	1
yaalaay	2
yaalan	1
yaali	10
yaaltanno	1
yaalti	1
yaalu	5
yaalugo	2
yaare	2
yaasi	56
yaaw	2
yaawa	3
yaawana	2
yaawi	1
yaawɗa	2
yaawɗi	3
yaaɓa	1
yaaɓannde	1
yah	23
yaha	42
yahaay	2
yahan	15
yahata	14
yahataa	2
yahda	6
yahdan	2
yahdanɓe	3
yahdata	1
yahdi	7
yahdu	2
yahdugo	2
yahdunooɓe	2
yahduɓe	1
yahra	21
yahraama	1
yahran	5
yahrana	3
yahrango	1
yahrani	1
yahrata	9
yahrataa	1
yahre	3
yahreego	1
yahrete	1
yahreteeɓe	2
yahri	31
yahrino	1
yahrugo	2
yahugo	94
yam	585
yamɗita	4
yamɗitan	6
yamɗiti	23
yamɗitin	1
yamɗitina	6
yamɗitinaama	1
yamɗitinaaɓe	1
yamɗitinan	3
yamɗitineego	3
yamɗitingo	15
yamɗitini	30
yamɗitinki	1
yamɗitinno	1
yamɗitiri	2
yamɗitit	1
yanan	1
yani	6
yar	2
yara	22
yaraay	1
yaran	1
yaranɓe	1
yarata	3
yarataa	5
yardugo	1
yari	21
yarna	1
yarnaaɓe	1
yarnan	1
yarni	6
yarnu	1
yarnugo	2
yarooɓe	1
yarugo	21
yaspa	4
yawaare	3
yawaaɓe	1
yawake	1
yawi	3
yawiiɓe	3
yawna	1
yawnaare	1
yawniiɓe	1
yawo	5
yayna	9
yaynana	4
yaynane	1
yaynango	1
yaynani	4
yayni	5
yaynina	1
yaynirta	1
yaynugo	3
yaŋgada	3
yaŋgitam	1
yaŋgito	2
yaŋkinaare	6
yaŋkiniiɓe	3
yecca	8
yeccaama	1
yeccan	5
yeccata	2
yeccete	1
yecci	50
yeccino	1
yeccu	5
yeccugo	2
yeccuno	1
yeddaay	1
yeddi	11
yeddugo	3
yeeba	1
yeebataako	1
yeeni	1
yeeraande	1
yeere	2
yeesiti	11
yeeso	294
yeewti	1
yeewtugo	3
yeeɗa	13
yeeɗan	11
yeeɗata	2
yeeɗataa	2
yeeɗi	4
yeeɗingo	2
yeeɗini	1
yeeɗita	1
yeeɗitan	2
yeeɗiti	3
yeeɗitina	1
yeeɗitinan	1
yeeɗitini	3
yeeɗugo	3
yeeɗɓe	12
yehi	113
yehino	2
yejjita	3
yejjitaay	5
yejjitan	1
yejjiti	2
yejjitittaa	1
yeldugo	1
yelo	1
yenaande	46
yenwa	6
yenwanɓe	1
yerdaaki	1
yerdaaɓe	1
yerdake	7
yerdataako	1
yerdeego	1
yerdi	18
yerdina	1
yerdingo	2
yerdo	5
yerdori	1
yerdorto	1
yerdoto	7
yerduye	55
yerɓa	2
yerɓammi	1
yerɓi	1
yerɓugo	1
yetta	15
yettan	1
yettata	1
yetteego	1
yetti	24
yettoore	15
yettooɓe	1
yettugo	4
yewaandu	1
yewan	1
yewannde	1
yewi	11
yewugo	1
yeyna	2
yeynugo	2
yeɓre	36
yeɓrefa	1
yeɗa	1
yi'a	21
yi'aay	6
yi'an	7
yi'anno	1
yi'anooɓe	1
yi'anɓe	1
yi'ata	2
yi'ataa	6
yi'ataake	5
yi'eego	4
yi'ete	1
yi'i	195
yi'iri	1
yi'ni	8
yi'ri	2
yi'ugo	44
yi'ɓe	4
yibbaay	1
yibbere	1
yibbi	4
yibbina	1
yibbinaama	1
yibbinan	2
yibbingo	2
yibbiniri	1
yidere	2
yiggi	4
yiida	2
yiide	116
yiilaago	1
yiili	3
yiilo	1
yiiloyi	3
yiite	97
yiitere	21
yiiwa	11
yiiwaago	4
yiiwaandu	1
yiiwaay	2
yiiwake	1
yiiwan	3
yiiwanammi	1
yiiwata	1
yiiweego	1
yiiwi	10
yiiwugo	2
yilli	1
yima	1
yiman	2
yimooɓe	1
yimre	9
yimɓe	1141
yinnaaɓe	2
yiɗ	2
yiɗa	3
yiɗa-jawdi'en	1
yiɗaa	32
yiɗaano	3
yiɗaaɓe	16
yiɗan	5
yiɗanno	1
yiɗeego	1
yiɗi	265
yiɗindirgo	3
yiɗino	4
yiɗiri	16
yiɗno	1
yiɗugo	27
yiɗɓe	15
yolnde	8
yontere	6
yoof	1
yoofa	3
yoofaama	1
yoofaay	1
yoofan	1
yoofana	9
yoofanan	1
yoofango	2
yoofani	2
yoofata	1
yoofataa	2
yoofe	3
yoofeego	1
yoofete	1
yoofi	6
yoofti	2
yoofugo	5
yooli	1
yoori	6
yoorndu	1
yottaago	15
yottaaki	3
yottake	17
yotti	54
yottingo	1
yottini	2
yottintam	1
yotto	13
yowanaaɓe	1
yowango	2
yowani	3
yowi	2
yoyna	1
yoŋki	82
yoŋkiiji	22
yoɓa	3
yoɓan	3
yoɓataa	1
yoɓete	3
yoɓi	7
yoɓra	1
yoɓugo	6
yunaniŋkoore	8
yurmina	1
yurmingo	2
yurmini	9
yurmugo	1
yurni	1
yurumɓe	14
yuurni	2
yuwi	1
yuwɓe	1
Ɓaawo	78
Ɓaawoɗon	31
Ɓadita	1
Ɓadite	1
Ɓaleejo	1
Ɓalli	5
Ɓandu	8
Ɓaŋgiiɗo	8
Ɓaŋɗo	2
Ɓe	698
Ɓernde	5
Ɓernuki	1
Ɓerɗe	9
Ɓesdan	1
Ɓeye	5
Ɓii	4
Ɓii-Iblisa	1
Ɓii-neɗɗo	86
Ɓiiyiiko	1
Ɓikkoy	10
Ɓil	8
Ɓillaare	1
Ɓiŋgel	19
Ɓiɓɓe	6
Ɓiɗɗo	131
Ɓooyma	7
Ɓorniiɓe	2
Ɓulndu	1
Ɓuraay	1
Ɓurananno	1
Ɓurna	3
Ɓurɗo	1
Ɗaaniiɓe	1
Ɗam	1
Ɗaɓɓanɓe	1
Ɗaɓɓite	3
Ɗaɓɓu	1
Ɗe	8
Ɗe'e	1
Ɗemŋgal	1
Ɗi	10
Ɗiɗaɓo	3
Ɗo	1
Ɗoftuɓe	1
Ɗon	11
Ɗoofa	1
Ɗowaaɓe	1
Ɗowanaago	1
Ɗowanteeɓe	1
Ɗowtana	1
Ɗowtanaago	1
Ɗowtane	5
Ɗowtaneeɗam	1
Ɗowtaniiɗo	1
Ɗowtingo	1
Ɗum	122
Ɗume	61
Ɗuuɗɓe	14
Ɗuɗɗine	1
ɓa?ifo	1
ɓaawo	82
ɓaawo'en	1
ɓaawoojo	1
ɓaawoore	2
ɓaawoyel	2
ɓaawoɗon	28
ɓadaago	1
ɓadake	47
ɓadakeno	1
ɓadataake	1
ɓadataako	1
ɓadi	35
ɓadiiɓe	2
ɓadiiɗe	1
ɓadiiɗi	2
ɓadiiɗo	1
ɓadiiɗum	1
ɓadingo	1
ɓadino	1
ɓadinooɓe	1
ɓadinta	1
ɓaditaago	2
ɓaditake	1
ɓaditi	27
ɓadititto	1
ɓadito	3
ɓaleeha	1
ɓaleere	2
ɓaleeri	1
ɓaleewu	1
ɓalli	40
ɓalwani	1
ɓalwi	1
ɓalwini	1
ɓandu	175
ɓanduujo	1
ɓattajje	2
ɓaŋga	3
ɓaŋgaay	1
ɓaŋgaaɗo	1
ɓaŋgal	15
ɓaŋgeego	1
ɓaŋgeteeɗo	4
ɓaŋgi	2
ɓaŋgo	1
ɓaŋgta	1
ɓaŋgtaama	2
ɓaŋgtaaɗi	1
ɓaŋgtan	3
ɓaŋgtani	1
ɓaŋgte	2
ɓaŋgteteeɗo	3
ɓaŋgti	24
ɓaŋgtugo	1
ɓaŋgugo	4
ɓaŋɗo	15
ɓe	3990
ɓe'e	80
ɓeeɓi	1
ɓen	2
ɓenda	2
ɓendi	4
ɓernana	1
ɓernani	6
ɓernde	112
ɓerni	10
ɓernuki	17
ɓerɗe	131
ɓesda	11
ɓesdaago	6
ɓesdaama	2
ɓesdake	2
ɓesdan	3
ɓesdana	2
ɓesdanan	2
ɓesdanmi	1
ɓesdannde	1
ɓesdano	2
ɓesdanteeɗo	1
ɓesdataako	1
ɓesde	1
ɓesdi	20
ɓesdo	14
ɓesdorto	1
ɓesdortooɗa	1
ɓesdoto	3
ɓesdugo	3
ɓesnanɗo	4
ɓesni	2
ɓesnugo	4
ɓesnuɗo	1
ɓesɗo	1
ɓeya	6
ɓeye	7
ɓii	131
ɓii-yiiteejo	1
ɓiiyiiko	5
ɓiiyiiko'en	1
ɓikkoy	90
ɓil	1
ɓila	9
ɓilaaɓe	1
ɓilaaɗo	2
ɓilan	3
ɓilataano	1
ɓildaaɓe	4
ɓildi	3
ɓile	3
ɓili	14
ɓilino	1
ɓiliri	1
ɓilla	4
ɓillaaje	12
ɓillaare	14
ɓillaay	1
ɓillake	1
ɓillan	4
ɓillata	2
ɓillataano	2
ɓille	1
ɓilli	7
ɓilliiɓe	4
ɓilliiɗo	1
ɓillo	1
ɓillooɓe	1
ɓillore	2
ɓillu	1
ɓillugo	2
ɓilluŋgol	1
ɓilno	2
ɓilugo	4
ɓiyam	3
ɓiyum	6
ɓiyum'en	6
ɓiŋgel	108
ɓiŋgelno	1
ɓiɓɓe	110
ɓiɗɗa	3
ɓiɗɗaama	1
ɓiɗɗan	1
ɓiɗɗe	1
ɓiɗɗete	1
ɓiɗɗi	1
ɓiɗɗirde	1
ɓiɗɗirɗum	4
ɓiɗɗo	38
ɓiɗɗotira	1
ɓiɗɗotiri	1
ɓiɗɗu	1
ɓiɗɗugo	1
ɓocca	4
ɓoccaaɓe	1
ɓoccan	8
ɓocceego	1
ɓocci	7
ɓoccol	2
ɓofti	2
ɓoftirta	1
ɓoftugo	1
ɓoggi	9
ɓoggol	3
ɓolinaandi	1
ɓolwa	1
ɓooyma	47
ɓooymaaje	2
ɓooymaaji	5
ɓooymaajo	2
ɓooymaare	3
ɓooymawal	4
ɓooymawol	1
ɓorna	2
ɓornaago	4
ɓornaaki	1
ɓornaay	1
ɓornataa	2
ɓornataako	1
ɓorne	3
ɓorneego	2
ɓorni	25
ɓorniiɓe	5
ɓorniiɗo	6
ɓorniiɗon	1
ɓornino	1
ɓorno	4
ɓornoto	3
ɓornotono	2
ɓornuce	1
ɓortaago	1
ɓorti	5
ɓortino	1
ɓortiri	1
ɓosli	1
ɓulata	1
ɓuldude	1
ɓulndu	5
ɓura	8
ɓuraay	3
ɓural	3
ɓuran	31
ɓurananno	3
ɓuranka	1
ɓurannde	2
ɓuranno	2
ɓurantam	1
ɓuranŋgal	1
ɓuranŋgu	1
ɓuranɓe	2
ɓuranɗe	6
ɓuranɗi	2
ɓurata	5
ɓurataa	11
ɓuratam	4
ɓurdata	2
ɓurdi	2
ɓurdunde	4
ɓurdundi	1
ɓurduɗe	1
ɓurduɗo	7
ɓuri	131
ɓurino	1
ɓurka	2
ɓurna	10
ɓurnammi	1
ɓurnan	1
ɓurnde	10
ɓurndu	1
ɓurnu	1
ɓurtan	2
ɓurti	4
ɓurŋgal	4
ɓurŋgol	1
ɓurŋgu	1
ɓurɓe	3
ɓurɗe	7
ɓurɗi	2
ɓurɗo	12
ɓurɗum	3
ɓuutan	1
ɗa'am	4
ɗaanaago	2
ɗaanake	3
ɗaanataako	1
ɗaanataakono	1
ɗaani	18
ɗaaniiɓe	2
ɗaano	3
ɗaanoto	1
ɗabiya	13
ɗaccere	2
ɗagga	1
ɗaggi	1
ɗaggugo	1
ɗakkotira	1
ɗakkotiran	2
ɗakkotire	2
ɗakkotirgo	1
ɗakkotiri	1
ɗakkotirɗo	2
ɗakkotooŋgal	1
ɗam	58
ɗame	1
ɗaylan	1
ɗaylanɗi	1
ɗayli	2
ɗaɓɓa	31
ɗaɓɓaay	6
ɗaɓɓan	2
ɗaɓɓana	1
ɗaɓɓanmi	3
ɗaɓɓanooɓe	1
ɗaɓɓantammi	1
ɗaɓɓanɓe	3
ɗaɓɓanɗo	1
ɗaɓɓata	13
ɗaɓɓataa	9
ɗaɓɓe	2
ɗaɓɓete	1
ɗaɓɓi	30
ɗaɓɓita	17
ɗaɓɓitaay	1
ɗaɓɓitan	3
ɗaɓɓitana	1
ɗaɓɓitanɓe	2
ɗaɓɓitanɗo	1
ɗaɓɓite	8
ɗaɓɓiti	10
ɗaɓɓititi	1
ɗaɓɓititta	3
ɗaɓɓitittaa	1
ɗaɓɓititton	3
ɗaɓɓitoygo	1
ɗaɓɓitugo	4
ɗaɓɓooɓe	1
ɗaɓɓu	3
ɗaɓɓugo	5
ɗaɓɓumi	1
ɗaɓɓuno	1
ɗaɓɓuɗo	3
ɗaɗi	11
ɗaɗol	4
ɗe	392
ɗe'e	122
ɗelemnde	1
ɗelemɗe	1
ɗelemɗo	1
ɗelka	1
ɗelkannde	2
ɗelkanɗe	6
ɗelki	1
ɗelma-gikku'en	1
ɗemŋgal	13
ɗemɗe	31
ɗereewol	11
ɗeya	2
ɗeye	9
ɗeɗɗi	1
ɗi	225
ɗi'i	19
ɗigginan	2
ɗigguŋga	1
ɗigguɗe	3
ɗisa	1
ɗiɗawre	20
ɗiɗawru	2
ɗiɗaɓa	5
ɗiɗaɓal	4
ɗiɗaɓo	10
ɗiɗaɓol	2
ɗiɗi	117
ɗiɗo	148
ɗiɗoy	1
ɗo	117
ɗofta	1
ɗofti	4
ɗokko	1
ɗomka	3
ɗomɗaaɗo	2
ɗomɗaaɗono	2
ɗomɗan	1
ɗomɗi	4
ɗomɗugo	3
ɗon	2438
ɗonno	99
ɗoof	3
ɗoofa	2
ɗoofaaɗe	1
ɗoofanno	1
ɗoofdan	1
ɗoofeteende	1
ɗoofi	1
ɗowa	3
ɗowaago	1
ɗowanteeɓe	11
ɗowanteeɗo	12
ɗowata	1
ɗowdi	5
ɗowi	3
ɗownani	1
ɗowooɓe	5
ɗowtaago	2
ɗowtaare	8
ɗowtanaago	18
ɗowtanaaki	15
ɗowtanaakino	2
ɗowtanake	9
ɗowtane	10
ɗowtaneeɗam	1
ɗowtani	25
ɗowtaniimi	1
ɗowtaniiɓe	4
ɗowtaniiɗo	2
ɗowtano	40
ɗowtanooɓe	1
ɗowtantaako	10
ɗowtanto	9
ɗowtantooɓe	6
ɗowtantooɗo	1
ɗowtantooɗon	1
ɗowtiiɓe	1
ɗowtina	1
ɗowtorani	2
ɗowtoranto	2
ɗowugo	1
ɗoyla	1
ɗoyli	4
ɗoyŋgol	3
ɗoyɗi	1
ɗu'um	14
ɗum	1076
ɗum'en	3
ɗuma	1
ɗume	103
ɗuunde	20
ɗuundi	4
ɗuundu	2
ɗuuɗa-haalaajo	1
ɗuuɗa-samanje	1
ɗuuɗaay	8
ɗuuɗal	3
ɗuuɗan	4
ɗuuɗana	1
ɗuuɗanammi	1
ɗuuɗani	3
ɗuuɗataa	1
ɗuuɗeeŋga	6
ɗuuɗi	15
ɗuuɗirani	2
ɗuuɗiri	2
ɗuuɗka	5
ɗuuɗko	1
ɗuuɗkoy	2
ɗuuɗugo	10
ɗuuɗŋgal	3
ɗuuɗŋgo	1
ɗuuɗŋgol	1
ɗuuɗɓe	165
ɗuuɗɗam	2
ɗuuɗɗe	62
ɗuuɗɗi	40
ɗuuɗɗo	2
ɗuuɗɗum	46
ɗuɗɗina	2
ɗuɗɗinan	1
ɗuɗɗinango	2
ɗuɗɗine	1
ɗuɗɗingo	1
ɗuɗɗini	4
