!	53
(	118
)	118
,	14570
.	32735
12,000	12
:	2166
;	783
?	631
Aarón	8
Abadón	1
Abel	10
Abiatar	1
Abilinia	1
Abiud	2
Abraham	196
Abías	3
Acaico	1
Acaya	11
Acaz	2
Aceite	3
Acéldama	2
Adi	2
Adramitio	1
Adriático	1
Adán	21
Aenón	1
Agabo	2
Agar	4
Agripa	13
Alejandro	7
Alejandría	4
Alfeo	5
Aminadab	4
Amplias	1
Amén	13
Amón	2
Amós	2
Ana	4
Ananías	23
Andrés	18
Andrónico	1
Anfípolis	1
Angelpan	32
Anillo	2
Animal	66
Animalpan	4
Antioquía	32
Antipas	1
Antípatris	1
Anás	6
Apeles	1
Apia	1
Apio	1
Apolión	1
Apolonia	1
Apolos	16
Apostolpan	31
Apóstol	12
Aquila	10
Aquim	2
Arabia	3
Aram	4
Aretas	2
Arfaxad	2
Arimatea	4
Aristarco	7
Aristóbulo	1
Armagedón	1
Arquelao	1
Arquipo	3
Artemas	1
Artemisa	10
Asa	2
Aser	1
Asia	22
Así	5
Asíncrito	1
Asón	3
Atalia	1
Ataraya	3
Atenas	5
Augusto	1
Auxiliar	5
Auxiliarpan	6
Azor	2
Azoto	1
Azufre	2
Año	35
BABILONIA	1
Baal	2
Babilonia	45
Balaam	9
Balac	3
Barac	1
Barco	44
Barjesús	4
Barrabás	13
Barsabás	2
Bartimeo	1
Bartolomé	4
Bautista	50
Bautizar	16
Beelzebú	10
Belén	16
Benjamín	4
Beor	1
Berea	7
Berenice	3
Berequías	1
Bernabé	64
Betania	17
Betesda	1
Betfagé	5
Betsaida	9
Bitinia	2
Blasto	2
Boanerges	1
Booz	5
Botella	4
Buenos	2
Buey	8
Ca	431
Cabayú	1
Cabro	1
Cadena	2
Caifás	13
Cainán	4
Caja	2
Cajón	2
Caldea	1
Camello	3
Campa	8
Campana	1
Campanya	5
Campwila	2
Campwílatsja	2
Cana	13
Canaán	4
Candace	1
Candil	1
Caná	4
Capa	22
Capadocia	2
Capernaum	19
Carpo	1
Carreta	1
Castlyaj	11
Casá	4
Cauda	2
Cavayú	8
Cawilta	21
Caín	7
Caꞌaj	14
Caꞌampe	1
Cebada	2
Cedrón	1
Cefas	2
Cencrea	2
Centavo	1
Cesarea	26
Chipre	13
Chiquero	2
Chuza	2
Cien	3
Ciento	1
Cilicia	8
Cinco	1
Cincuenta	2
Cirene	7
Cirenio	1
Cis	1
Cjonicj	1
Cjul	14
Cjulun	1
Cjuwatsja	5
Cjuwá	24
Cjüele	4
Cjües	385
Cjüil	2
Cjüipe	1
Claudia	1
Claudio	3
Clemente	1
Cleofas	2
Cloé	1
Cobija	1
Col	4
Colosas	1
Conas	2
Contꞌe	5
Corazín	2
Corinto	11
Cornelio	26
Corona	3
Corredor	6
Coré	3
Cos	1
Cosam	2
Costa	14
Coyote	1
Coꞌliqué	1
Coꞌmüy	4
Coꞌmüypan	17
Crescente	1
Creta	11
Crispo	2
Cristianos	1
Cristo	199
Cristá	7
Cruz	18
Cuarto	6
Cuatro	1
Cuento	1
Culupwen	2
Cupj	396
Cus	22
Cusapj	1
Custjay	29
Cuwis	2
Cuy	2
Cyapj	3
Cyaꞌlequecj	1
Cyaꞌlin̈	1
Cyücüyün̈	1
Cástor	1
Cínquiya	4
Cóntꞌeya	4
Cütꞌanqué	2
Cꞌa	1
Dalmacia	1
Dalmanuta	1
Damasco	22
Daniel	2
David	111
Decápolis	3
Demas	3
Demetrio	8
Derbe	4
Diablo	51
Diablú	1
Diez	2
Dionisio	1
Dios	8125
Discipulopan	24
Discípulo	7
Diéziya	2
Diótrefes	5
Doce	2
Doctor	1
Domingo	8
Don	1
Dorcas	2
Dos	2
Drusila	1
Dámaris	1
Dóceya	2
Efata	1
Efeso	31
Efraín	1
Egipto	43
Egiptopan	1
Elam	1
Eleazar	2
Eliaquim	4
Eliezer	2
Elimas	1
Elisabet	13
Eliseo	1
Eliud	2
Elmodam	2
Eloi	2
Elí	4
Elías	41
Emanuel	1
Emaús	2
Eneas	2
Enoc	8
Enós	2
Epafras	2
Epafrodito	9
Epeneto	2
Er	2
Erasto	3
Esaú	6
Esceva	2
Esclavo	3
Esclavopan	8
Esli	2
Esmirna	3
España	4
Esponja	2
Esrom	4
Estaquis	1
Esteban	26
Estéfanas	3
Etiopía	8
Eubulo	1
Eufrates	2
Eunice	1
Eutico	1
Eva	2
Evodia	1
Evá	1
Ezequías	2
Faja	1
Fanuel	1
Faraón	6
Fares	4
Fariseo	10
Fariseopan	45
Febe	2
Felipe	42
Felipá	4
Fenice	2
Fenicia	3
Festo	22
Fierro	1
Fiesta	23
Figelo	1
Filadelfia	3
Filemón	3
Fileto	1
Filipo	4
Filipos	6
Filólogo	1
Flegonte	1
Foro	1
Fortunato	1
Freno	1
Frigia	3
Félix	14
GENTE	1
Gabato	1
Gabriel	2
Gad	1
Gadara	5
Galacia	6
Galilea	90
Galión	7
Gamaliel	3
Gato	2
Gayo	6
Gaza	1
Gedeón	1
Genesaret	3
Gente	349
Getsemaní	2
Gnido	1
Gog	1
Gomorra	5
Grecia	1
Griego	1
Griegopan	5
Gólgota	5
Hamaca	2
Hamor	1
Harina	2
Harán	2
Heber	2
Hebreo	1
Hebreopan	1
Hermas	1
Hermes	4
Hermógenes	1
Herodes	103
Herodión	1
Herodías	11
Hierápolis	1
Higuera	5
Hilo	1
Himeneo	2
Hisopo	1
Hora	5
Iconio	7
Idumea	1
Ilírico	1
Impuesto	3
Isaac	34
Isacar	1
Isaí	6
Isaías	53
Iscariote	13
Ismael	2
Israel	23
Israelpan	35
Italia	5
Iturea	1
JEPA	5
JEPAPAN	1
JESÚS	2
JILAL	1
JIS	5
JUDIOPAN	4
JUPJ	1
Jacalá	1
Jacob	32
Jacobo	51
Jacꞌ	1
Jairo	5
Jajamapj	1
Jajütütj	2
Jalatsja	1
Jalá	1
Jam	2
Jama	2
Jamay	10
Jambres	3
Jana	2
Janes	3
Janmacj	4
Januc	4
Januctsja	1
Janucun	5
Janucunpan	2
Japon	22
Jared	2
Jarro	1
Jas	68
Jaspe	1
Jasón	5
Jatjam	171
Jatjampan	1
Jatoc	1
Jatsꞌom	3
Jatül	1
Jatꞌ	1
Jatꞌǘ	2
Javelepj	39
Javeleptsja	3
Jaw	16
Jawas	1
Jay	16
Jaylacj	12
Jaꞌayapj	2
Jaꞌüm	1
Jaꞌünan	2
Je	1
Jeconías	3
Jefté	1
Jele	11
Jemapj	1
Jemay	3
Jemica	2
Jepa	691
Jepapan	42
Jepjel	1
Jeqjues	1
Jeremías	6
Jericó	15
Jerusalén	234
Jesucristam	1
Jesucristo	1673
Jesucristá	28
Jesustsja	1
Jesús	2759
Jetjam	13
Jetjay	1
Jetsꞌom	3
Jey	2
Jezebel	2
Jil	5
Jilal	8
Jiltsja	4
Jim	2
Jin	31
Jipj	390
Jiquiway	1
Jis	261
Jisas	40
Jisastsja	21
Jitsipe	2
Jive	3
Joanꞌan	2
Job	1
Jocꞌ	11
Joel	3
Jola	9
Joló	1
Jomam	1
Jomica	1
Jomozo	2
Jomwen	2
Jonán	2
Jonás	18
Jope	14
Joram	2
Jordán	15
Jorim	2
Jos	50
Josafat	2
Jostsja	20
Josué	5
José	79
Josías	3
Jotam	2
Joway	1
Juan	274
Juana	2
Jucucus	3
Judas	77
Judea	73
Judiopan	218
Judá	14
Judío	23
Juez	2
Jul	3
Julia	1
Julio	2
Jum	1
Jumtsja	1
Jun	60
Junías	1
Jupj	1584
Jus	60
Jusapj	7
Justa	1
Justo	5
Jutja	29
Jutsꞌul	1
Jyamanan̈	1
Jyawca	7
Jyáwcatsja	1
Jyütütj	2
Jyüꞌta	4
Jámatsja	4
Játjatsja	1
Jáꞌasa	1
Jépatsja	3
Jólatsja	7
Jül	2
Jümücj	19
Jüpülücpan	2
Jüpꞌüy	21
Jüwǘ	1
Jüꞌtǘ	1
Kilómetro	1
LAJAY	1
LAL	3
La	558
Lacj	21
Laja	3
Lajay	2
Lal	12
Lala	1
Lama	3
Lamec	2
Lampe	4
Laodicea	7
Lapanen	29
Lapanenpan	26
Lapj	1
Las	7
Lasea	1
Latalata	1
Latsj	30
Lay	3
Lazará	4
Le	18
Lecj	5
Legua	3
Len̈	163
Len̈tsja	7
Letra	1
Levadura	7
Level	4
Leví	26
Levítatsja	1
León	1
Li	9
Libia	1
Libro	3
Licaonia	1
Licia	1
Lida	4
Lidia	3
Liji	2
Lijicj	1
Lino	1
Lis	7
Lisanias	1
Lisias	4
Listra	7
Llave	2
Lo	7
Locj	4
Locopyas	1
Locopyaya	266
Loida	1
Lojí	3
Lot	6
Lotsjim	3
Lotsjotsj	3
Lotsꞌacꞌ	14
Lovin	377
Lowa	32
Lowú	2
Lu	1
Lucas	3
Lucio	2
Lyaja	1
Lyajacj	3
Lyawun̈	2
Lyájasa	15
Lámpara	2
Lázaro	36
Lüpj	1
Lüpjücj	1
Lüpjǘ	12
MA	1
MALALA	1
MALALAPAN	1
MPE	1
Ma	1230
Maat	2
Macedonia	30
Madián	1
Magdalena	9
Magdalá	8
Magogpan	1
Mahalaleel	2
Mainán	2
Majatjum	2
Malala	436
Malalapan	2
Malana	7
Malco	1
Malta	5
Malálatsja	8
Manaca	2
Manas	20
Manasés	3
Manaén	1
Maná	1
Mar	5
Marcos	14
Marta	14
María	85
Mas	16
Matat	4
Matata	2
Matatías	4
Mateo	8
Matusalén	2
Matán	2
Matías	2
Matꞌe	3
Matꞌeyá	1
Maysa	1
Maꞌajapj	9
Media	1
Mele	1
Melea	2
Melqui	4
Melquisedec	30
Menmené	3
Mes	12
Mesa	7
Mesopotamia	2
Miguel	4
Mil	2
Mileto	3
Militar	15
Militarpan	34
Milpan	1
Min	2
Mira	2
Mirra	1
Mis	3
Misia	1
Mitilene	1
Mnosán	2
Moisés	469
Mol	10
Molo	1
Moloc	1
Monuna	1
Mopꞌin	362
Mopꞌiyá	7
Mos	7
Mostaza	5
Mozo	30
Mozopan	5
Moꞌm	1
Moꞌo	12
Mpapay	180
Mpaquen	3
Mpatjam	1
Mpaꞌis	1
Mpe	1
Mpes	1805
Mpjelaquecj	1
Mponen	1
Mponé	3
Mpulú	1
Mpülücj	2
Mpülücpan	4
Mpüꞌüm	1
Mpüꞌüs	2
Mpꞌüy	1
Municipio	1
Mvayum	2
Mvelen	5
Mveles	4
Mvelé	5
Mwalá	59
Mwen	2
Mwinim	2
Mwiꞌiquecj	1
Mwü	3
Mya	3
Myas	6
Myayca	1
Myona	2
Myusca	6
Myáycatsja	1
Más	368
Mátꞌeya	11
Müjüꞌtücj	1
Mümüy	6
Müsiqué	1
Müsü	1
Müꞌüs	1
NAPJ	4
NAZARET	1
NE	2
NINANA	2
NINÁ	2
NOSIS	1
NTꞌA	1
Naamán	1
Naasón	4
Nacor	2
Nagai	2
Nahúm	2
Najamica	9
Najamicapan	4
Najas	392
Najastsja	17
Nam	10
Namas	1
Namay	3
Namozo	9
Namozopan	2
Nan	3
Nancupwepe	1
Napj	1240
Narciso	1
Nardo	1
Nas	5
Nasa	130
Nasapj	2
Natanael	7
Natj	2
Natjam	29
Natjampan	74
Natsꞌom	1
Natán	2
Nawajaꞌa	8
Nawala	6
Nawalapꞌaꞌa	1
Nay	1
Nayapé	1
Nazareno	1
Nazaret	32
Naín	2
Naꞌaj	10
Naꞌas	1
Naꞌata	1
Ncapj	29
Ncawajas	3
Ncaꞌ	2
Ncaꞌan	1
Ncaꞌlequecj	1
Ncaꞌlin̈	4
Ncaꞌá	2
Ncocoy	1
Ncol	1
Ncu	229
Ncucus	4
Nculá	13
Ncupj	11
Ncuwim	6
Ncuwis	3
Ndios	5
Ne	10
Neftalí	3
Nejepa	61
Nejetsꞌes	1
Nenem	16
Nenéyawa	90
Nepena	2
Nepenowá	4
Nepé	16
Nepénowa	435
Neqjues	5
Nequem	49
Nereo	1
Neri	2
Newa	355
Neápolis	1
Neꞌaj	343
Neꞌas	49
Neꞌespan	1
Ni	7
Nicanor	1
Nicodemo	10
Nicolaitapan	1
Nicolás	2
Nicópolis	1
Niger	1
Nin	2258
Nina	2
Ninana	259
Ninfa	1
Ninpe	1
Nintsja	8
Niná	498
Nipj	22
Niswa	55
Niswá	4
Niyana	1
Niyom	147
Nla	2
Nlajacj	1
Nlajam	1
Nlawú	1
Nol	4
Nola	4
Nosis	49
Noventa	1
Noyomes	7
Noypan	21
Noé	14
Noꞌoj	3
Noꞌompe	2
Noꞌoté	6
Nticꞌ	2
Ntipüꞌí	4
Ntjaman	1
Ntjamanuna	1
Ntjeꞌaya	3
Ntjitꞌünǘ	1
Ntjiꞌlin̈	6
Ntjüiliqué	2
Ntjüiꞌle	2
Ntjüꞌünan	1
Ntolo	2
Ntsjam	1
Ntꞌa	2
Ntꞌiꞌisa	9
Ntꞌya	11
Nu	10
Nucopj	5
Nueve	2
Nujepa	7
Nujisas	30
Nujisastsja	2
Nujola	115
Nujos	4
Nujun	5
Nujólatsja	3
Numos	1
Nun	1298
Nunpan	4
Nunwá	2
Nupopay	20
Nupꞌüy	1
Nus	1
Nusapj	1
Nusey	1
Nusin	72
Nuvoyum	1
Nuyun	4
Nyucucj	1
Nyucunucj	1
Nyucunutsja	1
Nyucunú	5
Nínawa	2
Nínive	5
Nólatsja	4
Número	1
Nüejetsꞌequé	1
Obed	5
Olimpas	1
Olivo	1
Olivos	12
Onesíforo	4
Onésimo	8
Oro	10
Oseas	2
Oveja	73
PAJAL	1
PJACJ	1
PJÜ	4
PUES	1
Pablo	341
Pabló	10
Pafos	4
Pajal	450
Palabra	1
Palan	1
Palavin	2
Palá	18
Pan	23
Panfilia	6
Pansas	4
Panteón	1
Papay	69
Papel	44
Parmenas	1
Partia	1
Parábola	22
Pasal	148
Pastor	5
Pastorpan	1
Patja	5
Patmos	2
Patrobos	1
Paulo	7
Pe	70
Pecj	6
Pedro	281
Pedrú	9
Pejey	1
Peleg	2
Peletsꞌey	1
Pelota	1
Pensión	1
Pentecostés	3
Pequen̈	1
Pequepan	4
Pequé	1
Perdonar	6
Perfume	6
Perfúmetsja	1
Perge	3
Pero	2
Peso	1
Pilato	100
Pilatá	1
Pililicj	1
Pirro	1
Pis	6
Pisidia	3
Pisis	1
Pjacj	54
Pjaní	141
Pje	2
Pjetsja	1
Pjeꞌá	22
Pjoca	2
Pjolocꞌ	4
Pjotsꞌ	4
Pjoꞌoqué	1
Pjucj	4
Pjul	3
Pjulacj	9
Pjwel	3
Pjyacan̈	8
Pjü	620
Plata	3
Plato	7
Po	430
Pocillo	11
Polel	7
Polol	1
Polomay	9
Pomada	5
Poncio	3
Ponto	3
Poné	1
Popa	14
Popay	75
Popel	311
Porcio	1
Potjaqué	1
Pretorio	1
Priscila	8
Profeta	20
Profetapan	20
Profétatsja	9
Prócor	1
Publio	2
Pudente	1
Puertos	2
Pues	22
Puteoli	1
Pwe	1
Pwecapan	3
Pwelam	1
Pyapay	4
Pyapel	4
Pyaquecj	3
Pyatjaquecj	1
Pyon	5
Pyona	1
Pyonecj	8
PÜNÉ	4
Pátara	2
Pátjatsja	1
Pérgamo	3
Pérsida	1
Pólux	1
Pül	1
Pülücj	227
Pülül	26
Püna	189
Pünetsja	4
Püné	212
Püs	30
Püstapj	5
Püste	43
Püꞌá	1
Püꞌü	5
Pǘstetsja	7
Pǘꞌütsja	1
Pꞌa	421
QUEPJ	1
Qjuilal	2
Qjuis	228
Qjuisas	76
Qjuisastsja	3
Qjuisin	34
Qjuisiyasma	1
Qjuisí	1
Qjuive	1
Qjuiyola	2
Qjuiyólatsja	4
Quelel	151
Quepan	6
Quepj	75
Querubines	2
Qui	2
Quiliyú	6
Quina	288
Quive	1
Quiꞌá	21
Quío	1
Rabbí	14
Raboni	1
Ragau	2
Rahab	9
Ramá	1
Raquel	1
Rebeca	2
Regio	1
Renfán	1
Resa	2
Roboam	2
Rodas	1
Rode	1
Rojo	2
Roma	25
Romano	4
Romanopan	9
Románotsja	1
Rubén	1
Rufo	2
Rut	1
SEJAMAY	2
SIN	1
Sa	1
Sacapyá	1
Sacerdote	55
Sacerdotepan	15
Sadoc	2
Saduceopan	12
Safira	1
Sal	9
Sala	2
Salamina	1
Salatiel	4
Salejepj	11
Salejeptsja	12
Salem	4
Salim	1
Salmón	5
Salomé	2
Salomón	20
Salá	3
Samaria	29
Samos	1
Samotracia	2
Samuel	3
Sansón	1
Santiago	1
Sara	9
Sardis	4
Sarepta	1
Sarón	1
Satanás	47
Saulo	48
Se	10
Segundo	2
Seis	1
Sejamapj	1
Sejamay	3
Sejamica	2
Sejamicapan	1
Sejatjampan	1
Sejatsꞌom	2
Selecj	58
Selectsja	2
Selen	14
Seletsja	14
Seleucia	1
Selé	12
Sem	2
Semana	4
Semei	2
Sergio	7
Serug	2
Sesenta	1
Set	2
Setel	25
Setenta	1
Sey	5
Seyasa	9
Si	11
Sicar	1
Sidón	15
Siete	8
Siji	1
Silas	23
Silla	7
Siloé	4
Silvano	4
Simeón	10
Simón	104
Sin	99
Sinaí	9
Sine	3
Siná	1
Sipipj	4
Siquem	1
Siracusa	2
Siria	10
Sirofenicia	1
Sirte	1
Siéteya	11
Sión	6
So	3
Soc	1
Sodoma	13
Solejetsja	2
Solejé	30
Soquiya	2
Sosípater	1
Soysoy	8
Sur	2
Sus	2
Susana	1
Syocte	1
Sábado	20
Séisiya	1
Síntique	1
Sópater	2
Sóstenes	2
Süs	37
Tabernas	1
Tabita	5
Tabla	3
Tacaꞌliqué	4
Tadeo	2
Talita	1
Tamar	1
Tapac	7
Tapatja	3
Tarso	6
Taré	2
Tatsja	1
Te	3
Tecyawaja	14
Tecyaꞌlequecj	6
Tecyaꞌlin̈	19
Tecyojo	4
Tepeꞌe	29
Tepyac	3
Tepyaca	32
Tepyatjaquecj	1
Tepyocja	1
Tepyon	3
Tepyona	6
Tepyonecj	3
Tequeꞌe	2
Tercio	1
Tesalónica	11
Teudas	1
Teófilo	2
Tiatira	5
Tiberias	3
Tiberio	2
Ticio	1
Ticyuna	1
Ticyücüyütsja	1
Ticyücüyǘ	1
Timeo	1
Timoteo	37
Timón	1
Tin	1
Tinta	1
Tipitꞌa	1
Tipyülücǘ	1
Tipyünta	2
Tirano	1
Tiro	16
Tito	20
Titá	1
Tjacjaj	1
Tjacjaꞌla	1
Tjacuwis	4
Tjacꞌ	22
Tjajamapj	1
Tjajamá	2
Tjalajá	1
Tjalá	5
Tjamacjas	11
Tjamacjaspan	6
Tjaman	9
Tjamanú	1
Tjapjaca	7
Tjapjacas	7
Tjapjaja	4
Tjapjaꞌaqué	15
Tjapjaꞌné	1
Tjatꞌ	1
Tjawayis	1
Tjaꞌasꞌüm	1
Tjaꞌayapj	4
Tjaꞌayá	15
Tjejyama	2
Tjejyatjaquecj	1
Tjejyawca	12
Tjejyá	5
Tjelepta	1
Tjeleque	10
Tjelyaja	2
Tjemey	78
Tjemyaꞌna	3
Tjenejetsꞌen̈	4
Tjepjelan̈	2
Tjepjyacan̈	19
Tjepjyacan̈tsja	1
Tjepjyaꞌaquecj	3
Tjevele	406
Tjevelecj	10
Tjevelen	5
Tjeveletsja	1
Tjevelá	1
Tjevelé	14
Tjevyala	7
Tjewyayin̈	1
Tjeꞌyapta	1
Tjeꞌyaya	9
Tjijinan̈	3
Tjijyütütj	2
Tjijyüꞌta	29
Tjijyüꞌtücj	1
Tjil	61
Tjiltsja	1
Tjimyüsiquecj	1
Tjinyuc	12
Tjinyuca	30
Tjinyucucj	5
Tjiquil	22
Tjiquilaca	1
Tjive	1
Tjivyüꞌün	1
Tjivyüꞌünǘ	1
Tjiꞌyüꞌsa	7
Tjojon	1
Tjopjolta	2
Tjowaya	1
Tjowelepj	179
Tjoweleptsja	1
Tjowelé	19
Tjum	14
Tjumtsja	1
Tjunuc	24
Tjunuca	10
Tjunuctsja	1
Tjunucú	7
Tjutj	1
Tjuwin	1
Tjuwine	1
Tjuwiꞌin̈	3
Tjátjatsja	2
Tjáꞌasa	3
Tjüjütütj	10
Tjümüsiqué	1
Tjünüejetsꞌequé	1
Tjüwücj	10
Tjüwüiꞌi	2
Tjüwüiꞌiqué	1
Tjüꞌünan	11
Tjüꞌüꞌna	2
Tjüꞌüꞌná	5
Toc	2
Tolemaida	1
Tomás	17
Ton̈ca	1
Topon	13
Toponé	6
Toꞌá	1
Traconite	1
Trasto	2
Tres	1
Trifena	1
Trifosa	1
Trigo	3
Troas	8
Trompeta	4
Trófimo	6
Tsetsꞌ	1
Tsipyaya	10
Tsiquin	1
Tsjan	228
Tsjay	37
Tsjicj	108
Tsjictjacj	24
Tsjiminicj	1
Tsjiquis	2
Tsjiyó	2
Tsjiꞌ	10
Tsjojoca	1
Tsjom	8
Tsjomis	5
Tsjoꞌoy	3
Tsju	1
Tsjun	27
Tsjutsj	11
Tsjyam	3
Tsjyonca	3
Tsjücjüim	14
Tsjücjüimpan	4
Tsjülǘ	1
Tsupapj	2
Tsupaptsja	1
Tsuwile	1
Tsyupaptsja	1
Tsyuꞌpa	1
Tsyúꞌpatsja	1
Tsyülümǘ	1
Tsꞌa	10
Tsꞌacꞌ	78
Tsꞌas	2
Tsꞌelel	7
Tsꞌentuna	1
Tsꞌepjel	4
Tsꞌequenen̈	4
Tsꞌi	9
Tsꞌiquenan̈tsja	2
Tsꞌisin̈	2
Tsꞌisipan	1
Tsꞌituju	1
Tsꞌu	1
Tsꞌutus	1
Tsꞌüequenes	1
Tsꞌüequené	1
Tsꞌüil	2
Tsꞌüique	2
Tsꞌüise	3
Tsꞌülücꞌ	4
Tucucꞌ	3
Tucuman	1
Tucutj	3
Tunun	1
Tyatj	1
Tyüla	2
Tértulo	6
Tíquico	6
Tón̈catsja	2
Tüecj	1
Tüicꞌ	5
Tülü	3
Tüpwé	1
Tüpüntüpj	3
Tüpütꞌ	1
Tüpüꞌü	3
Tüpüꞌüs	2
Tütsja	1
Tꞌan̈	5
Tꞌasiyú	8
Tꞌatsj	1
Tꞌawaná	6
Tꞌemel	42
Tꞌempe	2
Tꞌeꞌé	1
Tꞌiꞌila	2
Tꞌya	1
Tꞌyaja	4
Tꞌyüna	5
Tꞌü	1
Tꞌücꞌ	650
Urbano	1
Urías	1
Uva	29
Uzías	2
Vaca	6
Vaina	2
Ve	23
Vecj	3
Veintisiete	1
Velan̈	2
Vele	27
Velecj	7
Velé	4
Vender	8
Veneno	1
Vidrio	1
Vino	3
Vin̈	1
Visyú	1
Viyá	4
Voyum	3
Vyaja	2
Vyala	2
Vyayum	1
Véletsja	1
Wa	31
Wala	1
Wama	23
Was	16
Way	4
Welé	2
Wine	2
Winin	1
Wiꞌin̈	3
Wiꞌiquecj	2
Wo	14
Wola	19
Wolas	2
Wosis	10
Woyaqué	1
Wya	5
Wüiꞌi	1
Wüiꞌiqué	1
Wüiꞌis	5
Wüjü	2
YUPJ	1
Ya	9
Yacjaj	20
Yacjaya	50
Yam	3
Yas	45
Yaya	37
Yo	25
Yola	19
Yom	349
Yomen	104
Yon	2
Yoquin	1
Yoꞌ	4
Yulupjana	4
Yum	1
Yumal	2
Yun	15
Yupj	1209
Yus	11
Yusapj	5
Yuwal	9
Yuwá	37
Yólatsja	21
Yümücj	36
Zabulón	3
Zacarías	27
Zapato	1
Zaqueo	12
Zara	1
Zebedeo	10
Zenas	2
Zeus	4
Zorobabel	4
[	1
]	1
abono	2
aceitas	1
aceite	9
aceras	1
acero	8
acérotsja	1
adobes	1
ajo	2
alabastro	3
amatista	1
angelpan	82
anillo	1
animal	61
animalpan	6
anzuelo	1
apellido	1
apostolpan	79
apóstol	19
arete	3
arpa	6
así	9
ataraya	14
atarayas	1
auxiliar	35
auxiliarpan	13
auxiliartsja	1
azufre	4
año	66
bailar	4
balanza	1
banco	4
barcas	15
barco	129
barra	1
basura	1
bautizar	89
berilo	1
botella	8
bronce	4
bróncetsja	1
buey	9
ca	7759
cabayú	3
cabro	7
cabrú	1
cacaste	3
cadena	10
cadenas	1
caitas	1
caite	9
caja	8
cajamica	1
cajamicapan	2
cajón	7
calatsa	1
calatsas	2
caldas	2
camay	2
camello	5
campa	72
campalanya	1
campanya	17
campapj	2
campapé	5
campayá	1
campwila	24
campwílatsja	5
campányatsja	3
cana	18
canapatjá	3
candil	6
canela	1
capa	2
capaná	1
capj	677
capyatsja	7
capyá	1
capá	13
capítulo	1
carga	1
carreta	3
carretas	1
casapa	6
casaꞌa	3
casaꞌá	71
cascabel	1
castlyaj	3
castucú	1
casá	531
catjam	20
catjampan	54
catorce	6
catsj	2
catsja	7
cavayú	20
cawajas	3
cawilta	98
caꞌaj	51
caꞌampe	2
caꞌlin̈	1
cebada	2
centavito	1
centavo	1
centavos	1
chiquero	2
cien	20
ciento	4
cientos	8
cilantro	1
cinco	27
cincuenta	8
cinquiyá	1
ciéneya	2
cjan	7
cjay	8
cjaya	1
cjol	18
cjolol	2
cjololtsja	2
cjoltsja	1
cjul	30
cjulun	13
cjumsu	21
cjumsus	1
cjuwatsja	61
cjuwá	201
cjyol	1
cjyoltse	1
cjyoꞌla	1
cjúmsutsja	3
cjüele	7
cjües	21
cjüil	31
cjüipe	6
cjüipepé	7
cjüipꞌaꞌa	7
cjüipꞌaꞌá	1
clavo	5
cobija	10
cocjam	1
cocoy	20
cocoypan	4
cocoytsja	1
cojon̈tsja	1
col	26
coló	1
comino	1
comyatsja	1
con	18
conas	8
contꞌe	77
contꞌeyá	1
con̈	84
con̈ca	13
con̈cocj	24
con̈có	92
con̈tsja	20
copá	1
corito	1
cornalina	1
corona	12
coroná	1
corredor	3
costa	63
costlyas	1
coy	5
coyote	1
coytsja	3
coꞌliqué	5
coꞌmüy	16
coꞌmüypan	61
coꞌmüytsja	7
coꞌá	1
crisoprasa	1
crisólito	1
cruz	101
cruzus	6
cuarenta	28
cuartas	2
cuarto	20
cuarénteya	2
cuatro	11
cuatrocientos	1
cucuspan	1
cuento	2
culantro	1
culatsja	1
culupwen	49
culá	4
cuman	21
cumi	1
cupj	1318
cus	293
cusapj	2
cuscú	14
custapj	1
custjay	262
cutj	2
cutsꞌaꞌá	7
cuwis	79
cuwistsja	2
cuy	8
cuytsja	1
cyacaná	2
cyacꞌaja	1
cyala	4
cyapj	59
cyawaja	21
cyawájatsja	7
cyaꞌlequecj	1
cyaꞌlin̈	39
cyojo	7
cyol	3
cyon̈	18
cyon̈ca	42
cyon̈cocj	1
cyucus	3
cyuna	2
cyálatsja	1
cyón̈catsja	3
cyücüyütsja	1
cyücüyǘ	3
cámpatsja	8
cínquiya	15
cóntꞌetsja	1
cóntꞌeya	17
cón̈catsja	7
cücj	3
cüemá	1
cüicj	1
cüicpan	3
cüiway	1
cüjam	1
cüjamas	4
cüjay	37
cüjaytsja	10
cüjitsja	1
cüjí	14
cüjüs	1
cüjütütj	3
cüjütütsja	1
cüjüꞌtüs	1
cülaca	1
cülajas	1
cülayecj	10
cülayes	5
cülayé	20
cülá	1
cümajam	1
cümon	5
cümüjǘ	1
cünucucj	1
cüpac	2
cüpactsja	1
cüpajatj	1
cüpalas	22
cüpalastsja	6
cüpatjam	2
cüpatjaquecj	1
cüpatjaquectsja	1
cüpatjaqué	1
cüpatsꞌ	1
cüpaꞌis	3
cüpaꞌistsja	2
cüpaꞌnactsja	1
cüpaꞌnas	1
cüpjacan̈	1
cüpjacas	6
cüpon	2
cüponecj	3
cüponetsja	2
cüponé	6
cüpul	1
cüpwecꞌ	2
cüpütꞌ	3
cüpüꞌüm	1
cüpꞌacj	1
cüpꞌaꞌsacj	1
cütaꞌacj	2
cütsꞌitsja	1
cütül	3
cütülücj	2
cütülüstsja	1
cütꞌanquetsja	2
cüvalacj	1
cüvalas	2
cüvalá	1
cüvelecj	9
cüvelem	1
cüveles	8
cüveletsja	1
cüvelé	7
cüwelecj	1
cüwelem	3
cüweles	8
cüweletsja	1
cüwelé	9
cüwinis	1
cüꞌayas	3
cüꞌayá	2
cüꞌes	1
cüꞌüsüstsja	1
cüꞌüꞌnacj	5
cüꞌüꞌnactsja	1
cüꞌüꞌnam	1
cüꞌüꞌnas	1
cüꞌüꞌsüs	8
cꞌa	40
cꞌatsja	4
cꞌulim	1
de	1
diablo	75
diablú	14
diez	23
dieziyá	1
dios	98
diospan	2
discipulopan	359
discipulú	3
discípulo	31
diéziya	17
doce	5
doceyá	1
doctor	9
domingo	2
dos	8
dóceya	52
egiptopan	4
el	50
elefante	1
enemigo	36
enemigopan	86
epicureopan	1
esclavo	17
esclavopan	43
escuela	2
esmeralda	1
espejo	2
esponja	3
estoicopan	1
faja	3
faltar	1
familia	1
fariseo	15
fariseopan	72
fierro	6
fiesta	111
flauta	5
freno	1
galón	2
ganar	1
gentas	42
gente	814
gentá	28
griego	5
griegopan	3
guaro	1
hamaca	9
harina	1
harinas	2
hebreo	3
hebreopan	1
hermano	2
higo	2
higuera	9
hisopo	2
hora	11
impuesto	29
israelpan	129
ja	6
jacacan	1
jacinto	1
jacjol	1
jacjoy	1
jacon̈	29
jactsja	20
jacuman	8
jacumantsja	3
jacutj	12
jacutsja	1
jacüipap	7
jacꞌ	96
jajamapj	27
jajamaptsja	8
jajamtsja	1
jajatsj	4
jajocj	1
jajünsüpj	10
jajünsüptsja	6
jajütütj	91
jajütütsja	4
jala	6
jalatsja	19
jalecj	1
jaletjatj	3
jalá	89
jam	49
jama	108
jamacj	3
jamactsja	1
jaman	1
jamantsja	2
jamanun	37
jamanuntsja	1
jamas	3
jamatsja	5
jamay	73
jamaytsja	8
jampjapj	2
jampjaptsja	1
jamtsja	1
jamá	37
jana	28
janapj	2
janmacj	24
januc	80
januctsja	11
janucun	9
janucunpan	15
janütsja	1
japac	2
japactsja	1
japatsj	10
japis	1
japocj	1
japon	358
japontsja	27
japul	1
japwijitj	5
japüntüpj	2
japꞌacj	24
japꞌactsja	5
jarras	2
jarro	9
jas	904
jasev	1
jasin	10
jasoctsja	1
jaspe	2
jasüp	4
jatatj	110
jatatsja	26
jataꞌepj	11
jatja	134
jatjam	174
jatjampan	46
jatjatsja	2
jatjatsjé	1
jatjay	4
jatjaypan	4
jatjá	3
jatoc	3
jatsicyacj	2
jatsj	1
jatsjac	2
jatsupapj	4
jatsüpün	2
jatsꞌom	122
jatül	11
jatültsja	4
jatꞌ	30
jatꞌanapj	2
jatꞌanquepj	18
jatꞌanqueptsja	5
jatꞌolontsja	1
jatꞌǘ	20
jav	3
javalapj	4
javelel	2
javelepj	765
javeleptsja	61
jaw	65
jawaques	1
jawas	279
jawasa	74
jawasiyá	7
jawastsja	2
jawasá	2
jawca	9
jawtsja	3
jawásiya	1
jay	229
jaylacj	187
jaylactsja	12
jaympa	2
jaytsja	7
jaꞌasatsjé	1
jaꞌasá	1
jaꞌayapj	67
jaꞌayaptsja	14
jaꞌonsopj	8
jaꞌüm	6
jaꞌünan	28
jaꞌünantsja	30
je	25
jele	83
jemay	7
jemica	6
jemicapan	2
jepa	331
jepapan	207
jepeypan	1
jepá	6
jequetj	5
jetjam	18
jetjaypan	1
jetsja	4
jetsꞌom	1
jetꞌ	2
jetꞌemel	4
jey	3
jeya	1
jeyacj	11
jeyan	1
jeyapj	14
jeyaptsja	19
jeyatsja	4
jeyá	22
jicj	9
jil	133
jilal	1482
jiltsja	54
jim	2
jimpe	1
jin	1540
jina	1
jinan̈	9
jinma	4
jintsja	1
jinwatsja	59
jinwá	2103
jiná	1
jipj	1250
jiquil	43
jiquiltsja	17
jiquiway	1
jis	5250
jisapj	1
jisas	776
jisastsja	245
jisin	6
jitsꞌaꞌatsja	3
jitsꞌaꞌá	14
jitsꞌil	1
jive	15
jocj	5
jocꞌ	57
jola	177
jomam	2
jomapj	4
jomaqué	3
jomica	15
jomicapan	47
jomozo	46
jomozopan	64
jomozá	1
jomwen	33
jomá	6
jomícatsja	1
jomózotsja	1
jon	1
jopey	2
jos	1353
jostsja	375
jotjaqué	11
jotsjá	1
joyomacꞌ	1
joyomtsja	1
joꞌ	16
jucucus	22
jucucuspan	6
judiopan	685
judío	37
juez	9
jul	89
jultsja	1
julupj	4
jum	75
jumtsja	12
jun	275
junma	2
juntsja	1
jupj	7436
jupjula	1
jurar	26
jus	764
jusapj	26
justa	58
justá	1
jutja	19
jutsꞌaꞌam	1
jutsꞌaꞌatsja	6
jutsꞌaꞌá	219
jutsꞌuyupan	2
jutsꞌuyupj	9
jutꞌum	1
juyuy	2
juyuya	1
jya	2
jyam	10
jyama	55
jyamacj	8
jyaman	2
jyamanan̈	2
jyaman̈	3
jyamá	4
jyas	87
jyastsja	10
jyatjaquecj	9
jyatjaquectsja	1
jyatsja	7
jyawca	122
jyoꞌo	2
jyuꞌya	8
jyuꞌyucj	1
jyámatsja	4
jyáwcatsja	3
jyünsa	4
jyünsünün̈	3
jyünsǘ	2
jyütütj	51
jyüꞌta	160
jyüꞌtá	16
jyüꞌtücj	15
jyǘꞌtatsja	2
jálatsja	8
jámatsja	89
jánatsja	4
játjatsja	61
jáwcatsja	5
jáꞌasa	128
jáꞌasatsja	70
jéletsja	4
jépatsja	33
jéyatsja	16
jívetsja	2
jólatsja	107
jómatsja	1
jústatsja	32
jül	4
jüljül	1
jülün	1
jümücj	78
jümümüy	1
jünaque	1
jünaqué	3
jünsa	19
jünsüs	13
jünsǘ	5
jüpjüs	1
jüpülücj	12
jüpülücpan	15
jüpülüctsja	1
jüpꞌüy	163
jüs	5
jütüta	96
jütütam	1
jütütj	83
jütütá	2
jütütücj	2
jüwüs	2
jüꞌtǘ	7
jǘnsatsja	1
la	10572
lacasana	13
lacj	57
laja	4
lajan	1
lajay	1697
lajaytsja	169
lajaytsjé	1
lal	5714
lala	8
lama	7
lampe	3
lapanen	42
lapanenpan	80
lapaná	1
lapj	10
lapjüna	8
lapjǘnatsja	2
las	180
lata	2
latsj	16
latsja	2
lay	80
laꞌ	6
laꞌí	7
le	129
lecj	92
legua	2
lejay	549
lejaytsja	14
lejen̈	119
lejen̈tsja	34
lemeliyú	2
leméliyu	7
len̈	294
len̈tsja	20
lepa	1
lepta	1
leptacj	1
leque	21
levadura	28
level	24
leveltsja	4
levita	1
león	5
li	89
libra	1
libro	3
liji	800
lijicj	372
lijictsja	13
lijim	1
lijá	22
lis	470
liꞌinyampe	48
liꞌinyampé	6
llave	2
lo	303
locj	50
locjocj	2
locjoctsja	2
locopyas	3
locopyaya	55
locopyayam	1
locopyayá	1
locopyá	1
lojitsja	22
lojitsjé	1
lojá	35
lojí	789
lol	2
lototsja	1
lotsja	170
lotsjim	6
lotsꞌacꞌ	24
lovin	1132
lowa	28
lowiqué	4
lowú	42
lu	21
lul	4
luꞌluy	1
luꞌulú	5
lya	26
lyaja	25
lyajacj	17
lyal	1
lyala	1
lyatsja	1
lyawiquecj	1
lyawun̈	46
lyawun̈tsja	10
lyá	11
lyájasa	23
lyájasatsja	1
lyájatsja	16
lá	43
lámpara	2
látatsja	1
léquetsja	16
líjitsja	84
ló	217
lüicj	2
lüjüquetsja	1
lüjüqué	3
lüpjücj	5
lüpjüs	5
lüpjǘ	24
ma	5097
magopan	1
majam	43
majamacj	21
majaman	26
majamaqué	1
majamas	121
majamá	9
majan	1
majapjunus	1
majas	5
majatjaquecj	4
majatjaqué	8
majatjum	27
majatsjacj	3
majawaques	10
majawus	7
mal	114
malala	2744
malalapan	14
malana	14
malálatsja	26
mama	2
man	20
manaca	3
manas	36
manta	3
manucj	22
manun	7
manuna	9
manunu	1
manus	9
maná	21
manú	6
mar	4
mas	54
matꞌe	93
matꞌeyá	9
may	2
maya	1
mayca	18
maycas	23
maꞌa	3
maꞌajam	30
maꞌajapj	35
maꞌapcas	1
maꞌaptan	1
maꞌasꞌün̈	1
maꞌawus	1
maꞌayacj	45
maꞌayan	23
maꞌayas	149
maꞌayatsja	1
maꞌayá	81
maꞌnucj	7
maꞌnun	1
maꞌnus	10
maꞌnú	1
media	1
medida	2
medio	3
mejay	192
mejaytsja	1
mele	2
men	4
mena	6
menmené	6
mes	13
mesa	29
mesá	1
metro	1
metros	2
meyacj	17
meyan	1
meyas	1
meyá	10
meꞌelecj	2
mijicj	486
mijictsja	3
mijim	2
mijin	214
mijis	717
mijistsja	2
mil	51
militar	52
militarpan	119
millón	2
miltsja	1
mim	146
min	1
mirra	2
mis	66
mitad	13
miyawǘ	1
miyá	5
miꞌinacj	24
miꞌinan	1
miꞌiná	10
mocj	1
mojo	5
mojocj	2
mojos	2
mojoy	2
mojoyecj	3
mojoyen	1
mojoyes	1
mojoꞌocj	2
mojoꞌos	1
mol	19
molo	1
molon	4
moma	5
momas	19
mon	89
monacj	31
monan	8
monana	1
monas	3
monatsja	1
montes	2
montsja	2
monuna	1
moná	95
monú	4
mopꞌin	200
mopꞌiyá	5
mos	72
mostaza	3
mozo	84
mozopan	28
moꞌm	3
moꞌnú	2
moꞌo	490
moꞌonsocj	6
moꞌonsos	3
moꞌonsó	2
moꞌos	13
moꞌotꞌecj	1
moꞌotꞌen	2
moꞌotꞌes	6
moꞌoya	1
moꞌó	448
mpac	50
mpactan	1
mpajatj	2
mpalacj	5
mpalan	9
mpalas	730
mpalá	2
mpapay	3
mpaquecj	4
mpaquen	10
mpaques	3
mpaqué	5
mpatjam	306
mpatjaquecj	75
mpatjaquem	1
mpatjaqué	90
mpatrón	2
mpaꞌin	4
mpaꞌis	69
mpaꞌnacj	14
mpaꞌnan	1
mpaꞌnas	3
mpaꞌná	2
mpaꞌtacj	2
mpaꞌtas	2
mpaꞌtá	1
mpaꞌí	1
mpe	746
mpelam	1
mpem	10
mpen̈	4
mpequem	4
mpequen̈	3
mpes	7178
mpestsja	12
mpetsja	1
mpeꞌqué	1
mpisis	1
mpitꞌas	2
mpiꞌtjim	2
mpiꞌtjin̈	7
mpiꞌtjis	1
mpjac	4
mpjacam	12
mpjacan̈	17
mpjacas	2
mpjajam	1
mpjasas	1
mpjaꞌaqué	5
mpjaꞌnen̈	1
mpjaꞌnes	1
mpjel	2
mpjolocꞌ	1
mpjoltem	2
mpjusacj	1
mpjusas	1
mpjusá	1
mpjütsꞌünücj	8
mplato	2
mpojom	2
mpon	3
mponecj	92
mponen	6
mpones	4
mponé	66
mpopa	1
mpoqjues	1
mpoqjué	2
mpulun	1
mputsꞌacj	2
mpuyucj	17
mpuyus	1
mpuyú	3
mpülücj	4
mpülücpan	13
mpülücüs	1
mpüntüs	1
mpüntǘ	1
mpüꞌüm	70
mpüꞌüs	35
mpꞌacj	13
mpꞌaꞌsacj	16
mpꞌaꞌsan	9
mpꞌaꞌsas	88
mpꞌaꞌsá	24
mpꞌiyá	2
mpꞌüy	21
muju	12
mulumulú	1
mulus	41
mulutsja	6
mulú	263
musques	1
musus	2
mvajas	6
mvalacj	8
mvalan	1
mvalas	12
mvalá	1
mvas	3
mvelecj	329
mvelel	3
mvelen	125
mveles	293
mvelé	298
mveꞌlecj	5
mveꞌlen	2
mveꞌlé	9
mvujun	3
mwalaquem	3
mwalatsja	1
mwalá	191
mwayim	19
mwayin̈	13
mwayis	6
mwen	9
mwicj	4
mwinim	4
mwiꞌim	3
mwiꞌin̈	6
mwiꞌiqué	5
mwiꞌis	1
mya	47
myama	1
myanun	2
myayca	3
myaꞌna	22
myolca	3
myona	2
myozo	2
myozopan	2
myula	16
myusca	9
myánatsja	1
myáꞌnatsja	7
myózotsja	1
myümüy	1
myüsiquecj	6
myüꞌün̈	17
myüꞌün̈tsja	3
mármol	1
más	951
mátꞌetsja	3
mátꞌeya	48
mílyatsja	1
mójotsja	2
müjí	602
müjü	5
müjünan̈	2
müjünaqué	6
müjünsücj	46
müjünsüm	1
müjünsün	3
müjünsünün̈	4
müjünsüs	46
müjünsǘ	24
müjüsüm	2
müjüsün̈	2
müjüsüquecj	4
müjüsüqué	3
müjütütj	11
müjüꞌtücj	37
müjüꞌtün	23
müjüꞌtüs	48
müjüꞌtǘ	9
müjǘ	2
mümüy	11
müs	22
müsiquecj	1
müsiqué	15
müsü	1
müꞌü	1
müꞌüm	10
müꞌümücj	3
müꞌümüs	7
müꞌümǘ	1
müꞌünacj	1
müꞌünan	2
müꞌüs	17
müꞌüsüs	240
müꞌüsüstsja	1
müꞌüy	6
müꞌüyacj	11
müꞌüyas	8
müꞌüyá	6
müꞌüꞌnacj	41
müꞌüꞌnan	3
müꞌüꞌnas	8
müꞌüꞌná	6
müꞌüꞌsüs	28
müꞌüꞌüsüs	1
na	3597
nacj	548
nactsja	9
najamica	1
najamicapan	5
najas	377
najastsja	34
najastsjé	1
najay	16
najaytsja	2
nam	95
namama	1
namas	10
namay	8
namozo	5
namozopan	13
nampa	3
nan	9
nancupwepe	11
nancupwepé	2
napj	2945
napnapj	16
napnaptsja	1
nardo	1
nas	62
nasa	195
nasapj	11
nasapmpa	1
natj	25
natjam	17
natjampan	4
natjaypan	2
natsja	4
natsꞌaꞌá	18
nawajaꞌa	12
nawala	25
nawalapꞌaꞌa	2
nawalapꞌaꞌá	1
nawan	4
nawá	15
nay	6
naya	91
nayapé	4
naꞌaj	70
naꞌas	10
naꞌataraya	1
naꞌin	1
naꞌünan	1
ncacanas	1
ncalas	1
ncapj	186
ncawajas	81
ncaꞌacj	4
ncaꞌactsja	1
ncaꞌan	4
ncaꞌas	3
ncaꞌlequecj	11
ncaꞌlin̈	60
ncaꞌliqué	7
ncaꞌá	8
ncjan	1
ncjocjocj	2
ncjoltsecj	2
ncjoltses	2
ncjoyé	1
ncjoꞌlocj	1
ncjücjüs	2
ncocom	3
ncocoy	2
ncol	2
ncon̈	8
ncon̈cocj	24
ncon̈con	7
ncon̈cos	22
ncon̈có	31
ncoyecj	10
ncoyes	1
ncoyé	1
ncu	284
ncucus	4
ncucuspan	1
ncul	97
nculá	10
ncumaná	4
ncunucj	1
ncunus	6
ncunú	1
ncupj	84
ncuwa	2
ncuwim	172
ncuwis	42
ncuwistsja	1
ne	1107
negente	7
nejay	11
nejaytsja	2
nejepa	2
nejetsꞌe	1
nejetsꞌem	2
nejetsꞌen̈	6
nejetsꞌen̈tsja	1
nejetsꞌes	3
nem	2
nempe	3
nenem	173
neneyawá	30
nenéyawa	41
nepem	2
nepena	2
nepenowá	291
nepes	2
nepé	152
nepénowa	472
neqjuele	1
neqjues	8
nequem	104
netj	7
neven	22
newa	322
newintsꞌil	1
newá	8
neꞌaj	1031
neꞌas	77
neꞌenemigo	3
neꞌenemigopan	5
neꞌenemigá	1
neꞌespan	35
ni	50
nicolaitapan	2
niji	22
nijina	2
nijá	1
nin	5037
nina	4
ninam	2
ninana	107
ninatsja	1
ninpe	2
nintsja	13
ninwa	1
niná	2260
niní	3
nipiꞌtje	8
nipiꞌtjim	1
nipiꞌtjin̈	17
nipiꞌtjiquecj	2
nipiꞌtjiqué	1
nipiꞌtjis	2
nipj	15
nipíꞌtjetsja	1
nisa	27
niswa	152
niswá	467
nitsja	1
nive	1
niyom	278
niꞌ	1
niꞌisa	6
nla	23
nlaca	32
nlajacj	30
nlajan	8
nlajas	17
nlajá	24
nlal	12
nlala	1
nlapan	2
nlapjünüs	3
nlawun̈	1
nlawú	44
nlay	64
nlayecj	165
nlayen	22
nlayes	13
nlayetsja	3
nlaytsja	28
nlayé	152
nley	8
nleya	32
nleytsja	6
nloꞌcjos	1
nlá	8
nléyatsja	12
nlüjün̈	7
nlüjüquecj	3
nlüjüqué	2
no	20
nojí	7
nol	23
nola	127
nomozopan	6
norte	3
nosis	500
noventa	4
noyomes	45
noypan	248
noypantsja	1
noꞌoj	1
noꞌoté	1
noꞌoveja	5
nqjuijis	1
nquitsꞌis	14
nquiway	1
nquiꞌlicj	6
nquiꞌlí	1
nquiꞌpacj	6
nquiꞌpan	1
nquiꞌpas	2
nquiꞌpá	5
nsem	1392
nsoctes	3
nsüjüs	1
nsüp	1
nsüpücj	5
nsüpüs	2
nsüpǘ	1
ntaꞌacj	15
ntaꞌan	3
ntaꞌapan	2
ntaꞌas	6
ntaꞌayá	3
ntaꞌen	1
ntaꞌes	6
ntaꞌá	9
ntaꞌé	5
ntentenes	1
ntepalá	51
ntin	2
ntipüꞌí	15
ntitülǘ	2
ntjajamá	3
ntjajay	5
ntjamacj	1
ntjaman	1
ntjamas	2
ntjasüp	1
ntjaꞌayapj	5
ntjaꞌayá	11
ntjejay	4
ntjemanú	4
ntjetꞌá	11
ntjeꞌan	14
ntjeꞌaya	17
ntjeꞌayá	1
ntjiji	13
ntjijütüta	11
ntjijütütj	4
ntjiliquecj	2
ntjiliquem	2
ntjinucú	2
ntjitjililin̈	3
ntjitꞌünǘ	1
ntjiꞌlim	3
ntjiꞌlin̈	62
ntjiꞌlin̈tsja	2
ntjiꞌüꞌsa	1
ntjojom	1
ntjunucú	4
ntjutjilila	2
ntjutjililiqué	3
ntjüiꞌle	18
ntjüjí	1
ntjüíꞌletsja	1
ntjüꞌünan	1
ntojom	10
ntolo	7
ntolon̈	1
ntoloqué	1
ntoquecj	6
ntsawil	2
ntsawilicj	16
ntsawilin	4
ntsawilis	5
ntsawilí	9
ntsjacas	6
ntsjam	10
ntsuꞌpacj	4
ntsuꞌpam	1
ntsuꞌpas	2
ntsuꞌpá	2
ntsüpünǘ	1
ntsüꞌüm	2
ntsꞌeptam	2
ntsꞌequenem	3
ntsꞌequenen̈	4
ntsꞌequenequé	3
ntsꞌequenes	1
ntsꞌi	4
ntsꞌicjucj	1
ntsꞌicjun	1
ntsꞌisin̈	1
ntsꞌisis	1
ntsꞌiyacj	16
ntsꞌiyas	9
ntsꞌiyá	10
ntsꞌoptecj	2
ntsꞌoptes	1
ntsꞌuyupj	4
ntucuman	1
ntúlatsja	1
ntüjí	1
ntül	13
ntülücj	22
ntülün	6
ntülüs	180
ntülǘ	4
ntüncüs	8
ntꞌa	3319
ntꞌacj	13
ntꞌajas	2
ntꞌalapj	1
ntꞌan	14
ntꞌancam	3
ntꞌancanan̈	1
ntꞌanquecj	10
ntꞌanquen	1
ntꞌanques	13
ntꞌanqué	3
ntꞌas	2
ntꞌaya	1
ntꞌemel	13
ntꞌiꞌisa	1
ntꞌucj	7
ntꞌya	70
ntꞌüjücj	2
ntꞌüjüs	1
ntꞌüjǘ	3
ntꞌüntꞌünüs	1
ntꞌünüs	3
nu	576
nuc	114
nucol	1
nucopj	181
nuctsja	24
nucucj	114
nucum	6
nucun	15
nucuna	1
nucunú	5
nucus	19
nucutsja	21
nucú	143
nuera	2
nuerapan	1
nueve	7
nujamica	1
nujepa	3
nujicj	2
nujisas	228
nujisastsja	25
nujola	475
nujolá	3
nujos	70
nujostsja	2
nujoꞌ	5
nujun	5
nujus	36
nujuya	11
nujuyus	1
nujólatsja	12
numejay	7
numijicj	4
numijis	36
numos	8
nun	3628
nunwa	6
nunwá	46
nupjocj	2
nupopay	7
nupülül	1
nupꞌüy	2
nus	48
nusapj	4
nusejay	44
nusey	4
nuseya	2
nusiji	41
nusijicj	8
nusijictsja	3
nusin	355
nusive	1
nusé	3
nusí	18
nutjajay	8
nutjejay	3
nutjiji	35
nutjijicj	1
nutjüjí	3
nutsjom	5
nutsꞌaꞌá	25
nutsꞌisipan	1
nutsꞌuyupj	2
nutsꞌüil	2
nuvoyum	7
nuwola	3
nuwolapꞌaꞌá	2
nuwó	1
nuyoꞌ	3
nuyun	2
nuéveya	2
nyacas	7
nyuc	48
nyuca	598
nyuctsja	1
nyucucj	18
nyucuctsja	1
nyucun	2
nyucuntsja	1
nyucunucj	5
nyucunun̈	7
nyucunutsja	2
nyucunú	24
nyucá	2
nyúcatsja	21
nyüjünsünün̈	3
nyüjüsün̈	17
nyüjüsün̈tsja	1
nyüjüsüquecj	2
nyütsj	1
níjitsja	1
nínawa	2
nívetsja	3
nólatsja	30
número	5
nüejetsꞌe	1
nüejetsꞌequé	1
nüjüsü	14
nüjüsüqué	4
ochenta	2
ocho	19
olivo	12
once	2
oro	29
oso	1
oveja	56
ovejas	2
pac	12
pacatj	1
pacta	3
pactsja	4
pacá	4
pajal	1621
pal	25
palabra	1
palacj	3
palan	51
palana	7
palanacj	4
palantsja	3
palaná	4
palas	47
palatsja	1
palavin	18
palaꞌá	1
paltsja	2
palá	494
palánatsja	6
pam	5
pamtsja	1
pan	73
pansas	40
panteón	5
papay	51
papel	114
parabolas	12
parábola	53
pasal	339
pastor	30
pastorpan	11
patj	9
patja	637
patjam	1
patjá	66
patrón	87
patsj	7
patsꞌ	38
pañuelo	1
paꞌí	1
pe	144
pecj	10
pejon̈	2
pelam	8
pelota	3
pem	1
peme	2
pen̈	1
pepes	8
pequen̈	10
pequen̈tsja	2
pequepan	2
perdonar	167
perfumas	1
perfume	15
perla	5
permiso	2
pero	1
pes	1
peso	13
peꞌe	33
peꞌquecj	1
pijitj	1
pijiꞌtja	2
pijiꞌtjá	1
pililicj	3
pis	38
pisam	2
pisis	4
pistsja	1
pitjinin̈tsja	1
pitꞌa	14
piyun	3
piyutsja	4
piyú	3
pja	6
pjac	102
pjacj	190
pjactsja	41
pjan	4
pjanitsja	3
pjaní	806
pjasatsja	1
pjasá	2
pjat	3
pjatsꞌ	4
pjaꞌas	2
pje	33
pjel	3
pjelan̈	4
pjetsja	2
pjetsꞌepjetsꞌe	9
pjeꞌapa	14
pjeꞌapé	1
pjeꞌá	175
pjoca	28
pjocas	2
pjocotj	1
pjocꞌ	3
pjojo	1
pjojocj	3
pjolocꞌ	70
pjotsꞌ	16
pjoye	10
pjoꞌna	3
pjoꞌoqué	28
pjucj	103
pjuctsja	3
pjul	1
pjulacj	21
pjus	2
pjusá	2
pjwel	60
pjwelequé	4
pjyacan̈	53
pjyacan̈tsja	16
pjyapja	8
pjyaquecj	2
pjyasa	1
pjyaꞌaquecj	2
pjyaꞌlen̈	1
pjyusa	2
pjyüjü	1
pjócatsja	3
pjóyetsja	1
pjü	1935
pjüpjüs	4
pjütpjütsja	1
pjütpjütꞌ	6
pjütsja	1
pjütsꞌün	5
pjütsꞌünpan	2
pjütsꞌünǘ	1
plata	9
plato	23
po	494
pocillo	15
pojo	2
polel	1011
polocꞌ	4
polol	1
polomay	32
pom	5
pomada	3
pon	38
pones	4
ponetsja	2
poné	157
popa	535
popay	132
popaytsja	1
popel	124
popelses	13
popem	2
popetsja	7
popé	256
poqjué	1
poqué	1
potjaquetsja	1
potjaqué	85
poꞌo	378
poꞌom	1
poꞌí	1
poꞌó	1417
prestar	6
primo	2
profeta	46
profetapan	94
profétatsja	13
pues	11
pul	3
puyupj	7
puyuptsja	3
puyus	1
puyú	6
pwe	26
pweca	1
pwecapan	11
pwelam	2
pwen	25
pwena	1
pwequepj	10
pwetsja	5
pweꞌqué	4
pwi	1
pwila	3
pwisam	6
pwisis	25
pwiyaꞌa	1
pwiꞌtje	1
pwiꞌtjiqué	1
pwiꞌtjí	5
pwéꞌetsja	1
pyac	79
pyaca	12
pyacj	8
pyactsja	5
pyajatj	1
pyala	220
pyalá	16
pyapay	7
pyapel	3
pyaquecj	21
pyatjaquecj	44
pyon	55
pyona	40
pyonecj	58
pyoqjuecj	1
pyálatsja	10
pyónatsja	8
pyülücj	4
pyülücpan	8
pyünta	3
pyüntücj	1
páctatsja	3
pálatsja	1
pátjatsja	52
péꞌetsja	21
píjisa	2
pítꞌatsja	3
pópatsja	20
pül	23
pülücj	1175
pülücpan	40
pülüctsja	9
pülül	114
püm	9
püna	381
pünam	1
pünetsja	47
püntüpj	1
püntüs	6
püntǘ	1
püná	82
püné	881
püs	124
püstapj	14
püstaptsja	3
püste	83
pütsja	1
pütsꞌey	3
pütꞌ	18
pütꞌüs	148
püꞌitsja	7
püꞌá	9
püꞌí	29
püꞌü	285
püꞌüs	58
püꞌüstsja	1
pǘnatsja	1
pǘstetsja	2
pǘꞌütsja	58
pꞌa	2259
pꞌacj	134
pꞌactsja	1
pꞌam	7
pꞌampa	1
pꞌaꞌa	9
pꞌaꞌape	1
pꞌaꞌapé	1
pꞌaꞌsa	11
pꞌaꞌá	15
pꞌin	1395
pꞌintsja	26
pꞌiyatsja	32
pꞌiyá	1726
pꞌompꞌom	6
pꞌoꞌsá	17
pꞌyacj	21
pꞌyaꞌsa	100
pꞌyaꞌsacj	7
pꞌyaꞌsá	1
pꞌyoya	3
pꞌyáꞌsatsja	7
pꞌyóyatsja	1
pꞌyüy	4
pꞌáꞌsatsja	4
pꞌüy	116
pꞌüypan	1
qjuelejoy	1
qjues	32
qjuesejay	10
qjuesé	78
qjui	1
qjuijicj	32
qjuijictsja	1
qjuijim	7
qjuijis	46
qjuijistsja	2
qjuil	1
qjuilal	105
qjuis	1038
qjuisas	177
qjuisastsja	28
qjuisiji	54
qjuisin	207
qjuisive	1
qjuisiyama	3
qjuisiyas	3
qjuisí	17
qjuisíjitsja	1
qjuiyola	93
qjuiyoꞌ	1
qjuiyus	8
qjuiyólatsja	17
quelel	1873
queleltsja	1
quelev	3
quepan	39
quepem	2
quepj	106
quepé	9
queyé	1
queꞌas	1
queꞌe	2
qui	5
quicj	2
quijicj	2
quilila	1
quiliyú	18
quin	1
quina	164
quinam	1142
quinampa	4
quince	2
quinientos	3
quintal	2
quip	128
quipaptsja	1
quipatsꞌ	1
quipe	1
quiptsja	1
quitsꞌí	1
quiyam	2
quiyola	2
quiꞌam	1
quiꞌin	1
quiꞌpacj	2
quiꞌá	122
quínceya	1
quípetsja	3
romano	40
romanopan	24
románotsja	1
sa	123
sabactani	2
sacerdote	157
sacerdotepan	46
saduceopan	17
sajay	26
sal	6
salatsja	1
salejepj	142
salejeptsja	72
salá	29
sanata	2
se	501
secj	54
sectsja	2
seis	6
sejamay	39
sejamica	10
sejamicapan	8
sejamícatsja	1
sejatjam	5
sejatjampan	40
sejatsꞌom	64
sejatsꞌompan	2
sejay	20
sejaytsja	1
selecj	182
selectsja	5
selen	52
selentsja	1
seletsja	125
selván	2
selé	296
semana	4
sesenta	9
sesénteya	1
setel	52
setenta	8
sey	65
seyasa	68
seyasá	1
seña	3
si	370
siete	16
sietepan	2
sieteyá	5
siji	85
sijicj	24
sijá	1
silla	19
sillas	2
sin	1679
sinacj	1
sinactsja	1
sine	59
siná	5
sipipj	7
sipé	5
sis	4
sive	4
siéteya	51
so	60
soc	3
soca	1
socotj	2
soctsja	1
socté	5
socꞌ	8
sojí	35
solejetsja	10
solejé	220
sombrero	2
soquiya	1
soysoy	19
soysoysos	6
su	23
suna	9
sur	5
sus	8
syaꞌma	3
syoc	4
syocte	1
syoctecj	1
syolsol	1
syultsꞌa	4
syáꞌmatsja	1
syóctetsja	2
syüpa	4
syüpjünǘ	3
syüpücj	1
syǘpatsja	2
sábado	65
séisiya	12
séjetsja	2
síjitsja	16
sínetsja	11
sívetsja	4
süise	1
süp	21
süpjüntsja	2
süpjütj	3
süpjütsja	4
süptsja	12
süpücj	6
süpǘ	3
süs	32
süsü	1
süísetsja	2
tabla	7
tablá	1
tacalas	1
tacaꞌliqué	17
talata	5
tanajǘ	1
tantan	6
taná	22
tapac	119
tapacj	1
tapactsja	7
tapajatj	5
tapal	7
tapalan	13
tapalantsja	1
tapalas	64
tapaltsja	2
tapalá	1
tapaqué	1
tapatja	260
tapatjaquetsja	2
tapatjaqué	9
tapatjá	44
tapatsj	5
tapay	1
tapaꞌis	1
tapaꞌná	1
tapá	3
tapátjatsja	9
tatsja	2
tazón	1
taꞌa	1
taꞌes	22
taꞌá	91
te	29
tecj	3
tecyacaná	4
tecyala	3
tecyawaja	42
tecyaꞌlequecj	16
tecyaꞌlin̈	177
tecyaꞌlin̈tsja	2
tecyoca	13
tecyojo	8
tecyon̈ca	30
tecyon̈cocj	1
tecyon̈tsja	1
tecyoye	11
tecyoyecj	1
tecyumaná	2
tecyálatsja	1
tecyón̈catsja	7
ten	1
tentené	8
tepalá	15
tepejon̈	1
tepen̈	3
tepequen̈	4
tepequen̈tsja	1
tepeꞌe	301
tepeꞌetsjé	1
tepeꞌá	9
tepyac	64
tepyaca	150
tepyacta	9
tepyactsja	1
tepyacá	44
tepyajatj	2
tepyal	1
tepyala	1209
tepyalacj	1
tepyalactsja	1
tepyalá	79
tepyaquecj	14
tepyatjaquecj	22
tepyatjaquectsja	1
tepyatsj	6
tepyaꞌna	6
tepyaꞌta	7
tepyon	16
tepyona	66
tepyonecj	24
tepyula	1
tepyácatsja	1
tepyálatsja	13
tepyónatsja	2
tequemam	1
tequeman̈	3
tequetj	1
tequeꞌacj	2
tequeꞌe	24
tequéꞌetsja	1
teꞌe	1
ticyuna	9
ticyücüyün̈	2
ticyücüyǘ	2
ticꞌ	8
tin	83
tina	1
tinca	43
tincünǘ	1
tintsja	1
tipisa	1
tipitꞌa	19
tipiya	34
tipiyú	2
tipiꞌtje	7
tipiꞌtsꞌa	1
tipyutsꞌa	3
tipyülücǘ	1
tipyünta	9
tipyüntün	1
tipüꞌí	5
tiquilil	3
tiquilquil	3
tiquilquila	1
tiquitsꞌe	14
tjacjaj	6
tjactsja	7
tjacuwis	97
tjacuy	18
tjacꞌ	417
tjajam	59
tjajama	35
tjajamanaqué	3
tjajamapj	5
tjajamaptsja	3
tjajamá	23
tjajapjun	2
tjajatsj	3
tjajay	840
tjajaytsja	49
tjalajá	12
tjalapan	1
tjalapaná	4
tjalatsja	1
tjalawiqué	4
tjalawú	18
tjalayé	1
tjalá	88
tjam	1
tjamacjas	11
tjamacjaspan	5
tjamacjastsja	2
tjamaja	13
tjaman	42
tjamanun	16
tjamanú	1
tjamayapj	1
tjamaycas	1
tjamtsja	1
tjamá	1
tjamájatsja	1
tjan	20
tjanapj	1
tjapjaca	55
tjapjacas	44
tjapjacastsja	3
tjapjacá	4
tjapjacꞌ	6
tjapjaja	7
tjapjalen	6
tjapjaꞌaqué	34
tjapjaꞌna	1
tjapjácatsja	2
tjapꞌacj	13
tjapꞌactsja	1
tjapꞌaꞌsá	4
tjatja	84
tjatjá	11
tjatꞌ	15
tjay	3
tjaꞌasá	5
tjaꞌasꞌü	1
tjaꞌayapj	86
tjaꞌayá	28
tjecjyolol	1
tjecjyoltse	12
tjecjyoltsecj	1
tjecjyoꞌla	8
tjecyawaja	1
tjejay	379
tjejaytsja	17
tjejyam	26
tjejyama	404
tjejyamacj	7
tjejyamanan̈	3
tjejyamanan̈tsja	1
tjejyaman̈tsja	1
tjejyamaquecj	1
tjejyamá	87
tjejyan	1
tjejyatsja	3
tjejyawca	61
tjejyocj	1
tjejyoꞌo	16
tjejyá	15
tjejyámatsja	2
tjejyó	1
tjelejen̈	36
tjelejen̈tsja	9
tjelepj	2
tjelepta	10
tjeleptan	1
tjeleque	85
tjeletjatj	4
tjelyaja	27
tjelyajacj	8
tjelyan	2
tjelyapanacj	1
tjelyapaná	2
tjelyapjünütsja	2
tjelyapjünǘ	20
tjelyawun̈	23
tjelyawun̈tsja	7
tjelyawün̈	1
tjelyoꞌcja	2
tjelyoꞌcjocj	1
tjelyá	8
tjelyájatsja	1
tjelyóꞌcjatsja	1
tjeléquetsja	3
tjemaycas	5
tjemey	641
tjemeytsja	7
tjemyan	2
tjemyana	46
tjemyanun	1
tjemyay	1
tjemyaya	1
tjemyayca	2
tjemyaꞌna	43
tjemyon	25
tjemyona	79
tjemyonacj	12
tjemyoná	3
tjemyácatsja	1
tjemyónatsja	3
tjenejetsꞌen̈	18
tjenejetsꞌequecj	2
tjepjelan̈	2
tjepjetpjetsꞌé	5
tjepjyacan̈	118
tjepjyacan̈tsja	1
tjepjyalen	1
tjepjyaꞌaquecj	13
tjepjyaꞌna	7
tjepjyaꞌnen̈	2
tjepꞌyacj	7
tjepꞌyaꞌsa	140
tjepꞌyaꞌsacj	2
tjepꞌyáꞌsatsja	3
tjeqjuesca	3
tjetsja	1
tjetꞌá	4
tjevelam	1
tjevelan̈	11
tjevele	3208
tjevelecj	89
tjevelectsja	4
tjevelel	3
tjevelen	63
tjevelentsja	3
tjeveletsja	13
tjevelá	594
tjevelé	347
tjeveꞌle	25
tjevyaja	4
tjevyala	49
tjevyalá	3
tjevyanta	4
tjevyojo	2
tjevé	1
tjevéletsja	11
tjewyawojo	1
tjewyayin̈	30
tjewyayin̈tsja	1
tjeyaca	29
tjeyacj	1
tjeyactsja	2
tjeyapj	21
tjeyaptsja	19
tjeyatsja	10
tjeyá	59
tjeꞌaya	8
tjeꞌel	1
tjeꞌyan	8
tjeꞌyapta	1
tjeꞌyasꞌün̈	1
tjeꞌyaya	262
tjeꞌyayacj	3
tjeꞌyayá	7
tjeꞌyonsa	20
tjeꞌyonsocj	3
tjeꞌyonsó	4
tjeꞌyotj	2
tjeꞌyotꞌa	39
tjeꞌyotꞌecj	1
tjeꞌyá	11
tjicjyücja	3
tjijam	1
tjiji	1688
tjijicj	194
tjijictsja	12
tjijinan̈	12
tjijinaquecj	1
tjijinaquetsja	1
tjijyuꞌya	1
tjijyuꞌyuctsja	1
tjijyünsa	180
tjijyünsá	1
tjijyünsün	1
tjijyünsünün̈	3
tjijyünsüquecj	1
tjijyünsǘ	1
tjijyütütj	17
tjijyüꞌta	278
tjijyüꞌtá	118
tjijyüꞌtücj	7
tjijá	54
tjil	462
tjilil	49
tjililin̈	17
tjiltsja	3
tjilyuju	1
tjimanunu	1
tjimyula	159
tjimyúlatsja	1
tjimyüꞌün̈	8
tjinyuc	156
tjinyuca	214
tjinyuctsja	7
tjinyucucj	43
tjinyucuctsja	2
tjinyucá	2
tjinyúcatsja	5
tjinyüjü	1
tjipjyusa	21
tjipjyusacj	2
tjiquil	275
tjiquilaca	5
tjiquiltsja	1
tjive	14
tjivisan	1
tjivyuju	3
tjivyüꞌü	2
tjivyüꞌünǘ	3
tjiwyuca	1
tjiyocj	34
tjiyocpan	1
tjiyoctsja	7
tjiꞌin	48
tjiꞌina	15
tjiꞌintsja	3
tjiꞌinyacj	1
tjiꞌinyá	10
tjiꞌipje	2
tjiꞌitsꞌa	4
tjiꞌlin̈	1
tjiꞌlin̈tsja	8
tjiꞌyawa	1
tjiꞌyula	4
tjiꞌyüma	1
tjiꞌyünan	3
tjiꞌyüsa	523
tjiꞌyüsá	2
tjiꞌyüy	8
tjiꞌyüya	134
tjiꞌyüꞌna	17
tjiꞌyüꞌnacj	3
tjiꞌyüꞌsa	136
tjiꞌyǘ	3
tjiꞌyǘsatsja	8
tjiꞌyǘꞌsatsja	1
tjiꞌínatsja	2
tjocjol	4
tjocjolol	4
tjojocj	7
tjojon	3
tjojotj	1
tjolocjocj	8
tjolocjoctsja	1
tjolototj	1
tjomon	51
tjomonas	1
tjomoná	23
tjopjolta	1
tjovalapj	34
tjovalá	2
tjowaya	22
tjowayaqué	1
tjowelel	19
tjowelepj	963
tjoweleptsja	17
tjoweletsja	2
tjowelé	125
tjoweꞌlé	12
tjowowojó	3
tjowowopj	1
tjoꞌonsopj	32
tjoꞌonsó	3
tjoꞌos	10
tjoꞌostsja	2
tjoꞌotj	13
tjoꞌotꞌé	3
tjucjumsu	1
tjuculá	13
tjujulul	2
tjulujun	1
tjulujupj	3
tjulujuptsja	1
tjulul	1
tjum	58
tjumtsja	5
tjumulus	2
tjunuc	207
tjunuca	2
tjunuctsja	10
tjunucú	35
tjupjus	4
tjupjutsꞌ	2
tjuvú	2
tjuwine	35
tjuwinis	1
tjuwiꞌin̈	3
tjuwiꞌiquecj	1
tjuwínetsja	3
tjuꞌul	4
tjuꞌuꞌna	1
tjuꞌúꞌnatsja	1
tjyam	2
tjyama	5
tjyaꞌünan	1
tjyámatsja	1
tjátjatsja	10
tjáꞌasa	105
tjáꞌasatsja	16
tjíjitsja	31
tjüiꞌle	3
tjüjitsja	12
tjüjí	241
tjüjünaqué	3
tjüjünsü	14
tjüjünsüpj	26
tjüjünsǘ	4
tjüjüs	1
tjüjütüta	2
tjüjütütj	57
tjüjütütsja	1
tjüjüꞌtǘ	4
tjümüs	1
tjümüsiqué	3
tjümüꞌü	11
tjümüꞌüs	1
tjümǘ	1
tjünüejetsꞌe	1
tjünüejetsꞌequé	2
tjünǘ	2
tjüpjwelequé	2
tjüpjütsꞌün	21
tjüvüꞌüntsja	1
tjüwücj	29
tjüwüctsja	1
tjüwüiꞌi	21
tjüwüiꞌiqué	13
tjüwüꞌün	9
tjüwüꞌüntsja	2
tjüꞌipj	5
tjüꞌüm	6
tjüꞌünan	100
tjüꞌünantsja	2
tjüꞌüsüs	76
tjüꞌüy	88
tjüꞌüyá	9
tjüꞌüꞌná	8
tjüꞌüꞌsa	17
tjüꞌüꞌsüs	6
toc	38
tococa	1
tococj	1
tocon̈	58
tocon̈ca	1
tocon̈cotsja	1
tocon̈có	9
tocon̈tsja	5
tocoy	11
tocoyé	4
tocoꞌá	2
toctsja	2
tolonó	1
ton̈	1
ton̈ca	140
ton̈cá	1
topacio	1
topj	6
topocj	1
topon	189
topontsja	9
toponé	80
toptsja	2
toqué	1
toꞌatsja	3
toꞌo	1
toꞌopan	5
toꞌá	58
trapiche	1
trasto	2
treinta	6
treinteyá	1
tres	7
tribu	6
trigas	3
trigo	15
trompeta	18
tréinteya	6
tsawil	3
tsawiltsja	3
tsetsꞌ	2
tsicyaca	5
tsicyacj	2
tsintsil	4
tsipyaya	13
tsiquin	11
tsjac	1
tsjam	26
tsjan	680
tsjatsj	1
tsjay	67
tsjec	1
tsjequé	1
tsjev	6
tsji	1
tsjicj	323
tsjictjacj	154
tsjictsja	9
tsjinan	2
tsjiquis	17
tsjiyó	7
tsjiꞌ	474
tsjo	1
tsjocꞌ	1
tsjojoc	1
tsjojoca	1
tsjojose	3
tsjojósetsja	2
tsjom	38
tsjomis	11
tsjoꞌoy	9
tsju	7
tsjun	193
tsjunú	1
tsjutsj	29
tsjutsjum	8
tsjyac	2
tsjyaca	7
tsjyam	7
tsjyoncapan	2
tsjyuna	1
tsjyóncatsja	1
tsjyúnatsja	1
tsjücjüim	24
tsjücjüimpan	11
tsjüeme	6
tsjüitsjim	1
tsjülǘ	2
tsjüémetsja	3
tsotsꞌ	5
tsoꞌó	1
tsupapj	23
tsupaptsja	10
tsutsca	3
tsuwil	63
tsuwile	21
tsuwiletsjé	1
tsuwilicj	1
tsuwilitsja	1
tsuwilpan	24
tsuwiltsja	1
tsuwilí	8
tsuwíletsja	4
tsuꞌpá	2
tsyawil	9
tsyawilicj	4
tsyawilitsja	3
tsyawiltsja	1
tsyawilí	13
tsyoꞌo	2
tsyupapj	3
tsyuꞌpa	31
tsyuꞌpatsjé	1
tsyúꞌpatsja	9
tsyülümǘ	5
tsyüpüntsja	1
tsyüpünücj	1
tsyüpünǘ	8
tsúꞌpatsja	1
tsüipe	17
tsüpünütsja	1
tsüípetsja	6
tsꞌa	89
tsꞌacꞌ	90
tsꞌas	2
tsꞌec	1
tsꞌecj	1
tsꞌelel	2
tsꞌentuna	3
tsꞌepjel	3
tsꞌepta	1
tsꞌeptaná	5
tsꞌequen	1
tsꞌequenen̈	27
tsꞌequenen̈tsja	1
tsꞌi	127
tsꞌicjucj	3
tsꞌil	15
tsꞌin	1
tsꞌipal	3
tsꞌiquenan̈	2
tsꞌis	2
tsꞌisin̈	1
tsꞌitsja	2
tsꞌitsꞌe	2
tsꞌituju	5
tsꞌiya	24
tsꞌiyacj	2
tsꞌiyaná	2
tsꞌiyatsja	2
tsꞌiyá	14
tsꞌosis	1
tsꞌoway	10
tsꞌu	22
tsꞌuc	6
tsꞌucun	1
tsꞌucú	3
tsꞌutus	2
tsꞌuyupan	46
tsꞌuyupj	596
tsꞌuyuptsja	3
tsꞌyawa	6
tsꞌyosa	1
tsꞌyuc	2
tsꞌyuca	10
tsꞌyósatsja	1
tsꞌyüpjütǘ	1
tsꞌücj	2
tsꞌüequenequé	5
tsꞌüequené	21
tsꞌüil	17
tsꞌüilin	4
tsꞌüique	6
tsꞌüis	3
tsꞌüisiqué	4
tsꞌüisis	2
tsꞌülücꞌ	21
tsꞌülül	6
tsꞌün	1
tucucꞌ	14
tucuman	35
tucumaná	3
tucutj	14
tucutsja	1
tula	1
tulucj	1211
tuluctsja	98
tulum	1
tuncuy	2
tunun	1
tupul	1
tuputsꞌ	2
tupuyupj	20
tupuyuptsja	2
tupuyú	8
tyan	1
tyantaná	13
tyatj	12
tyatsja	4
tyaꞌa	36
tyaꞌacj	19
tyaꞌactsja	4
tyaꞌatsjé	1
tyaꞌá	3
tyoca	12
tyoquecj	2
tyoꞌna	8
tyáꞌatsja	50
tyül	6
tyüla	95
tyültsja	1
tyüꞌna	4
tyüꞌpa	3
tólotsja	1
tón̈catsja	71
túlatsja	1
tü	4
tücüeme	19
tücüipap	6
tücüiꞌpe	13
tüecj	9
tüicꞌ	15
tüin	2
tül	58
tülü	15
tülüna	2
tülütsja	1
tülǘ	3
tüpweca	3
tüpwectan̈	1
tüpweques	2
tüpwes	44
tüpweꞌqué	2
tüpwijitj	2
tüpwis	1
tüpwiꞌtjis	1
tüpwé	7
tüpüntüpj	37
tüpüpj	7
tüpüptsja	1
tüpütꞌ	4
tüpüꞌá	8
tüpüꞌü	262
tüpüꞌüs	30
tüpüꞌüstsja	5
tüpǘꞌütsja	13
tütsja	1
tüwütüwǘ	5
tꞌa	4
tꞌanca	9
tꞌanques	5
tꞌantsja	1
tꞌan̈	6
tꞌapj	24
tꞌaptsja	1
tꞌas	354
tꞌasiyutsja	1
tꞌasiyú	101
tꞌatsj	1
tꞌawaná	9
tꞌe	2
tꞌem	11
tꞌemel	247
tꞌempe	5
tꞌeꞌen	1
tꞌeꞌenca	18
tꞌeꞌenquecj	4
tꞌeꞌetsja	1
tꞌeꞌé	2
tꞌeꞌéncatsja	12
tꞌiꞌila	11
tꞌo	19
tꞌol	4
tꞌolapj	1
tꞌolon	11
tꞌolona	2
tꞌolontsja	1
tꞌolonó	2
tꞌotꞌojo	1
tꞌotꞌójotsja	1
tꞌoꞌnó	4
tꞌu	2
tꞌupj	2
tꞌya	173
tꞌyacj	3
tꞌyaja	17
tꞌyan	2
tꞌyanacj	1
tꞌyancanan̈	3
tꞌyantsja	1
tꞌyatsja	2
tꞌyoca	3
tꞌyolon	3
tꞌyoꞌna	10
tꞌyu	16
tꞌyájatsja	2
tꞌyóꞌnatsja	2
tꞌyüjü	24
tꞌyüjücj	1
tꞌyüna	31
tꞌyüntꞌünǘ	3
tꞌyǘnatsja	1
tꞌü	43
tꞌücꞌ	866
tꞌüjǘ	1
tꞌüntꞌün	5
tꞌüntꞌüntsja	1
tꞌünǘ	12
tꞌüs	3
una	2
uva	85
uvas	1
vaca	18
vacasas	1
vaina	1
vajana	1
valacj	3
valas	21
varas	1
vayum	67
ve	57
vecj	27
veinte	4
veinticuatro	8
veintitrés	1
velam	2
velan̈	20
vele	589
velecj	215
velectsja	4
velel	34
velele	8
velelecj	1
veleletsja	1
veleltsja	5
velelé	22
velen	116
velentsja	1
veles	289
velestsja	6
veletsja	14
velá	78
velé	527
vender	67
veneno	1
ventana	1
vequecj	2
ves	3
vidrio	8
vilicj	72
vilictsja	1
vino	4
vin̈	1
visyú	8
vitvitj	7
viyapa	4
viyavin	5
viyá	17
vosas	2
vosastsja	2
voyum	61
vujus	3
vya	1
vyaja	24
vyala	42
vyalaná	1
vyasas	2
vyasaspan	1
vyatsja	2
vyayum	4
vyayumpan	1
vyuju	1
vyujucj	1
vyájatsja	7
vyújutsja	1
véletsja	109
wa	3960
wala	221
walan	2
walapé	1
walapꞌaꞌa	67
walapꞌaꞌá	79
wama	137
wampa	5
wampé	1
was	15
watsja	204
watꞌata	3
way	3843
wayis	4
waytsja	473
weletsja	1
welé	263
wicꞌ	2
wine	41
winim	1
winin	68
winis	5
winistsja	1
wis	13
witjacj	371
witjactsja	8
wiꞌin̈	8
wiꞌin̈tsja	1
wiꞌiquecj	17
wo	401
wola	152
wolapé	3
wolapꞌaꞌa	36
wolapꞌaꞌá	79
wolaquetsja	1
wolaqué	8
wolas	32
wosis	96
wotaqué	1
wotsja	1
wowojocj	1
woya	28
woyaqué	5
wya	14
wyala	7
wyalapꞌaꞌa	1
wyalapꞌaꞌá	2
wyayaquecj	1
wyayin̈	8
wyayin̈tsja	2
wínetsja	40
wóyatsja	2
wü	5
wüintsil	1
wüintsꞌil	3
wüis	1
wüiꞌi	4
wüiꞌiqué	5
wüiꞌis	21
wüjü	9
wütꞌ	2
y	29
ya	10
yaca	7
yacjaj	19
yacjam	1
yacjampa	1
yacjaya	4
yacjayam	1
yam	8
yas	38
yasapé	2
yaya	3
yayá	5
yo	50
yola	425
yolá	4
yom	464
yomen	87
yomicj	1
yon	5
yotsja	1
yoꞌ	8
yugo	4
yulupjana	36
yulupjanas	1
yulupjaná	2
yulupjánatsja	2
yumal	5
yun	21
yupj	5299
yus	99
yusapj	19
yustapj	48
yustaptsja	25
yutsꞌaꞌatsja	1
yutsꞌaꞌá	19
yuwal	32
yuwá	51
yácatsja	2
yólatsja	208
yümücj	190
zafiro	1
¡	53
¿	631
Ángel	56
Órotsja	1
ágata	1
áloe	1
ángel	132
óchoya	1
ónice	1
órotsja	3
—	1746
‘	338
’	338
“	727
”	1050
ꞌA	36
ꞌAlaja	1
ꞌAmaꞌá	1
ꞌAmá	33
ꞌAplijila	23
ꞌAplijílatsja	3
ꞌAs	6
ꞌAtjalapj	3
ꞌAtꞌanca	2
ꞌAwa	26
ꞌESEPJ	1
ꞌElyon	1
ꞌEsocte	1
ꞌEtjele	9
ꞌEtjelequecj	1
ꞌEtsjecj	2
ꞌI	6
ꞌIn	40
ꞌInyá	8
ꞌIyó	5
ꞌOna	16
ꞌOnin	18
ꞌOnintsja	1
ꞌOs	8
ꞌOsis	3
ꞌOsocté	3
ꞌOtsꞌotsꞌ	7
ꞌOyn	23
ꞌUnuca	3
ꞌUtsuꞌpa	1
ꞌYaya	1
ꞌYÜSA	1
ꞌa	526
ꞌacawajas	2
ꞌacaꞌlin̈tsja	1
ꞌajay	2
ꞌalajá	2
ꞌalama	1
ꞌalapa	1
ꞌalape	1
ꞌalas	3
ꞌalatsja	2
ꞌalaꞌá	9
ꞌalá	38
ꞌamaꞌá	1
ꞌamá	154
ꞌan	6
ꞌanpüpj	4
ꞌantsja	1
ꞌaplijila	136
ꞌaplijílatsja	15
ꞌaptsja	1
ꞌas	26
ꞌasas	8
ꞌasaꞌá	1
ꞌasꞌüs	3
ꞌataꞌa	2
ꞌatjalapj	5
ꞌatjama	1
ꞌatsja	4
ꞌatsjac	2
ꞌatꞌanca	2
ꞌawa	86
ꞌaya	74
ꞌayacj	2
ꞌayapj	11
ꞌayaptsja	1
ꞌayas	38
ꞌayá	3
ꞌe	75
ꞌejay	22
ꞌel	2
ꞌelyon	1
ꞌen	13
ꞌes	1
ꞌesepj	43
ꞌeseptsja	44
ꞌetjel	1
ꞌetjele	29
ꞌetsjecj	4
ꞌetꞌecj	1
ꞌetꞌé	4
ꞌi	60
ꞌiji	5
ꞌijicj	1
ꞌin	217
ꞌinpan	1
ꞌintsja	14
ꞌinyacj	2
ꞌinyactsja	1
ꞌinyatsja	7
ꞌinyá	20
ꞌipj	1
ꞌisin	3
ꞌisine	2
ꞌitsꞌitsꞌ	3
ꞌitsꞌuꞌcú	1
ꞌityüla	1
ꞌiyó	8
ꞌona	40
ꞌonin	87
ꞌonsa	1
ꞌonsocj	2
ꞌonsopj	1
ꞌonsos	10
ꞌonsó	1
ꞌopopa	5
ꞌopos	1
ꞌos	114
ꞌosis	11
ꞌosocté	2
ꞌosos	18
ꞌosostsja	1
ꞌosꞌü	1
ꞌotj	6
ꞌoton̈	1
ꞌotsja	3
ꞌotsꞌipj	540
ꞌotsꞌiptsja	1
ꞌotsꞌotsꞌ	26
ꞌotꞌé	1
ꞌowa	1
ꞌowus	9
ꞌoyatsja	8
ꞌoyn	97
ꞌoyá	71
ꞌoꞌsa	1
ꞌucul	1
ꞌucumantsja	1
ꞌucuwistsja	1
ꞌucuy	7
ꞌul	2
ꞌulupela	1
ꞌumul	1
ꞌunuca	5
ꞌunucú	1
ꞌunyuca	2
ꞌutanatsja	4
ꞌutaná	3
ꞌutsuꞌpa	2
ꞌutsꞌucucj	1
ꞌuꞌu	3
ꞌya	10
ꞌyas	1
ꞌyasꞌün̈	1
ꞌyatsja	1
ꞌyawa	8
ꞌyaya	46
ꞌyayacj	8
ꞌyayá	7
ꞌyonsa	4
ꞌyonsocj	1
ꞌyonson	1
ꞌyonsó	1
ꞌyula	1
ꞌyutanan̈tsja	3
ꞌyáyatsja	3
ꞌyüma	7
ꞌyüna	5
ꞌyünampa	1
ꞌyünan	2
ꞌyüsa	801
ꞌyüsam	1
ꞌyüsá	1
ꞌyütsꞌopta	1
ꞌyüy	8
ꞌyüya	2
ꞌyüyacj	5
ꞌyüyactsja	1
ꞌyüꞌna	4
ꞌyüꞌnacj	1
ꞌyüꞌsa	20
ꞌyǘmatsja	4
ꞌyǘsatsja	32
ꞌyǘyatsja	1
ꞌyǘꞌnatsja	4
ꞌÍstaway	1
ꞌÜcj	301
ꞌÜctsja	22
ꞌÜmüjütütj	2
ꞌÜpjǘ	4
ꞌÜpǘ	3
ꞌÜsüma	1
ꞌÜsüs	285
ꞌÜsüstsja	10
ꞌÜsǘ	82
ꞌÜyꞌüy	1
ꞌá	1
ꞌáwatsja	4
ꞌáyatsja	1
ꞌístaway	1
ꞌívetsja	2
ꞌónatsja	2
ꞌónceya	2
ꞌücj	2390
ꞌücjololtsja	2
ꞌücjücj	1
ꞌüctsja	29
ꞌücüipaptsja	2
ꞌüm	8
ꞌümꞌüm	1
ꞌünan	70
ꞌünana	1
ꞌünantsja	3
ꞌünánatsja	1
ꞌüpjǘ	8
ꞌüpǘ	11
ꞌüsüma	8
ꞌüsüp	4
ꞌüsüs	3207
ꞌüsüsmpa	1
ꞌüsüspan	6
ꞌüsüstsja	58
ꞌüsütsja	3
ꞌüsǘ	404
ꞌüsꞌüs	1
ꞌütsꞌa	1
ꞌütꞌün	7
ꞌüy	7
ꞌüytsja	9
ꞌüyá	2
ꞌüꞌna	2
ꞌüꞌnacj	12
ꞌüꞌnam	2
ꞌüꞌnas	1
ꞌüꞌná	12
ꞌüꞌsa	16
ꞌüꞌsüs	16
ꞌǘꞌnatsja	1
