!	1359
"	4209
'	556
(	85
)	85
,	12200
--	230
.	11087
12.000	1
1260	2
144.000	4
2400	1
450	1
666	1
:	361
;	750
?	879
Abadon	1
Abia	3
Abihud	1
Abilene	1
Abyatar	1
Ada	9
Ada-Mu	4
Ada-Na	1
Ada-ada	2
Adam	15
Adana	6
Ada¯doho-Na	1
Ade	74
Adeku	1
Adi	1
Admin	1
Adramitium	1
Adria	1
Afi	2
Agabus	2
Agama	20
Agripa	12
Agustus	1
Ah	1
Ahas	1
Ai	22
Aimambia	1
Aimanga¯di	9
Aimanga¯dina	2
Aimarai	8
Aimasi¯di	1
Aimasi¯di-si¯di	5
Aina	199
Ainain	1
Ainain-ainain	1
Ainaina	60
Ainana	1
Ainon	1
Aipu	53
Aka	7
Akaku	2
Ake	123
Ake-ake	1
Akeku	55
Akeldama	1
Akera	12
Akhaikus	1
Akhaya	12
Akhim	1
Akwila	8
Al	762
Ala	3
Alae	1
Alapu	2
Aleksander	6
Aleksandria	4
Alfeus	5
Alkitab	159
Allah	450
Alo	1
Ama	279
Ama-Ku	36
Ama-Mu	4
Ama-Na	13
Ama-ama	4
Ama-ku	1
Ama-mu	1
Amaku	1
Amamu	26
Amana	1
Amaniamu	1
Amba	2
Amfipolis	1
Amin	27
Aminadab	2
Amon	1
Amos	1
Ampliatus	1
Ana	277
Ana-Ku	14
Ana-Mu	2
Ana-Na	36
Ana-ana	3
Ana-ana-Ku	2
Ana-anaku	6
Ana-anamu	1
Ana-anana	1
Anaku	2
Anamori	17
Anamori-Na	1
Anamori-anamori	6
Anamori-anamorimu	1
Anamori¯doho-Mu	1
Anamori¯doho-Na	4
Anamu	1
Ananias	17
Ana¯doho	4
Ana¯dohona	1
Andreas	14
Andronikus	1
Anggo	5
Anggota-anggota	5
Angi	4
Angkana	1
Antiokhia	29
Antipas	1
Antipatris	1
Anugera	3
Aona	19
Aopu	1
Apeles	1
Apfia	1
Apius	1
Apolion	1
Apolonia	1
Apolos	15
Arab	3
Arara	1
Areopagus	3
Aretas	1
Ari	8
Arimatea	4
Arimu	1
Arina	1
Aristarkhus	5
Aristobulus	1
Arkelaus	1
Arkhipus	2
Arni	1
Arpakhsad	1
Artemas	1
Artemis	5
Aruraja	27
Asa	2
Asana	1
Asdod	1
Asia	20
Asinkritus	1
Asos	2
Asyer	2
Atalia	1
Atao	20
Atena	6
Ati-ati	1
Au	64
Au-au	5
Au-aura	1
Auku	42
Aura	1
Ausi	2
Auta	1
Awina	1
Ayat	1
Ayat-ayat	1
Ayub	1
Azur	1
Babel	11
Babilon	1
Bahkan	2
Bait	143
Bala	1
Balak	1
Balumba	1
Banggakai	1
Bangsa	5
Bangsa-bangsa	2
Bantu	5
Bantupu	3
Bar	1
Bara	2
Barabas	12
Barak	1
Bareka	1
Bareka-bareka	1
Barnabas	44
Barsabas	2
Bartimeus	1
Bartolomeus	4
Ba´al	1
Beelzebul	6
Benyamin	4
Beor	1
Berea	7
Berekia	1
Berhala	2
Bernike	3
Betania	12
Betesda	1
Betfage	3
Betlehem	9
Betsaida	7
Bileam	5
Binata	7
Binata-binata	1
Bitinia	2
Blastus	1
Boanerges	1
Boas	2
Buku	20
Buku-buku	2
Bukuti-bukuti	1
Bune	1
Buneku	1
Cahapu	1
Cambe	206
Cambena	1
Cambepu	1
Canggi	2
Capi	2
Cara	1
Catata	2
Cengga	4
Ci	2
Cilaka	2
Cili	1
Cina	127
Cinaku	3
Coba	9
Cobapu	1
Cola	2
Colapu	1
Conto	1
Cou	37
Cou-cou	15
Couku	27
Cousi	10
Co´i	1
Co´opu	26
Cua	3
Cua-cua	4
Cuma	14
Cumpukaina	36
Dahukaipu	1
Dahupu	3
Dalmanuta	1
Dalmatia	1
Damaris	1
Dame	1
Damsyik	16
Dana	10
Daniel	1
Darura	1
Dasa	1
Daud	73
Daun	1
Demas	3
Demetrius	3
Derbe	5
Dewa	3
Dewa-dewa	1
Dewi	5
Dionisius	1
Diotrefes	2
Disa	2
Doho	1
Dohopu	8
Dokte	1
Dokter	1
Dorkas	5
Doro	16
Dosa	4
Dosa-dosamu	2
Dosaku	1
Dosamu	3
Dou	378
Dou-dou	175
Dou¯doho	5
Do´a	9
Do´amu	1
Do´apu	6
Drusila	1
Duha	1
Dulara	4
Dunia	12
Eber	1
Ebulus	1
Eda	16
Edana	2
Ede	51
Edeku	15
Edempara	842
Edera	4
Ede¯du	4
Efata	1
Efesus	24
Efesusku	1
Efraim	1
Efrat	2
Ela	9
Ela-Ku	1
Ela-Na	2
Ela-ela	1
Elam	1
Elana	1
Ele	1
Eleazar	1
Eli	18
Eli-Na	1
Elia	32
Eliezer	1
Elimas	3
Elina	2
Elisa	1
Eliud	1
Elizabet	13
Elmadam	1
Eloi	2
Elyakim	2
Emaus	1
Eneas	5
Enos	1
Epafras	3
Epafroditus	2
Epenetus	1
Epikuros	1
Er	1
Erastus	3
Esau	4
Ese	1
Etiopia	5
Eunike	1
Euodia	1
Eutikhus	1
E¯di	1
Fanuel	1
Farisi	107
Febe	1
Feliks	12
Feniks	2
Fenisia	4
Festus	16
Figelus	1
Fiki	5
Fiko	1
Fikomu	1
Filadelfia	2
Filemon	2
Filetus	1
Filipi	8
Filipus	41
Filologus	1
Filupus	1
Fira´un	4
Firdaus	2
Flegon	1
Fortunatus	1
Frigia	3
Fu´u	5
Fu´una	1
Gabata	1
Gad	1
Gadara	1
Galatia	7
Galilea	79
Galio	4
Gamaliel	3
Gamba	2
Gando	2
Gayus	5
Gaza	1
Genesaret	3
Gerasa	3
Getsemani	2
Gideon	1
Goda´ana	1
Gog	1
Golgota	3
Gomora	4
Gubernu	7
Guru	60
Guru-guru	8
Gurumu	1
Haba	162
Haba-haba	1
Habana	1
Habel	6
Hade	1
Hadepu	5
Hajar	2
Hakim	4
Hana	2
Hanas	4
Hanta	1
Hantapu	1
Hantara	1
Haran	2
Harikai	1
Harmagedon	1
Harun	4
Hasi	3
Hasina	1
Hatalla	2567
Hatalla-Ku	8
Hatalla-Mu	1
Hatallaku	1
Hatallampa	1
Hatallana	1
Hatallara	1
Hawa	2
Heba	5
Hemor	1
Henca	1
Hengga	2
Hengge	1
Henokh	5
Hermas	1
Hermes	2
Hermogenes	1
Herodes	74
Herodias	9
Herodion	1
Hesli	1
Hezron	2
Hierapolis	1
Hikima	1
Himeneus	2
Hinti	1
Hizkia	1
Hi¯di	7
Hi¯di-hi¯di	1
Honggo	2
Honggona	1
Hori	1
Horipu	5
Hosea	1
Howina	1
Hukum	42
Hukum-hukum	1
Hukuma	5
Hukuma-Na	1
Humpa	1
Ibara	1
Ibilis	87
Ibrahim	128
Ibrani	14
Idumea	1
Iha	3
Ihana	2
Ihara	25
Ii	1
Ikonium	6
Ilimumu	1
Ilimuna	1
Ilirikum	1
Imam	9
Imam-Imam	15
Imam-imam	4
Imanuel	2
Imbi	1
Imbimpa	1
Imbimu	2
Imbipu	37
Ina	23
Ina-Mu	1
Ina-Na	1
Inamu	1
Inana	1
Ini	3
Ininai	1
Injil	1
Io	45
Iota	1
Isa	2277
Isai	4
Isakhar	1
Isaku	1
Ishak	21
Isi	6
Isipu	2
Iskariot	11
Israel	97
Ita	326
Itaku	3
Italia	5
Itampa	3
Itasi	3
Ita¯doho	11
Iturea	1
Iu	1
Izebel	1
Jaga	2
Jaga-jagapu	4
Jagapu	6
Jaman	1
Jama´a	1
Jara	1
Jeremia	1
Jibril	3
Jimba	40
Jimba-jimba-Ku	1
Jimbaku	1
Jumba	2
Jumula	1
Justru	2
Kacai	10
Kacaina	1
Kaco´ipu	2
Kade´e	7
Kade´epu	2
Kai	177
Kain	4
Kaisar	37
Kaisara	1
Kaisarea	20
Kaisi	1
Kakani	1
Kala	3
Kalampapu	1
Kalembo	4
Kalete	1
Kalosa	2
Kalu´u	1
Kamborapu	1
Kamoa-kamoa	2
Kana	4
Kananu	6
Kananupu	2
Kana´an	4
Kandake	1
Kanda¯di	1
Kandeu	3
Kane´e	2
Kane´e-kane´e	1
Kangampu	5
Kangapu	1
Kanggica	3
Kanggorikai	1
Kanggoripu	1
Kani	10
Kanimpa	1
Kanipu	9
Kantau	1
Kantaupu	1
Kapa	1
Kapadokia	2
Kapernaum	17
Kapiripu	1
Kapten	1
Kaputusa	1
Karaja´an	118
Karaja´an-Ku	2
Karaja´an-Na	4
Karaja´ana	2
Karasopu	1
Karawe	1
Karawi	13
Karawikai	5
Karawipu	23
Karefa-karefa	1
Karoku	1
Karombo	1
Karongga	6
Karonggapu	5
Karoto	1
Karpus	1
Kasahakai	1
Kasalama	2
Kasalamaku	2
Kasanara	1
Kasdim	1
Kasi	2
Kasi-kasi	1
Kastor	1
Katadapu	3
Katahopu	2
Katenggopu	2
Katesapu	1
Katolu	1
Katufe	1
Kau	3
Kauda	1
Kaukai	1
Kaupu	4
Kawara	4
Kawarapu	51
Kawarasi	1
Kayafas	10
Ka¯boro	1
Ka¯boropu	1
Ka¯bua	1
Ka¯dalepu	1
Ka¯dese	2
Ka¯dihi	1
Ka¯dihipu	1
Ka¯dihira	1
Ka¯do´o	6
Ka¯do´opu	3
Ka¯dua	1
Ka´ada´ana	7
Kefas	2
Keledai	1
Kema	10
Kenan	2
Kengkrea	2
Kese	3
Keto-ketona	1
Khios	1
Khuza	1
Kiama	21
Kidron	1
Kilikia	8
Kira-kira	6
Kirene	7
Kirenius	1
Kiri	1
Kis	1
Kitab	2
Ki¯di	1
Ki¯dipu	1
Klaudia	1
Klaudius	3
Klemen	1
Kleopas	1
Kloe	1
Klopas	1
Knidus	1
Kolam	2
Kolose	1
Kombi	3
Kombisi	12
Kone	36
Konena	41
Korah	1
Korazim	2
Korintus	11
Kornelius	15
Kos	1
Kosam	1
Kota	10
Kreskes	1
Kreta	8
Krispus	2
Kristen	3
Kuasa	14
Kunci	1
Kuta	2
Kwartus	1
La	135
Labara	1
Lai	2
Laina	24
Lainsi	1
Lako	4
Lalai	1
Lamekh	1
Lampa	45
Landa	1
Landapu	1
Langga	1
Langi	7
Lao	26
Laodikia	7
Laompa	2
Laona	1
Laopu	14
Laora	14
Lasea	1
Lati	1
Latin	1
Lawili	1
Lazarus	26
La¯bo	1
Legiun	2
Lelikai	1
Lemba	1
Lenga-lenga	1
Lenga¯dohomu	1
Lenga¯dohona	1
Lewi	18
Lia	4
Libia	1
Lida	4
Lidia	3
Likaonia	2
Likia	1
Lima	6
Linus	1
Liro	3
Lisanias	1
Lisias	3
Listra	7
Loa	13
Loaku¯du	7
Loasi	1
Lois	1
Londo	5
Losa	2
Losapu	1
Losara	2
Lot	5
Lukas	3
Lukius	2
Lu´u	1
Lu´upu	1
Lu´ura	2
Ma	97
Mabantu	2
Mabantuku	1
Mabantumu	2
Maco	1
Macumpukai	1
Mada	134
Mada-Na	1
Madaku	2
Madana	1
Madara	1
Mada¯bae	6
Mada¯doho	23
Mada¯dohoku	1
Made	9
Madekai	2
Madekai-Na	1
Madena	1
Magadan	1
Magdalena	13
Magoda	2
Magog	1
Mahalaleel	1
Mahkama	19
Mahluk	1
Mai	43
Maikai-Na	1
Maipu	3
Maira	25
Makalelina	1
Makanda¯di	1
Makanda¯dina	2
Makarawisi	2
Makasalama	9
Makasalamamu	1
Makasalamana	1
Makasu	1
Makasuna	2
Maka´ihana	1
Makedonia	26
Makuasa	3
Mala	11
Malaba	1
Malahan	1
Mala´eka	14
Mala´eka-mala´eka	6
Male	1
Malkhi	2
Malkus	1
Malta	1
Mambei	80
Mamori	5
Manason	2
Manasye	2
Mana´e	2
Mana´ekai	7
Mana´ekaina	3
Manusia	106
Mapamao	1
Mapoda	1
Marakandaimu	1
Marakanda¯dina	2
Maranata	1
Maraso	1
Maratunti	1
Marere	1
Maria	85
Markus	11
Marombo	1
Marta	20
Masa	2
Masama-sama	2
Masandaka	1
Masasa´e	1
Masih	760
Masihra	1
Masihsi	1
Mataho	146
Mataki	30
Matan	1
Matat	3
Matata	1
Matias	2
Matica	2
Matius	7
Mawancu	24
Mawati	7
Ma¯be	1
Ma¯boha	29
Ma¯bu	1
Ma¯dese	1
Ma´adi	2
Ma´eda	1
Ma´edasi	2
Ma´undasi	1
Mbei	4
Mbeijapu	1
Mbeipu	5
Mbonto	1
Mbora	1
Mboto	62
Mbotora	1
Mbui	2
Mbuipu	6
Meci	21
Media	1
Meja-meja	1
Melea	1
Melkisedek	16
Menahem	1
Mesias	2
Mesir	39
Mesopotamia	2
Metilene	1
Metusalah	1
Me´e	1
Midi	4
Midian	1
Midipu	1
Midira	3
Mikhael	5
Miletus	3
Mina	3
Minggu	4
Mira	1
Misakai	8
Misampara	7
Misamparakai	1
Misia	2
Molokh	1
Mori	12
Morimu	2
Moripu	3
Moti	4
Mpoampa	1
Mpori	6
Musa	128
Musaku	1
Musu	7
Musu-musu	1
NAHU	3
Naaman	1
Nabi	30
Nabi-nabi	11
Nadou	1
Nadulasi	1
Naftali	3
Naga	3
Nagai	1
Nahason	2
Nahor	1
Nahu	1560
Nahuku	23
Nahum	1
Nahuna	1
Nahura	19
Nai	1
Nain	1
Naisi	2
Nakangginda	1
Nalaba	2
Nalai	1
Namai	1
Namaisi	5
Nami	125
Nana´e	1
Nancewi	16
Nancihi	9
Nancokiku	1
Nanga	1
Nanggahisi	3
Nanggonggi	1
Nangipu	1
Napodaku	1
Narahosi	1
Naraka	1
Narkisus	1
Naronggasi	1
Nasaret	3
Nataho	4
Natahopu	9
Natampu´usi	1
Natan	1
Natanael	6
Natu´u	1
Nawa	1
Nawa-Na	1
Nawancuku	26
Nawarasi	4
Nawasu	1
Nawatisi	1
Nawa´ura	1
Naweha	1
Nawi´i	1
Nazaret	28
Na¯denira	1
Na´e	9
Na´ipiku	2
Na´undasi	1
Ncai	10
Ncara	2
Ncewi	6
Ncihi	25
Ncihimpa	1
Ncihira	2
Ncoki	1
Ndai	126
Ndaimpa	1
Ndaimu	2
Ndaita	19
Ndai¯dohomu	1
Ndake	3
Ndakeku	10
Ndano	13
Ndante	1
Ndawi	1
Ndawipu	3
Nda¯di	333
Nda¯dikai	1
Nda¯dikaina	2
Nda¯dina	4
Nda¯dira	1
Ndede	123
Ndedekai	1
Ndedeku	27
Nde¯deku	2
Ndiha	1
Ndua	4
Ndumba	1
Neapolis	1
Negara	1
Nembapu	4
Nenti	2
Nentina	1
Nentipu	1
Neo	3
Nereus	1
Neri	1
Ne´e	24
Ne´empara	1
Ne´era	1
Ngaha	6
Ngango	1
Ngara	13
Ngara-Na	1
Ngara-ngara	1
Ngarana	8
Ngawa	1
Ngena	2
Ngenapu	2
Nggadu	1
Nggahi	285
Nggahi-Na	3
Nggahi-nggahi	1
Nggahijapu	1
Nggahimpa	2
Nggahimu	1
Nggahina	1
Nggahipu	5
Nggahisi	1
Nggara	358
Nggarasi	8
Ngge´e	1
Ngge´epu	4
Nggomi	178
Nggomiku	5
Nggomira	5
Nggomisi	1
Nggomi¯doho	301
Nggomi¯dohoku	3
Nggomi¯dohompa	1
Nggomi¯dohora	1
Nggori	1
Ngoa	11
Ngoajapu	2
Ngoapu	5
Ngo¯du	2
Ngupapu	1
Nia	1
Nia-Na	1
Nikanor	1
Nikodemus	7
Nikolaus	4
Nikopolis	1
Nimfa	1
Niniwe	5
Ni´ikaipu	1
Nonora	1
Ntadi	3
Ntai	1
Ntanda	4
Ntara	2
Ntara-ntara	4
Ntasa	16
Ntau	4
Ntika	3
Ntikana	1
Ntoi	3
Ntoina	18
Ntuwu	2
Nuh	12
Nuntu	5
Obed	2
Oe	24
Oh	2
Oi	2
Okopu	1
Olimpas	1
Oma	1
Ompu	4
Ompu-ompu	1
Onesiforus	3
Onesimus	4
Ou	6
Oupu	1
Oura	1
O¯bu	2
O´o	1
Pa	84
Pafos	2
Pahu	5
Pahu-Na	2
Pahuna	1
Pai	15
Paina	4
Paira	1
Paisi	2
Pak	1
Pakasa	1
Paki	1
Pala	959
Palasi	4
Palisi-palisi	1
Pamao	1
Pamarenta	1
Pamfilia	5
Pangadilana	1
Parana	3
Parenta	6
Parenta-parenta	1
Paresa	1
Parmenas	1
Partia	1
Pasati	1
Paskah	37
Pasti	17
Patapu	1
Patara	2
Patmos	1
Patriot	4
Patrobas	1
Paulus	294
Pa¯bua	1
Pa¯buaku	19
Pa¯buapu	67
Pa´i	1
Pea	9
Peade	4
Peare	1
Peasi	3
Pehe	1
Pehejapu	2
Peleg	1
Pengadila	3
Pengadilana	2
Pentakosta	2
Peres	2
Perga	3
Pergamus	2
Perkius	1
Persis	1
Perwira	5
Peti	5
Petrus	262
Pidu	5
Pidumpuru	1
Pila	4
Pila-pila	45
Pilatus	77
Pingga	1
Pirus	1
Pisidia	4
Piti	2
Poda	59
Poda-poda	2
Podasi	1
Pohu	1
Poluks	1
Pondok	1
Ponga	2
Ponggo	2
Pontius	3
Pontus	3
Porona	1
Priskila	7
Prokhorus	1
Ptolemais	1
Publius	1
Pudes	1
Pulau	2
Putioli	1
RUMA	1
Ra	26
Rabantu	1
Rabi	3
Rabui	1
Rabuni	1
Rade	1
Rade-radena	1
Radena	1
Rah	1
Rahab	3
Rahama	3
Rahasia	2
Rahasiapu	1
Rahel	1
Rahi	2
Raho	8
Raho-raho	54
Rahopu	8
Rakakai	1
Rakara	7
Rakasamakai	1
Rakaukai	2
Raka¯dale	2
Ram	1
Rama	1
Rambei	2
Rambei-mbei	1
Rane´emu	1
Ranggahi	7
Ranginakai	3
Rangka	3
Rangoa	2
Rangoana	1
Raparenta	1
Raparentakai	1
Rarece	1
Rasa	1
Rasake	5
Raso	6
Rasu-rasu	9
Rasuna	1
Ratampu'u	1
Ratampu´u	10
Rata¯be	3
Rata¯bena	2
Rata¯dei	1
Rata´ede	2
Ratunti	3
Rawa	1
Rawapu	1
Rawi	2
Rawimu	1
Ra¯ba¯bu	1
Ra¯di	24
Ra¯donggo	1
Ra´a	5
Ra´a-Na	1
Ra´aipu	7
Ra´eda	1
Ra´ukukai	1
Refan	1
Regium	1
Rehabeam	1
Rehu	1
Rekepu	1
Renta	2
Rera	2
Resa	1
Resimen	1
Rewo	1
Riana	2
Ribka	3
Rima	2
Ringa	21
Ringakaimu	1
Ringana	13
Ringapu	6
Riwu-riwuna	1
Ro	565
Roa	2
Roci	2
Roci-roci	1
Rociku	1
Rocu	1
Rode	2
Rodos	1
Roh	284
Roh-Ku	2
Roh-Mu	1
Roh-Na	21
Roh-roh	7
Roi	7
Roma	44
Romawi	2
Rompa	1
Roti	9
Ro´ona	1
Ruben	1
Rufus	3
Ruku	3
Ruma	5593
Ruma-Ku	1
Ruma-ku	1
Rumaku	6
Rumamu	12
Rumana	2
Rumara	1
Runcu	1
Rut	1
Ru´u	14
Sabat	62
Sacara	1
Sadia	3
Sadiapu	4
Saduki	15
Safira	1
Sakali	8
Sakali-kali	7
Sakalompo	3
Sakasi	1
Sake	3
Sake-sake	1
Sakura-kurana	1
Salam	23
Salama	6
Salamakai	1
Salamis	1
Sala´i	1
Salela	1
Salem	2
Salepena	2
Salibkai	1
Salibpu	7
Salim	1
Salipu	2
Salite	1
Salmon	3
Salmone	1
Salome	2
Salomo	3
Salo´apu	1
Sama	16
Sama-sama	5
Samaria	26
Sambea	1
Sambeakai	1
Sambeapu	1
Sambelepu	2
Samenana	62
Saminggu	1
Samos	1
Samotrake	1
Sampa	1
Sampa-sampa	1
Sampe	12
Samporo	1
Sampula	2
Sampuru	13
Samuel	3
Sanai	3
Sanai-nai	2
Sanakai	1
Sanarau	1
Sanaru	1
Sanawara	1
Sandakapu	2
Sandede	1
Sando-sando	1
Sang	4
Sanga-sanga	1
Sanga-sangana	1
Sangajai	1
Sangaji	148
Sangaji-sangaji	6
Sangajimu	2
Sangana	1
Sanggini	3
Saniki	6
Sanikina	38
Santa¯be	2
Santa¯beta	1
Santoi	5
Sapoda-podakaina	1
Sapodakaina	44
Sara	4
Sarah	2
Saramba	1
Saramba-rambakaina	1
Saramba-rambana	7
Sarambakaina	2
Sarambi	2
Saratu	1
Sara´a	57
Sara´ana	76
Sardis	3
Sarere	1
Sarfat	1
Sariwu	1
Saroga	44
Saron	1
Sarumbu	8
Sarumbuna	1
Sarunde	1
Sarundena	4
Satampa	3
Saul	1
Saulus	41
Sawatipu	19
Sawa´u	346
Sawa´u-wa´ukaina	1
Sa¯bua	247
Sa¯buampa	5
Sa¯buana	1
Sa¯bune	4
Sa¯bunera	1
Sealtiel	2
Sekundus	1
Selama	1
Selasi	1
Seleukia	2
Sem	1
Sensus	1
Sergius	1
Serug	1
Set	1
Seta	1
Sia	1874
Siaku	47
Siampa	2
Siara	17
Sia¯doho	427
Sia¯dohoku	1
Sida	1
Sidon	11
Sikhar	2
Sikhem	2
Silas	35
Siloam	4
Simei	1
Simeon	8
Simon	90
Simson	1
Sinai	5
Singa	1
Sintike	1
Sion	7
Siprus	8
Sirakusa	1
Siria	10
Sirtis	1
Siwe	1
Si¯di-si¯di	2
Skewa	1
Smirna	2
Soba	5
Sodom	10
Solemanku	1
Sopater	1
Sori	16
Sosipater	1
Sostenes	2
So¯di	35
So¯dipu	2
Spanyol	3
Stakhis	1
Stefanus	23
Stoa	1
Sulaiman	7
Suli	1
Sumpapu	1
Supu	2
Sura	8
Sura-sura	1
Susa	2
Susana	1
Suwu-suwu	1
Syuku	1
Syukupu	1
Syukura	2
Ta	120
Tabantu	2
Tabe´a	1
Tabita	2
Tadara	2
Tadeus	2
Taha	1
Taho	57
Tahompara	1
Tahora	5
Taka	1
Takade´e	1
Takade´epu	1
Takananu	1
Takaneo	1
Takangampu	1
Takasi	7
Takau	5
Taki	3
Talita	1
Tamar	1
Tambari	3
Tambei	1
Tambonggepu	1
Tampu´u	13
Tampu´u-mpu´ukaina	1
Tampu´u-mpu´una	1
Tampu´ura	1
Tana´o	2
Tangarakai	1
Tanggahijapu	1
Tangoa	3
Tantu	26
Tantuna	1
Tarima	6
Tarimapu	1
Tarina	1
Taringa	2
Taroa	4
Taroa-Na	1
Tarompe	1
Tarsus	5
Tasanta¯beta	1
Taso¯di	1
Tateipu	1
Tatio	1
Tatiopu	6
Tau	1
Taurat	96
Tawela	2
Ta¯bade	1
Ta¯be	2
Ta¯be-¯be	5
Ta¯beku	14
Ta¯bera	4
Ta¯da	5
Ta¯da-ta¯da	1
Ta¯deina	1
Ta´adena	1
Ta´akaku	1
Ta´edeku	1
Ta´tio	1
Teijapu	2
Teipu	4
Tembo	2
Tenggo	5
Tentara	3
Tentara-tentara	3
Teofilus	2
Terah	1
Tertius	1
Tertulus	3
Tesalonika	10
Teudas	1
Te¯beku	1
Tiatira	4
Tiberias	3
Tiberius	1
Tikhikus	7
Tiki	1
Timba	6
Timbana	1
Timeus	1
Timon	1
Timotius	35
Tio	23
Tiompa	1
Tiopu	31
Tiranus	1
Tirus	12
Titius	1
Titus	19
Tobara	6
Toke	1
Tokepu	1
Tolu	11
Tomas	13
To¯du	1
To´a	3
To´akaipu	1
To´ana	1
To´apu	3
To´i	1
Trakhonitis	1
Trifena	1
Trifosa	1
Troas	7
Trofimus	3
Tudu	1
Tunti	1
Tuntipu	5
Turu	1
Tuta	1
Tu´u	12
Tu´ukai	2
Tu´ura	16
Uji	1
Uma	10
Uma-Ku	2
Uma-Mu	1
Umbupu	1
Umu	1
Umuna	1
Upa	6
Upampuru	3
Ura	1
Urbanus	1
Uria	1
Usaha	6
Usahapu	10
Uzia	1
WARA	3
Wadu	9
Wadu-wadu	1
Wajo	5
Wakatu	355
Wakatuna	3
Wancu	13
Wancuku	2
Wara	111
Waraku	10
Wari	1
Wati	146
Watipu	17
Watira	3
Watisi	1
Wati¯du	6
Wawi	1
Wa´a	6
Wa´i	4
Wa´u	2
Wa´ura	39
Weha	8
Wehapu	12
Wehara	1
Wei	3
Weimu	1
Weki	3
Weli	1
We¯di	16
Wi´i	2
Wi´ikai	1
Wi´ikaipu	3
Wi´ipu	1
Wua-wua	1
Wunga	81
Wura	1
Wurapu	1
Ya	6
Yahudi	380
Yahudiku	1
Yahya	202
Yairus	12
Yakub	67
Yambres	2
Yanai	1
Yanes	2
Yared	1
Yason	5
Yefta	1
Yehuda	9
Yekhonya	2
Yeremia	2
Yerikho	6
Yerusalem	158
Yesaya	23
Yesua	1
Yesus	4
Yoda	1
Yoel	1
Yohana	2
Yohanan	1
Yona	5
Yonam	1
Yope	12
Yoram	1
Yordan	15
Yorim	1
Yosafat	1
Yosekh	1
Yoses	3
Yosia	1
Yosua	2
Yotam	1
Yudas	57
Yudea	52
Yulia	1
Yulius	2
Yunani	19
Yunias	1
Yunus	9
Yustus	3
Yusuf	59
Zabur	4
Zadok	1
Zaitun	11
Zakaria	18
Zakharaia	1
Zakheus	4
Zebedeus	7
Zebedus	3
Zebulon	3
Zena	1
Zerah	1
Zerubabel	2
Zeus	2
[	24
]	24
ada	141
ada-Ku	1
ada-Mu	1
ada-Na	5
ada-ada	18
ada-ada-Ku	1
ada-ada-Na	1
ada-adamu	2
adampa	1
adamu	4
adana	28
adas	1
ada¯doho-Mu	2
ada¯doho-Na	1
ada¯dohomu	2
ada¯dohona	14
ade	1935
ade-Ku	12
ade-Mu	2
ade-Na	20
ade-¯dihikai	1
adeku	47
adempa	1
ademu	140
adena	221
adeta	7
adi	30
adina	3
adona	1
afi	82
afina	3
agama	141
agamamu	2
agamana	1
ahera	1
aho	4
ahona	2
ahopu	1
ai	126
ai-ai	2
ai-aina	3
aiku	19
aima	1
aimambia	11
aimanga¯di	44
aimanga¯dina	2
aimarai	30
aimasi¯di	16
aimasi¯di-si¯di	1
aimasubu	2
aina	262
ainain	5
ainain-ainain	6
ainain-ainaina	1
ainaina	217
ainaina-ainaina	9
ainana	1
aipu	110
aira	1
aisanai	23
aisanaina	3
aita	4
aka	774
akaku	6
akamu	7
akana	40
akande	4
ake	1418
ake-ake	1
akeku	39
akempa	7
akena	1
akera	4
akesi	3
ako	1
ala	15
alamu	2
alana	6
alasa	16
alasana	7
alo	1
ama	71
ama-Na	1
amaku	2
amal	1
amampa	1
amamu	4
amana	35
amancawa	6
amancawa-amancawa	1
amancawana	4
amania	3
amaniana	1
amba	5
amba-amba	5
ambana	1
ambi	1
ampa	1
ampana	3
ampo	7
ampode	4
ampodena	2
ampoku	1
ampomu	4
ampona	27
amu	2
amuna	8
ana	343
ana-Ku	5
ana-Na	4
ana-ana	58
ana-ana-Na	8
ana-anaku	2
ana-anamu	2
ana-anana	7
anaku	7
anamori	114
anamori-Ku	1
anamori-Mu	2
anamori-Na	48
anamori-anamori	25
anamorina	5
anamori¯doho-Ku	1
anamori¯doho-Mu	3
anamori¯doho-Na	147
anamori¯dohomu	2
anamori¯dohona	3
anamu	9
anana	44
anaraka	18
ana¯dohana	1
ana¯doho-Ku	1
ana¯doho-Na	1
ana¯dohomu	2
ana¯dohona	12
ane	4
anggo	94
anggoata	1
anggona	5
anggota	82
anggota-anggota	20
anggotampa	1
anggotana	2
angi	441
angikai	2
angiku	16
angimpa	1
angimu	26
angina	32
angita	3
angka	4
ani	4
anugera	15
anugera-Na	4
ao	74
ao-Na	1
aokai	5
aokaiku	2
aokaimu	2
aokaina	3
aoku	9
aomu	10
aona	162
aopu	10
apiku	1
apina	2
apu	27
ara	32
ari	106
ari-Ku	1
ari-Na	2
ari-ari	10
ari-ari-Ku	1
ari-ari-Na	1
arimu	4
arina	27
ari¯doho-Ku	1
ari¯doho-Na	5
ari¯dohona	2
arujiki	5
aruraja	3
asa	21
asa-Ku	2
asa-Na	3
asa-asa	1
asaku	1
asali	7
asalina	3
asamu	6
asana	13
asi	16
asiku	1
asli	1
atao	378
ati	9
ati-ati	2
ato	6
atona	2
atora	39
atora-atora	16
atora-atorana	1
au	538
au-au	220
au-aumu	1
au-auna	1
au-aura	1
aujaku	4
aukai	1
aukaimu	1
aukaina	2
auku	102
aumu	2
auna	2
aura	1
ausi	1
auta	1
awa	58
awa-awa	1
awana	4
awina	1
ayat	17
ayat-ayat	8
a´u	2
babu	2
babuna	1
babupu	1
baca	18
bacamu	3
bacana	3
bacasi	1
bada	9
badare¯de	1
badare¯dena	1
bage	1
bage-bage	1
bahasa	48
bahasa-bahasa	5
bahasana	1
bahaya	16
bahaya-bahaya	1
bahkan	1
baiduri	5
bakung	2
bala	12
bala-bala	2
balanja	2
balasana	1
balea	1
balo	7
balumba	12
banding	1
bangga	10
banggakai	10
banggakaiku	1
banggakaina	2
bangko-bangko	2
bangsa	170
bangsa-Na	1
bangsa-bangsa	33
bangsamu	1
bangsana	3
bank	2
bantu	65
bantu-Na	1
bantukai	3
bantukaimu	2
bantukaina	4
bantukaita	1
bantuku	2
bantumu	8
bantuna	16
bantupu	3
bantuta	1
barang	7
barang-barang	10
barang-barangna	1
bareka	126
bareka-Na	1
bareka-bareka	19
barekana	1
bari	6
barisana	1
baronta	2
barontana	4
basi	1
batana	1
bea	40
bece	14
bece-bece	1
bece-becena	1
becena	1
bela	2
bengkena	2
bente	1
berhala	41
berhala-berhala	9
beruang	1
biasa	8
biasampa	2
biasana	1
binata	71
binata-binata	8
borekaina	1
boto	2
bui	81
buikai	1
buina	1
buku	36
buku-buku	14
buku-bukuna	1
bukuti	13
bukuti-bukuti	2
bukuti-bukutina	1
bukutikai	5
bukutikaimu	1
bukutimu	1
bukutina	12
bune	3
caca	2
caha	10
cahana	2
cakina	2
cambe	127
cambe-Na	4
cambekaimu	1
cambemu	5
cambena	15
cambo	14
cambona	1
campo	13
campomu	1
campona	4
canggi	1
cangko	3
cangkokai	1
capi	18
capi-capi	2
cara	56
cara-cara	5
caramu	1
carana	20
carita	13
carita-Na	1
carita-carita	5
caritakaina	1
caritana	17
caritasi	1
caru	10
caru-caru	1
caruna	5
caupu	1
cau´una	1
ca¯ba	5
ca¯dei	1
ca¯deina	3
ca¯deipu	1
ca¯di	1
ca´arakaimu	1
ca´arapu	6
ca´ari	1
ca´aripu	1
ca´awa	2
ca´awana	1
ca´ele	1
ca´ese	1
ca´esena	2
ca´u	253
ca´u-Na	11
ca´ukai	2
ca´ukaimu	1
ca´ukaina	3
ca´uku	29
ca´umu	45
ca´una	51
ca´upu	24
ca´usi	7
celana	1
cempaka	1
cempe	19
cempemu	1
cempena	1
cempepu	1
cence	39
cencena	2
cengga	35
cengga-cengga	7
cengga-cenggakaina	1
cengga-cenggana	9
cengga-cenggapu	1
cenggana	1
cepe	19
cepe-cepe	1
cepekai	2
cepekaina	2
cepekaipu	1
cepemu	2
cepena	3
cepepu	1
ce´ina	1
ci	6
cia	1
ciana	2
cici	1
cika	1
cili	14
cili-cili	1
cilikaimu	1
cilikaina	1
ciliku	1
cilina	3
cina	175
cinaku	1
cinamu	8
cinana	3
cinata	9
cina¯doho	1
cingga	4
ciwi	11
ciwimpuru	2
coba	11
coba-coba	2
cobakaina	2
cobaku	1
cobamu	2
cobana	7
coba´a	10
coba´a-coba´ana	1
coba´ana	6
coco	2
cocokaiku	1
cocona	1
cola	28
cola-cola	1
colakai	1
colakaiku	1
colakaimu	2
colakaina	1
colamu	5
colana	6
colapu	3
colata	1
congge	10
congge-Na	2
conggemu	1
conggena	3
conto	95
conto-conto	1
contokaipu	1
contomu	1
contona	1
coro-coro	27
cou	48
cou-cou	71
couku	47
couna	1
cousi	7
cowa	35
cowakai	1
cowaku	5
cowampa	2
cowamu	3
cowana	2
cowasi	1
co´i	33
co´ina	9
co´o	10
co´omu	19
co´ona	11
co´opu	29
cua	39
cua-cua	78
cuma	117
cumpu	4
cumpu-cumpuna	1
cumpukai	25
cumpukaiku	1
cumpukaina	60
cumpuna	5
cumpura	2
da	1
daca´u	27
daca´umu	1
daca´una	3
daci	1
dacici	1
dafta	6
daftana	1
daga	1
dagakaimu	1
dahengga	2
dahu	84
dahu-dahuna	1
dahukai	3
dahukaimu	3
dahuku	3
dahumu	11
dahuna	23
dahuta	1
dakaco´i	1
dakarawikaimu	1
dakarawimu	1
dakuasakai	1
daloa	12
daloakai	1
dalu´ukai	1
damadekaina	3
dambeimu	1
dame	14
damecikaina	1
damekai	7
dampa	1
dampanga	1
dampi	1
dampimpa	1
dampina	1
dana	284
danaku	1
danana	6
dancihi	4
dancora	1
dane´e	1
dangaha	1
dangahana	2
dangawa	2
danika	1
dantau	2
dantaumu	1
dara	10
darahukum	1
daraka	1
darawaca	1
darere	1
darereku	1
daro	4
daru	1
darura	31
darurakai	1
darurakaimu	2
daruramu	5
darurana	1
dasa	64
dasa-dasa	2
dasana	1
dasanau	1
dasar	1
datantu	1
datarima	1
datonda-tonda	1
dawa	1
dawara	13
dawaraku	1
dawaramu	1
dawa´u	3
dawa´una	1
da¯bae	102
da¯baekaimu	1
da¯baempa	1
da¯baena	9
da¯baesi	1
da¯batu	1
da¯batuna	1
da¯ba´e	1
da¯binikai	1
da´awa	11
da´awakaimu	1
da´awamu	1
da´awana	4
da´eda	3
da´imbi	3
dei	6
deikai	2
deina	5
deisi	1
deka	1
delima	2
dembi	11
denda	1
dendamu	1
dengga	10
dengga-denggana	9
denggakaina	1
denggaku	1
denggana	10
denggara	1
denggasi	1
denggata	1
desa	2
desa-desa	3
dewa	2
dewi	3
dimakalai	1
dimarungka	1
dipi	7
dipimu	5
dipina	3
disa	29
disakai	1
disakaiku	1
disakaimu	1
disaku	5
disamu	1
disana	11
disara	1
di¯bukutikaina	1
doho	96
dohokai	52
dohokai-Ku	1
dohokai-Mu	1
dohokai-Na	3
dohokaina	4
dohomu	3
dohona	23
dohopu	1
dokte	4
dokte-dokte	1
dolu	1
dompe	4
dompo	5
dompo-dompo	1
dompona	1
dompopu	2
donto	1
dorena	1
doro	69
doro-doro	6
doro-lako	1
dosa	220
dosa-dosa	48
dosa-dosamu	23
dosa-dosana	12
dosamu	6
dosana	11
dosata	2
dou	4198
dou-Na	1
dou-dou	1432
dou-dou-Ku	1
dou-douna	3
dou-ela	1
doumpa	5
doumu	3
douna	12
dou¯doho	42
do¯doku	2
do¯dona	1
do´a	88
do´a-Na	1
do´a-do´a	4
do´a-do´amu	1
do´akai	3
do´aku	11
do´amu	8
do´ana	27
do´apu	9
duha	1
duhana	1
dula	77
dulana	12
dulara	4
dulasi	1
dumu-dumuna	1
dunia	418
duniana	1
duo-dou	1
durhaka	1
duruhakana	2
du¯ba	3
du¯bana	1
ece	1
eda	372
eda-Mu	1
eda-Na	2
edakai	11
edakaimu	1
edakaina	1
edaku	43
edamu	43
edana	151
edara	1
edasi	6
edata	3
ede	5283
edeku	118
edempa	6
edempara	580
edera	6
ederahi¯di	23
edero	1
ede¯di	1
ede¯du	778
edi-Ku	1
edi-Na	1
ei	3
eina	1
ela	371
ela-Ku	8
ela-Mu	1
ela-Na	44
ela-ela	18
elamu	2
elana	2
ele	10
ele-ela	1
elena	3
eli	323
eli-Ku	3
eli-Na	14
eli-eli	2
eli-nggahi	1
elina	14
epu	14
es	3
ese	223
eseku	1
esena	8
e¯di	45
e¯di-Ku	1
e¯di-Mu	2
e¯di-Na	5
e¯di-e¯di	2
e¯dimu	12
e¯dina	13
fai	6
fampa	2
fana	2
fanda	4
fati	4
fatina	3
fa´a	1
fela	3
fela-Na	2
fenta	1
fica	1
ficana	1
fiki	71
fikira	2
fiko	26
fikompa	1
fikomu	1
fikona	4
finca	3
fitina	5
fitina-fitina	1
fitinamu	1
fode	1
foka	1
fokakai	1
fokana	2
folu	1
fou	4
fou-fou	1
founa	1
fura	9
furana	3
furapu	3
fu´u	64
fu´u-fu´u	5
fu´una	14
gading	1
gaharu	1
gaji	6
gajikaina	1
gajimu	3
gajina	1
gala	1
galo	1
gamba	2
gambara	3
gambarana	2
gandi	2
gando	30
gando-Na	2
gandona	1
gang-gang	1
gante	1
garagaji	1
garaha	1
garanji	2
gari	1
gawu	1
gawusi	1
gedu	1
gereja-Ku	1
gili	1
gilira	1
gilirana	1
gisi	1
gisina	1
goba	1
goda	11
godana	2
goda´ana	1
golonga	20
golonga-golonga	2
golongana	2
gubernu	25
guna	109
guna-¯bisa	5
guntisi	1
guru	34
guru-guru	64
guru-gurumu	1
gurumu	1
guruna	5
haba	186
haba-haba	1
habana	2
hade	97
hadekai	1
hadekaimu	1
hadekaina	4
hadeku	3
hademu	5
hadena	23
hadia	14
hadiana	2
haju	94
hak	44
hak-hak	2
hakim	15
hakim-hakim	1
hakimna	1
hakna	2
hako	2
halal	5
hambuna	1
hampa	7
hampa-hampa	1
hampana	2
hangga	1
hanta	30
hanta-Na	1
hantakaina	1
hantana	11
hantapu	5
hantapura	1
hanu	1
hapi	1
haram	7
hari	2
harikaina	3
harimu	1
hasi	51
hasina	11
hau	1
hawa	9
ha¯di	1
ha´ana	1
heba	34
hebana	4
heko	12
hekona	10
hela	8
helana	1
henca	3
hengga	24
henggakai	1
henggamu	1
henggana	16
henggapu	1
henggara	1
hengge	5
henggena	5
here	2
herekai	4
hiana	20
hidi	1
hikima	5
hina	19
hinamu	1
hinana	1
hinasi	2
hinti	8
hintiku	2
hintina	2
hisop	1
hi¯di	323
hi¯di-Na	2
hi¯di-hi¯di	14
hi¯dina	16
hi¯do	11
hi¯doku	1
hi¯dona	3
hi´i	19
hi´i-Na	1
hi´ina	1
honggo	9
honggomu	2
honggona	7
hori	89
horikai	4
horikaiku	1
horikaimu	4
horikaina	4
horiku	1
horimu	1
horina	9
horipu	1
horisi	1
horo	2
horoma	57
horomakai	2
horomakaina	3
horomaku	4
horomamu	1
horomana	9
horomapu	10
horora	1
horu	6
horukai	6
horukaiku	1
horukaimu	2
horukaina	3
horumu	1
horuna	4
hotoba	4
hotobana	3
howi	1
howo	2
hubunga	20
hubungamu	3
hubungana	1
hukum	215
hukum-Ku	2
hukum-hukum	9
hukuma	66
hukuma-Na	1
hukuma-hukuma	1
hukumana	6
hukumkaiku	1
hukumkaina	1
hukummpa	1
hukumna	9
hukumu	1
huri	11
huru	1
huruf	2
i	1
ibara	71
ibara-Na	1
ibarakai	2
ibarata	1
iha	66
iha-iha	1
ihakai	4
ihana	13
ihara	8
ihasi	1
iji	8
ilahi	1
ilahi-Na	1
ilahina	1
ili	5
ilimu	19
ilimu-ilimu	5
ilo	34
ilomu	2
ilona	2
imam	99
imam-imam	72
imam-imammpa	1
imbi	385
imbi-Ku	1
imbikai	22
imbikaiku	1
imbikaimu	10
imbikaina	5
imbikaipu	1
imbiku	12
imbimpa	2
imbimu	84
imbina	93
imbipu	11
imbipura	1
imbita	13
impi	1
impikaina	1
ina	66
ina-Ku	2
ina-Na	13
inaku	1
inamu	8
inana	27
inga	1
ingana	1
inggu	1
ini	18
inimpuru	2
io	15
ipa	27
ipi	117
ipikaimu	1
ipiku	5
ipimu	1
ipina	1
ipipu	1
isara	8
isi	59
isi-isina	2
isina	18
istila-istila	2
ita	10
ita¯doho	10
iu	120
iu-Ku	1
iu-Na	2
iukai	1
iukaiku	2
iukaimu	2
iukaina	1
iuku	16
iumu	31
iuna	35
iupu	2
iusi	2
iuta	1
iwa	36
iwana	1
i´a	13
jaga	33
jaga-jaga	5
jaga-jagamu	1
jaga-jagapu	5
jagakai	1
jagaku	2
jagana	4
jagapu	1
jalitu	1
jam	8
jaman	5
jamana	70
jamu	4
janga	14
jangka	3
jao	2
japatanga	1
japatangana	1
jara	20
jara-jara	6
jarana	2
jima	2
jimba	54
jimba-Ku	1
jimba-Na	1
jimba-jimba	9
jimba-jimba-Ku	3
jimba-jimba-Na	1
jimba-jimbana	7
jimbana	7
jina	17
jinana	1
jinta	1
joge	1
jompa	5
jompa-jompaku	1
juara	2
jumba	26
jumba-Ku	1
jumba-Na	7
jumba-jumba	2
jumbamu	3
jumbana	8
jumula	1
jumulana	1
justru	7
juta	1
juta-juta	1
juta-jutana	1
kabangga	5
kabangga-bangga	8
kabangga-banggakai	5
kabangga-banggakaina	1
kabangga-banggaku	2
kabanggakaimu	2
kabare	26
kabaremu	3
kabata	1
kabubu	1
kabupaten	1
kaca	8
kacaha	1
kacai	15
kacaimu	8
kacaina	5
kacampona	2
kacapi	2
kacapina	1
kaca´u	2
kacia	5
kacia-Na	1
kaciakai	1
kaciamu	1
kaciana	2
kaciapu	1
kaco	1
kacona	1
kaco´i	10
kaco´imu	1
kaco´ina	1
kaco´o	1
kaco´ompa	1
kadahu	5
kadahu-dahumu	1
kadahu-kadahu	2
kadahuku	1
kadahuna	4
kadame	1
kadamena	1
kadarurana	1
kada¯dikaimu	1
kadenggamu	1
kadera	9
kadese	2
kade´e	45
kade´ekaina	2
kade´eku	6
kade´emu	3
kade´ena	27
kade´epu	26
kadisa	1
kadosana	1
kado´asi	2
kadula	1
kadulana	1
kae	1
kaen	4
kaena	10
kafero	1
kafitina	2
kafitinaku	1
kafitinamu	1
kafitinasi	1
kageke	1
kaggica	1
kagoko	1
kahaba	107
kahaba-Na	1
kahabakai	3
kahabakaimu	3
kahabakaina	2
kahabaku	7
kahabamu	12
kahabana	56
kahabapu	5
kahabata	1
kahampa	3
kahampakai	2
kahorokai	1
kahumbu	1
kai	1757
kai-Ku	1
kai-Na	1
kaiku	2
kaimu	3
kaina	18
kaisar	1
kaisarea	1
kaisi	129
kaita	1
kakaco	4
kakacoku	1
kakacona	3
kakai	2
kakaiku	1
kakani	4
kakanikaina	3
kakanikaipu	1
kakanimu	1
kakanina	2
kakarawi	1
kakarawiku	1
kakila	9
kakila-kila	1
kaki¯dina	2
kako	3
kakoa	6
kakoaku	1
kakoamu	4
kakoana	9
kakoasi	1
kakompo	1
kakondo	2
kakori	4
kakorina	2
kakura	1
kala	11
kalabana	1
kalai	126
kalai-lai	2
kalai-laimu	2
kalai-laina	4
kalai-laisi	1
kalaimu	1
kalaina	58
kalaipu	1
kalaita	3
kalalo	9
kalaloku	1
kalalomu	1
kalalona	1
kalampa	30
kalampakaina	4
kalampaku	2
kalampamu	5
kalampana	25
kalampapu	1
kalampasi	4
kalampata	1
kalao	2
kalasi	3
kala¯bu	1
kalea	35
kalea-lea	2
kaleana	3
kalei	1
kaleli	10
kalelimu	1
kalelina	11
kalembi	2
kalembina	1
kalembo	1
kalembopu	1
kalengka	1
kalete	3
kaletena	3
kali	70
kalikaina	14
kaliku	1
kalili	4
kalilina	4
kalimakaina	1
kaliru	1
kaloa	8
kaloaku	1
kaloana	10
kalompo	26
kalompo-kalompo	4
kalondo	6
kalondoku	1
kalondona	11
kalosa	69
kalosakai	3
kalosakaimu	1
kalosakaina	7
kalosaku	3
kalosamu	2
kalosana	47
kalosapu	4
kalosara	1
kaluarga	12
kalu¯bu	14
kalu´u	19
kalu´ukaimu	1
kalu´uku	1
kalu´umu	1
kalu´una	17
kama	3
kamade	2
kamadena	1
kamadepu	1
kamaikaimu	1
kamaikaina	11
kamaiku	1
kamaimu	1
kamaina	12
kamaja	3
kamajakai	1
kamajamu	1
kamajuna	1
kamaki	1
kamale	1
kamangaku	1
kamango	1
kamangona	3
kamantakaina	1
kamau	1
kamawu	1
kamaya	9
kama¯bu	11
kama¯bukaina	1
kama¯buna	1
kama´a	1
kama´i	1
kambali	5
kambalina	1
kambalipu	1
kambari	1
kambera	2
kambimbi	3
kambocu	2
kambohampa	1
kambohoku	1
kambora	9
kamborana	5
kamboto	6
kambotokai	1
kambotokaina	1
kambotona	1
kambou	5
kambouna	3
kambuda	1
kameci	1
kame´e	1
kamidi	3
kamidimpa	1
kamidina	1
kaminakaina	2
kamoa-kamoa	3
kamocimu	1
kamocipu	1
kamori	55
kamorina	5
kamo¯da	1
kampangi	1
kampangikai	1
kampangina	3
kampa´a	1
kampa´a-mpa´akai	1
kampa´a-mpa´akaina	3
kampa´a-mpa´ana	1
kampende	1
kampo	21
kampo-kampo	5
kampodu	1
kampoi	9
kampoina	7
kampoipu	1
kampokaku	1
kampore	1
kampuruna	2
kamudi	1
kan	1
kanaha	6
kanahu	4
kanajisna	1
kananu	114
kananu-Na	1
kananu-nanu	1
kananuku	3
kananumu	28
kananuna	16
kananupu	1
kanari	1
kanarimpa	1
kanarina	1
kanaruna	1
kana´e	12
kana´e-na´e	1
kana´e-na´ekai	1
kana´ena	13
kana´epu	2
kancaja-Na	1
kancajana	1
kancao	1
kancara	15
kancarakaiku	1
kancaramu	6
kancarana	7
kancarasi	2
kancaru	10
kancaruna	1
kancengga	1
kancere	1
kancewi	1
kancewimu	1
kancihi	13
kancihikai	2
kancihikaimu	1
kancihikaina	2
kancihiku	1
kancihina	7
kancihipu	1
kancilo	5
kancoa	6
kancoki	32
kancokikai	1
kancokikaimu	2
kancokikaina	1
kancokiku	4
kancokimu	3
kancokina	4
kancokisi	1
kancuwuna	1
kandaikai	2
kandaina	1
kandake	1
kandakekaimu	1
kandana	1
kandanga	2
kandawiku	1
kanda¯di	49
kanda¯di-Mu	1
kanda¯dikai	1
kanda¯dikaimu	3
kanda¯dikaina	1
kanda¯diku	3
kanda¯dimu	4
kanda¯dina	81
kanda¯dipu	1
kanda¯dita	1
kandede	8
kandedekaina	1
kandedemu	2
kandedena	3
kandeu	83
kandiha	1
kandiha-ndiha	1
kandihakaina	2
kandihaku	1
kandihana	2
kandihata	1
kanefe	2
kaneo	3
kaneomu	1
kaneopu	1
kaneora	1
kane´e	80
kane´e-Mu	1
kane´e-Na	3
kane´e-ne´ena	1
kane´ekai	4
kane´ekaimu	1
kane´emu	1
kane´ena	1
kane´esi	2
kangahasi	1
kangampu	65
kangampukai	6
kangampuna	2
kangango	1
kangangona	2
kangawa	1
kanggahi	1
kangga¯bo	3
kangga¯do	1
kangge	1
kangge-Na	2
kanggeku	1
kanggemu	1
kanggena	1
kanggica	35
kanggica-kanggica	1
kanggica-nggicana	1
kanggicana	27
kanggihi	1
kangginda	3
kanggini	2
kangginina	1
kangginipu	1
kanggori	12
kanggorikai	1
kanggoriku	3
kanggorimu	2
kanggorina	11
kanggoripu	1
kanggudu	6
kangguduna	1
kangina	1
kangolukaiku	1
kani	127
kanikai	1
kanikaiku	1
kanikaita	1
kaniku	3
kanimu	8
kanina	49
kanipu	5
kanira	1
kaniro	1
kanita	2
kanoakai	1
kanta	10
kantaku	1
kantamu	8
kantana	3
kantantu	1
kantasa	40
kantasa-Na	1
kantasakai	4
kantasakaimu	1
kantasaku	2
kantasamu	2
kantasana	5
kantasapu	1
kantau	10
kantaumu	1
kantauna	1
kantewikai	1
kante´e	7
kante´emu	1
kantika	4
kantikaku	1
kantikana	2
kantiri	3
kantiriku	2
kanto	12
kantona	2
kanuna	1
kanuntu	1
kanuntusi	2
kan¯dadi	1
kapa	64
kapa-kapa	2
kapampa	1
kapana	1
kapasati	1
kapata	5
kapata-Ku	1
kapatakaina	1
kapataku	3
kapenta-kapenta	1
kapenti	6
kapentikai	5
kapidu	3
kapidukaina	7
kapili	2
kapilimu	1
kapilina	2
kapiripu	3
kapi´i	1
kapoda	61
kapoda-poda	2
kapoda-podapu	1
kapodakai	2
kapodakaimu	2
kapodaku	13
kapodamu	12
kapodana	19
kapodapu	9
kapodo	5
kaporo	3
kaporona	1
kapte	1
kapten	1
kapu	2
kapumu	1
kapuna	1
kaputusa	3
kaputusamu	1
kaputusana	1
karahina	1
karaho	2
karahoku	1
karaja´an	10
karaja´an-karaja´an	1
karaja´ana	3
karaja´anku	1
karaka	3
karakakaina	1
karante	1
karaso	115
karasokai	3
karasokai-Na	1
karasokaimu	2
karasokaina	3
karasoku	5
karasomu	1
karasona	27
karasopu	1
karawamu	1
karawe	1
karawi	551
karawi-Ku	3
karawi-Mu	4
karawi-Na	7
karawi-karawi	3
karawi-rawi	1
karawikai	12
karawikai-Mu	1
karawikai-Na	1
karawikaiku	7
karawikaimu	3
karawikaina	12
karawiku	16
karawimu	54
karawina	141
karawipu	12
karawisi	4
karawita	6
karece	12
karefa	1
karela	2
karenteku	1
karentemu	1
karepo	2
kareta	5
karetana	3
karete	1
karetena	3
karingaku	1
kariuna	1
kari´i	4
kari´i-kari´i	1
karoci	1
karoku	1
karombo	5
karombo-karombo	5
karombo-rombo	1
karonga	2
karongga	28
karonggakai	1
karonggakaimu	1
karonggaku	4
karonggamu	6
karonggana	29
karonggapu	1
karonggasi	1
karu	3
karugi	2
karugimu	1
karugina	1
karukai	1
karuku	2
karukuna	1
karuna	2
karunia	1
kas	2
kasa	10
kasadunduna	1
kasaha	9
kasahana	4
kasalama	35
kasalamakai	2
kasalamakaimu	1
kasalamana	19
kasalamapu	2
kasalamara	2
kasamakai	1
kasamakaimu	1
kasamana	3
kasampu	4
kasampuna	1
kasampuru	3
kasampuruna	2
kasampurunana	1
kasana	34
kasanakai	2
kasanamu	5
kasanana	1
kasanto	2
kasantuda	3
kasantudana	6
kasa¯bua	31
kasa¯buamu	1
kasa¯buana	7
kasa¯buapu	1
kasi	93
kasia-sia	1
kasihku	2
kasikai	2
kasimu	2
kasina	1
kasipu	1
kasobasi	1
kasombo	5
kasombokai	1
kasumpa	2
kasungge-sungge	1
kasungge-sunggena	10
kasusa	11
kasusakaimu	1
kasusaku	2
kasusamu	3
kasusana	2
katada	37
katada-Ku	1
katada-Na	1
katadakai	2
katadakaimu	2
katadakaina	5
katadaku	8
katadamu	6
katadana	64
katadapu	2
kataho	86
kataho-taho	1
kataho-tahopu	1
katahokai	1
katahokaiku	1
katahokaina	1
katahoku	3
katahomu	4
katahona	41
katahopu	24
katahosi	1
katanda	4
katandakai	3
katandakaina	1
katani	1
kataniku	2
katantu	22
katantukai	5
katantukaina	1
katantumu	1
katantuna	16
kataroa	2
kataroana	1
katau-tau	1
katei	1
katenggo	16
katenggokai	1
katenggokaina	3
katenggona	3
katenggopu	4
katente´emu	1
kateramu	3
katerana	1
katere	1
katesa	1
katesana	1
katoa	2
katoku	1
katolu	5
katolukaina	22
kato´a	1
kato´i	2
kato´imu	1
katufena	4
katuna	39
katunakai	1
katunaku	3
katunamu	4
katunana	8
katunasi	1
katu´u	7
katu´ukai	2
katu´umu	1
katu´una	8
kau	61
kaukai	11
kaukaimu	1
kaukaina	1
kauku	6
kaumu	6
kauna	116
kaupu	9
kausi	6
kauta	2
kawara	47
kawarakai	3
kawarakaimu	3
kawarakaina	1
kawaraku	8
kawaramu	14
kawarana	33
kawarapu	20
kawati	3
kawatimu	1
kawa´u	1
kawa´ura	1
kaweina	1
kawe¯dina	1
kawokona	4
kawontuku	1
kawontuna	2
ka¯bade	27
ka¯badeku	4
ka¯badera	1
ka¯bae	49
ka¯bae-¯bae	3
ka¯baekaina	1
ka¯baeku	4
ka¯baemu	7
ka¯baena	33
ka¯baepu	35
ka¯baesi	2
ka¯bawa	42
ka¯bawaku	8
ka¯bawana	2
ka¯bawasi	2
ka¯be	1
ka¯binina	2
ka¯boha	1
ka¯bona	1
ka¯boro	58
ka¯borokai	1
ka¯borokaimu	1
ka¯borokaina	3
ka¯boromu	2
ka¯borona	25
ka¯boropu	2
ka¯borora	1
ka¯borosi	2
ka¯bou	2
ka¯boukai	1
ka¯bu	2
ka¯bua	11
ka¯buaku	1
ka¯buamu	1
ka¯buana	3
ka¯buna	1
ka¯bune	1
ka¯buneku	1
ka¯bunemu	1
ka¯bura	1
ka¯daju	2
ka¯dajumu	1
ka¯dale	26
ka¯dale-Na	3
ka¯daleku	3
ka¯dalempa	1
ka¯dalena	21
ka¯dalepu	1
ka¯dalesi	1
ka¯dei	1
ka¯deni	3
ka¯dese	35
ka¯dese-¯dese	1
ka¯desekaiku	1
ka¯dihi	17
ka¯dihi-¯dihi	1
ka¯dihikai	1
ka¯dihiku	2
ka¯dihina	1
ka¯dihipu	1
ka¯dihira	4
ka¯do	1
ka¯do-ka¯dona	1
ka¯dondo	2
ka¯dondona	1
ka¯donggo	1
ka¯do´o	7
ka¯do´omu	3
ka¯do´ona	4
ka¯do´opu	3
ka¯do´osi	1
ka¯dua	5
ka¯duakaina	17
ka¯duana	1
ka¯du¯du	17
ka¯du¯duna	1
ka´a	13
ka´ada	10
ka´ada´a-Na	4
ka´ada´amu	3
ka´ada´an	12
ka´ada´ana	59
ka´akai	1
ka´ambi	1
ka´ambina	1
ka´ana	3
ka´ao	105
ka´apu	1
ka´awa	19
ka´awana	3
ka´awapu	1
ka´awasi	1
ka´eda	1
ka´eli	3
ka´ese	5
ka´esena	1
ka´iha	21
ka´iha-iha	2
ka´iha-ihakaina	1
ka´ihakai	1
ka´ihakaimu	1
ka´ihakaina	1
ka´ihaku	2
ka´ihamu	3
ka´ihana	10
ka´imbi	18
ka´imbikaina	1
ka´imbiku	1
ka´inikaina	2
ka´io	1
ka´ipi	4
ka´ipina	3
ka´iu	1
ka´oko	1
ka´ulu	1
ka´upa	1
ka´upakaina	3
ka´usahaku	1
kea	3
keana	2
kecapi	3
kecubung	1
kede´emu	1
keko	6
kekona	1
keledai	25
keledai-keledai	1
keledaina	2
kema	13
kemah	1
kemakai	1
kempa	2
kempapu	1
kengge	38
kenggena	1
kentena	1
kento	31
kentona	2
kere	4
kerena	1
kese	17
kese-Ku	1
kese-Na	2
kese-kesempa	1
keseku	1
kesempa	1
kesemu	3
kesena	16
keta	14
keto	4
ketona	2
ke¯desena	1
ke´ena	1
kiama	7
kilina	1
kilo	2
kilogram	2
kilomete	3
kinda	2
kira-kira	27
kiri	2
kiro	5
kiru	2
kiruna	2
kitab	1
ki¯di	54
ki¯di-Na	1
ki¯dikaimu	1
ki¯diku	1
ki¯dimu	1
ki¯dina	34
ki¯dipu	2
ki¯dira	1
koa	2
koko	12
kolam	6
koli	1
komba	1
kombi	10
kombisi	10
kompe	34
kompe-Na	1
kompo	12
kompo-kompona	1
kompokai	1
kondo	3
kone	252
konede	1
konemu	1
konena	54
kontu	12
kontuna	5
kopa	2
korba	2
kori	1
koroba	66
koroba-koroba	8
korobakai	1
korobamu	1
korobana	6
kota	224
kota-kota	20
kota-kotana	1
kotamu	3
kotana	2
ko¯bi	1
krisopras	1
kuasa	233
kuasa-Ku	2
kuasa-Na	14
kuasa-kuasa	3
kuasakai	69
kuasakaimu	1
kuasakaina	9
kuasamu	1
kuasana	10
kuasanakai	1
kuku	5
kukukeko	5
kukuma	1
kuloa	1
kum	1
kumpana	1
kunci	5
kura	20
kurana	2
kurukai	1
kuta	2
ku´i	5
ku´i-Na	4
ku´imu	1
ku´ina	1
la	1960
laba	19
labakaina	1
labamu	2
labana	1
lai	46
lai-lai	2
laikaina	1
laina	380
lainapu	1
lainsi	4
lajo	8
lajokai	1
lajokaipu	1
lajompa	1
laka	12
lakakai	1
lakakaina	1
lako	13
lako-lako	1
lalai	5
lalo	33
lalokai	1
laloku	3
lalompa	35
lalomu	2
lalona	34
lalopu	1
lama	4
lamakai	2
lamba	25
lambakaina	1
lambaku	3
lambamu	3
lambana	3
lambasi	1
lampa	661
lampa-Na	1
lampa-lampa	2
lampakai	3
lampakaiku	1
lampakaina	3
lampamu	1
lampana	22
lampapu	1
lampara	6
landa	10
landana	6
landapu	1
langi	85
langina	1
lanta	12
lanta-lanta	1
lao	617
laoamu	1
laokai	24
laokaiku	1
laokaimu	9
laokaina	16
laoku	13
laombali	1
laomu	18
laona	134
laopu	12
laopura	1
laora	6
laosi	2
lapa	2
lapanga	2
lapina	2
lapona	2
lapora	2
laporana	1
lati	1
latiha	1
latimu	1
lawa	10
lawana	4
lawili	1
lawili-Na	1
lawilina	1
lazuardi	1
la¯bo	1247
la¯bo-Ku	2
la¯boku	2
la¯bomu	10
la¯bona	30
la¯bopu	9
la¯bu	4
la¯bukai	4
la¯bumu	2
la¯buna	3
la¯dopu	1
la´awana	1
la´awara	1
lei	2
leko	1
leli	25
lelikai	2
lelikaina	3
lelina	4
lelira	1
lemba	78
lemba-Na	2
lembamu	1
lembana	2
lembo	27
lembokai	1
lembona	2
lenan	6
lenga	25
lenga-lenga	4
lengaku	2
lengamu	4
lengana	11
lenga¯doho	1
lenga¯doho-Ku	1
lenga¯doho-Mu	1
lenga¯dohoku	4
lenga¯dohomu	2
lenga¯dohona	16
lengge	1
lengka	2
leo	1
lepi	1
leto	31
letokaina	1
letoku	1
letomu	2
letona	10
letopu	3
lewa	21
lewakai	2
lewakaiku	1
lewakaina	1
lewamu	1
le¯dina	1
lia	49
lili	2
lima	54
limakaina	1
limana	1
linen	3
lingga	1
lingi	17
lipa	10
liro	39
liro-Na	1
lite	5
liwa	3
loa	404
loakai	7
loakaiku	1
loakaimu	15
loakaina	31
loaku	42
loaku¯du	668
loampa	1
loamu	78
loana	219
loapu	2
loara	7
loasi	11
loata	14
loja	28
lojamu	6
lojana	6
loko	30
loko-Na	4
lokoku	1
lokomu	3
lokona	8
loku¯du	1
lombo	59
lombo-Ku	1
lombo-Na	4
lombokai	1
lomboku	1
lombomu	3
lombona	10
lombota	1
lompe	1
lona	1
londo	117
londokai	1
londoku	1
londona	19
londora	1
lopi	1
losa	87
losamu	2
losana	28
losapu	1
losara	2
lo´i	4
lo´ikaina	1
lo´ina	1
lo´o	25
lo´okai	5
lo´okaiku	1
lo´okaina	1
lo´oku	2
lo´ona	11
lua	28
lua-Na	1
luakaina	1
luamu	1
luana	13
luapu	1
luru	1
lu¯ba	2
lu´u	158
lu´ukai	18
lu´ukaimu	1
lu´ukaina	1
lu´umu	4
lu´una	53
lu´upu	3
lu´ura	3
ma	5180
mabaca	4
mabada	1
mabangga	1
mabantu	7
mabantuku	1
mabantuna	4
mabaronta	1
mabendahara	1
mabiasa	1
mabu	2
mabukuti	1
mabukutina	5
macambe	4
macambena	3
macambesi	1
macampo	1
macan	1
macarita	1
macaritana	1
macaru	2
maca´u	24
macence	3
macengga-cengga	1
macengga-cenggana	1
macepe	7
macepena	2
maci	3
macici	5
macili	3
maciwi	1
macola	3
macolana	1
macompo	1
macowa	7
maco´i	2
maco´o	1
maco´ompa	1
macua	2
macumpu	1
macumpukai	1
macumpukaina	8
mada	381
mada-Na	3
mada-mada	2
madaca´u	9
madaca´u-Na	1
madaca´una	1
madaga	2
madahu	1
madaku	4
madaloa	2
madamu	17
madana	13
madancihi	1
madancihiku	1
madancihimu	2
madanda¯di	1
madangaha	1
madarura	2
madasi	1
madatantu	1
madawara	1
mada¯bae	100
mada¯baempa	1
mada¯baena	1
mada¯doho	169
mada´awa	3
mada´awaku	1
mada´awana	2
mada´cau	1
made	297
made-Na	13
madekai	14
madekai-Na	2
madekaiku	1
madekaina	11
madeku	3
madempa	2
madempara	1
mademu	4
madena	102
madera	1
madesi	1
madisa	4
madoho	9
madohosi	1
madompona	2
madosa	37
madosaku	1
mado´a	6
mado´aku	1
mado´ana	1
mado´asi	6
maduruhaka	1
mafaka	10
mafakakaina	1
mafakamu	1
mafakana	14
mafitina	3
mafou	1
mafura	2
magajiku	1
mahade	9
mahadena	2
mahako	1
mahakona	2
mahanta	3
maharikai	1
maheba	15
maheko	5
mahengga	10
mahenggana	2
mahengge	1
mahereku	1
mahiana	1
mahi¯do	3
mahkama	17
mahkama-mahkama	2
mahluk	31
mahluk-mahluk	3
mahori	14
mahori-Na	1
mahoroma	1
mahoru	5
mahoruna	1
mahotoba	1
mahukum	2
mahukumna	1
mai	563
mai-Na	3
maiha	1
maikai	27
maikai-Ku	1
maikai-Mu	1
maikai-Na	5
maikaimu	1
maikaina	5
maiku	26
maimpara	3
maimu	16
maina	143
maipu	4
maira	15
maisi	10
maja	17
majaga	31
majagana	2
majakai	7
majaku	1
majamu	3
majana	5
majata	1
majelis	1
majina	2
maju	9
majuna	2
majura	1
makabangga-bangga	1
makabangga-banggaku	1
makacaina	1
makaciwikaina	1
makaco	1
makadahu	1
makadamena	1
makade´e	2
makade´ena	1
makafi	1
makahabana	1
makahampa	1
makahampakai	1
makahampana	2
makahumbu	1
makajoa	1
makakacona	1
makakila	1
makakoana	2
makala	1
makalai	252
makalai-lai	1
makalaina	64
makalalo	2
makalampa	1
makalampana	3
makalea	2
makalei	1
makaleli	1
makalelina	3
makalelo	1
makali	1
makaliliku	1
makalimakaina	3
makaliru	3
makaloana	3
makalosa	2
makalu´u	4
makamaikai	1
makamaikaimu	6
makamaikaina	1
makamaina	7
makambera	1
makambimbi	4
makamboraku	1
makamborana	1
makambudana	1
makamori	6
makamo¯daku	1
makampangi	1
makampende	1
makanahu	3
makananu	4
makana´ena	1
makancara	1
makancarasi	1
makancere	1
makancihi	1
makancihina	3
makancilo	3
makancoki	4
makanco¯ba	1
makandaina	1
makanda¯di	6
makanda¯dina	19
makandeu	5
makandihaku	1
makane´e	1
makane´ena	1
makangampu	9
makangango	5
makanggica	3
makanggihi	9
makanggori	2
makanggorina	1
makanggudu	1
makani	5
makaniku	1
makantana	2
makantika	2
makantikana	1
makan¯dikaiku	1
makapasaka	2
makapenti	1
makapentikai	1
makapidukaina	5
makapirina	1
makapoda-poda	1
makapodana	1
makaraso	1
makarawi	81
makarawiku	4
makarawina	8
makarawisi	3
makare¯do	1
makaro	1
makarombo	1
makarongga	6
makaronggampa	1
makaronggana	6
makarugina	1
makaruku	1
makasa	1
makasahana	1
makasalama	6
makasalamana	8
makasama	1
makasampuru	1
makasampurukaina	1
makasana	11
makasanana	2
makasantuda	2
makasa¯bua	2
makasa¯buana	2
makasi	3
makasu	5
makasu-Na	1
makasuku	1
makasumu	2
makasuna	1
makasungge-sunggena	2
makasusa	1
makatada	4
makatadana	6
makataho	3
makatahona	2
makatandana	1
makatani	1
makatantuna	5
makataroa	1
makataroamu	1
makataroana	2
makata¯ba	1
makatenggona	5
makatolu	1
makatolukaina	6
makatufe	1
makatuna	2
makatu´u	3
makatu´una	1
makau	17
makauna	7
makausi	1
makawara	3
makawarana	1
makawarukaina	2
makawatina	2
maka¯bawa	12
maka¯boro	9
maka¯bua	2
maka¯dale	4
maka¯dalena	1
maka¯dese	4
maka¯dihi	2
maka¯dua	1
maka¯duakaina	6
maka¯duakalikaina	1
maka¯duana	2
maka´a	1
maka´adana	1
maka´iha	1
maka´ihaku	1
maka´ihana	1
maka´imbi	1
maka´imbina	1
maka´inikaina	3
maka´ipi	1
maka´upakaina	3
makeko	3
makekoku	1
makento	11
makentona	3
makese	3
makese-kese	1
maki	2
makina	1
makiru	1
maki¯di	28
mako¯bi	1
mako¯bu	1
makuasa	26
makuasakai	11
makuasakaina	4
makuasana	1
makukukeko	2
makumpana	1
makura	4
mala	15
malaba	1
malabaku	2
malai	2
malai-lai	2
malaina	42
malaisi	93
malakai	1
malalo	2
malampa	9
malampa-lampa	1
malampakaina	1
malanda	13
malanta	5
malao	18
mala¯bo	2
mala¯bona	5
mala´eka	161
mala´eka-Ku	1
mala´eka-Na	5
mala´eka-mala´eka	32
mala´eka-mala´eka-Na	8
mala´eka-mala´ekana	3
mala´ekana	4
male	4
maleli	2
malembo	1
malena	2
malengka	1
malewa	1
malia	2
malingi	2
maloa	80
maloaku	19
maloana	19
malondo	7
malosa	3
malo´o	1
malu´u	7
malu´usi	3
mamade	93
mamai	50
mamaikaina	1
mamaisi	2
mamajaku	1
mamale	1
mamangaku	3
mamangakuku	1
mamango	1
mamapu	3
mamaru	2
mamawu	1
mama¯bu	7
mambali	1
mambani	2
mambaru	4
mamba´a	1
mambei	55
mambeiku	4
mambeimu	3
mambeina	9
mambeisi	3
mambia	1
mambohakaina	1
mambora	1
mamboto	188
mambotokai	1
mambo¯bo	1
mambuda	31
mambui	1
mambuipu	9
mambuipusi	1
mameci	45
mamengi	1
mamidi	1
mamoda	3
mamone	2
mamori	9
mamorisi	1
mamoti	2
mampako	5
mampanga	17
mampa´a	1
mampinga	3
mampongi	5
mampou	1
mamunafik	1
mamusu	2
manabi	2
manaha	4
manajis	3
manangi	3
manari	1
manaru	1
mana´e	60
mana´e-na´ekaina	1
mana´ekai	282
mana´ekai-mana´ekaina	1
mana´ekaimu	5
mana´ekaina	70
mancao	4
mancara	37
mancarana	1
mancewi	35
mancihi	36
mancoki	36
mancokikai	2
manconggo	2
mandake	1
mandantena	1
mandapo	1
mandara	1
mandawi	11
mandawiku	2
mandawina	3
manda¯di	104
mandede	2
mandedesi	1
mandona	1
manduku	1
manduku-Mu	1
manemba	9
manembaku	1
manempa	1
manente	7
manentena	7
manenti	5
manenti-Na	1
manentiku	1
manentina	2
mane´e	88
mane´eku	3
mane´empara	2
mane´era	1
mane´esi	4
mangaha	6
mangaku	33
mangaku-Ku	1
mangakumpa	1
mangakumu	2
mangakuna	10
mangakusi	1
mangango	2
mangara	40
mangari	1
mangau	3
mangawa	7
mangawaku	1
mangawana	1
manga¯di	3
mangena	5
mangena-ngena	1
mangenana	1
mangga	1
manggadu	10
manggaduna	1
manggahi	168
manggahiku	4
manggahina	3
manggana	1
mangganga	1
manggange	4
manggao	1
manggele	1
mangge´e	10
mangge´empa	3
manggonggi	1
manggulu	1
manggu¯da	5
mangko	9
mangkomu	2
mangkona	1
mango	19
mangoa	48
mangoana	6
mangokaina	3
mangolo	1
mangolu	1
mangonco	1
mangupa	6
mangupaku	2
mania	1
maniana	1
manika	1
manikasi	1
manilai	1
manina	1
manna	4
manono	2
manonoku	1
mantadi	1
mantanda	3
mantaru	2
mantau	131
mantauna	2
mantausi	7
mantika	2
mantiri	2
mantoi	4
mantoina	2
mantuwu-ntuwu	1
manuntu	40
manuntusi	1
manusia	327
manusiampa	4
manusiana	2
maou	1
mapadato	1
mapahu	1
mapakasa	1
mapakasamu	2
mapako	2
mapalasu	2
mapamao	10
mapana	1
mapangaruna	1
mapanggita	1
maparalu	2
maparaluku	1
maparaluna	5
maparampo	3
maparana	2
maparenta	18
maparentana	1
maparesa	2
mapari	3
mapasti	1
mapata	11
mapataku	9
mapatana	1
mapatasi	2
mapatu	3
mapa¯bua	4
mapa´i	1
mapea	1
mapehe	2
mapehekai	1
mapenti	25
mapentikai	1
mapoda	31
mapoda-poda	5
mapoke	2
mapu	36
mapuasa	1
mapuasasi	2
mapuna	2
mapupu	1
maradeka	4
marahade	2
marahanta	1
marahantana	1
marahasia	1
maraho	37
marahoku	2
marahori	1
maraka	12
marakaku	2
marakancokina	1
marakanda¯di	1
marakanda¯dina	3
marakani	7
marakarasona	1
marakaronggana	1
marakauna	1
maraka¯dale	1
maralosa	1
marama	1
marama¯bu	1
marambei	1
marampa	2
marampo	1
marana	1
marandawi	2
marandawina	2
maranggadu	1
maraso	35
marasu	1
marasusuna	1
maratapana	1
maratei	1
maratuntina	1
marawa	4
marawa-rawa	1
marawana	1
marawa´u	7
mara´edana	1
mardeka	1
marela	3
maremba	6
maremba-remba	3
marenta	11
marere	1
marindi	15
marindikaina	2
marindina	1
maringa	15
maringaku	3
maringana	9
maringasi	1
maringuku	1
mariwu-riwu	1
marmar	2
marmer	2
maro	1
marociku	1
maroi	9
maroimu	1
maroina	3
marojo	1
marombo	5
marome	1
maronda	1
marongga	2
maru	23
maru-maru	1
marui	3
marukai	4
marukaimu	3
marukaina	8
maruku	1
marumpa	1
marumu	2
maruna	14
marundu	1
marungka	1
marungkaku	1
marungkana	1
masa	55
masaba	1
masabasi	1
masadia	3
masadiana	1
masadundu	1
masaha	1
masakasina	2
masake	2
masakena	1
masaki	1
masalama	2
masala´i	1
masalibna	2
masama	14
masama-sama	32
masambali	1
masambea	2
masambura	2
masamporo	1
masamporompa	1
masampu	12
masampula	8
masampulampa	1
masampuruna	1
masana	6
masanawa	1
masandaka	6
masandakaku	1
masandakana	1
masanggo	4
masanggosi	1
masantoi-ntoina	1
masapa	4
masapaku	1
masapana	1
masapodakaina	59
masarai	1
masaramba	4
masaramba-ramba	1
masaramba-rambana	3
masarambakai	1
masarambakaina	11
masarambana	4
masariku	1
masatando	1
masatuju	1
masa¯baena	2
masa¯bua	13
masa¯buampa	1
masa¯buana	12
masa´ala	12
masa´ala-masa´ala	1
masa´e	3
masiwe	1
masiwena	1
masombo	1
maso¯di	17
maso¯dimu	1
masuju	1
masumpa	3
masunda	10
masupu	29
masusa	10
mata	4
matada	3
mataho	108
mataki	56
matambua	1
matampu´u	1
matangara	1
matanggu	2
matangguna	2
matani	3
matapa	2
matapa-tapana	2
matapaku	2
matapana	5
matari	3
matarima	25
matarimaku	5
matarimana	1
mataroa	8
matau	1
matei	9
mateiku	3
mateina	1
mateisi	2
mateka	2
matenggo	7
matera	1
matero	3
matimba	1
matio	4
matipu	6
matoba	1
matoho	1
matonda	1
matonggu	4
matopa	4
matopa-Na	1
mato´a	10
mato´akai	1
mato´aku	1
mato´asi	1
mato´i	9
matua	10
matua-tua	1
matuaku	1
matuamu	2
matuana	8
matula	1
matundu	2
matunduna	1
matunti	11
matuntina	2
maturu	4
matuwu	1
matuwuna	2
matu´u	8
mawaca	2
mawancu	8
mawancuku	2
mawara	54
mawarana	1
mawari	1
mawati	44
mawatipu	1
mawati¯du	1
mawa´a	25
mawa´ana	2
mawa´u	3
mawa´uku	1
mawa´una	4
mawa´ura	63
mawa´usi	4
maweha	8
maweha-Na	1
mawehaku	4
mawehana	4
mawibawa	1
mawira	3
mawi´i	8
mawi´ikai	3
mawi´ikaina	1
mawi´iku	1
mawoko	1
mawontu	5
mawu	13
mawu-mawuna	1
mawukai	4
mawukaina	1
mawuna	3
mawunga	38
ma¯bade	24
ma¯badeku	59
ma¯badena	4
ma¯badesi	1
ma¯baka	8
ma¯bale	1
ma¯batu	39
ma¯batu-Na	2
ma¯batuku	2
ma¯batuna	12
ma¯batusi	1
ma¯ba¯bu	3
ma¯ba¯bukaiku	1
ma¯ba¯bukaina	1
ma¯ba¯buna	1
ma¯be	1
ma¯beku	6
ma¯biko	1
ma¯bini	1
ma¯binikai	1
ma¯bisa	52
ma¯bi´a	1
ma¯bi´ana	1
ma¯boa	1
ma¯boe	2
ma¯boha	478
ma¯bonto	9
ma¯bora	16
ma¯bou	16
ma¯bu	48
ma¯buina	1
ma¯bukai	1
ma¯bumu	2
ma¯buna	5
ma¯bune	3
ma¯bura	1
ma¯danda	3
ma¯dei	1
ma¯dende	13
ma¯dendena	1
ma¯deni	1
ma¯dese	9
ma¯dipehekai	1
ma¯dondo-¯dondo	2
ma¯donggo	14
ma¯donggona	4
ma¯do´o	3
ma¯dua	1
ma´adi	5
ma´agama	1
ma´aipu	1
ma´ala	2
ma´alo	1
ma´alu	1
ma´anana	1
ma´ao	5
ma´aomu	1
ma´aona	1
ma´apina	1
ma´ari	1
ma´arina	1
ma´ato	2
ma´awa	2
ma´eda	8
ma´edaku	7
ma´edamu	1
ma´edana	7
ma´edasi	2
ma´edeku	1
ma´ederahi¯di	62
ma´ela	2
ma´eli	2
ma´ese	3
ma´esena	1
ma´e¯dina	1
ma´i'a	3
ma´iha	43
ma´ihamu	3
ma´ihana	3
ma´ili	1
ma´imbi	74
ma´imbiku	9
ma´imbira	1
ma´imbisi	2
ma´ipi	29
ma´iu	10
ma´iuku	2
ma´iuna	1
ma´iusi	1
ma´ompukaina	3
ma´osa	1
ma´otona	2
ma´ou	7
ma´ouna	1
ma´ufi	2
ma´ulu	11
ma´ulukai	1
ma´uluna	2
ma´umbu	1
ma´umbuna	1
ma´unda	2
ma´undana	1
ma´undi	1
ma´upa	2
ma´uru	2
ma´uruna	1
ma´usaha	5
mbai	7
mbajuna	1
mbali	309
mbali-Na	2
mbalikai	1
mbalikaiku	1
mbalikaina	5
mbaliku	11
mbalimbuakai	1
mbalimu	4
mbalina	90
mbalipu	8
mbalira	2
mbalisi	9
mbani	43
mbani-Ku	2
mbani-Na	7
mbanikai	5
mbanikaina	1
mbaniku	1
mbanimu	3
mbanina	17
mbanisi	1
mbanta	1
mbari	9
mbaru	42
mba´a	60
mba´a-mba´ana	1
mba´ana	10
mbei	314
mbei-Ku	1
mbei-Na	4
mbei-¯donggo	1
mbeikai	5
mbeikaimu	1
mbeikaina	5
mbeiku	5
mbeimu	26
mbeina	217
mbeipu	21
mbeira	2
mbeita	4
mbera	1
mbere	11
mbe¯dikai	1
mbe´e	7
mbia	2
mbisa	1
mbi´a	12
mbi´a-mbi´a	2
mbocu	4
mbocumu	1
mbocuna	4
mboda	5
mbodamu	1
mbodana	1
mbodapu	1
mboha	43
mboho	13
mboko	1
mbolo	7
mbolokai	3
mbolona	2
mboncina	1
mboncu	1
mbonggi	1
mbora	71
mborakai	4
mborakaina	1
mborana	7
mborara	2
mboto	334
mbotokai	2
mbotoku	2
mbotona	13
mbotopu	2
mbotosi	1
mbou	23
mboumu	1
mbouna	5
mboura	1
mbowi	1
mbo´o	6
mbo´ona	4
mbua	169
mbuakai	2
mbuakaina	1
mbuaku	1
mbuana	7
mbuda	16
mbudakaiku	1
mbudaku	1
mbudamu	1
mbudana	3
mbudasi	1
mbui	3
mbuipu	169
mbuipusi	1
mbuku	1
mbura	22
mburaku	1
mburana	1
meci	258
meci-Ku	1
meci-meci	1
mecikaimu	1
meciku	8
mecina	2
mecira	1
meja	9
meja-meja	2
mena	29
mena-mena	1
menakaimu	1
menakaina	2
menaku	1
menamu	1
menana	21
mengi	21
meni	1
mete	9
metempa	1
meti	4
mezeba	20
mezebana	1
me´e	4
me´ena	1
midi	44
midi-midi	4
midi-midimu	1
midikai	1
midiku	1
midimu	2
midina	10
midipu	2
mimi	3
mimina	4
mina	24
minamu	1
minata	1
minggu	3
misakai	6
misampara	1
mi¯di	1
mo	7
moci	4
moda	17
moi	1
monca	2
mone	114
mone-Ku	1
mone-mone	1
monena	9
mori	571
mori-Mu	1
mori-Na	3
morikai	2
morikaimu	1
morikaina	1
moriku	9
morimpa	1
morimu	50
morina	54
moripu	3
morisi	1
morita	2
mori¯doho-Na	4
moro	1
moti	67
mo¯da	8
mo¯daku	1
mo¯dana	7
mo¯dapu	4
mpa	16
mpako	3
mpama	1
mpama-mpama	3
mpana	3
mpanga	13
mpangaku	1
mpangampa	1
mpangana	3
mpasa	10
mpa´a	2
mpedu	8
mpende	2
mpendena	2
mpendera	1
mpida	26
mpida-Na	1
mpidaku	3
mpidamu	7
mpidana	5
mpinga	4
mpingana	1
mpoa	71
mpoakai	1
mpoaku	1
mpoampa	67
mpoamu	3
mpoana	25
mpoi	3
mpoimu	1
mpongi	5
mpongina	1
mpore	4
mpori	25
mpori-mpori	1
mporo	9
mposo-mposo	2
mpou	2
mpula	2
mpulana	1
mpuru	56
mpuruna	16
mpu´u	2
muja	2
muja-muja	2
muna	1
munana	1
murbei	1
murta	4
murtamu	1
murtana	1
musik	4
musti	1
mustiku	1
musu	42
musu-Ku	1
musu-Na	14
musu-musu	3
musu-musu-Mu	4
musu-musu-Na	1
musu-musumu	4
musu-musuna	1
musukai	1
musumu	6
musuna	4
mutiara	10
mutiara-mutiara	1
mu¯bu	3
na	1
nabacasi	1
nabage-bageku	1
nabantuku	2
nabata	1
nabela	1
nabi	63
nabi-Na	2
nabi-nabi	61
nabi-nabi-Mu	1
nabi-nabi-Na	4
nabukutira	1
nacafiku	1
nacaha	1
nacakiku	1
nacambeku	1
nacamboku	2
nacaru	1
naca´u	39
naca´uku	1
nacence	1
naciciku	2
naciliku	1
nacobaku	1
nacoro-coro	1
nacowaku	2
naco´ompa	3
nada-nadana	1
nadaca´u	5
nadaca´uku	1
nadahu	8
nadahuku	16
nadahukum	1
nadarura	2
nada¯bae	1
nadeisi	1
nadenggasi	1
nadisa	1
nadoho	2
nadompoku	2
nadosa	4
nado´a	4
nado´aku	1
nadula	1
nadulasi	1
nafa´a	1
nafiki	4
nafi´i	1
naga	16
nagawusi	1
naha	24
naha-naha	2
nahadeku	1
nahako	1
nahantaku	1
nahengga	3
nahenggasi	1
nahiana	2
nahinaku	3
nahintisi	1
nahi¯do	1
nahi¯doku	1
nahi¯dosi	1
nahompaku	1
nahori	1
nahoriku	3
nahoro	1
nahoroma	1
nahoruku	2
nahorusi	1
nahu	1601
nahuku	2
nahukumku	1
nahukumsi	1
nahumpa	1
nahuna	1
nahura	2
nai	71
naikaina	2
naimpa	1
naina	2
naisi	11
najagaku	2
naji	1
najina	5
najinaku	2
najis	14
nakabanggaku	1
nakabataku	1
nakacaiku	1
nakacowaku	1
nakaco´iku	1
nakade´eku	4
nakafitinasi	1
nakahabaku	1
nakahumbu	1
nakaihaku	1
nakakacoku	2
nakakani	1
nakakila-kila	1
nakakurasi	1
nakalampaku	2
nakalea	3
nakaloaku	1
nakalompo-kalompo	1
nakalondora	1
nakalosaku	3
nakalosasi	1
nakalu´uku	1
nakamaiku	8
nakama¯bu	1
nakambari	1
nakamboraku	2
nakambotoku	1
nakamori	2
nakampangiku	1
nakampoimpa	1
nakanajo-najoku	1
nakananumpa	1
nakanaruku	1
nakana´e	1
nakancaraku	2
nakancilo	1
nakancipaku	2
nakanci´iku	1
nakancoki	1
nakancokiku	1
nakanda¯di	1
nakanda¯diku	16
nakandeu	1
nakaneo	1
nakangampu	2
nakanggica	1
nakanggicaku	1
nakanggorikaiku	1
nakani	1
nakaniku	3
nakanta	2
nakantaku	4
nakantiriku	1
nakapentiku	2
nakaporoku	1
nakarasoku	1
nakarawi	6
nakarawiku	9
nakarawisi	3
nakaronggaku	3
nakasalamaku	3
nakasana	1
nakasanaku	5
nakasantuda	1
nakasantudampa	1
nakasa¯buaku	1
nakasa¯buampa	1
nakasikaiku	1
nakasungge-sungge	1
nakasungge-sunggesi	1
nakasusaku	4
nakatadaku	12
nakatadasi	1
nakataho	1
nakatahoku	3
nakataroaku	2
nakatenggoku	1
nakatufeku	1
nakatuna	6
nakatunaku	1
nakauku	5
nakausi	2
nakawaraku	3
nakawe¯diku	1
nakawo¯boku	1
naka¯bawa	4
naka¯bawaku	1
naka¯boroku	2
naka¯bua	1
naka¯busi	1
naka¯dale	1
naka´aku	1
naka´awa	1
naka´awaku	1
naka´ihaku	6
nakekoku	1
naki¯di	1
nakuasa	3
nakumpa	1
nalai	3
nalampa	7
nalampaku	1
nalandaku	1
nalao	8
nalaoku	2
nalelo	1
nalia	3
naloa	44
naloaku	17
naloara	1
nalosa	3
naluaku	1
nalu´uku	1
namaci	1
namade	2
namadesi	3
namai	17
namaikai	1
namaiku	1
namaira	1
namaisi	15
namaja	1
namajaku	1
namajasi	2
namangaku	3
namangakuku	2
namango	1
namangosi	1
namanta	1
namapu	1
namaru	1
namaruku	3
namarumpa	1
namawumpa	1
nama¯bu	2
nama¯busi	1
nambali	2
nambani	3
nambaru	1
nambei	2
nambeiku	22
nambiara	1
nambisa	1
nambi´a	2
nambi´asi	1
nambonggi	3
nambonggiku	1
nambora	3
namboto	2
nambotoku	1
nambou	3
nambo¯bo	1
nambua	3
nambuda	1
nambuipusi	1
nambuku	1
nameci	13
nami	651
namidi	6
namidimpa	6
namidisi	1
namiku	1
namimpa	1
namisi	1
namori	8
namo¯daku	1
nampoampa	1
nampongi	1
namusu	1
namususi	1
nana	1
nanaha	69
nanaha-naha	1
nanajis	1
nana´e	2
nana´eku	1
nana´epu	1
nancaosi	1
nancara	2
nancaraku	1
nancewi	51
nancewiku	1
nancewipu	1
nancihi	8
nancihiku	1
nancihisi	1
nanci´i	1
nancoki	2
nandama	1
nandawiku	8
nandawisi	1
nanda¯di	16
nanda¯disi	3
nandedeku	1
nandedesi	1
nandumba	1
nandu´uku	1
nanefaku	2
nanemba	1
nanembaku	2
nanentiku	1
naneo	6
nane´e	41
nane´eku	41
nane´era	3
nane´esi	4
nanga	1
nangaha	6
nangahasi	1
nangawa	3
nangawaku	1
nangemo	1
nangena	2
nangenaku	2
nange´empa	1
nanggaduku	1
nanggahi	3
nanggahiku	11
nanggahisi	1
nanggana	1
nanggete	2
nangge´e	5
nangge´empa	10
nanggiruku	1
nanggonggiku	1
nanggu¯dasi	1
nangi	31
nangikaita	2
nangiku	1
nangimu	4
nangina	2
nangipu	1
nangoa	9
nangoaku	1
nangupaku	4
nania	1
naniaku	1
nanika	1
nanikasi	1
nantadiku	1
nantanda	1
nantau	58
nantika	2
nanuntu	4
nanuntuku	2
napado	1
napakasaku	1
napaki-pakiku	1
napamao	1
naparalu	1
naparaluku	3
naparalusi	1
naparange	1
naparenta	1
napata	2
napataku	10
napatuku	1
napa¯buaku	2
napoda	2
napodaku	19
napodasi	5
naporo	1
napuasaku	1
naraho	7
narahoku	6
narahosi	4
narai	2
narai-raiku	1
naraka	2
narakaku	3
narampaku	1
narampasi	1
narandaku	2
narela	1
naremba	1
narentaku	2
narentasi	1
narewo	1
nari	6
nari-nari	7
narina	2
naringa	8
naringaku	8
naringasi	2
naringu	1
naroci	2
naroiku	2
naru	2
narumpa	1
naruna	4
narwastu	1
nasaba	3
nasabaku	1
nasadia	1
nasadia-dia	1
nasadiaku	2
nasakilo	1
nasala´isi	1
nasalibku	2
nasampula	1
nasampuruna	1
nasana	4
nasandakaku	2
nasangajaku	1
nasanggo	2
nasanggoku	1
nasapa	1
nasapaku	2
nasatandosi	1
nasatunuku	1
nasa¯bua	1
nasa¯buaku	2
nasa¯buasi	1
nasa¯du´u	1
nasa¯du´uku	1
nasi	30
nasi-nasi	7
nasingguku	1
nasi´iku	1
nasombo	3
naso¯diku	1
naso¯disi	1
nasuju	1
nasumpasi	4
nasupu	3
nasupuku	2
nasuru	1
nasusa	2
nasusaku	1
nasyuku	1
nasyuku-ku	1
nata	1
natabe´a	1
natada	11
natadasi	1
natahaku	1
nataho	68
natahopu	8
natahosi	2
natambonto	1
natampu´ura	4
natampu´usi	1
natana´o	1
nataniku	3
natapaku	1
natarima	9
natarimaku	13
natarimasi	1
nataroa	3
nataroasi	1
natauku	1
natei	4
nateiku	3
nateleku	2
natenggo	2
natera	1
nate´eku	1
natio	3
natipuku	3
natoba	1
natoku	1
natopasi	1
natoroku	1
nato¯doku	1
nato´a	7
nato´aku	2
natuka	1
natula	1
natulaku	3
natule	1
natundu	1
naturu	6
naturuteiku	1
natu´u	7
nawa	29
nawa-Ku	3
nawa-Na	4
nawaku	1
nawamu	2
nawana	6
nawancuku	106
nawara	6
nawarasi	11
nawasu	19
nawasumu	1
nawasuna	5
nawati	2
nawatipusi	1
nawatisi	1
nawa´a	1
nawa´aku	3
nawa´asi	1
nawa´u	2
nawa´uku	7
nawa´ura	123
nawa´usi	9
nawa´usira	2
nawehaku	1
naweta	1
nawibawa	1
nawiri-wiriku	2
nawi´i	2
nawi´ikaiku	6
nawi´ikaisi	1
nawi´iku	5
nawoko	1
nawontu	1
na¯bade	13
na¯badeku	57
na¯badera	1
na¯badesi	1
na¯balara	1
na¯bali	1
na¯bate-¯bateku	1
na¯batu	4
na¯batuku	5
na¯batumpa	1
na¯batusi	2
na¯ba¯bu	3
na¯ba¯bukaiku	1
na¯ba¯bukaisi	1
na¯ba´a	1
na¯bi¯bi	1
na¯boeku	1
na¯boha	1
na¯bohaku	1
na¯bohasi	1
na¯bolaku	1
na¯bora	1
na¯bura	1
na¯deni	1
na¯denira	1
na¯dihi	1
na¯diki	1
na¯dikiku	3
na¯donggoku	6
na¯donggosi	1
na¯do´o	4
na¯do´oku	1
na´adi	3
na´adiku	1
na´ahopu	1
na´angku	1
na´aoku	2
na´apiku	2
na´e	259
na´e-na´e	4
na´eda	2
na´edaku	8
na´edasi	3
na´ekai	3
na´ekaina	2
na´eku	2
na´ena	15
na´epu	2
na´era	1
na´ihara	1
na´imbi	9
na´imbikaiku	2
na´imbiku	13
na´ipi	8
na´ipiku	47
na´ipipu	5
na´iu	1
na´iuku	4
na´nda¯dira	1
na´oko	2
na´okompa	1
na´ouku	1
na´ufisi	2
na´umbu	1
na´umbumpa	1
na´undasi	2
na´urumpa	1
na´usaha	2
na´usahaku	10
ncai	285
ncai-ncai	10
ncaina	7
ncaki	7
ncambu	1
ncambuna	1
ncangga	2
ncango	1
ncao	97
ncaokaimu	1
ncaompa	1
ncaomu	2
ncaona	11
ncaopu	1
ncara	85
ncarakaimu	1
ncaraku	4
ncarampa	1
ncaramu	6
ncarana	16
ncarasi	1
ncarata	2
ncara¯di	1
ncau	87
ncau-ncau	11
ncau-ncaukaimu	1
ncau-ncauku	3
ncau-ncauna	1
ncau-ncaupu	2
ncauku	27
ncaumpa	5
ncaumu	7
ncauna	27
ncaupu	10
ncawa	2
ncawaku	2
ncawa¯doho	1
ncea	1
ncengga	19
ncengga-ncengga	3
ncengga-ncenggana	1
ncenggana	1
ncera	13
ncewi	148
ncewina	8
ncihi	214
ncihimpa	2
ncihimu	1
ncihina	15
ncipa	3
ncipa-ncipa	1
ncipana	1
nci´i	5
nci´ina	2
ncoki	211
ncoki-Ku	1
ncoki-susa	3
ncokikai	2
ncokiku	2
ncokimu	5
ncokina	18
ncola	9
ncongge	1
nconggena	1
nconggepu	1
nconggo	12
nconggo-nconggo	1
nconggomu	6
nconggona	5
ncorakaimu	1
ncorana	2
ncua	1
ncundu	1
ncunduna	2
ncuri	1
ncurina	1
ncuwu	1
ncuwuna	2
ndai	819
ndai-Ku	11
ndai-Mu	8
ndai-Na	60
ndaiku	9
ndaimpa	1
ndaimu	93
ndaina	152
ndaira	2
ndaita	612
ndai¯dohomu	11
ndai¯dohona	11
ndake	59
ndakekaina	1
ndakeku	6
ndakemu	1
ndakena	9
ndakepu	8
ndanga	1
ndano	52
ndante	4
ndantena	3
ndapo	9
ndara	3
ndawi	33
ndawi-Ku	1
ndawikai	1
ndawikai-Na	1
ndawikaina	1
ndawiku	4
ndawimu	8
ndawina	46
ndawipu	1
nda¯di	773
nda¯dikaiku	2
nda¯dikaimu	1
nda¯dikaina	20
nda¯diku	2
nda¯dimpara	1
nda¯dimu	8
nda¯dina	240
nda¯dipu	2
nda¯dira	25
nda¯disi	2
nda´u	3
nda´una	1
ndede	140
ndedekai	17
ndedekaiku	2
ndedekaimu	4
ndedekaina	75
ndedeku	13
ndedemu	2
ndedena	455
ndedesi	48
ndekena	1
ndende	1
ndendekaina	1
ndendena	2
ndeu	2
nde¯de	2
ndiha	45
ndiha-ndiha	2
ndiha-ndihakai	2
ndihakai	15
ndihakaiku	1
ndore	1
ndorekaina	1
ndorena	2
ndo´o	4
nduku	5
ndukukaina	1
ndukuna	2
ndumba	3
ndumbana	2
ndu¯bu	1
nefa	9
nefamu	4
nefana	9
negara	20
negara-negara	2
neko	1
nela	1
nelaku	1
nemba	44
nembakaimu	1
nembakaina	1
nembaku	1
nembamu	6
nembana	24
nembapu	1
nembasi	1
nempa	2
nente	8
nentena	9
nenti	42
nentimu	6
nentina	18
nentipu	1
neo	102
neojara	1
neokai	4
ne´e	267
ne´e-Ku	2
ne´e-Na	3
ne´e-ne´e	1
ne´ekai	2
ne´ekaimu	10
ne´ekaina	2
ne´eku	50
ne´empara	17
ne´emu	45
ne´ena	109
ne´epu	2
ne´era	9
ne´esi	6
ne´eta	7
ngaha	313
ngaha-ndiha	1
ngahakai	3
ngahakaina	1
ngahaku	1
ngahamu	6
ngahana	33
ngahapu	5
ngahara	4
ngahasi	2
ngaja	1
ngalakaina	1
ngalamu	1
ngango	28
ngango-ngango	1
ngangokai	1
ngangona	1
nganto	2
ngara	137
ngara-Na	4
ngara-ngara	7
ngara-ngarana	1
ngaramu	4
ngarana	29
ngarina	3
ngawa	34
ngawakai	1
ngawakaimu	1
ngawakaina	1
ngawakaita	1
ngawamu	12
ngawana	36
ngawasi	3
ngawata	1
nga¯di	4
ngemo	4
ngemona	1
ngena	23
ngena-ngenana	1
ngenampa	1
ngenamu	4
ngenana	10
ngenata	1
ngende	2
ngeri	1
ngerisi	1
nge´e	2
nge´empa	3
nggadu	37
nggadukai	1
nggadukaiku	1
nggaduku	6
nggadumu	6
nggaduna	41
nggadupu	1
nggahi	1202
nggahi-Ku	7
nggahi-Mu	1
nggahi-Na	50
nggahi-nuntu	2
nggahikai	2
nggahikaimu	4
nggahikaina	9
nggahiku	14
nggahimpa	3
nggahimu	25
nggahina	369
nggahipu	13
nggahira	2
nggahisi	21
nggali	5
nggali-nggali	3
nggaliku	1
nggalina	1
nggana	20
ngganakai	1
ngganakaina	4
ngganana	8
ngganga	4
nggange	3
nggao	9
nggara	412
nggara-nggara	1
nggarasi	21
nggarina	1
nggaro	59
nggarona	10
nggawi	1
nggawi-nggawina	1
ngga´a	1
ngga´ana	1
nggele	30
nggelena	1
nggempena	1
nggetena	1
ngge´e	90
ngge´ekai	16
ngge´ekaimu	1
ngge´ekaina	1
ngge´ekaita	1
ngge´empa	79
ngge´emu	8
ngge´ena	38
ngge´epu	13
nggiru	1
nggirukai	4
nggocu	1
nggomi	589
nggomina	2
nggomisi	1
nggomi¯doho	2865
nggomi¯dohoku	7
nggomi¯dohompa	3
nggomi¯dohora	1
nggomi¯dohosi	1
nggoncu	1
nggoncu-nggoncuna	1
nggoncuna	5
nggonggi	6
nggonggina	2
nggori	48
nggorina	4
nggu¯da	15
nggu¯dakaita	1
nggu¯damu	1
nggu¯dana	5
ngilu	4
ngilumu	1
ngiluna	3
ngina	2
nginakaina	1
ngoa	495
ngoajapu	1
ngoakaiku	1
ngoakaina	2
ngoaku	5
ngoamu	8
ngoana	52
ngoapu	13
ngoasi	2
ngoduna	1
ngolo	4
ngolu	18
ngolukai	3
ngolukai-Na	1
ngoluku	1
ngolumu	2
ngoluna	2
ngonco	4
ngora	18
ngorakai	1
ngorampa	1
ngupa	34
ngupa-Na	1
ngupakai	1
ngupakaiku	1
ngupakaimu	6
ngupakaina	5
ngupaku	3
ngupamu	5
ngupana	27
ngupapu	2
ngupasi	1
nia	27
nia-Na	5
nia-nia	2
niaku	5
niana	4
nifi	4
nifiku	3
nifina	6
nika	45
nikakai	7
nikakai-Na	1
nikaku	1
nikamu	3
nikana	14
niki	2
niki-niki	1
nilai	5
nilaimu	3
nilam	1
nina	1
ninu	4
ninumpa	1
nira	10
niru	1
niruna	4
niu	1
ni´i	2
ni´ikai	4
noa	4
nonana	1
nono	204
nonokai	1
nonokaimu	1
nonoku	4
nonompa	1
nonomu	4
nonona	23
nonopu	1
nonota	1
noto	1
notona	1
ntadi	2
ntadina	1
ntai	58
ntaikai	2
ntaimu	2
ntanda	34
ntanda-Na	1
ntandamu	3
ntandana	8
ntando	2
ntandosi	1
ntangga	3
ntantangga	3
ntantanggana	1
ntara	22
ntara-Na	1
ntara-ntara	5
ntaru	7
ntasa	89
ntasa-Na	9
ntasana	11
ntasara	6
ntau	315
ntau-Na	9
ntaukaina	1
ntauku	11
ntaumu	28
ntauna	98
ntaupu	3
ntausi	1
ntauta	5
ntawi	2
ntedi	1
nteko	1
ntewi	132
ntewikai	2
ntewikaisi	2
ntika	54
ntika-ntika	2
ntikamu	4
ntikana	15
ntikapu	1
ntikara	19
ntikona	1
ntiri	11
ntiriku	1
ntirimu	1
ntirina	4
ntoi	59
ntoikaina	1
ntoiku	1
ntoimu	1
ntoina	183
ntoira	3
ntonga	1
ntoru	15
ntoru-Na	4
ntorukai-Na	1
ntoruna	7
nto´i-Na	1
ntumana	1
ntuwu	39
ntuwu-ntuwu	1
ntuwukai	1
ntuwuku	4
ntuwumu	5
ntuwuna	11
ntuwupu	6
ntuwura	4
ntuwusi	3
ntu¯ba	1
ntu´una	1
numpakai	1
nuntu	247
nuntu-Na	2
nuntukaimu	1
nuntukaina	1
nuntuku	3
nuntumu	2
nuntuna	21
nuntusi	1
obo	3
oe	10
oi	121
oina	4
oka	1
oko	16
okomu	3
okona	4
okopu	3
ola	1
olona	4
oma	15
oma-oma	1
omamu	2
omana	9
omata	1
ompu	11
ompu-ompu	4
one	828
onena	55
onenana	2
ongko	1
ono	1
onta	6
onu-onu	1
ore	3
orena	5
oru	16
oruna	1
osa	2
osakaina	1
osana	1
osu	1
oto	1
otokai	1
otona	9
ou	50
ou-Na	1
oukai	5
oukaimu	1
oukaina	2
oukaisi	1
oumu	2
ouna	56
oupu	1
outa	1
owa	1
o¯bu	11
o¯buna	1
padato	1
pado	1
padona	3
pahlawan-pahlawan	1
pahu	104
pahu-Na	3
pahumu	3
pahuna	18
paina	1
paisi	3
paja	1
paja-paja	1
pajana	1
pakasa	18
pakasakaina	1
pakasaku	2
pakasana	3
pake	1
paki	36
paki-paki	2
pakikai	1
pakiku	3
pakimpa	1
pakimu	6
pakina	11
pakipu	11
pakira	1
pakisi	1
pako	8
pakokai	1
pakomu	1
pakona	3
paksana	1
paku	1
pala	557
palasi	11
palasu	25
palem	2
palisi	8
paliti	1
palitikaina	1
pamao	6
pamaona	1
pamaota	1
pamarenta	27
pamareta-Na	1
pamoka	1
pana	9
panamu	1
panana	2
pandako	2
pangadila	10
pangaru	3
pangaruna	5
panggita	1
pangka	1
panglima-panglima	1
panitera	2
parakara	18
parakara-Na	1
parakara-parakara	2
parakaramu	2
parakarana	8
paralomba	2
paralombakai	1
paralu	57
paralukai	4
paralukaina	1
paraluku	5
paraluna	21
paraluta	1
parampo	7
parana	67
paranaku	2
paranamu	1
paranana	10
parenta	84
parenta-Na	3
parenta-parenta	20
parenta-parenta-Ku	1
parenta-parenta-Na	5
parentakai	6
parentampa	1
parentana	13
parentasi	1
paresa	48
paresakai	2
paresaku	2
paresamu	1
paresana	4
paresapu	1
paresasi	2
pari	9
parimu	1
parina	5
pas	2
pasaka	6
pasaka-Na	1
pasakana	3
pasapu	2
pasti	37
pasukan	1
pata	57
pata-Na	1
patakai	2
patakaimu	1
patakaina	1
pataku	11
patamu	18
patana	19
patu	61
patumpa	1
patuna	22
patung	9
patung-patung	1
patungna	5
patura	1
pawe	1
pa¯bua	133
pa¯buakaina	1
pa¯buaku	284
pa¯buamu	7
pa¯buana	2
pa¯buapu	168
pa¯buasi	1
pa¯buku	1
pa´a	1
pa´ekaina	1
pa´i	6
pea	25
peade	60
peasi	17
peda	31
pedamu	2
pedana	2
peduna	1
pehe	11
pehekai	15
peheku	1
pehemu	2
pehena	5
pei	15
pei-Na	3
peimu	2
peina	11
peke	4
peke-Na	1
pengacara	1
pengadila	8
pengadilana	1
penghakimana	1
penti	39
pentikai	14
pentikaimu	1
pentina	2
pentipu	2
peribahasa	2
permata	4
permata-permata	1
perwira	24
perwira-perwira	2
peso	13
pesoku	1
pesomu	1
pesona	13
pesopu	4
pete	1
peti-peti	1
piala	5
pidu	82
pidu-piduna	1
pidumpuru	1
piduna	1
piko	1
pila	6
pila-pila	93
pili	9
pilina	2
pingga	2
pinggamu	1
piri	3
pirus	1
pita	2
pitapu	2
piti	129
pitiku	2
pitimu	1
pitina	16
pi´i	6
poda	540
poda-Mu	1
poda-Na	1
poda-poda	104
poda-podaku	3
poda-podamu	3
poda-podana	11
poda-podapu	4
poda-podasi	4
podakai	10
podakaina	3
podaku	56
podamu	11
podana	52
podapu	11
podara	3
podasi	14
pohu	5
pohuna	2
poke	1
pokekai	1
pokena	3
ponga	1
ponte	1
pontekai	1
pontekaina	3
poro	5
porona	3
pot	3
prajuri	1
prajuri-prajuri	1
pribahasa	2
propinsi	10
pu	1
puakai	4
puakaina	1
puasa	5
puasakai	1
puasakaina	1
puasaku	1
puasampa	1
puasana	5
pula	2
pulau	18
pulauna	1
pupu	2
pure	8
puru	1
puru-puru	1
puru-puruna	1
puruna	1
puta	33
puta-Na	2
putakai	1
putamu	1
putana	5
ra	4534
rabaca	1
rabacana	1
rabacata	1
rabanggakai	1
rabantu	4
rabantu-Na	1
rabantukai	1
rabantuna	1
rabiasa	1
rabiasakai	6
rabui	22
rabuikai	2
racacakai	1
racambe	1
racambo	2
racarita	1
racaritana	1
raca´u	1
raca´u-Ku	1
raca´una	2
racengga	3
racengga-cengga	1
racepe	1
racoba	2
raconto	2
racu	4
racuna	1
rada	1
radafta	1
rada´awa	4
rade	61
rade-rade	1
radei	1
radena	3
radompo	2
radosana	1
rafati	1
rafiki	1
rafitina	1
rafou	1
rafura	1
raga	1
ragaji	3
ragajina	1
ragoa	1
ragu-ragu	1
rahade	24
rahadena	2
rahama	38
rahama-Na	9
rahanta	18
rahanta-Na	1
rahapi	1
rahasia	20
rahasia-Na	2
rahasia-rahasia	1
rahasiakai	1
rahasiaku	1
rahasiana	1
raheko	1
rahekona	1
rahenggana	1
rahi	26
rahi-rahi	1
rahimu	9
rahina	31
rahinti	1
raho	76
raho-raho	17
rahokai	1
rahokaiku	1
rahokaimu	3
rahokaina	6
rahoku	11
rahompa	2
rahomu	10
rahona	43
rahopu	9
rahori	4
rahorikai	1
rahoroma	1
rahosi	2
rai	32
rai-rai	1
rai-raina	2
raikaina	1
raiku	1
raimu	1
raina	12
raipu	2
rajaga	2
rajaja	1
raka	121
rakabangga-bangga	3
rakacai	2
rakaco´i	2
rakadan¯di	1
rakade´e	2
rakade´ena	2
rakahaba	3
rakahabaku	1
rakahabana	1
rakahampa	2
rakakai	20
rakakaiku	1
rakakaimu	11
rakakaina	11
rakakoana	1
rakaku	18
rakalai	12
rakalaina	3
rakalampa	1
rakalampa-Na	1
rakalembi	1
rakali	1
rakalondo	4
rakalosa	1
rakalu´u	2
rakamaina	1
rakamori	18
rakamu	29
rakana	100
rakanahu	1
rakananu	4
rakananumu	1
rakana´e	3
rakana´ekai	1
rakancihi	4
rakancoki	15
rakancuwu	1
rakanda¯di	25
rakanda¯di-Na	1
rakanda¯dina	9
rakandeu	2
rakandiha	1
rakane´e	83
rakane´e-Mu	1
rakane´e-Na	6
rakane´ekai	17
rakane´ekai-Na	2
rakane´eku	1
rakane´emu	4
rakane´ena	1
rakane´eta	1
rakanggawo	1
rakani	8
rakani-Na	3
rakanimu	1
rakanta	1
rakantakai	7
rakantau	3
rakantika	4
rakapata	1
rakapu	1
rakara	18
rakaraso	1
rakarawi	130
rakarawi-Na	6
rakarawikai	1
rakarawimu	5
rakarawina	20
rakarongga	33
rakarongga-Na	1
rakaronggakai	1
rakarugi	1
rakarukai	1
rakasaha	3
rakasalama	6
rakasamakai	1
rakasa¯bua	2
rakasi	11
rakata	2
rakatada	16
rakatadakaina	1
rakatadana	1
rakataho	4
rakatanda	2
rakatantu	7
rakatantukai	7
rakatantuna	1
rakatenggo	1
rakatuna	2
rakau	17
rakau-Ku	1
rakaukai	43
rakaukai-Na	2
rakauna	3
rakawara	1
rakawara-Na	1
rakawaramu	1
rakawi	1
raka¯bawa	4
raka¯boro	6
raka¯bu	1
raka¯bua	1
raka¯bura	1
raka¯dale	28
raka¯dale-Ku	1
raka¯dale-Na	4
raka¯dese	1
raka¯deseku	1
raka´a	6
raka´ada	3
raka´akai	1
raka´eli	1
raka´iha	2
rakekona	1
rake´e	2
rake´ena	1
rakiri	1
rakuasakai	8
rakunci	4
rakuru	1
ralaina	2
ralampakai	1
ralanda	4
ralandakai	1
ralandakaimu	1
ralandana	1
ralao	1
ralaokai	1
ralapi	1
raloa	3
ralohina	1
ralombo	1
ralombokaina	1
ralondo	4
ralondona	2
ralosa	8
ralo´o	2
ralo´omu	1
ralua	1
ralua-Na	1
raluakai	1
raluru	5
ralu´u	3
ralu´ukai	18
rama	4
ramai	98
ramai-Ku	1
ramaikai	2
ramaikai-Na	2
ramaikaimu	1
ramaiku	3
ramaimu	2
ramaina	38
ramakasu	1
ramaki	1
ramakina	1
ramakura	1
ramalu´u	1
ramamade	1
ramanda¯di	3
ramangaku	3
ramangaku-Na	1
ramapenti	2
ramapoda	1
ramataho	1
ramawara	5
ramawa´u	1
ramawa´ura	1
ramawoko	1
rama¯bu	2
rama¯dipa¯bua	1
rama´adi	1
rambei	149
rambei-Na	3
rambei-mbei	2
rambeiku	1
rambeimu	4
rambeina	7
rambeita	1
rambi´akai	1
rambou	1
rambuda	1
rameci	24
rameci-Ku	2
rameciku	2
rampa	10
rampamu	1
rampana	4
rampasi	1
rampa´ana	1
rampo	1
rampona	1
ramuna	1
rana-ranampa	1
ranangi	1
rana´e	1
rancambu	2
rancana	1
rancarana	1
rancengga	1
rancewi	1
rancoki	1
randa	6
randana	5
randante	5
randawi	62
randawi-Ku	1
randawi-Na	1
randawina	2
randa¯di	2
randa¯dikaina	1
randa´u	1
ranemba	5
ranempa	1
ranempakai	1
ranente	2
ranentena	1
ranenti	1
rane´e	16
rane´ekai	3
rane´emu	2
rane´ena	3
rane´eta	1
rangaha	6
ranga¯di	1
rangena	1
rangena-ngena	2
rangga	6
ranggadu	68
ranggadu-Na	2
ranggadumu	1
ranggaduna	6
ranggahi	143
ranggahi-Na	5
ranggahimu	2
ranggahina	8
ranggana	28
rangganakai	1
rangge´ekai	1
rangge´ekaimu	1
ranggu¯da	14
ranggu¯dakai	1
rangilu	2
rangina	2
ranginakai	21
ranginakai-Na	2
ranginakaimu	1
ranginakaina	2
rangka	1
rangoa	103
rangoa-Na	1
rangoana	2
rangolukaimu	1
rangupa	4
rangupamu	1
rania	4
rania-Na	2
ranja	1
ranonokai	1
rantada	1
rantanda	2
rantanda-Na	1
rantandaku	1
rantasa	1
rantau	11
rantauna	2
rante	10
rante-rante	1
rantemu	1
rantena	1
rantoina	1
ranuntu	5
ranuntuku	1
rapa	2
rapaki	7
rapamao	5
rapamaota	1
raparalu	5
raparaluna	2
raparenta	5
raparentakai	7
raparesa	1
raparesa-Ku	1
rapari	3
raparikaiku	1
raparikaita	1
rapata	3
rapa¯bua	2
rapa´e	1
rapehe	7
rapehekai	2
rapesona	1
rapita	1
rapu	4
rapuli	1
rarahasia	3
raraho	19
raraho-Na	1
rarahomu	1
rarahona	1
raraka	8
rarakamu	1
rarakana	2
rarampa	2
rarampana	1
rarampo	1
raranda	1
rarawi	4
rarawina	1
rara´a	2
rarenta	11
rarentamu	1
rarentana	2
raringa	16
raringa-Na	1
raringamu	1
raringanampa	1
raroi	1
rarongga	1
raronggakai	1
rarumpana	1
rarundu	3
rarungka-rungka	1
rasa	188
rasa-rasa	5
rasadia	19
rasadia-Na	1
rasadiana	2
rasakasi	5
rasake	83
rasake-Na	19
rasake-sake-Na	1
rasakekai	11
rasakena	1
rasala´i	2
rasalib	10
rasalibkai	2
rasama-sama	1
rasamakai	1
rasambea	1
rasamu	1
rasana	3
rasandaka	1
rasangka-sangka	1
rasapa	7
rasapana	1
rasarumbu	1
rasatampa	1
rasatampa-satampa	1
rasatando	1
rase	2
rasipa-sipana	1
raso	102
rasona	8
rasora	1
raso¯di	6
rasu	45
rasu-rasu	61
rasu-rasu-Na	1
rasumbanga	1
rasumpa	1
rasuna	12
rasungge-sungge	1
rasupu	1
rasupuna	1
rasusa	1
rasu´u	1
rataha	4
ratahomu	1
ratampu´u	19
ratampu´una	2
ratana´o	1
ratangarakai	1
ratarima	14
ratarima-Na	2
ratarimaku	1
ratarimamu	1
ratau	2
rata¯be	5
rata¯bena	6
rata´ede	1
ratei	9
rateikai	2
rateina	1
ratero	4
ratio	1
ratipu	1
ratna	1
rato	1
ratoho	3
ratohokai	1
ratonda-tonda	2
ratondakaimu	1
ratopa	1
rato¯ba	2
rato¯be-to¯be	2
rato´akai	1
ratu	15
ratu-ratu	2
ratuduna	1
ratula	1
ratundu	1
ratunduna	1
ratunti	182
ratuntina	2
raturu	3
raturukai	1
ratu¯ba-Na	1
ratu´u	15
ratu´ukai	1
rau	1023
rau-Na	8
rauja	59
raujaku	2
rauku	81
raumpa	5
raumu	25
rauna	142
raupu	30
raura	4
rausi	3
rauta	5
rawa	18
rawa-rawa	1
rawaca	1
rawadina	1
rawamu	2
rawana	8
rawapu	1
rawara	2
rawarakai	3
rawarakaiku	2
rawarakaina	4
rawaramu	1
rawaro	1
rawati	7
rawatipu	2
rawa´a	11
rawa´akai	1
rawa´ana	1
rawa´u	156
rawa´umu	1
rawa´una	2
rawa´ura	8
rawe	2
raweha	10
rawehaku	1
raweliku	2
rawelina	1
rawemu	2
rawete	1
rawi	741
rawi-Mu	1
rawi-Na	6
rawi-lampa	124
rawi-rawi	1
rawi-ruku	8
rawikai	1
rawiku	3
rawimu	26
rawina	32
rawita	1
rawi´i	15
rawi´i-Na	1
rawi´ikai	24
rawi´ikaimu	1
rawi´ikaina	1
rawi´iku	1
rawi´imu	1
rawoko	1
rawokona	1
rawontuna	1
rawura	1
ra¯bade	4
ra¯baka	1
ra¯bale	1
ra¯batu	1
ra¯batukai	1
ra¯ba¯bu	9
ra¯ba¯bukai	1
ra¯ba´a	1
ra¯bi	1
ra¯bina	1
ra¯boe	3
ra¯boha	3
ra¯boho	3
ra¯bonto	4
ra¯bontokai	2
ra¯boupura	1
ra¯bune	3
ra¯bunena	16
ra¯danda	2
ra¯dende	4
ra¯deta	3
ra¯di	957
ra¯dikarawi	1
ra¯dikaukai	1
ra¯diki	12
ra¯dikikai	1
ra¯diloa	1
ra¯dimapentina	1
ra¯dine´e	1
ra¯diparalu	3
ra¯diparalumu	1
ra¯diparaluna	1
ra¯diraho	1
ra¯diwa´a	1
ra¯di´iu	1
ra¯donggo	22
ra¯donggo-Na	2
ra¯dunggi	1
ra´a	73
ra´a-Ku	1
ra´a-Na	3
ra´ade	2
ra´ai	1
ra´aipu	33
ra´aka	2
ra´aku	1
ra´ana	1
ra´ao	1
ra´ato	1
ra´eda	36
ra´edaku	1
ra´edamu	5
ra´edana	4
ra´edata	1
ra´ese	1
ra´ewu	4
ra´iji	1
ra´imbi	6
ra´imbikai	6
ra´imbimu	1
ra´imbina	2
ra´ipi	2
ra´iu	16
ra´iukai	1
ra´iuku	1
ra´iumu	1
ra´iuna	2
ra´oro	1
ra´ou	5
ra´ou-Na	1
ra´ufa	4
ra´ufi	1
ra´ukukai	1
ra´umbu	5
ra´unda	15
ra´undana	1
ra´undi	2
ra´uru	1
ra´usaha	3
rea	1
reana	1
rece	2
receku	1
recena	4
recepu	1
regu	2
reke	8
rekeku	1
rekena	4
rekesi	1
rela	14
relamu	1
relana	1
remba	2
rembakai	2
rembana	2
rengge	4
renta	22
renta-Na	2
renta-renta	1
rentaku	4
rentamu	1
rentana	15
rentapu	1
rentata	1
repo	2
repona	1
rera	7
rera-rera	1
rerana	2
rere	2
rerena	1
rero	44
rero-Na	1
reromu	2
rerona	11
reropu	1
rewo	6
rewomu	1
rewona	1
re¯de	9
re¯dena	1
re¯do	1
riana	6
rianana	1
rido	3
riha	3
rima	66
rima-Ku	1
rima-Mu	1
rima-Na	26
rimaku	2
rimamu	14
rimana	39
rindi	30
rindikaina	15
rindisi	1
ringa	225
ringa-Na	1
ringakai	1
ringakaimu	2
ringakaina	2
ringaku	13
ringamu	27
ringana	73
ringapu	4
ringara	1
ringasi	2
ringata	1
ringu	8
ringuku	1
riru	1
riu	1
riwu	36
riwu-riwu	3
riwu-riwuna	1
ri´i	2
ro	4718
roa	5
roana	1
roci	29
roci-roci	2
roci-rocina	1
rociku	8
rocina	15
rocipu	11
rocira	1
roh	119
roh-Na	1
roh-roh	42
rohani	6
rohmu	1
rohna	1
roi	70
roikai	2
roiku	2
roimu	2
roina	2
rojo	12
rojokai	1
rojomu	1
rojona	6
rojopu	2
rojosi	1
roka	3
rokamu	1
rokana	1
romba	9
rombe	4
rombe-Mu	1
rombe-Na	1
rombemu	1
rombena	2
rombepu	1
rombo	11
rome	18
romeku	2
romena	1
romesi	2
romo	34
romoku	1
rompa	5
ronda	3
rondana	2
rongga	68
ronggakai	1
ronggaku	1
ronggamu	4
ronggana	20
ronggapu	1
ronggara	12
ronono	1
rope	1
ropena	1
roti	102
rotina	1
ro¯duna	3
ro´o	4
ro´ona	2
rugi	4
rugikai	1
rugita	1
rui	15
rujuna	1
ruku	118
rukukaimu	1
rukuna	2
rukuta	1
ruma	19
ruma-ruma	1
rumamu	3
rumana	43
rumara	1
ruma¯dohona	2
rumpana	2
runca	1
runcakaina	1
runcu	2
runcuna	1
rundu	4
runggi	1
runggina	1
rungka	15
rungkakaina	1
rungkaku	1
rungkamu	10
rungkana	4
ru´u	777
ru´u-Mu	1
ru´u-Na	2
ru´uku	1
ru´umu	16
ru´una	8
saba	24
saba-Na	1
sabakai	3
sabakaimu	1
sabakaipu	1
sabakhtani	2
sabamu	4
sabana	1
sabapu	2
sacara	18
saca´u	1
sacumpukaina	1
sadeka	14
sadekakai	2
sadekana	1
sadekasi	1
sadia	57
sadiakai	2
sadiakaina	1
sadiaku	1
sadiamu	2
sadiana	10
sadiapu	2
sadompo	6
sadundu	3
sadunduna	1
safa´a	1
safi´i	2
saha	3
sai	20
sai-Na	1
saiku	1
saimpa	1
saimu	1
saina	8
saisi	1
sajam	6
sajao-jao	1
sakali	36
sakali-kali	5
sakali-sakali	1
sakalimpa	12
sakalompo	7
sakasi	47
sakasi-Ku	2
sakasi-Na	1
sakasi-sakasi	8
sakasi-sakasi-Na	1
sakasina	1
saka¯bore	1
sake	43
sake-Na	5
sake-sake	1
sakekai	2
sakekaimu	1
sakemu	1
sakena	12
sakilo	2
saki¯di	1
sakoci	6
sakoci-sakoci	1
sakola	2
sakolana	1
sakolompo	1
sakontu	1
sakontumu	1
sakopa	1
sakura-kurana	1
salaho	1
salahona	17
salahopu	1
salaja	5
salajana	6
salaka	29
salakamu	1
salalo	1
salam	50
salama	141
salamakai	12
salamakaimu	4
salamakaina	1
salamamu	1
salamana	1
salammu	4
salampu	1
salandona	1
sala´i	7
sala´ina	1
sale	1
saleh	1
salela	5
salepemu	1
salib	49
salib-Na	1
salibmu	1
salibna	10
salibpu	1
saloa	2
saloana	1
salolo	11
salolompa	1
salolona	1
salona	4
salondo	1
salo¯be	2
salo´a	1
sama	227
sama-sama	186
sama-samaku	1
sama-samamu	2
sama-samana	16
sama-samapu	1
samadekaina	1
samakaina	1
samaku	1
samampa	8
samamu	3
samana	26
samana´e	2
samanga	5
samangi	2
samangikai	4
samangina	2
samangko	1
sambadi	1
samba´a	6
sambea	37
sambeakai	63
sambeakaimu	1
sambeamu	4
sambeana	10
sambele	8
sambelekai	1
sambelemu	1
sambelena	1
sambelepu	1
sambelera	1
sambia	3
sambiana	1
samboto	1
samboto-mboto	1
sambura	2
samenana	386
saminggu	5
samori	1
sampa	57
sampa-sampa	4
sampampa	1
sampana	2
sampe	267
sampela	51
sampelaku	1
sampelamu	1
sampelana	1
samporo	36
samporompa	5
sampu	25
sampu-sampu	1
sampula	26
sampulamu	2
sampulana	2
sampuna	1
sampuru	111
sampuruna	28
sampu´u	8
sampu´umpa	1
sana	41
sanai	20
sanai-nai	6
sanakai	4
sanampa	2
sanana	2
sanaru	2
sanawa	9
sanawakai	8
sanawakaina	3
sanawamu	2
sanawana	1
sance¯di-nce¯dina	1
sanda	1
sandaka	12
sandakakai	2
sandakamu	2
sandakana	4
sandakapu	1
sandake	2
sandede	3
sando	1
sando´o	10
sando´ona	2
sanga	8
sanga-sanga	11
sanga-sangana	5
sangaja	3
sangaji	135
sangaji-Na	1
sangaji-sangaji	17
sangajina	1
sangana	2
sanga¯dina	1
sanggicuna	1
sanggini	4
sanggo	14
sanggokai	1
sanggoku	1
sanggomu	8
sanggona	2
sanggota	1
sangka-sangka	2
sangufi	1
saniki	17
saniki-nikina	1
sanikina	105
saninu	2
santa¯beta	2
santika	24
santoi	15
santoi-ntoina	83
santuda	14
santudakai	1
santudana	2
sapa	11
sapa-Na	1
sapakaimu	2
sapakaina	2
sapaku	2
sapamu	3
sapana	5
sapatu	6
sapatu-Na	4
sapatumu	2
sapatuna	1
sape¯da	1
sapingga	1
sapi¯da	1
sapoda-poda	4
sapoda-podakaina	1
sapoda-podana	1
sapoda-sapodana	1
sapodakaina	95
sara	1
sara-sara	1
sarae	40
sarahi¯do	12
sarai	2
saraka	1
sarakakaina	2
saramba	32
saramba-ramba	5
saramba-rambakaina	11
saramba-rambana	5
sarambakai	1
sarambakaina	43
sarambana	29
sarambi	1
sararamba	1
sarat-sarat	1
saratu	15
sara´a	444
sara´a-ra´ana	1
sara´aku	11
sara´amu	5
sara´an	1
sara´ana	449
sara´apu	6
sara´ata	1
sarei	11
sarente	2
sarewo	1
sariwu	9
sari´i	3
sari´ina	3
saroe	1
saroena	1
saroga	161
sarondana	1
sarumbu	172
sarumbu-Ku	1
sarumbu-Na	9
sarumbukai	1
sarumbuku	5
sarumbumu	37
sarumbuna	24
sarunde	18
sarundena	17
sasama	18
sasamamu	9
sasamana	4
sasamu	1
sasa´e	7
sasa´ekaina	3
sase¯diku	1
sase¯dina	1
sasi	1
satako	2
satampa	3
satando	32
satandoku	1
satandomu	5
satandona	13
satenga	1
sato¯be	5
sato´i	49
sato´i-sato´i	1
sato´ikaina	2
sato´impa	10
sato´ina	1
satuju	9
satujuna	4
satunu	2
satunukai	1
satununa	3
sawa	14
sawatipu	83
sawa´u	176
sawa´u-wa´una	1
sawa´u-wa´upu	2
sawa´ura	1
sawi	7
sawura	1
sa¯bae	41
sa¯bala	3
sa¯bera	2
sa¯binci	1
sa¯bini	1
sa¯bua	1213
sa¯bua-sa¯bua	6
sa¯bua-¯bua	30
sa¯buakaina	2
sa¯buaku	3
sa¯buampa	36
sa¯buamu	8
sa¯buana	20
sa¯buata	2
sa¯bune	3
sa¯dei-¯deina	4
sa¯du´u	3
sa¯du´una	5
sa´ake	2
sa´au-au	1
sa´aura	1
sa´e	37
sa´ena	5
sa´isi	2
sa´umu	3
sekali	2
selama	1
selasi	50
selasih	1
sensus	2
sentumu	1
sepatu	1
sepe	7
sera	2
seta	135
seta-seta	2
sewa	7
sewi	1
sewi-sewi	2
sewina	1
si	1
sia	1589
siaku	12
siana	1
sia¯doho	2688
sia¯dohoku	4
sia¯dohora	1
sida	9
sidakai	2
sihi	7
sihina	2
sinci	10
sincisi	1
singa	6
singa-singa	1
sipa-sipana	3
siwe	330
siweku	2
siwena	11
siwe¯doho	1
siwi	5
siwina	3
si¯di-si¯di	3
si´i-si´i	1
slando	1
slandona	2
so	40
soba	7
soba-soba	1
soba¯dohona	1
sombo	19
sombomu	1
sombona	2
songko	14
songko-songko	1
sopa	3
sori	10
sori-sori	3
so¯bu	7
so¯buna	1
so¯di	117
so¯di-so¯di	8
so¯di-so¯dimpa	1
so¯di-so¯dina	1
so¯dikai	1
so¯dikaimu	2
so¯dimu	1
so¯dina	64
so¯disi	1
so¯dita	1
so´a	1
stadion	3
subu	1
suju	11
sujuku	4
sujumu	1
sujuna	32
suku	20
sumbanga	6
sumpa	23
sumpa-Na	1
sumpakaimu	1
sumpakaina	6
sumpamu	1
sumpana	12
sumpasi	1
sumpu	15
sumpu-sumpu	2
sumpuna	1
suna	45
sunana	5
suncu	1
suncuku	1
suncumu	1
suncuna	2
sunda	4
sunga	1
sungge-sungge	1
supu	61
supu-supu	1
supukai	1
supukaina	2
supuku	1
supumpa	3
supumu	6
supuna	13
sura	80
sura-sura	2
suramu	1
suru	4
suruna	1
susa	158
susa-susa	1
susakai	2
susamu	2
susana	2
susu	8
sutera	1
suwu	1
suwu-suwu	2
su´u	17
syuku	26
syukumu	1
syukuna	5
syukura	3
ta	588
tabangsa	1
tabantu	1
tabe´a	40
tabe´a-Na	1
tabe´a-tabe´a	7
tabe´ana	3
tacowa	1
tada	41
tadahuku	1
tadakaina	1
tadana	11
tadara	2
tadohoku	1
tado´asi	1
tadula	1
tagi	26
tagia	1
tagolongana	1
taha	37
tahadeku	2
tahana	3
tahengga	1
tahi¯di	4
taho	426
taho-Na	1
taho-taho	2
taho-tahompa	3
taho-tahopu	1
taho-tahora	1
tahokai	10
tahokaimu	1
tahokaina	2
tahoku	1
tahompara	1
tahomu	4
tahona	43
tahopu	29
tahora	7
taji	1
tajikai	1
taka	11
takadahuku	1
takade´e	1
takangampu	1
takarawi	1
takarawiku	1
takarawimpa	1
takaronggapu	1
takasi	9
takatenggo	1
takatenggora	1
takau	10
takawara	1
taka¯dihiku	1
taka¯do´o	1
takengge	3
taki	45
takina	4
takompena	1
takona	1
takontu	1
takontuna	2
taku´i	1
talampa	1
talangi	1
talao	3
talaoku	5
talaora	2
taloa	1
taloaku	1
taloasi	1
tamabariku	1
tamade	1
tamaipu	1
tamaira	1
tamapoda	1
tamba	2
tambari	3
tambari-Na	1
tambarina	9
tambei	2
tambua	1
tameci	2
tamori	1
tampuna	1
tampu´u	91
tampu´ukai	1
tampu´ukaina	4
tampu´umu	5
tampu´una	20
tampu´ura	51
tamu-tamu	1
tamu-tamuna	1
tana´o	11
tana´o-tana´o	1
tana´oku	1
tana´omu	2
tana´ona	3
tana´opu	1
tancai	3
tanda	32
tanda-tanda	6
tanda-tandana	1
tandai	1
tandana	9
tandi´i	2
tando	178
tando-Na	5
tandoku	1
tandona	4
tandosi	1
tangaha	1
tangara	4
tangarakai	13
tangarakaimu	1
tangarakaina	2
tangarakaipu	1
tangawa	1
tanggahi	1
tanggahipu	2
tanggahira	1
tanggirikai	1
tanggu	2
tangguna	2
tangoa	2
tani	18
tanina	5
tantangga	3
tantanggana	2
tantau	2
tantonga	1
tantu	28
tantukaiku	1
tantuna	2
tanuntusi	1
tapa	10
tapa-tapa	2
tapa-tapana	1
tapaku	1
tapamu	2
tapana	2
taparalombaku	1
tapataku	1
tapita	1
tarai	1
tarakaku	1
tarangka	1
tarangkakai	1
tarangkana	1
tarato´i	1
tare	4
tari	3
tarigu	1
tarima	192
tarimakaina	1
tarimaku	4
tarimamu	25
tarimana	39
tarimapu	1
tarimata	2
tarina	1
taringa	1
taroa	83
taroa-Na	2
taroakaina	6
taroamu	1
taroana	9
taroasi	1
taroi	1
tarompe	10
tarompena	8
tasa¯bae	3
tasa¯bua	2
taso¯di	1
tatando	2
tatandona	3
tatei	1
tateipu	1
tatio	1
tatioku	4
tatiopu	3
tatipuku	1
tatuntipu	1
taturu	1
tatu´umu	1
tau	14
taukai	8
taukai-hi¯di	1
taukaina	5
tauku	2
taumu	1
tauna	4
taupu	2
tauratu´ina	1
tausi	1
tawana	1
tawela	21
taweta	1
tawetaku	2
ta¯bade	3
ta¯badeku	19
ta¯badera	1
ta¯bai	1
ta¯baimu	1
ta¯baina	1
ta¯be	21
ta¯be-¯be	25
ta¯beku	12
ta¯bera	21
ta¯be¯be	1
ta¯be´ana	1
ta¯bi	1
ta¯bili	1
ta¯da	57
ta¯da-ta¯da	5
ta¯dana	1
ta¯deina	15
ta¯dona	1
ta´ade	1
ta´adena	1
ta´akera	1
ta´asa	1
ta´eda	1
ta´edaku	1
ta´edeku	2
ta´imbi	2
ta´imbiku	4
ta´iuku	2
ta´undiku	1
tei	321
tei-Mu	1
tei-Na	12
tei-ngoa	15
teikai	6
teikaina	1
teiku	16
teimu	10
teina	69
teipu	1
teisi	1
teka	6
tekana	5
tele	2
tema	1
temba	5
tembe	13
tembena	1
tembo	3
tembo-tembo	1
tembona	2
tendo	1
tenggo	129
tenggokai	1
tenggokaimu	1
tenggoku	1
tenggomu	4
tenggona	8
tentara	67
tentara-Na	1
tentara-tentara	17
tentara-tentarana	1
tentarana	2
tentara¯dohona	1
tentera	1
tera	12
tere-tere	1
terima	2
tero	1
te´e	1
te´emu	1
tika	1
tiki	13
tikina	1
timba	113
timba-Na	3
timba-timba	4
timbana	2
timbapu	1
tingi	16
tingimu	1
tingka	1
tinju	1
tio	57
tio-tiona	1
tiojapu	1
tioku	1
tiomu	5
tiona	10
tiopu	11
tiosi	1
tipu	24
tipukaina	3
tipuna	5
titi	1
toba	6
tobakaina	4
tobamu	4
tobana	14
tobara	4
toho	10
tohoku	1
tohona	19
tohosi	1
toke	3
toke-toke	1
tokeku	1
tokena	1
tokepu	1
toko	1
toku	10
tokumu	1
tokuna	2
tolo	3
tolu	116
tolu-toluna	1
tolumpuru	4
toluna	6
tonda	3
tonda-tonda	3
tonda-tondana	1
tonggu	5
tonggukaina	1
tongguna	2
tonggupu	1
topa	3
topakaimu	1
topana	3
topas	1
to¯ba	8
to¯bakai	1
to¯bakaina	3
to¯bana	4
to¯be	1
to¯be-to¯be	3
to¯be-to¯bena	7
to¯du	9
to¯duna	3
to´a	96
to´akai	10
to´akaimu	5
to´akaina	5
to´akaipu	1
to´aku	4
to´amu	12
to´ana	21
to´apu	1
to´asi	1
to´ata	2
to´i	198
to´i-doro	2
to´i-to´i	2
to´ikaipu	6
to´iku	1
to´impa	79
to´imu	2
to´ina	32
to´ipu	70
to´isi	1
tua	25
tudu	11
tudu-Na	1
tudumpa	1
tudumu	1
tuduna	4
tugu	1
tuka	3
tula	11
tulakaina	1
tulana	3
tule	1
tulekai	1
tumpu	1
tuna	5
tundu	20
tunduku	1
tunduna	3
tunduta	1
tunti	42
tuntikai	1
tuntikaiku	2
tuntiku	16
tuntimu	2
tuntina	11
tuntipu	1
tuntu	2
tuntuku	1
turu	12
turuna	1
tuta	53
tuta-Na	8
tutamu	5
tutana	17
tuwu	5
tuwu-tuwu	1
tuwuna	1
tu¯ba	3
tu´i	3
tu´u	193
tu´ukai	1
tu´ukaimu	1
tu´ukaina	1
tu´umu	2
tu´una	19
tu´ura	7
ufa	22
ufakai	2
ufamu	4
ufana	10
ufina	7
uji	11
ujina	3
uku	4
ukukai	1
ukukaina	1
ukumu	1
ukuna	2
ukupu	1
ukura	1
ulu	61
ulukai	1
uluku	3
ulumu	3
uluna	14
uma	324
uma-uma	30
umaku	1
umampa	1
umamu	10
umana	53
umbu	12
umbukai	3
umbukaimu	1
umbukaina	1
umbuna	4
umu	10
umuku	1
umumu	1
umuna	12
unda	3
undamu	1
undana	2
undapu	1
undi	2
undina	1
unggu	2
untu	1
upa	72
upacara	12
upacara-upacara	4
upampuru	1
upana	3
ura	22
uru	6
urusa	4
urusa-urusa	1
urusan	1
urusana	2
usaha	49
usahaku	2
usahamu	9
usahana	5
usahapu	4
uta	44
uta-uta	3
utambeca	1
vune	1
wa'i	2
waca	9
wacaku	2
wacana	3
wacapu	3
wadi	37
wadiku	2
wadina	28
wadipu	4
wadira	2
wadu	117
wadu-wadu	8
wadu-waduna	1
waduna	1
wahyu	1
waja	1
wajibna	1
wakatauna	1
wakatu	596
wakatu-ake	1
wakatu-wakatu	1
wakatuna	98
waki	1
wale	43
wale-Na	1
wale-tenggo	1
walemu	3
walena	2
wali	349
wali-Na	4
walija	8
walikaimu	1
waliku	15
walimpa	9
walimu	17
walina	190
walipu	29
walira	6
walisi	3
walita	2
wali¯du	3
wana	20
wana-Ku	4
wana-Na	8
wanamu	3
wanana	4
wancu	25
wancuku	36
wanga	9
wangana	1
wangga-Na	1
wara	1163
wara-waraku	1
waraja	2
warakai	22
warakaiku	1
warakaina	12
waraku	11
waramu	12
warana	76
waranana	1
warapu	1
warasi	41
wari	1
warimu	1
warina	3
waro	52
waromu	16
warona	4
waru	13
wati	2304
wati-wati	1
watija	1
watikai	1
watina	1
watipu	123
watipusi	4
watira	14
watisi	74
watisipu	1
watita	2
wati¯du	65
wawi	10
wawi-wawi	10
wawina	1
wawo	102
wawona	3
wa´a	179
wa´a-Na	2
wa´ajapu	1
wa´akaiku	1
wa´aku	5
wa´amu	14
wa´ana	80
wa´apu	10
wa´ata	1
wa´i	68
wa´imu	1
wa´i¯dohona	1
wa´u	154
wa´uara	1
wa´ukai	1
wa´ukaimu	1
wa´uku	7
wa´umpa	2
wa´umu	11
wa´una	76
wa´upu	14
wa´ura	1292
wa´usi	16
wa´uta	1
wea	278
wea-Na	2
weakai	2
weakaimu	1
weakaina	1
weaku	13
weampa	1
weamu	20
weana	51
weapu	19
weara	1
weasi	2
wedu	2
weha	87
wehakai	1
wehakaiku	1
wehakaina	3
wehaku	4
wehamu	1
wehana	46
wehapu	6
wei	45
wei-wei	1
weimu	7
weina	45
weki	845
weki-Ku	1
weki-Na	22
wekiku	1
wekimu	69
wekina	74
wela	11
welana	3
weli	13
welikai	2
welikaina	2
welimu	2
welina	7
welipu	1
weta	4
wetamu	1
wetana	1
wete	1
we¯di	13
we¯dina	4
wibawa	8
wili	1
winte	1
wira	2
wiri-wiri	1
wiwi	5
wi´i	117
wi´ikai	32
wi´ikai-Mu	1
wi´ikaiku	2
wi´ikaimpa	1
wi´ikaimu	10
wi´ikaina	8
wi´ikaipu	3
wi´ikaita	1
wi´iku	8
wi´imu	13
wi´ina	108
wi´ipu	10
wi´isi	1
wi´ita	2
woha	140
woha-woha	2
wohamu	1
wohana	2
woi	7
woina	1
woko	51
wokokai	1
wokomu	7
wokona	12
wolo	1
wombo	4
wonca	10
wonto	3
wontu	26
wontukai	2
wontumpara	2
wontuna	4
wontusi	1
worena	1
woro-woro	4
woro-worona	2
wou	3
wou-wou	1
wo¯bona	1
wo´o	10
wo´oku	3
wo´ona	4
wo´ota	1
wua	31
wua-wua	3
wua-wuana	1
wuana	12
wule	1
wunga	223
wungasi	2
wunta	7
wuntana	1
wura	31
wura-wura	1
wurana	1
wurapu	1
wurina	2
wu¯ba	3
wu´u	4
wu´usi	1
w´i	1
yakut	1
zabur	2
zaitun	12
zamana	1
zamrud	1
zi	1
zina	1
¯Ba	7
¯Babel	1
¯Baka	2
¯Bala	25
¯Bara	924
¯Barandedena	2
¯Batu	2
¯Batupu	15
¯Ba¯bau	8
¯Ba¯bauku	76
¯Be	5
¯Bili	12
¯Bisa	2
¯Boe	4
¯Bora	1
¯Bou	2
¯Buha	9
¯Bune	30
¯Buneku	35
¯Bunera	1
¯Bunesi	1
¯Bunga-¯bunga	1
¯Bunti	4
¯Da	1
¯Daha	1
¯Dala	1
¯Dalapu	4
¯Dama	3
¯Damapu	1
¯Dambe-¯dambe	2
¯Dei	20
¯Dei-¯dei	2
¯Deni	5
¯Dese	37
¯Di	257
¯Dibukutikai	1
¯Dicumpukai	1
¯Didasana	1
¯Dihi¯di	4
¯Dihukum	1
¯Dikatadakaina	1
¯Dikawaramu	4
¯Dika¯bune-Mu	1
¯Dikengge	1
¯Dimakalai	1
¯Dimalondo	1
¯Dimamai	1
¯Dimanda¯di	4
¯Dimapana	1
¯Dimasarambakaina	1
¯Dimatio	1
¯Dima´oko	1
¯Dimba´ana	1
¯Dimbei	2
¯Dindi	1
¯Dine´e	5
¯Dine´ena	1
¯Dinggadu	1
¯Dingoa	1
¯Dipata	1
¯Dirakakai	1
¯Dirakamu	1
¯Dirima-Na	1
¯Diringasi	1
¯Diru´u	12
¯Disadiakai	1
¯Disakali	1
¯Disamenana	1
¯Disamporo	6
¯Disanikina	3
¯Disara´a	2
¯Disa¯bua	26
¯Ditando	6
¯Ditandona	1
¯Dita¯da	1
¯Diwakatu	22
¯Diwoha	10
¯Di¯bade-Mu	1
¯Di¯bademu	14
¯Di¯ba¯bukai	1
¯Di´ai	1
¯Di´aimambia	1
¯Di´aimambiana	1
¯Di´aimanga¯di	3
¯Di´ainaina	9
¯Di´au	1
¯Di´edamu	1
¯Di´ela-Na	1
¯Di´uma	1
¯Dona	2
¯Donggopu	2
¯Dua	19
¯Duana	4
¯Dumbapu	1
¯ba	6231
¯bade	149
¯badekai	7
¯badekaimu	1
¯badekaina	3
¯badeku	35
¯bademu	52
¯badena	61
¯badepu	2
¯badesi	2
¯badeta	11
¯bae	42
¯baekai	1
¯baena	3
¯bai¯ba	16
¯baju	23
¯baju-¯baju	1
¯bajumu	2
¯bajuna	1
¯baka	35
¯bakana	3
¯bako	2
¯bala	13
¯bale	7
¯bali	11
¯bangga	3
¯bara	1146
¯batena	2
¯batu	248
¯batu-Ku	1
¯batu-Mu	1
¯batu-Na	2
¯batuja	1
¯batukai	1
¯batukaimu	3
¯batukaina	1
¯batuku	5
¯batumu	44
¯batuna	75
¯batupu	15
¯batusi	2
¯batuta	4
¯bawa	1
¯bawo	1
¯ba¯bai	1
¯ba¯baina	14
¯ba¯bana	1
¯ba¯bau	8
¯ba¯bauku	45
¯ba¯bu	49
¯ba¯bukai	6
¯ba¯bukaina	4
¯ba´a	18
¯ba´aku	1
¯ba´amu	2
¯ba´ana	3
¯be	12
¯be-¯be	1
¯beca	1
¯becana	1
¯beku	10
¯bena	1
¯bera	8
¯berane´eku	1
¯besi	9
¯besimu	1
¯biko	1
¯bili	11
¯binci	35
¯bincina	1
¯bini	44
¯binikai	13
¯binina	1
¯bisa	57
¯bi¯bi	6
¯bi´a	2
¯bi´a-¯bi´a	1
¯bi´a-¯bi´ana	1
¯bi´ana	7
¯boe	34
¯boe-Mu	1
¯boeku	1
¯boena	7
¯boha	31
¯bohakai	7
¯bohana	2
¯boho	3
¯bohokaimu	1
¯bohona	2
¯boko	1
¯bola	4
¯bolapu	1
¯bombo	3
¯bonto	10
¯bontokai	5
¯bontokaimu	1
¯bontokaina	6
¯bontomu	1
¯bontona	4
¯bora	29
¯borakaina	1
¯borana	2
¯boru	2
¯boruna	1
¯bou	66
¯bou-¯bou	1
¯boumpa	2
¯bouna	1
¯boupu	6
¯boupura	5
¯bo´o	3
¯bo´omu	1
¯bua	1
¯buha	15
¯buina	1
¯buja	2
¯bune	825
¯bune-¯bune	4
¯bune-¯buneta	26
¯buneku	100
¯bunena	7
¯bunera	8
¯bunesi	2
¯buneta	1
¯bune¯be	4
¯bunga	7
¯bunga-¯bunga	6
¯bungana	2
¯bunti	18
¯bunti-Na	1
¯bura	8
¯burana	1
¯busi	14
¯busimu	1
¯butu	6
¯daha	13
¯daina	1
¯daju	5
¯dala	9
¯dalaku	1
¯dalana	4
¯dama	8
¯damai	1
¯damakaina	1
¯damamu	1
¯damana	5
¯dambe	4
¯dambe-¯dambe	21
¯dana	1
¯danda	6
¯dandana	2
¯dano	7
¯dapo	3
¯daro	1
¯dei	228
¯dei-¯dei	2
¯deimu	1
¯deina	21
¯dende	18
¯deni	47
¯deni-¯deni	1
¯denimpara	2
¯denina	13
¯denipu	1
¯denira	6
¯dese	96
¯desena	2
¯deta	2
¯detana	5
¯di	8717
¯dibaca	1
¯dibantu	1
¯dibongka	1
¯dibui	1
¯dibukutikai	1
¯dibukutikaimu	1
¯dibukutikaina	1
¯dicambekaina	1
¯dica´u	1
¯dicengga	2
¯dicengga-cengga	3
¯dicenggana	1
¯dicili	1
¯dicolakai	2
¯dico´o	1
¯dicua-cua	1
¯didaca´u	2
¯didaca´ukaina	1
¯didahukaina	1
¯didalanda	1
¯didaloa	3
¯didaloakaimu	1
¯dida¯bade	1
¯didompo	1
¯didoro-doro	1
¯difoka	1
¯difoka-Na	1
¯digoda	1
¯dihade	5
¯dihade-Na	1
¯dihadekaina	1
¯dihadempa	1
¯dihadena	1
¯dihaju	1
¯dihanta	4
¯dihengga	2
¯dihi	11
¯dihikai	3
¯dihi¯di	7
¯dihi¯di-hi¯di	1
¯dihi¯dina	1
¯dihori	7
¯dihorikai	2
¯dihoroma	2
¯dihorukaimu	1
¯dihukum	19
¯dihukumkaina	1
¯diimbikai	1
¯dijaga	1
¯dikade´e	1
¯dikafitina	1
¯dikahabakaina	1
¯dikakoa	4
¯dikalampa	2
¯dikalampana	1
¯dikalao	1
¯dikaleli	2
¯dikalelikaina	1
¯dikalosa	1
¯dikamau	2
¯dikambora	1
¯dikamori	24
¯dikampo	3
¯dikancara	3
¯dikancihi	6
¯dikancihikai	1
¯dikancoki	4
¯dikandanga	1
¯dikanda¯dikaina	1
¯dikandeu	14
¯dikane´ekai	1
¯dikangampu	10
¯dikanggori	2
¯dikani	10
¯dikanika	1
¯dikanta	1
¯dikantau	1
¯dikapiri	2
¯dikapu	1
¯dikaraso	6
¯dikarasokai	1
¯dikarawi	16
¯dikarawi-Na	1
¯dikarawikai	3
¯dikarawikaina	2
¯dikarawina	3
¯dikarombo	1
¯dikaronga	1
¯dikarongga	2
¯dikaruku	1
¯dikasalama	18
¯dikasalamakaina	1
¯dikasungge-sungge	1
¯dikasusakaimu	1
¯dikatada	6
¯dikatadana	1
¯dikataho	3
¯dikatahokai	1
¯dikatahokaina	3
¯dikatandakai	1
¯dikatenggo	2
¯dikatuna	2
¯dikatu´ukai	1
¯dikau	2
¯dikaukai¯ba	1
¯dikawarakai	1
¯dikawaramu	1
¯dikawati	1
¯dika¯bawa	1
¯dika¯bo	1
¯dika¯boro	3
¯dika¯boro-Na	2
¯dika¯bu	1
¯dika¯bunena	1
¯dika¯dale	2
¯dika¯dese	15
¯dika¯desena	1
¯dika´a	2
¯dika´a-Na	2
¯dika´iha	1
¯dika´oko	1
¯dikempa	1
¯dikengge	9
¯dikenggena	1
¯diki	14
¯dikina	5
¯dikipu	1
¯dikompe	14
¯dikompena	1
¯dikontu	3
¯dikuasa	1
¯dikuasakai	3
¯diku´i	2
¯dilampa	2
¯dilampakai	1
¯dilanda	2
¯dilao	1
¯dileto	1
¯dilia	2
¯dilipi	1
¯diloakaina	1
¯diloana	1
¯dilohi	1
¯dilo´o	1
¯dilua	1
¯dilu´ukai	2
¯dilu´ukaimu	1
¯dimabaca	1
¯dimabangga	1
¯dimabantu	11
¯dimabantuna	2
¯dimabaronta	1
¯dimabela	2
¯dimabelata	1
¯dimabukutina	3
¯dimacaki	1
¯dimacambe	4
¯dimacambena	3
¯dimacambo	1
¯dimacambona	2
¯dimacence	1
¯dimacengga	1
¯dimacenggana	1
¯dimacepena	1
¯dimacilina	1
¯dimacola	5
¯dimacolana	2
¯dimacoro-coro	1
¯dimaco´o	2
¯dimacumpu	3
¯dimadaca´u	4
¯dimadahengga	2
¯dimadahu	2
¯dimadaloa	1
¯dimadancihi	2
¯dimadarura	1
¯dimada¯bae	1
¯dimadei	3
¯dimadengga	3
¯dimadoho	7
¯dimado´a	3
¯dimadula	4
¯dimafakakaina	1
¯dimafati	1
¯dimafi	1
¯dimafura	4
¯dimafurana	1
¯dimagaji	1
¯dimahade	8
¯dimahantana	2
¯dimahari	1
¯dimaharikaina	1
¯dimahekomu	1
¯dimahengga	7
¯dimahenggana	2
¯dimahinti	1
¯dimahi¯do	1
¯dimahori	14
¯dimahorina	2
¯dimahoruna	1
¯dimahukum	4
¯dimahukumna	11
¯dimai	2
¯dimajaga	3
¯dimajaja	1
¯dimajakai	1
¯dimakacaina	1
¯dimakade´e	2
¯dimakahaba	2
¯dimakakacona	1
¯dimakakoa	2
¯dimakakoa-Na	1
¯dimakakoana	1
¯dimakakura	1
¯dimakalai	2
¯dimakalai-laina	1
¯dimakalaina	7
¯dimakalampa	1
¯dimakalampana	1
¯dimakaleli	4
¯dimakalelina	5
¯dimakalosana	1
¯dimakalu´u	4
¯dimakamai	1
¯dimakamaikai	1
¯dimakamaikaina	1
¯dimakamaina	2
¯dimakambalina	1
¯dimakambi´a	1
¯dimakambora	2
¯dimakamborana	3
¯dimakamori	6
¯dimakampendena	1
¯dimakanajis	1
¯dimakanajo-najo	1
¯dimakancajana	1
¯dimakancara	1
¯dimakancarana	3
¯dimakancihi	1
¯dimakancipa	1
¯dimakancoki	2
¯dimakancokina	1
¯dimakanda¯di	2
¯dimakanda¯dina	8
¯dimakandeu	5
¯dimakandihana	1
¯dimakandumbana	1
¯dimakangampu	4
¯dimakangampuna	1
¯dimakangangona	1
¯dimakanggica	1
¯dimakanggori	3
¯dimakanggorina	4
¯dimakangu´e-nga´e	1
¯dimakani	3
¯dimakantantuna	1
¯dimakapana	1
¯dimakapasakana	3
¯dimakapastina	2
¯dimakapea-pea	1
¯dimakapenti	1
¯dimakapoda	2
¯dimakarawi	32
¯dimakarawina	11
¯dimakarongga	3
¯dimakaronggana	5
¯dimakaruku	1
¯dimakasalama	13
¯dimakasalamana	7
¯dimakasampuruna	1
¯dimakasana	1
¯dimakasi	2
¯dimakasuna	1
¯dimakasungge-sungge	2
¯dimakasungge-sunggena	2
¯dimakatada	3
¯dimakatadana	6
¯dimakataho	4
¯dimakatahona	3
¯dimakatantuna	3
¯dimakataroana	2
¯dimakateka	1
¯dimakatenggo	3
¯dimakatenggona	5
¯dimakaterana	1
¯dimakato´i	1
¯dimakau	6
¯dimakauna	1
¯dimakawara	1
¯dimakawarana	5
¯dimakawokona	1
¯dimakawontu	2
¯dimaka¯bini	1
¯dimaka¯boro	2
¯dimaka¯bua	1
¯dimaka¯dese	6
¯dimaka¯dihi	3
¯dimaka´a	3
¯dimaka´aona	1
¯dimaka´elina	1
¯dimaka´ihana	1
¯dimaki¯di	4
¯dimakoa	2
¯dimakuasa	1
¯dimakuasakai	2
¯dimakuasakaina	1
¯dimalampa	4
¯dimalao	31
¯dimala¯bo	1
¯dimala¯bona	1
¯dimaleli	8
¯dimalelimpa	1
¯dimalembo	1
¯dimalenga	1
¯dimalewa	8
¯dimalia	4
¯dimaloa	12
¯dimaloana	3
¯dimalondo	3
¯dimalosa	4
¯dimaluana	1
¯dimalu´u	15
¯dimamaco	1
¯dimamade	35
¯dimamai	93
¯dimamaja	1
¯dimamale	1
¯dimamangaku	4
¯dimamangakuna	1
¯dimamango	4
¯dimama¯bu	3
¯dimambali	1
¯dimambani	1
¯dimambei	40
¯dimambeimu	3
¯dimambeina	10
¯dimambisa	1
¯dimambora	22
¯dimamboto	3
¯dimambou	1
¯dimambua	5
¯dimameci	6
¯dimamoda	2
¯dimamori	42
¯dimampoi	1
¯dimampongi	1
¯dimamurta	4
¯dimamusu	1
¯dimamu¯bu	1
¯dimanaha	3
¯dimanaha-naha	1
¯dimanangi	13
¯dimana´e	3
¯dimana´ekai	3
¯dimana´ekaina	3
¯dimancao	3
¯dimancewi	4
¯dimancihi	2
¯dimancoki	3
¯dimancundu	1
¯dimandawi	6
¯dimandawina	2
¯dimanda¯di	189
¯dimandore	2
¯dimanefana	1
¯dimanemba	7
¯dimaneo	4
¯dimane´e	3
¯dimangaha	17
¯dimangaku	2
¯dimangangompa	1
¯dimangawa	2
¯dimangena	1
¯dimanggadu	8
¯dimanggaduna	4
¯dimanggahi	22
¯dimanggahina	2
¯dimanggana	3
¯dimangge´e	12
¯dimangge´empa	1
¯dimanggori	1
¯dimangoa	47
¯dimangoamu	1
¯dimangoana	6
¯dimangolu	1
¯dimangupa	5
¯dimanifi	1
¯dimanika	3
¯dimanono	8
¯dimantandana	1
¯dimantangga	1
¯dimantau	6
¯dimantoi	2
¯dimanuntu	18
¯diman¯dadi	1
¯dimapaki	2
¯dimapakona	1
¯dimaparakarana	1
¯dimaparalu	1
¯dimaparenta	10
¯dimaparentakai	1
¯dimaparesa	12
¯dimaparesana	2
¯dimapata	4
¯dimapa¯bua	2
¯dimapehena	2
¯dimapoda	1
¯dimapoda-poda	1
¯dimapoke	2
¯dimapua	1
¯dimapula	1
¯dimaraho	10
¯dimarai	5
¯dimaraka	34
¯dimarakana	4
¯dimaraso	1
¯dimarawa	2
¯dimaremba	1
¯dimarenta	3
¯dimarere	3
¯dimarindi	2
¯dimaringa	7
¯dimaringana	2
¯dimaringga	1
¯dimaroci	2
¯dimaroi	5
¯dimarongga	1
¯dimarugi	1
¯dimarukai	1
¯dimarundu	1
¯dimarungka	5
¯dimasaba	1
¯dimasadia	3
¯dimasakaka	2
¯dimasalama	14
¯dimasala´i	1
¯dimasala´ina	2
¯dimasalib	2
¯dimasalo´a	1
¯dimasama	1
¯dimasama-sama	2
¯dimasampuru	1
¯dimasana	3
¯dimasanawa	1
¯dimasandaka	3
¯dimasandakamu	1
¯dimasarahi¯do	1
¯dimasarambakaina	1
¯dimasatando	1
¯dimasatando-Na	1
¯dimasa¯bua	2
¯dimasa¯buana	1
¯dimasa´ala	1
¯dimasa´alakaimu	1
¯dimasinci	2
¯dimasiwina	1
¯dimaso¯di	2
¯dimasumpana	1
¯dimasuna	1
¯dimasusa	10
¯dimasuwuna	1
¯dimatada	6
¯dimataha	1
¯dimataho	10
¯dimatangguna	4
¯dimatapa	1
¯dimatapana	1
¯dimatarima	47
¯dimatarimana	4
¯dimatau	1
¯dimatei	7
¯dimateina	4
¯dimateka	1
¯dimatio	3
¯dimatipu	1
¯dimatoba	1
¯dimatoho	1
¯dimatonda	1
¯dimatonda-tonda	1
¯dimatopana	1
¯dimato¯ba	2
¯dimato´a	3
¯dimatula	1
¯dimatundu	1
¯dimatunti	1
¯dimatuntina	1
¯dimaturu	7
¯dimatuwuna	1
¯dimatu´u	14
¯dimatu´una	2
¯dimawara	18
¯dimawati	2
¯dimawa´a	7
¯dimawa´ana	1
¯dimawa´u	5
¯dimaweha	8
¯dimawinte	1
¯dimawi´i	1
¯dimawoko	3
¯dimawonto	1
¯dimawontu	12
¯dimawujana	1
¯dimawukai	2
¯dimawule	1
¯dimawura	1
¯dima¯bade	11
¯dima¯badena	2
¯dima¯baka	3
¯dima¯bakana	1
¯dima¯batena	1
¯dima¯batu	15
¯dima¯batuna	1
¯dima¯ba¯buna	1
¯dima¯bila-¯bila	1
¯dima¯boe	1
¯dima¯boha	3
¯dima¯bonto	1
¯dima¯damana	2
¯dima¯dandana	1
¯dima¯dende	3
¯dima¯dikina	1
¯dima¯donggo	17
¯dima¯donggona	1
¯dima¯dumba	1
¯dima¯duru	1
¯dima´adi	1
¯dima´adina	2
¯dima´ala	1
¯dima´ao	11
¯dima´eda	34
¯dima´edana	4
¯dima´ederahi¯di	1
¯dima´iha	5
¯dima´imbi	9
¯dima´imbikai	2
¯dima´imbina	1
¯dima´ingkana	1
¯dima´iu	16
¯dima´oko	2
¯dima´ompukaina	1
¯dima´ongko	2
¯dima´orona	1
¯dima´osa	1
¯dima´osana	1
¯dima´ou	6
¯dima´ufi	1
¯dima´uji	2
¯dima´ulu	2
¯dima´ulukai	1
¯dima´umbu	1
¯dima´unda	1
¯dima´uru	2
¯dima´usaha	1
¯dima´usahana	1
¯dimbei	18
¯dimbeikai	1
¯dimbeikaimu	3
¯dimbeina	3
¯dimbe¯dikai	1
¯dimeci	3
¯dimorimu	1
¯dina	3
¯dincai	2
¯dincokikai	1
¯dindaina	1
¯dindi	1
¯dinemba	1
¯dinembakai	1
¯dinenti	1
¯dine´e	4
¯dine´ekai	1
¯dine´ena	1
¯dingaha	1
¯dinggahi	2
¯dinggorikaina	1
¯dingoa	14
¯dinono	1
¯dintanda	2
¯dintewikai	2
¯dipaha	2
¯dipakasa	1
¯dipaki	15
¯dipako	1
¯diparenta	2
¯diparentakai	1
¯diparesa	6
¯diparesakai	1
¯dipatakai	1
¯dipa¯bua	8
¯dipehe	2
¯dipehekai	25
¯dipita	1
¯dipokekai	2
¯dipua	1
¯dipuasakaina	1
¯dipuri	1
¯dirahasia	2
¯diraho	2
¯dirahokaimu	1
¯dirakakai	2
¯dirakakaimu	3
¯dirakakaina	1
¯dirakane´e	2
¯dirasake	1
¯direre	1
¯diroi	6
¯dirungka	1
¯diru´u	245
¯diru´u-Ku	1
¯diru´u-Mu	3
¯diru´u-Na	1
¯diru´umu	6
¯diru´una	2
¯disadekakai	1
¯disalib	8
¯disamenana	2
¯disampuru	1
¯disanggo	1
¯disara´a	1
¯disara´ana	5
¯disa¯bua	4
¯disia¯doho	1
¯disuna	2
¯ditaha	1
¯ditahokaina	1
¯ditanda	1
¯ditando	53
¯ditando-Na	3
¯ditandona	1
¯ditangara	1
¯ditangarakai	4
¯ditanggu	1
¯ditarima	1
¯ditau	1
¯ditenggo	1
¯ditipukaina	1
¯ditonda-tonda	1
¯ditonggukai	1
¯dito´akai	1
¯ditunti	2
¯diwakatu	1
¯diwana-Ku	1
¯diwarakai	1
¯diwawo	1
¯diwa´a	9
¯diwa´u	4
¯diweha	7
¯diwehakai	1
¯diweli	1
¯diwi´i	4
¯diwoha	22
¯diwombo	1
¯diwongge	1
¯diwonto	1
¯di¯bade	3
¯di¯badekai	1
¯di¯badekaimu	3
¯di¯baka	3
¯di¯ba¯bu	4
¯di¯ba¯bukai	2
¯di¯boe	1
¯di¯boru	2
¯di¯bo´o	1
¯di¯bo´okai	2
¯di¯da	1
¯di¯dana	2
¯di¯danda	1
¯di¯dende	1
¯di¯denikai	1
¯di¯diki	3
¯di¯disi	1
¯di¯do	1
¯di¯donggo	11
¯di¯donggokaina	1
¯di¯donggombei	1
¯di´ademu	2
¯di´adi	2
¯di´ato	1
¯di´eda	2
¯di´edamu	1
¯di´ihakai	1
¯di´imbi	2
¯di´iumu	1
¯di´iuna	1
¯di´ou	2
¯di´uji	3
¯di´umana	1
¯do	3
¯doho-Na	1
¯dohomu	1
¯dohona	5
¯doku	2
¯domaina	1
¯dona	2
¯dondo	5
¯dondo-¯dondo	1
¯dondona	3
¯donga	2
¯dongana	6
¯donggo	118
¯donggokaina	4
¯donggoku	2
¯donggomu	4
¯donggona	24
¯donggopu	1
¯do´o	37
¯do´oku	2
¯do´ona	18
¯do´osi	1
¯dua	238
¯dua-¯duana	3
¯duakaina	1
¯duana	51
¯dumba	7
¯dumbakai	1
¯dunggi	1
¯dupa	6
¯dupakai	1
¯duru	9
´	224
