(	4
)	4
,	5374
.	2674
:	78
;	853
?	131
A	1
Abaddon	1
Abel	7
Aberam	64
Abereyam	134
Abida	1
Abimahel	1
Abimelek	23
Able	1
Abraham	3
Ada	8
Adam	23
Adbel	1
Adetka	1
Adma	3
Adulami	3
Aguyapi	5
Aholibama	7
Ahuzat	1
Akad	1
Akbor	2
Ake	4
Akiĥan	1
Alan	1
Almodad	1
Alpha	4
Alwa	1
Amayuštan	1
Ameleqe	2
Ameleqi	1
Amen	16
Amnos	28
Amon	1
Amori	6
Amrapel	2
Ana	9
Anagoptan	1
Anamayakiĥbe	1
Anamim	1
Aner	2
Anpao	2
Anpe	2
Anpetu	16
Antipas	1
Apoluon	1
Aqan	1
Aradi	1
Aram	15
Arami	5
Aran	1
Ararat	1
Arba	2
Ared	1
Areli	1
Ariyok	2
Armagedon	1
Arodi	1
Arpakšad	6
Asenat	3
Aser	1
Asia	3
Atad	2
Ate	16
Ateya	1
Ateyapi	22
Atkuku	3
Au	1
Awicakehan	5
Awit	1
Aya	1
Ašbel	1
Ašer	4
Aškenas	1
Ašteret	1
Ašur	4
Ašurim	1
Babel	2
Babulon	7
Balaam	3
Balak	1
Balhenan	2
Basmat	6
Bedad	1
Bedola	1
Behor	1
Bela	5
Benami	1
Benjamin	19
Benoni	1
Bera	1
Bered	2
Beri	1
Beriya	2
Beršeba	11
Betel	13
Betlehem	2
Betuel	9
Bilha	9
Bilhan	1
Birsa	1
Bithunia	1
Bosor	1
Bozra	1
Buz	1
Camo	2
Can	5
Canku	1
Canpahmihma	1
Cantemakiyapo	1
Canteptanyanpi	1
Cantiheyayapi	1
Cawila	1
Ce	1
Ceciciya	5
Ceciya	2
Ceciye	1
Ceye	1
Cinca	2
Cincu	1
Cinhhintkuyapi	1
Cinhintku	24
Cinhintkuyapi	3
Cinkši	1
Cinye	1
Coba	1
Conkaške	1
Damaskon	1
Damaskos	1
Dan	6
Dawid	3
De	14
Debora	1
Decehnana	2
Deciya	4
Deciyatanhan	5
Dedan	3
Dehan	3
Demetrios	1
Den	2
Dena	2
Detanhan	5
Dina	7
Dinaba	1
Diotrephes	1
Diqela	1
Dišan	2
Dišon	5
Dodanim	1
Dotan	2
Duma	1
Ebake	1
Ebal	1
Eca	1
Ecadan	1
Ecah	2
Ecin	4
Eden	6
Eder	1
Edom	13
Egupta	73
Egupton	24
Ehaeš	2
Ehake	3
Ehanna	1
Ehanqon	4
Ehdaku	1
El	5
Ela	1
Elam	2
Elasar	2
Eldaha	1
Eliezer	1
Elijah	1
Elipaz	7
Eliša	1
Elon	3
Emim	1
Enitanhanpi	1
Enoš	6
Epa	1
Ephesos	2
Epraim	11
Eprata	4
Epron	12
Er	5
Erek	1
Eri	2
Esa	76
Esek	1
Etzer	2
Ewe	2
Eye	3
Ezebon	1
Ezer	1
Ešban	1
Eškol	2
Gad	5
Gaham	1
Galatia	1
Galed	2
Gatam	1
Gatama	1
Gayos	1
Gazu	1
Gera	1
Gerar	8
Geršon	1
Geter	1
Gilead	3
Gileyad	1
Girgaši	1
Girgiši	1
Giĥon	1
Gog	1
Goim	2
Gomer	2
Gomora	9
Gomorra	2
Gošen	10
Guni	1
Hada	1
Hadad	2
Hadar	1
Hades	6
Hadoram	1
Hagar	14
Hai	2
Hakakta	1
Han	7
Hanok	1
Hanyen	1
Hanyetu	2
Haran	13
Hareqi	1
Hawila	1
Hazazon	1
Hdehdegapi	1
Hdehdezapi	1
He	47
Heber	7
Heberi	6
Hebrew	2
Hecamon	1
Hecanon	2
Hececa	3
Hecen	52
Hecetu	6
Heciya	4
Heciyatanhan	2
Hedeqel	1
Hehan	162
Hehehe	3
Hehen	1
Hekta	1
Helenes	1
Heman	1
Hen	4
Hena	44
Henakiya	1
Henok	10
Heon	46
Heper	1
Hetne	1
Hi	1
Hinhan	1
Hinĥpaya	2
Hiya	7
Ho	2
Hokšidan	13
Hokšiyopa	6
Hokšiyoqopa	1
Hori	1
Hotankakiya	1
Hunka	9
Hunkake	1
Hunkakeniyanpi	1
Hunkakeyapi	1
Hunkawanjinkiciyapi	4
Hunkayapi	2
Ia	1
Iapi	1
Icagapi	3
Icu	2
Idlap	1
Igar	1
Ihang	1
Ihanhanna	2
Ihdaka	1
Ihduecetu	1
Ihdutokanpi	1
Ihduzapi	1
Ihdušake	1
Ihnuhan	10
Iho	42
Ihopo	11
Ihunhan	1
Ikcewicašta	6
Inaĥnipo	1
Inyan	3
Irad	2
Iram	1
Isaak	1
Isakar	5
Isan	2
Iska	1
Israel	46
Itancan	90
Itawankanhde	1
Itazipa	1
Ite	2
Ito	7
Itokam	1
Itpi	1
Iwaha	1
Iwanihdaka	1
Iwanihdake	1
Iwankapi	1
Iye	25
Iyokišicapi	1
Iyokišinya	1
Iyomakišica	1
Iyomakišice	1
Iyonicišice	1
Iyotan	11
Iyoyag	1
Izak	84
Iš	2
Išbak	1
Išmayel	16
Išmayeli	4
Išta	5
Jabel	1
Jabok	1
Jakin	1
Jakob	193
Jalam	3
Jalel	1
Jamin	1
Japet	10
Jawan	2
Jaĥzel	1
Jebusi	2
Jehowa	165
Jehus	3
Jemuel	1
Jera	1
Jered	5
Jerusalem	3
Jesus	56
Jetet	1
Jetur	1
Jezebel	1
Jezer	1
Jimma	1
Jiteran	1
Jišwa	1
Jišwi	1
Job	2
Jobab	2
Jobal	1
Johannes	5
Joktan	3
Jokšan	2
Jordan	5
Josep	174
Joseph	1
Jubal	1
Juda	30
Judas	1
Judit	1
Kaken	7
Kaksiza	1
Kala	2
Kalne	1
Kanan	46
Kanani	11
Kappadokia	1
Kaptorim	1
Karmi	1
Kasluhim	1
Kašdim	3
Kaška	1
Kedorlahomer	4
Kenaz	1
Keni	1
Keran	1
Kerubim	1
Kesed	1
Kezib	1
Kigepi	1
Kiktahan	2
Kinhan	11
Kitim	1
Kokipe	1
Konzapi	1
Kore	1
Kowakipe	1
Koška	1
Koškapi	2
Kukuše	1
Kuria	2
Kuwa	2
Kuš	4
Laban	59
Lamek	7
Laodikia	2
Lasa	1
Leba	1
Leha	31
Lehabim	1
Lemek	3
Letušim	1
Lewi	7
Lot	34
Lotan	4
Lud	1
Ludim	1
Lumim	1
Luz	3
Madai	1
Maga	6
Magdiyel	1
Magog	2
Mahaka	1
Mahalat	1
Mahalele	5
Mahentu	1
Maka	10
Makanopiye	1
Makir	1
Makita	1
Makiyušepi	1
Makoce	18
Makpela	6
Malkiyel	1
Mamore	11
Manasse	1
Manaĥat	1
Manaše	10
Manke	1
Markos	1
Masa	1
Masrika	1
Mate	1
Matred	1
Mayadawašte	1
Mayuha	2
Mayuhe	8
Maza	2
Mazaska	6
Mazaskazi	1
Maĥanaim	1
Maĥpiya	11
Maš	1
Mdaye	11
Mde	1
Mecujael	2
Medan	1
Mehetabel	1
Melkizedek	1
Merari	1
Messiya	66
Messiye	1
Metušael	1
Metušela	5
Mezahab	1
Meša	1
Mešek	1
Mibsar	1
Mibšam	1
Micante	1
Mici	3
Micinca	4
Micinkši	12
Micunkši	2
Midian	3
Midiani	2
Mihihna	1
Miho	1
Mihu	2
Mihunkawanji	13
Mikael	2
Mikiyedan	1
Milka	7
Minagi	1
Mini	7
Miniwanca	2
Miniyowe	2
Miniĥdoka	2
Miniša	1
Misunka	1
Mitamakoce	2
Mitankši	3
Mitaoyate	2
Mitawaĥpaya	1
Mitawin	4
Mitawinoĥtin	1
Mitinazipe	1
Miyahna	1
Miye	14
Miza	2
Mizarim	3
Miš	17
Mišma	1
Mišpat	1
Mnaja	2
Mnayanpi	1
Mniciyapo	1
Moab	3
More	1
Moriya	1
Moses	2
Mupim	1
Naaman	1
Nahama	1
Nahaĥin	2
Nahon	1
Najin	8
Nakaeš	1
Nakaha	4
Nakaun	1
Nakun	9
Napa	1
Nape	1
Napepi	1
Napiš	1
Naptuhim	1
Nawaĥon	1
Naĥat	2
Naĥon	1
Naĥor	16
Nebayot	3
Neptali	4
Nepthalim	1
Ni	1
Nicaje	1
Nicajeyan	1
Nicantepi	1
Nicinkši	6
Nicinye	5
Nicite	2
Nihduhapi	1
Niho	1
Nihunka	1
Nihunkawanji	1
Niite	2
Nikiyedan	1
Nikoleton	2
Nimrod	2
Nina	1
Ninape	2
Niniwe	2
Nioĥan	7
Nioĥanpi	1
Nisunka	5
Nisunkapi	5
Nita	1
Nitahokšidan	1
Nitakoš	1
Nitamakoce	1
Nitamni	1
Nitanka	1
Nitaokiye	3
Nitapi	1
Nitawin	1
Nitašicecapi	1
Nitomniciyepi	1
Niyate	8
Niyatepi	4
Niye	9
Niyepi	6
Niyuhe	1
Niš	5
Nod	1
Nom	2
Nowa	45
Obal	1
Odakonciciya	1
Odowan	1
Ohad	1
Ohinniyan	1
Ohnihde	1
Oie	2
Ointpa	1
Oiyotanke	2
Ojanjan	1
Okini	13
Okiĥpapi	1
Okodakiciye	1
Okotonyan	1
Oliwe	2
Om	1
Omakiyaka	1
Omar	2
Omayakidaka	1
Omdaye	2
Omega	4
On	3
Onan	6
Onapa	1
Opaĥdeca	1
Opeuntonpo	1
Opir	1
Optaye	2
Otancanke	1
Otoiyohi	2
Otokahe	2
Otokaheya	1
Otonwe	7
Owasin	4
Owihanke	1
Owotanna	1
Oyanke	1
Oyate	6
Ozuye	1
Oĥan	2
Pa	1
Paha	3
Pahu	1
Palos	1
Palu	1
Paran	2
Parez	1
Paro	92
Partusim	1
Patmos	1
Peji	2
Peleg	5
Perazi	3
Perez	2
Pergamos	2
Philadelphia	2
Pikol	2
Pildaš	1
Pilištim	8
Pinon	1
Piya	2
Pišon	1
Pontus	1
Potipar	2
Potipera	3
Psipsicadan	1
Pte	2
Put	1
Puwa	1
Qa	495
Qadeš	3
Qadmoni	1
Qain	20
Qarnayim	1
Qedar	1
Qedma	1
Qehat	1
Qemuel	1
Qenan	5
Qenaz	2
Qenizi	1
Qetura	2
Qiratayim	1
Qora	4
Rahab	1
Rahama	2
Rameses	1
Raĥel	43
Rebeka	31
Rehobot	2
Repaim	2
Resen	1
Reyu	4
Reĥobot	1
Ripat	1
Roš	1
Ruben	14
Ruhel	5
Ruma	1
Sabaoth	1
Sabta	1
Sabteca	1
Salem	1
Samla	2
Sara	40
Sardis	3
Sari	17
Satan	8
Sdonwaye	1
Sehir	9
Seper	1
Sera	1
Sered	1
Serug	4
Set	7
Sidim	3
Siha	1
Siluanos	1
Simon	1
Sini	1
Sitna	1
Smurna	2
Sodam	1
Sodom	23
Sukot	2
Sumeon	1
Sunka	4
Sunkayayapi	1
Sutaya	1
Tacanĥpipi	1
Tado	1
Takokadan	1
Taku	87
Takudan	1
Takukiciyapi	2
Tamar	7
Taniya	6
Tankan	2
Tanyan	2
Taokiye	1
Taršiš	1
Tatokadan	1
Tawaiciyapi	1
Taĥin	1
Taĥinca	3
Taĥos	1
Tašunke	1
Teba	1
Teman	5
Tera	9
Thuatira	3
Tidal	2
Timdo	2
Timna	3
Timnat	3
Tiras	1
Tiyopa	1
Togarma	1
Tohan	3
Tohantu	1
Tohanyan	2
Tohini	1
Tokag	1
Tokaheya	2
Tokan	1
Tokapa	2
Tokata	1
Tokeca	14
Token	8
Tokešta	3
Tokin	14
Tokiyatanhan	1
Tokokipe	2
Tola	1
Tona	16
Towicake	1
Toĥtani	1
Tubal	3
Tuka	108
Tukten	2
Tuwe	93
Tuwedan	2
U	5
Uncantepi	1
Unhdokinica	1
Unkahinĥpayapi	1
Unkan	996
Unkanitonwanpi	1
Unkitawinoĥtinpi	1
Unkiye	3
Unkiyepi	2
Unkiš	1
Unkokitpanipi	1
Unktepi	1
Unyuhapi	1
Upi	1
Ur	3
Utuhu	1
Uz	3
Uzal	1
Waawanhdake	1
Waayatanin	1
Waayatesa	1
Waayupte	1
Wacantkiyapi	3
Wacin	1
Wacinnitanka	1
Wacinyan	1
Wacinyanpi	2
Wacinyayapi	2
Wahde	1
Wahi	1
Wakan	19
Wakanmatanka	1
Wakantaka	1
Wakantan	1
Wakantanka	427
Wakantankapi	2
Wakanyan	1
Wakanšica	8
Wakeya	2
Wakiškotpa	3
Wamakanka	1
Wamanica	3
Wamayanon	1
Wamdenica	1
Wamduška	3
Wanhinkpe	1
Wani	1
Wanica	1
Wanikiya	6
Wanikiye	2
Waniyetu	7
Wanji	3
Wanjidan	1
Wankantanka	1
Wankapi	1
Wanna	44
Wanuyanpi	3
Wanyaka	11
Wanyakape	1
Wanyakapo	2
Wapepeka	1
Waqinpi	1
Waskuyeca	1
Wata	3
Wate	1
Watonikapa	1
Watpa	1
Waunĥtanipi	1
Wawaĥtani	1
Wawicaĥye	1
Wawiciya	1
Wawiciĥaĥapi	2
Wawiyukcan	1
Wayaco	3
Wayaĥtanipi	2
Wazi	1
Waĥanĥanicidaya	1
Waĥtanipi	1
Wašake	3
Waštecicida	3
Waštecicidapi	9
Weyapi	1
Wi	3
Wica	1
Wicaakiĥan	1
Wicaceje	1
Wicaceji	1
Wicaceĥpi	1
Wicacinca	1
Wicahnaye	1
Wicai	1
Wicake	1
Wicanagi	1
Wicanĥpi	3
Wicatancan	1
Wicayakapi	1
Wicayapotapi	1
Wicaĥapi	1
Wicašta	46
Wicaštayatapi	8
Wicinyanna	1
Wicišpa	1
Wicocanniye	1
Wicoicage	5
Wicoie	2
Wicokakije	5
Wicoksape	1
Wiconi	4
Wiconte	2
Wicota	1
Wicowazi	1
Wicoĥtani	3
Wiinayaĥmanpi	1
Wijicapi	1
Wikcemna	2
Wikokša	1
Wikopapi	1
Wikopešni	1
Wikoška	8
Wimajica	1
Winoĥinca	9
Wita	1
Witkopi	1
Witkotkoya	1
Witkowin	2
Wiwahanmde	2
Wiwazica	1
Wiyahanmde	1
Wiyahanmnapi	1
Wiyatke	1
Wiyohiyanpa	1
Wiyohiyanpata	1
Wiyopeunyanpi	1
Wiyotanhan	1
Wkantanka	1
Woahope	2
Woaiĥpeye	1
Woanaĥbe	1
Woape	1
Woaĥtani	2
Woecon	1
Wokcanpi	1
Wokoyake	1
Woniya	27
Wookiye	2
Woope	1
Woowotanna	1
Wopida	1
Woteca	3
Woteĥi	1
Wowaonšida	4
Wowapi	8
Wowašake	1
Wowašte	2
Wowicake	4
Wowidake	3
Wowihanmde	2
Woyawašte	1
Woyuha	2
Woĥa	1
Wošnapi	3
Yadapi	1
Yapi	1
Yatkan	3
Yatkepicašni	1
Ye	1
Yuha	1
Yuphrate	4
Zabulon	1
Zaniyan	2
Zaptan	1
Zara	1
Zawan	1
Zeboim	3
Zebulon	4
Zemari	1
Zepo	2
Zera	4
Zibeon	6
Zidon	3
Zila	3
Zilpa	8
Zimran	1
Zion	2
Zipeyon	1
Zohar	10
Zuzim	1
abaksapi	1
acaĥšdaya	1
aceyapi	5
acihdi	2
acihnakapi	1
aciyupte	1
aciyuštan	1
aconkaškapi	1
acuya	1
adapi	2
adetka	4
adipi	3
aduptapi	1
aduštan	2
aguyapi	39
agya	1
ahanzi	1
ahaĥpe	1
ahd	1
ahda	1
ahdapi	1
ahdatapi	1
ahde	3
ahdipi	1
ahekiye	1
ahi	5
ahiju	1
ahinhe	4
ahinheya	1
ahinheye	1
ahinĥpaya	1
ahinĥpaye	5
ahipi	3
ahiyayapi	2
ahiyaye	1
ahna	8
ahnahna	4
ahopapi	1
ahyayapi	1
aicaga	6
aicagapi	1
aicage	14
aicaĥya	1
aiciciya	4
aicipapi	1
aide	1
aideye	1
aie	2
aigage	1
aihdaĥpa	1
aihdaĥpe	2
aihduhe	2
ainyankapi	1
aisinyan	3
aiyahdeya	2
aiyog	3
aiĥpeunkiyapi	1
aiĥpeya	1
akan	169
akantanhan	2
akantu	5
akanškan	1
akapa	1
akapatanhan	2
akasanpa	2
akaĥpapi	1
akaĥpe	9
akaštan	11
ake	100
akenonpa	1
akenonpapi	1
akeš	1
akiceya	2
akiceye	1
akiciiapi	1
akicikta	1
akicita	8
akicitonwan	1
akidecen	1
akidehankeca	1
akihde	13
akiktonja	3
akiktonje	2
akiktunjapi	1
akiktunš	1
akinicapi	7
akipam	6
akipapi	1
akipe	4
akita	2
akitapi	4
akite	4
akiyahdapo	1
akiyahde	1
akiĥanpi	1
akotanhan	1
amagaju	2
amakiya	1
aman	1
amanipi	1
amathustos	1
amatonwe	1
amau	2
amaupi	1
amayadapi	1
amayade	1
amayadupte	1
amayan	1
amaye	1
amayuštan	1
aminitan	2
amnaiciyapi	1
amnaniciyapi	1
amnitanwicaya	1
an	1
anagoptan	7
anagoptanpi	3
anagoptanpo	2
anakicigoptan	3
anakicigoptanpo	1
anakigoptan	1
anakigoptanpi	1
anakipte	1
anakiĥbe	1
anamagoptan	1
anamagoptanpi	1
anamakigoptan	3
anamayagoptanpi	1
ananigoptanpi	1
anaungoptanpi	4
anaungoptanpo	1
anaunkiĥmapi	1
anauntanpi	1
anaunyagoptanpi	1
anaunĥman	1
anawakiĥbe	1
anawicagoptan	4
anawicagoptanpi	1
anawicakiĥbe	1
anawicatan	1
anawicungoptanpi	1
anayagoptan	2
anayagoptanpi	2
anaĥmanpi	1
anicipe	1
anihdapi	1
anihde	1
anihduhe	1
anihinĥpaya	1
anikpatanpi	1
anipapi	1
aniputake	1
anisnipi	1
aniu	1
aniupi	1
aniyanpi	1
aniyuštan	2
anniiapi	1
anog	3
anokatanhan	3
anoĥwicakiciya	1
anpao	7
anpe	6
anpetu	149
anposkan	2
aohduteyapi	3
aokapota	1
aopten	1
aoptetu	1
aotpaza	1
apaha	2
apamahde	3
apapi	3
apatuja	1
apawinta	1
apaĥta	3
apaĥtapi	2
apašbog	1
ape	13
apepi	2
apuspa	2
apuspapi	1
apuspe	1
aputaka	2
aputake	1
aqin	1
aqinpi	1
asamyapi	1
asanpi	4
asdohan	5
asni	1
asniniyanpi	1
asniye	1
aspe	1
aspeunkiye	1
atakuni	4
atakunišni	1
atanin	1
atateyanpa	1
atayedan	3
ate	56
ateunyanpi	1
ateyapi	15
atkuku	85
atonwan	1
atonwe	2
atpapson	1
au	10
aupi	7
aupo	2
awacin	1
awacinpi	1
awahdi	2
awahi	1
awakicin	2
awakicinpi	1
awakita	1
awakite	4
awanciyake	2
awandake	1
awanhdag	1
awanhdakapi	1
awanhdake	1
awanicinpi	1
awanmayake	1
awanmdake	1
awanmiyecidake	1
awanniyakapi	1
awanwicadakapi	1
awanwicamdake	1
awanwicayag	1
awanwicunyakapi	1
awanyag	4
awanyakapi	1
awanyake	6
awape	1
awau	1
awektonje	1
awektunje	1
awicahdi	1
awicahi	1
awicahinhe	1
awicahinĥpaya	1
awicahipi	1
awicahiyayapo	1
awicai	1
awicaie	1
awicaipi	2
awicakehan	7
awicakicaga	1
awicamnimni	1
awicapapi	1
awicape	2
awicatonwan	2
awicau	1
awicaupi	1
awicawakita	1
awicaya	1
awicayahda	1
awicayaku	1
awicayapi	1
awicaye	4
awicayuha	1
awicayuptapi	1
awicayuštan	1
awihnuni	6
awihnuniiciye	1
awihnuniniyanpi	1
awihnunipi	1
awimahnuni	1
awiunhnunpi	1
aya	16
ayadi	1
ayahdapi	1
ayai	1
ayakinicapi	1
ayakipapi	2
ayakita	1
ayakonpi	2
ayanicapi	1
ayape	2
ayapepi	2
ayapi	5
ayate	2
ayatonwanpi	1
ayaštan	6
ayaštanpi	3
aye	14
ayuhapi	1
ayupta	2
ayuptapi	4
ayupte	9
ayuštan	9
ayuštanpi	6
ayuštanpica	1
aze	1
azi	1
azin	4
azinkiyapi	1
azinkiye	1
azuwicaya	1
azuwicayapi	1
azuwicaye	3
azuye	1
ašamwicayapi	1
ašamya	1
ašamyapi	1
ašamye	1
ašapa	1
ašapapi	2
ašape	4
aškadan	3
aškanškan	3
aškatudan	2
aškayedan	1
ašpanwicaye	1
bakiciĥdayapi	1
bakiĥayapi	1
bakiĥdaya	1
bakiĥdayapi	4
baksa	1
baksapi	1
banicihdayapi	1
baniciksapi	1
baniciĥdayapi	1
baptem	1
baunkiĥdayapi	2
bawicakihdaya	1
bawicaksapi	1
bawicaĥdayapi	2
baĥdayapi	4
bašdapi	1
bašpapi	1
bašpe	1
berulos	1
bitumen	2
bosdan	1
c	1
ca	574
cadotahedan	1
cahota	1
caje	42
cajedatapi	2
cajedate	1
cajeniyatapi	2
cajepi	7
cajewicayatapi	1
cajeyan	2
cajeyata	2
cajeyatapi	4
cajeyate	7
camapapi	1
camo	22
can	62
cancanpi	1
cancega	1
candowankiyapi	6
cane	1
canha	1
canhaka	1
canhanpi	2
canksiksi	1
canku	25
canniniye	1
canniye	10
canpahmihma	8
canpeška	8
cansakadan	1
cante	24
cantekiciya	1
cantekiya	1
cantekiye	1
canteptanye	1
canteunkiciciyapi	4
canteunkiyapi	6
cantewicawakiye	1
canteyeciyuzapi	1
canteyuze	1
cantiheniye	1
cantiheya	2
cantiheyapi	7
cantiheyayapi	3
cantiheyaye	1
cantiheye	3
cantiyahdeya	1
cantohnag	1
cantonihnake	1
cantowicahnaka	1
canĥpi	3
canšin	4
capapi	2
catka	5
cawicape	1
caĥdi	3
caĥota	1
caĥtowata	2
caš	49
cašte	1
cašton	6
caštonpi	1
ce	373
ceca	5
ceciciya	4
ceciciyapi	3
ceciciyapice	1
ceciciye	3
ceciya	2
ceciye	1
cecunte	1
cecuntoštan	1
cedi	1
cedihu	2
cehan	34
ceji	2
cejipi	1
cekiyapi	4
cekiye	4
cekpa	2
cemiciyapi	1
cemyakiyapi	1
cepa	4
cepapi	1
ceteta	5
cetete	1
cetonwicahda	1
cetunhda	1
cetunhdapi	1
ceunkiyapi	1
ceunniciyapi	1
cewakiya	2
ceya	13
ceyapi	9
ceye	2
ceĥpi	21
cicaga	2
cicagapi	17
cicage	6
cicai	1
cicaupi	1
cici	2
cicicahdi	2
cicidowan	1
cicipazo	3
ciciya	1
ciciyahoton	1
ciciyasuta	1
ciciye	10
cicu	24
cicupi	10
cihi	4
cihnaye	1
cii	1
cikcistina	3
cikcistinpidan	9
cin	1005
cinahan	1
cinca	188
cincadan	8
cincapi	4
cincapidan	1
cincatonkiyesa	1
cincatonpi	1
cincawicaye	1
cincin	1
cincu	27
cinhan	70
cinhintku	79
cinka	2
cinkši	73
cinkšiwaye	1
cinkšiwicaye	2
cinkšiya	2
cinpi	6
cinwicakiya	1
cinye	14
ciqon	70
cistina	12
cistinna	10
cistinpidan	5
cistiyedan	2
ciu	3
ciupi	1
ciya	3
ciyahna	1
ciyapi	3
ciyawašte	5
ciye	6
ciyuota	1
ciyutan	1
ciši	5
co	1
codan	10
cokadan	1
cokaya	15
coma	1
conica	2
conkaške	9
cosiciyapi	1
cotanka	2
coyapi	1
cu	2
cunku	1
cunkši	6
cunkšiwicaye	1
cunwinktu	1
cunwinku	1
cunwinkupi	1
cunwintku	50
cunwintkupi	9
cusni	1
cutuhu	2
cuwi	1
da	15
daco	2
dacopi	1
daka	3
dakapi	5
dake	7
dakon	1
dapi	7
de	132
decanon	1
decehnana	1
decen	5
deci	1
deciya	10
deciyatanhan	4
dee	45
deepi	2
dehan	19
dehantu	4
dehanyan	1
den	17
dena	53
denakiya	1
detanhan	16
didita	1
dowankiyapi	1
dowanpi	2
dudaim	5
duha	5
duhapi	14
duhe	12
dukanpi	5
dukse	1
dus	2
dusotapi	1
duta	5
dutan	1
duzapi	1
duze	6
duĥdoke	1
dušapa	1
e	249
eca	24
ecaca	2
ecacicon	5
ecadan	8
ecakicon	5
ecakiconpi	4
ecakincon	1
ecamicon	2
ecamiconpi	1
ecamiyecon	3
ecamiyeconpi	1
ecamon	9
ecanicon	1
ecaniconpi	3
ecanon	12
ecanonpi	13
ecaunkiconpi	3
ecaunniconpi	1
ecaunyeconpi	2
ecawicakicon	1
ecawicakiconpi	2
ecawicayecon	1
ecayecon	3
ecayeconpi	2
ece	170
ececa	1
ecece	2
ecedan	25
eceedan	1
ecen	62
ecetu	8
ecewakta	1
ecicihnakapi	1
eciciyapi	3
ecihdaku	1
ecihde	1
ecin	7
ecinyan	2
ecinšniyan	1
ecipapi	2
eciya	73
eciyapi	65
eciyatanhan	122
eciyatanhanpi	2
eciye	12
econ	74
econkupi	4
econpi	35
econpo	4
ee	25
eepi	50
eha	1
ehaeš	2
ehake	13
ehan	24
ehanna	7
ehantanhan	12
ehapi	8
ehdaku	8
ehdakupi	2
ehde	9
ehdepi	2
ehe	8
ehna	18
ehnag	2
ehnaka	12
ehnakapi	4
ehnakapo	1
ehnake	3
eicupi	1
ek	1
ekiciciya	1
ekicihnaka	1
ekiciyapi	4
ekiciye	1
ekihnaka	5
ekihnake	2
ekta	267
ektakiya	19
emahdaku	1
emahde	1
emahnakapi	1
emahnakapo	1
emakiya	17
emakiyapi	1
emakiye	4
emayakiya	1
emayakiyapi	2
emayakiye	2
emicihdaku	1
en	751
enajin	1
enanakiya	5
enicetu	1
eniciciya	1
enicihnakapi	1
eniciyapi	5
eniciye	2
enihdepi	1
enihnakapi	1
enitanhan	1
enitanhanpi	1
enitapa	1
epa	3
epce	2
epe	5
epen	1
epi	1
eqe	4
eqeš	1
etahan	1
etanh	1
etanhan	418
etanhanpi	4
etapa	17
eti	1
etipi	1
etkiya	4
etonwan	3
etonwanpi	1
etonwe	10
etu	15
ewahde	2
ewahnaka	1
ewakeya	1
ewakiya	3
ewakiye	5
ewanke	1
ewaonpe	1
ewatonwe	1
ewehde	4
ewehnake	1
ewicahdaku	1
ewicahde	4
ewicahdepi	1
ewicahnaka	2
ewicahnake	1
ewicakihde	2
ewicakihdege	1
ewicakiya	34
ewicakiyapi	4
ewicakiye	12
ewicawahde	1
ewicawakiya	1
ewicayahde	1
ewicayakiye	1
ewicayayapi	1
ewicaĥdaku	1
ewicaĥde	2
eya	316
eyakiyapi	4
eyakiye	2
eyakonpi	1
eyaku	2
eyakupi	1
eyapi	59
eyapo	1
eyatonwanpi	1
eyatonwe	1
eyaya	1
eyaye	2
eye	51
eyeca	1
eyecen	1
eyenicecapi	1
eyokasin	2
eĥpeciye	1
eĥpeiciya	2
eĥpeiciyapi	14
eĥpeiciye	3
eĥpekiya	1
eĥpekiyapi	2
eĥpekiye	1
eĥpemayaye	1
eĥpemiciye	2
eĥpeunkiciyapi	1
eĥpeunkiyapi	1
eĥpeunyanpi	3
eĥpewicawaye	1
eĥpewicaya	1
eĥpewicaye	1
eĥpeya	9
eĥpeyapi	7
eĥpeye	5
ešape	1
ešta	29
gi	1
gigi	6
gonga	1
gonge	1
ha	9
hahayedan	1
hahonta	1
hakakta	17
hakikta	1
han	11
hanakiya	1
hanhanna	7
hanke	12
hankedan	1
hanpi	2
hanska	2
hanskaska	1
hanske	1
hantpa	1
hanyen	5
hanyetu	30
hastanhanka	11
hastanyanka	1
hda	9
hdaco	1
hdaotanin	2
hdapi	9
hdapo	4
hdasan	1
hdawa	1
hdawašte	1
hdaĥtaĥtakapi	1
hdaške	2
hdaštan	1
hde	14
hdedegapi	1
hdehdega	5
hdehdegapi	1
hdehdege	2
hdehdeza	5
hdehdezapi	2
hdehdeze	2
hdepi	6
hdeza	2
hdeškaška	4
hdi	10
hdicu	4
hdicupi	1
hdinanpe	3
hdipi	5
hdohdapi	1
hdowin	1
hduecepidan	1
hdugate	1
hduha	10
hduhapi	2
hduhe	7
hdujaja	5
hdujajapi	4
hdukawa	3
hdupota	1
hdupotapi	1
hdupote	1
hduskapi	1
hdusuta	2
hduta	1
hdutanin	1
hdute	1
hduwakan	1
hduwašaka	1
hduwe	1
hduwitaya	1
hduwiyeyapi	1
hduze	1
hduĥdoka	1
hduĥdokapi	1
hduĥdoke	2
hdušapapi	1
hdušda	2
hdušdoke	3
hduštan	2
he	1406
heca	43
hecadpi	1
hecakiconpi	1
hecaminyecon	1
hecamiyecon	1
hecamon	4
hecanon	9
hecanonpi	1
hecapi	13
hecaunyeconpi	1
hececa	8
hececapi	3
hecece	3
hecedan	6
heceedan	2
hecehna	1
hecehnana	1
hecen	164
hecetu	19
hecetun	1
heceyedan	4
heci	3
hecinhan	35
heciya	122
heciyapi	8
heciyapo	1
heciyatanhan	1
hecon	10
heconkupi	2
heconpi	2
hee	159
heepi	6
heha	1
hehan	137
hehanhanyan	1
hehantanhan	1
hehantu	2
hehanyan	73
hehapi	1
hehehe	3
hekiciyapi	4
hekta	1
hektapatanhan	1
hemaca	7
hemaceca	2
hemacece	2
hemakiya	10
hen	57
hena	466
henakeca	24
henakiya	11
henana	10
henanapidan	1
henica	5
henicapi	6
henicecapi	1
henios	3
henioza	4
heniyos	2
heniyoza	1
heon	187
hepa	2
hetanhan	36
hetu	1
heuncapi	3
heuncpi	1
heunkiciyapi	1
hewakiya	3
hewakiye	1
hewicakiya	27
hewicayakiyapi	1
heya	56
heyake	1
heyakecinhan	2
heyakiyapi	1
heyapi	18
heye	2
hi	49
hibu	2
hihna	1
hihnaku	2
hihnakupi	1
hihnayanpi	1
hin	11
hinajin	6
hinajinpi	3
hinanpa	7
hinanpapi	7
hinanpe	6
hinaĥin	3
hinhan	4
hinhda	1
hinhde	1
hinnakaha	1
hinsko	1
hinĥpaya	4
hinĥpayapi	3
hinĥpaye	2
hipi	23
hitunkakanpi	1
hiwanke	2
hiya	3
hiyahanpi	1
hiyahde	1
hiyakonpi	1
hiyaya	3
hiyayapi	1
hiyaye	3
hiyayeya	1
hiyeta	1
hiyetepi	1
hiyeya	1
hiyeye	19
hiyohi	2
hiyohimaye	1
hiyohipi	1
hiyohiya	1
hiyotanka	2
hiyoĥpaya	1
hiyu	26
hiyupi	3
hiyuwicaya	1
hiyuwicayapi	1
hiyuya	2
hiyuyapi	1
hiyuye	4
hma	1
hmihbeya	1
hmiyanyan	1
hnakapi	18
hnaye	1
hnayeya	1
hnaška	1
hnuni	1
ho	12
hocoka	1
hogan	4
hoksidan	1
hokšidan	37
hokšiksuye	3
hokšin	1
hokšipidan	2
hokšiwina	1
hokšiyopa	1
hokšiyoqopa	6
hokšiyoqoqa	1
hopi	1
hotanin	6
hotaninpi	6
hotaninyan	2
hotankakiya	11
hoton	3
hotonpi	9
houkiya	1
houwaye	1
how	2
howaya	2
hoyapi	1
hoye	1
hoyekiya	4
hoyekiyapi	2
hoyekiye	1
hoyemakiyye	1
hoyewicakiye	1
hoyeyakiyapi	1
hoyeyapi	1
hoyeye	1
hoĥpi	1
hoši	1
hpan	1
hu	6
huakinthos	1
huhnah	1
huhu	6
hukun	1
hunka	46
hunkake	6
hunkawajinyayapi	1
hunkawanjin	1
hunkawanjinkiciyapi	5
hunkawanjinun	1
hunkawanjitku	13
hunkawanjitkupi	1
hunkawicayapi	14
hunkayapi	2
hunktiya	1
hunku	18
hunkupi	2
hunĥ	2
hupahu	2
huta	3
hutata	1
hute	1
hutkan	2
huwe	5
hušte	1
hwo	3
i	69
ia	7
iajin	1
iake	5
iakenonpa	1
iakewanji	1
iapi	26
ibotopi	1
icaga	10
icagapi	6
icage	11
icahda	3
icajeyan	3
icakije	3
icakiš	1
icanksiya	2
icanniye	1
icantoyahnake	1
icanwankapi	1
icape	1
icapsinte	3
icatka	1
icaĥ	15
icaĥda	3
icaĥiciyapi	1
icaĥkiye	1
icaĥniyanpi	2
icaĥunyanpi	1
icaĥya	4
icaĥyapi	1
icaĥye	11
icašakowin	1
icekinpi	2
icekiya	2
ichduotapi	1
icicaga	3
icicage	2
icicahiyapi	2
icicawin	5
icicaĥa	1
icicaĥiĥa	1
iciconze	1
icicu	1
icicupi	1
icida	2
icihdepe	1
icihdepi	1
icihnayanpi	2
icihnaye	1
icimana	12
icimanipi	2
icinonpa	7
icipaweĥ	1
icitkokim	1
iciton	1
icitonpi	1
icitopa	5
iciwankam	1
iciya	3
iciyamni	7
iciyamnimni	2
iciyapi	5
iciyapo	2
iciye	13
iciyopeyapi	1
iciyotakons	1
icizaptan	3
icišahdogan	1
icišakowin	4
icišakpe	4
icu	62
icunhan	26
icunonpa	1
icupi	24
icupo	2
idadapi	1
idade	1
ide	4
ideiciya	1
ideya	3
ideyapi	2
idotankapi	1
idukcan	1
idukcanpi	1
idutapi	1
iduškinpi	4
ie	12
iewicakiye	1
iewicaunkapi	1
iewicayake	1
ieyanpaha	2
iha	1
ihakam	7
ihakta	2
ihamakta	1
ihan	3
ihang	14
ihangiciyapi	2
ihangwicayapi	2
ihangwicaye	1
ihangya	1
ihangye	3
ihanhanna	1
ihaniktapi	1
ihanke	6
ihankeya	3
ihanmde	2
ihanmna	1
ihanmnapi	1
ihanyetu	1
ihanĥanna	3
ihdaka	15
ihdakapi	1
ihdake	1
ihdamna	2
ihdawa	4
ihdawapi	1
ihdawaštepi	1
ihdaškapi	1
ihdaške	1
ihdi	2
ihdiyomdasin	1
ihdoupi	1
ihdoutapi	1
ihdoya	1
ihduecedan	1
ihduecetu	3
ihduecetupi	1
ihduekicetu	1
ihduha	2
ihduhapi	5
ihduhe	3
ihdukĥan	1
ihdukšan	13
ihdumašaka	1
ihdunišake	2
ihduota	2
ihduotapi	3
ihduotapo	3
ihduskita	1
ihduskitapi	1
ihduta	1
ihdutakunipi	1
ihdutanin	11
ihdute	1
ihdutokeca	1
ihduwiyeyapi	1
ihduzapi	1
ihduzapo	1
ihduze	1
ihdušaka	6
ihdušake	14
ihdušicapi	1
ihduške	1
ihe	1
ihehanyan	1
ihektam	2
ihektapa	3
iheya	1
ihni	1
ihnuhan	10
ihnuhana	1
ihnuhanna	3
iho	13
ihomeca	1
ihopo	1
ihukun	1
ihukuya	23
ihuni	5
ihunipi	1
ihuniyan	2
ihuniyanpi	1
ihupa	6
iikiyuwi	1
iiputakapi	1
iiputake	1
ijanjan	1
ikan	2
ikce	4
ikikcu	20
ikikcupi	4
ikiyadan	5
ikiyedan	13
ikiyopta	2
ikiyuštan	1
ikonipapi	2
ikopapi	3
ikope	1
ikoyag	2
ikoyagya	2
ikoyaka	1
ikoyake	1
ikoyape	1
iktokim	1
imacaga	1
imacu	1
imakakije	1
imakicu	2
imakihni	1
imani	1
imanihan	1
imaputaka	1
imaĥa	1
imdamde	4
imdotanke	1
imduwege	1
imduškin	3
imiciyuškinpi	1
imicu	1
imiyecidukcan	1
imna	2
imnahan	1
imnan	1
imnanpi	1
imnija	13
imonge	1
imunka	1
imunke	2
in	1
ina	2
inajin	8
inajinpi	7
inajinpo	1
inakiwizi	1
inanpa	2
inanpapi	11
inanpapo	1
inanpe	7
inapa	1
inapcinwanka	1
inatake	1
inayaĥnipi	1
inaĥbe	1
inaĥni	3
inaĥniyan	6
inašdoke	1
inicagapi	2
inicage	1
inicakije	1
inicu	3
inicupi	2
inidowan	1
inihanpi	3
inihdacin	1
inina	4
ininihan	1
ininihanpi	1
initancan	1
initeca	1
iniwangapi	1
iniwange	1
iniyukcanpi	1
iniyutanpi	1
inkpa	5
inmu	1
inonga	1
inonpa	17
inskokeca	1
inyan	39
inyang	4
inyanka	1
inyanke	1
inyanzi	1
inyun	20
ionšimayada	1
ionšinidapi	1
ipa	1
ipahin	2
ipi	20
ipiga	3
ipiyagkiton	1
ipoh	1
ipsica	1
ipuspe	13
iputaka	2
iputake	2
ipuza	3
ipuzapi	1
is	1
isan	7
isanpa	5
isto	1
itancan	51
itancanpi	7
itancanyan	6
itankan	3
itankiyedan	1
itato	1
itawankanhde	15
itazipa	4
ite	23
itehan	1
itehanyan	4
itepi	9
iticaga	1
iticage	2
itkokim	6
itkokipe	1
itkom	3
itkomakim	1
itkonicipapi	1
itkonyahe	4
itkopatanhan	1
itkounkipapi	1
itkowicakipa	1
itkowicakipe	2
itkowicawakipe	1
ito	15
itoham	2
itohnake	20
itokaga	3
itokaheya	1
itokam	82
itokamoyake	1
itokapa	6
itokaĥ	3
itonpa	1
itonpapi	1
itonpi	3
itonpišni	2
itonwape	1
itonyakipe	1
itonyape	1
itonši	1
itonšni	6
itonšniyan	1
itoopteya	1
itopa	5
itoye	3
itpihnakapi	1
itumakiĥan	1
itunkam	1
ituya	2
iwacintonhnag	1
iwacu	7
iwae	2
iwahanmde	1
iwahanmna	1
iwahnanna	1
iwahokonunkiciyapi	1
iwahokonwicakiya	2
iwahounyanpi	2
iwahowicaya	1
iwahowicaye	2
iwakišakapo	1
iwakta	1
iwandakapi	1
iwanga	3
iwangapi	2
iwange	1
iwanihdake	1
iwanka	6
iwankam	6
iwankapi	1
iwanke	3
iwanyag	3
iwanyakapi	7
iwanyake	1
iwaštepi	1
iwicacage	3
iwicacu	4
iwicacupi	1
iwicadaka	1
iwicadake	1
iwicakiciyukcan	1
iwicakikcu	3
iwicaputaka	1
iwicaputake	2
iwicawanga	2
iwicawange	1
iwicawaputake	1
iwicayaya	1
iwikcemna	5
iwikcemnamna	1
iwitko	1
iwiyohiyanpatanhan	1
iyacin	1
iyacinpi	10
iyacinyan	2
iyacionpa	3
iyacu	12
iyacun	1
iyacupi	4
iyadipi	2
iyae	1
iyage	2
iyaha	1
iyahanmde	1
iyahde	7
iyahdeya	3
iyahdeye	1
iyahe	1
iyahna	13
iyahnahna	1
iyakapa	1
iyakapewicayapi	2
iyakapeya	2
iyakapeyapi	3
iyakaškahan	1
iyakaške	2
iyakicuya	9
iyakitedan	5
iyakiun	1
iyakonze	1
iyamakapa	1
iyamaonpapi	1
iyamni	19
iyamnimni	5
iyaonpapi	1
iyaonpepica	5
iyaonpepicašni	3
iyaskapa	1
iyaskape	1
iyaspis	3
iyatahde	1
iyatahdeiciyapi	2
iyatahdeniciyapi	1
iyatahdepi	3
iyatonpi	1
iyaunkonpapi	1
iyawapi	2
iyawicaonpe	1
iyaya	39
iyayapi	17
iyayapo	1
iyaye	36
iyayewicaya	2
iyayupte	1
iyaĥapi	1
iyaĥpaya	1
iyaĥpaye	1
iye	216
iyec	1
iyececa	114
iyececapi	4
iyecece	6
iyecen	118
iyecepi	1
iyecetu	5
iyeciciye	1
iyecku	1
iyege	2
iyehan	1
iyehantu	8
iyehantupi	1
iyeiciya	2
iyekicihantu	1
iyekicihantupi	1
iyekiyapi	2
iyekiye	8
iyemayaya	1
iyemaye	2
iyena	2
iyenaka	3
iyenakapi	1
iyenakeca	1
iyenakecapi	1
iyeniceca	1
iyenicecapi	4
iyenicece	1
iyeniciyapi	1
iyenihantu	2
iyeniyanpi	2
iyepi	5
iyeuncecapi	5
iyeunkiciciyapi	1
iyeunkiyapi	1
iyeunyanpi	4
iyewakiye	1
iyewaye	5
iyewicakiciciye	1
iyewicakiya	2
iyewicawakiye	1
iyewicawaye	2
iyewicaya	2
iyewicayapi	3
iyewicayapo	1
iyewicayaya	1
iyewicunkiciyapi	1
iyeya	15
iyeyakiye	1
iyeyapi	28
iyeyapo	1
iyeyaya	1
iyeyayapi	1
iyeyaye	4
iyeye	10
iyocicipi	3
iyocicipin	1
iyocipaštakapi	2
iyog	3
iyohakam	51
iyohi	5
iyohiya	1
iyojanjan	1
iyokatapi	1
iyokihe	5
iyokihi	2
iyokipi	9
iyokipiya	1
iyokipta	1
iyokiptapi	1
iyokipte	1
iyokišica	2
iyokišicapi	5
iyokišice	2
iyokišin	5
iyomaki	1
iyomakipi	1
iyomakišice	1
iyomdaye	1
iyonicipi	4
iyonicipipi	1
iyonicišicapi	1
iyonitpanipi	1
iyoopta	2
iyoopte	1
iyopeiciyapi	4
iyopeiciye	3
iyopekiye	1
iyopemiciya	1
iyopeniyan	2
iyopewicawakiya	1
iyopewicaye	1
iyopeya	1
iyopeyapi	2
iyopeye	1
iyoptapta	1
iyotakons	2
iyotan	29
iyotang	3
iyotanhan	1
iyotanka	11
iyotankapi	12
iyotankapo	1
iyotanke	22
iyotankehan	4
iyotanpi	1
iyounnicipipi	1
iyowahi	1
iyowicahi	1
iyowicaki	1
iyowicakišica	2
iyowin	2
iyowinmakiye	1
iyowinunkiyapi	2
iyowinwicakiya	1
iyowinwicakiyapi	1
iyowinwicakiye	4
iyowinwicunkiyapi	1
iyowinyakiya	1
iyowinye	1
iyoyag	3
iyoyahipi	1
iyoyakeca	1
iyoyam	1
iyoyamniye	1
iyoyamwicaya	1
iyoyanpa	15
iyoyanpapi	1
iyoyaĥpadapi	1
iyoĥpewicayapi	2
iyoĥpeya	2
iyoĥpeyapi	3
iyoĥpeye	1
iyukcan	5
iyukcanpi	2
iyumni	1
iyunwin	7
iyupse	2
iyuta	3
iyutan	1
iyutanmayan	1
iyutanpi	4
iyutanwicaye	1
iyutanyanpi	3
iyutanye	1
iyutapi	6
iyute	2
iyuwega	1
iyuwege	1
iyuweĥ	2
iyuwi	7
iyuwin	1
iyuĥdoke	4
iyuĥpa	7
iyuškice	4
iyuškin	6
iyuškinpi	2
izaptan	3
izaptanptan	3
izita	1
izite	1
iĥa	4
iĥaĥa	2
iĥe	1
iĥeyata	3
iĥpayapi	1
iĥpaye	1
iĥtayetu	1
iĥzaĥa	1
iš	65
išahdogan	3
išakowin	4
išakpe	3
išmayel	1
išnana	7
išta	28
ištagonge	1
ištamnihanpe	2
ištapi	2
ištecapi	2
ištece	1
išten	1
ištima	3
ištinma	1
janjan	5
jujuwahan	1
ka	4
kacegya	1
kaduza	2
kae	1
kaeš	3
kaga	20
kagapi	35
kage	35
kagegepi	1
kagipi	1
kaha	1
kahda	4
kahdaya	1
kahi	1
kahintapi	1
kahipi	1
kahnige	2
kahuhuza	1
kai	2
kajujun	1
kajujupicašni	1
kaken	19
kaketu	4
kakija	2
kakijapi	4
kakije	6
kakiya	2
kakiš	1
kakišniyanpi	3
kakišwicayapi	2
kakišwicaye	1
kakišyapi	6
kakse	1
kaksiza	3
kaktihanhan	2
kalkedon	1
kamdeze	1
kamna	2
kamnapi	1
kan	4
kangi	1
kanpi	1
kape	1
kapeya	3
kapin	1
kaptujapi	1
kata	4
katinyan	1
kawitaya	2
kaĥnigapi	4
kaĥnige	1
kaĥoya	1
kaĥya	1
kašeya	1
kaška	10
kaškanškan	1
kašpapidan	2
kašta	7
kda	1
ke	2
kecankin	1
kecanni	2
kecanwicunkinpi	1
kecin	3
kecinpi	1
keha	1
kehe	2
keiciyapi	3
keiciye	2
kektopawinge	40
kemakiyapi	1
keniciyapi	1
kepce	1
kewicakiyapi	1
keya	4
keyapi	4
keye	3
keš	9
ki	3
kic	1
kicaga	12
kicage	2
kicaksa	1
kicaksapi	1
kicakse	1
kicanyan	2
kicanye	3
kicatonpi	1
kici	162
kicica	1
kicicagapi	2
kicicajujupi	1
kicicaĥi	1
kicicupi	1
kiciga	1
kiciktepi	1
kiciton	28
kicitonpi	61
kiciun	2
kiciya	2
kiciyapi	3
kiciyawapi	2
kiciyuza	2
kicizapi	5
kicize	2
kico	5
kicu	4
kicun	5
kicunpi	1
kida	2
kidaka	5
kidakapi	3
kidake	1
kidapi	1
kige	1
kigepi	1
kihda	4
kihdapi	1
kihde	7
kihdegapi	1
kihdege	1
kihiyeyapi	1
kihnaka	3
kihnakapi	9
kihnake	1
kiihdušpa	1
kiihdušpapi	1
kiksuya	2
kiksuyapi	4
kiksuye	9
kiksuyeciciyapi	3
kikta	11
kiktahan	1
kiktapi	2
kikte	3
kimdeza	1
kin	4294
kinahan	3
kinanpa	1
kinanpapi	1
kinhan	197
kini	3
kinihanpi	2
kinihdušpe	1
kinikiye	1
kinipi	2
kiniyanpi	1
kinnukan	1
kinukan	3
kinukankiya	4
kinyan	15
kinyanpi	1
kinye	9
kipajin	6
kipajinpi	2
kipakintapi	1
kipan	6
kipanpi	2
kipi	4
kisonpi	1
kitan	5
kitana	2
kitanna	1
kitanyan	2
kiton	29
kitonpi	1
kiunimiciya	1
kiuniwicaya	1
kiuniwicaye	2
kiuniyanpi	7
kiuniyaye	1
kiuniye	1
kiunni	1
kiunniniyanpi	1
kiwankapi	1
kiwitaya	1
kiya	33
kiyadan	2
kiyapi	6
kiye	11
kiyecaksa	1
kiyedan	3
kiyotankapi	1
kiyotanke	10
kiyugata	1
kiyugate	3
kiyuze	1
kiyuĥapi	5
kiyušepi	1
kiyuškapi	4
kiyuške	1
kiyušpapi	1
kišica	1
knakapi	1
ko	212
kodake	1
kohanna	9
kohdaka	1
kohdi	1
koka	1
kokipa	1
kokipapi	5
kokipe	3
kokipeyahan	3
kokipešniyan	1
komayake	1
konicipe	1
konza	11
konze	2
kowakipa	3
kowakipe	1
koya	33
koyag	2
koyaka	2
koyakapi	5
koyake	5
koyakipe	4
koška	8
kpapi	1
kpatan	3
kpatanpi	1
krusolitos	1
krusophrasos	1
ksam	1
ksamya	1
ksapa	2
ksapapi	1
ksape	3
ksizece	1
kta	1072
kte	442
ktepi	8
ku	2
kuka	1
kuke	1
kukepica	1
kun	25
kuntkiya	1
kutkiya	4
kuwa	2
kuwapi	1
kuyatanhan	1
madake	1
madapi	1
madapike	1
maga	17
magaga	2
magagaiciyapi	1
magagaye	1
magaju	6
magata	2
mahduze	1
mahen	28
mahentanhan	1
mahi	2
mahinĥpaya	1
mahipi	1
mahiyohi	1
mahnaka	2
mahnaye	2
maka	238
makage	1
makahdi	1
makahi	1
makahipi	1
makan	1
makanopiye	3
makapi	1
makata	22
makau	3
makaupo	4
make	1
makehde	5
makehdeya	3
makipazo	3
makipi	2
makipusdiya	4
makita	1
makitaninpi	1
makite	2
makiya	5
makiyapi	2
makiyapo	1
makiye	2
makoce	190
makoncage	2
makoĥdoka	7
makte	1
maktepi	4
maku	5
mamanonpi	1
mani	7
manica	1
manicinon	1
manin	1
manipi	12
manka	1
manke	5
manna	1
manon	3
manonpi	2
mapa	3
maqu	19
maqupi	1
maqupo	2
maska	1
mata	2
mate	11
matonana	1
matonpi	2
maunnipi	2
maunnonpi	1
maupo	1
mawakan	1
mawani	2
mawanon	1
mawaĥbadan	1
may	1
mayaco	1
mayada	1
mayadakapi	1
mayadapike	1
mayadaten	1
mayaduhapi	1
mayadutokan	1
mayahipi	1
mayahnake	2
mayahnayan	1
mayahnaye	1
mayakagapi	1
mayaki	1
mayakida	2
mayakidapi	1
mayakidutan	1
mayakipi	1
mayakiya	1
mayakiye	1
mayakiyen	1
mayakuwa	1
mayan	11
mayani	1
mayanipi	1
mayanon	1
mayanpi	5
mayanpo	1
mayaqu	9
mayaqupi	1
mayawašte	6
mayawaštepi	3
mayayapi	1
mayaye	4
mayayen	1
mayaši	1
mayašicapi	1
mayašipi	1
maye	7
mayeye	1
mayuha	3
mayuhawanna	1
mayuhe	21
mayutan	1
mayutehanpi	1
maza	38
mazaicicaĥa	1
mazasapa	1
mazaska	39
mazaskazi	34
mazazi	4
maĥpiya	177
maši	2
mdaco	1
mdatan	2
mdatke	3
mdawašte	4
mdaye	5
mdašice	2
mdaštan	1
mde	18
mdesahan	1
mdezapi	1
mdeze	1
mdoka	11
mdoketu	1
mdu	4
mduha	7
mduhe	8
mduhomni	1
mduota	1
mduza	2
mduze	1
mduškice	1
micaga	1
micage	1
micaje	5
micajeyan	1
micante	1
miceca	2
miceĥpi	2
mici	17
micicage	1
micicapi	1
micice	1
micinca	6
micinkši	26
micinye	1
miciton	2
miciyukcanpi	1
miciyuza	1
micu	1
micun	1
micunkši	3
micupi	1
mihdamna	2
mihdate	1
mihduotanin	1
mihektapa	1
mihihna	3
miho	5
mihu	1
mihunkawanji	5
mii	4
miite	3
miišta	1
mikiyadan	1
mikiyedan	2
miksuya	1
mikte	1
minagi	5
minape	10
mini	88
minicaduza	1
minihecapi	1
minin	1
minisapa	2
miniskuya	1
minitaga	1
minitan	12
miniwanca	31
miniyatke	1
miniyowe	1
miniĥdoka	30
miniĥuha	9
miniša	20
mioie	4
mioĥan	3
misiha	1
misunka	3
mita	3
mitacanĥpi	1
mitakuye	2
mitamakoce	1
mitan	4
mitaniya	1
mitankiyedan	2
mitankši	1
mitaokiye	2
mitawa	35
mitawin	3
mitawoahope	1
mitawokonze	1
mitinazipe	2
mitokam	6
mitokapa	4
mitoope	1
mitowašake	1
mitowinja	1
mitowookihi	1
miye	64
miyecipatan	1
miyuze	1
miš	20
mišcatka	1
mišiyoto	1
mišnana	1
mkin	1
mnaja	8
mnawicaye	1
mnayan	2
mnaye	1
mniciya	1
mniciyapi	6
mniheiciya	1
mniheiciye	1
na	1
nace	2
naceca	6
naciĥon	1
nagi	10
nagipi	3
nahanĥin	1
nahaĥin	23
nahon	7
nahonpo	1
naicihmanpi	1
naiciĥbe	1
naiciĥmanpi	1
najica	9
najicapi	2
najin	32
najinhan	1
najinkiye	2
najinpi	14
najinpo	1
nakaeš	15
nakaha	24
nakaš	1
nakicihonpi	1
nakihon	1
nakipapi	1
nakiĥon	2
naksa	1
nakun	187
namaĥon	9
namiciĥbe	1
nana	6
nanicipapi	1
nanihon	1
nanke	2
napa	1
napanpi	1
napciwanka	18
napcupe	2
nape	92
napepi	4
napin	23
napištanwicayaye	1
napištanyanpi	1
napohnahnaka	1
napohye	1
naunjinpi	1
naunkiĥonpi	2
naunĥmanpi	1
naunĥonpi	4
nawajica	1
nawajin	6
nawang	1
nawapca	1
nawaĥon	36
nawicakicipapi	1
nawicakicipe	1
nayajice	1
nayajin	2
nayajinpi	1
nayaĥon	3
nayaĥonpi	8
nayecipapi	1
naĥma	1
naĥmana	4
naĥon	19
naĥonpi	16
naĥonpo	1
naĥponpi	1
našdog	4
naškica	1
ni	128
nicagapi	2
nicahipi	1
nicaje	6
nicakijapi	1
nicakije	2
nicante	1
nicantepi	3
nicapi	1
nicaupi	1
nicaĥnigapi	2
nice	1
niceĥpi	2
niceĥpipi	1
nici	12
nicicagapi	1
nicicapi	1
nicigajujupi	1
nicigepi	1
nicin	1
nicinca	34
nicinkši	8
nicinye	8
nicipajinpi	1
nicipi	9
nicite	2
niciton	2
nicitonpi	2
niciun	1
niciyapi	2
niciye	6
niciyuotapi	4
nicopi	6
nicu	3
nicunkši	5
nicunkšipi	3
nicupi	4
nicuwa	1
nicuwapi	1
nida	4
nien	3
nigonge	1
nihakam	1
nihapi	1
nihdepi	3
nihduecetu	1
nihduhepicašni	1
nihduskapi	1
nihektam	7
nihihna	3
nihihnapi	1
nihinciyapi	4
nihinĥpayapi	2
nihinĥpaye	1
nihipi	2
nihiyahde	1
nihiyahdepi	2
nihnakapi	1
nihnayanpi	3
nihuhapi	1
nihun	3
nihunkakepi	1
nihunkawanji	2
nihunkawanjipi	2
nii	1
niipi	1
niišta	7
niištapi	1
nikiye	1
nikiyepidan	1
nikte	1
nimaku	1
nimdezapi	1
nina	42
ninagi	4
ninagipi	2
ninape	6
ninapepi	1
ninite	1
niniyanpi	1
ninonpapi	1
nioie	1
nioiepi	1
nionĥanpi	1
nioĥan	5
nioĥanpi	2
nipa	1
nipi	4
nisehu	1
nisiha	1
niska	1
nisunka	4
nisunkapi	2
nita	1
nitacanhpi	1
nitacanku	1
nitacanĥpi	1
nitahu	1
nitakoja	1
nitakuye	1
nitamagapi	1
nitaokiye	6
nitaokiyepi	1
nitapi	2
nitawa	57
nitawacin	1
nitawacinpi	1
nitawanuyanpi	4
nitawapi	15
nitawin	11
nitawinoĥtin	1
nitawinpi	2
nitawokoyake	1
nitašicecapi	2
nite	4
nitezi	2
nitimdo	1
nitkokim	1
nitohnake	2
nitoiyokipi	1
nitokam	20
nitowaonšida	2
nitowašake	1
nitowiyuškinpi	1
nitoye	1
nitoĥtani	1
nitunkan	1
nituwe	1
niun	1
niunpi	8
niunyanpi	1
niwakanpi	1
niwaĥpanica	2
niwe	1
niwicaya	1
niwicaye	2
niya	9
niyacopi	2
niyake	13
niyan	4
niyanpi	7
niyatanpi	1
niyate	17
niyatepi	8
niyawašte	9
niyawaštepi	2
niyašicapi	5
niyašice	1
niye	79
niyepi	34
niyuhapi	2
niyuhe	2
niyukcanpi	2
niyutaninpi	1
niyuwašakapi	1
niyuwaštepi	1
niyuzapi	3
niyušinyayapi	1
niyuštanpi	2
niš	24
nišeya	1
niši	2
nišipi	2
nišnana	1
noge	10
nom	45
nonpa	70
nonpakiya	1
nonpapi	3
numwe	1
nun	1
nuni	1
nunipi	1
nunke	2
nunwe	43
o	5
oaunĥtapi	1
obe	2
obosdatu	1
obusdatu	1
ocaje	32
ocanku	2
ocawasin	1
oceti	2
oceyapi	2
ociciwa	1
ociciyag	1
ociciyaka	1
ociciyakapi	3
ociciyake	3
ociciye	3
ocihde	1
ocin	1
ocišakowin	1
ocowasin	23
odakapi	1
odakonciciyapi	1
odakonciciye	1
odakonciyapi	1
odakonkiciyapi	1
odakota	2
odota	1
odowan	3
odutanpi	1
oenape	1
oge	3
ohanhanna	1
ohankoya	1
ohanske	4
ohanzi	2
ohanĥanna	5
ohdaka	1
ohdake	1
ohdakinyan	5
ohdašni	1
ohe	1
ohehde	1
ohehdepi	1
ohiniciye	1
ohinikiye	2
ohinninyan	1
ohinniyan	20
ohinĥpayapi	1
ohitika	1
ohitike	2
ohiwaya	1
ohiwaye	1
ohiwicayapi	1
ohiwicayayapi	1
ohiwicaye	1
ohiya	3
ohiyapi	1
ohiyaya	1
ohiyayapi	1
ohiye	13
ohna	140
ohnahnakapi	1
ohnaka	22
ohnakapi	1
ohnihde	92
ohnihdeya	1
ohnihdeye	1
ohoda	5
ohodapi	18
ohodawicakiya	1
ohodašniyan	1
ohomniya	1
ohomniyan	1
ohowada	2
ohowicadapi	1
oicage	9
oicaĥye	1
oiciya	1
oie	41
oiepi	1
oieyapi	1
oihdugepi	1
oihuni	1
oin	5
oinatake	1
oinpi	2
oinpidan	4
ointpa	2
oise	4
oitonpišni	1
oiyahde	1
oiyanihde	1
oiyopeye	1
oiyotanke	43
oiyuwege	1
oizinye	2
ojanjan	8
oju	4
ojudan	18
ojugjudan	1
ojuha	2
ojupidan	2
ojuwicakicitonpi	1
okaduze	1
okamna	1
okan	2
okanta	1
okapon	1
okaptapi	3
okapte	1
okatanpi	1
okatapi	1
okaĥ	2
okaĥnigapi	1
okaĥniĥ	1
okaštan	2
okde	1
okicasdece	1
okicicaštan	1
okiciciya	3
okiciciyakapi	1
okicipapi	1
okicipe	2
okicize	1
okiciĥinyanpi	1
okide	2
okihe	1
okihi	31
okihipi	7
okihpa	1
okini	7
okinihan	1
okinikiciciya	1
okinni	2
okinyanpi	1
okinye	2
okipa	2
okipapi	1
okipe	1
okitahedan	1
okitpani	4
okitpanipi	4
okiwicakasdece	1
okiya	5
okiyag	1
okiyaka	6
okiyakapi	8
okiyakapo	1
okiyake	2
okiyapi	2
okiye	12
okizi	3
okiĥpa	1
okodakiciye	23
okonwanjidan	1
okotonyan	10
okšan	1
om	66
omaka	7
omakiyaka	3
omakiyakapo	3
omakiyake	1
omakiye	7
omani	8
omanipi	2
omape	1
omaunnipi	2
omayakidake	3
omayakidaken	1
omayakiye	2
omayutan	1
omdake	1
omdaye	3
omdecaheya	1
omdoton	2
omicipapi	1
omicipe	1
omna	4
omnica	1
omniciye	4
on	427
onamataka	1
onanitaka	1
onapa	1
onapapi	1
onatag	2
onataka	3
onatakapi	2
onawape	1
onawicataka	1
onge	9
oniciya	1
oniciyaka	1
oniciyakapi	4
oniciyake	1
oniciye	1
onihnake	1
oniowotanna	2
onipe	1
oniwotanpidan	2
oniya	2
oniyakapi	2
onnišike	1
ononiyata	1
onpe	1
onspe	3
onspekiye	1
onspeniciyapi	2
onspepi	1
onspewicakiyapi	1
onuni	3
onuniyan	2
onuniyata	1
onĥdoĥda	4
onĥoĥda	2
onšiiciya	1
onšikicida	1
onšikiĥan	1
onšikiĥanpi	2
onšimada	1
onšimayada	1
onšinidapi	1
onšiwicada	1
onšiwicakicda	1
onšpa	4
onšpadan	1
ookiye	18
ooyakihi	1
opa	7
opakiciĥta	1
opapi	9
opawinge	74
opaĥta	1
ope	16
opeciton	1
opecitonpi	1
opekicaton	2
opekiciton	1
opemakiton	1
opemicaton	1
openicitonpi	1
opeton	7
opetonpi	5
opeunkicatonpo	1
opeunkicitonpo	1
opeunnicitonpi	1
opeuntonpi	2
opeunyakitonpi	1
opewicakicaton	5
opewicakiton	1
opewicakitonpi	1
opewicaton	1
opewicatonpi	3
opeya	5
opiiciyapi	1
opiniciya	1
opiniciyapi	1
opiye	1
opo	1
opta	3
optaye	9
oputkanpi	2
oqapi	1
osan	1
osni	1
ota	62
otahedan	7
otancanke	4
otapaza	1
oteĥi	1
oti	5
otikita	1
otipi	2
otke	3
otoiyo	1
otoiyohi	72
otokahe	11
otokaheya	8
otonwe	93
otpaza	16
otpaze	5
ouncage	11
ounkiyapi	1
ounpapi	1
oununyanpi	2
ounwaye	1
ounyan	13
ounyanpi	21
ounyaye	3
ounye	19
ouye	2
ow	1
owahdake	1
owahinapeye	1
owakihi	2
owakimdake	1
owakitpani	3
owakiya	1
owanca	1
owancaya	29
owanka	2
owanyag	14
owanyake	2
owanyeye	3
owapa	1
owapi	10
owasin	411
owatanna	3
owawa	1
owawicakiya	1
owawicakiye	1
owe	1
owecinhan	1
owehnaka	1
owicakicihnakapi	1
owicakicijupi	1
owicakiya	2
owicakiyaka	6
owicakiyakapi	2
owicakiyake	3
owicakiye	2
owicakuwa	1
owicape	2
owicawakimdaka	1
owicawapi	3
owicayahnake	1
owicayake	1
owicayakiye	1
owihanke	48
owihankenšni	1
owihankepi	2
owihanketa	1
owihankeye	1
owihankešniyan	1
owikanke	1
owinja	2
owotanna	59
owotanpidan	1
oyagpica	1
oyahnake	1
oyajupi	1
oyaka	1
oyakapi	10
oyake	6
oyakidakapi	1
oyakihi	2
oyakihipi	2
oyakite	1
oyanke	11
oyapapi	3
oyape	1
oyate	87
oyatepi	3
oyawa	1
oyaĥandapi	3
oyaĥe	3
oyuha	1
oyutan	3
oze	2
ozi	1
oziyapi	1
ozuye	8
oĥan	15
oĥanko	2
oĥanpi	2
oĥanyan	1
oĥanyanpi	5
oĥanye	2
oĥdoka	11
oĥtayetu	6
ošbe	3
oškiškeya	1
ošpaye	5
oštehdapi	2
pa	42
pago	2
paha	17
pahi	1
pahipi	2
pahohošni	1
pajodan	1
pakiĥta	1
pamahdedan	3
pamni	1
panyanhan	4
paohduta	1
papšon	1
pasdata	1
pasi	1
pasuta	1
pata	3
patuja	3
patujapi	6
patuš	2
paunĥtapi	1
pawaĥte	2
payaĥdeca	1
payaĥtapi	1
paĥice	1
paĥpa	1
paĥpapi	1
paškicapi	1
pe	4
pehan	1
peji	14
pejihuta	5
pesdete	1
peta	39
petan	2
petijanjan	14
pi	1
pica	2
pidaunyayapi	1
piiciyapi	1
piundapi	1
piya	3
po	140
poge	2
poskin	4
psipsicadan	1
ptanyetu	1
ptaya	1
pte	26
ptea	1
ptecedan	3
ptejincadan	2
ptenyedan	2
pus	2
pustag	2
putin	1
puza	5
puze	5
qa	2314
qapi	7
qe	11
qehan	30
qeyaš	3
qicanagi	1
qin	7
qinpi	1
qon	241
qu	51
qupi	31
qupo	1
sa	32
sagye	15
sahaduta	1
sakadan	5
sakim	2
sakowin	1
sam	21
samya	1
san	2
sani	1
sanpa	92
sapa	5
sape	2
saphiros	1
sardius	1
sardonis	1
saĥdinos	1
sdaniyanpi	3
sdayapi	1
sdayaye	1
sdohan	3
sdohanpi	1
sdonkiciyapi	1
sdonkiya	2
sdonkiye	3
sdonkiyewicaye	1
sdonunkiyapi	9
sdonunyanpi	13
sdonwakiya	1
sdonwakiye	3
sdonwaya	14
sdonwaye	7
sdonwicayapi	1
sdonwicayaya	1
sdonwicaye	1
sdonwicunyanpi	1
sdonya	15
sdonyakiyapi	2
sdonyakiye	2
sdonyapi	18
sdonyaya	4
sdonyayapi	24
sdonyaye	2
sdonye	20
sdonyeniyanpi	1
sdonyewicakiye	1
sdotkiya	1
sdotkiye	2
se	3
seca	8
seĥ	1
sicatka	1
sicuha	1
siha	19
sinte	3
sintepi	2
sinteĥda	1
sitomniyan	2
siyete	3
ska	32
skan	3
skumna	6
skuya	3
skuye	1
smaragdos	1
smaĥagdos	1
sni	3
stadiya	1
stan	2
su	6
sukaza	7
suken	3
suksuta	1
sunka	6
sunkaku	23
suta	2
sutaya	6
suton	5
ta	39
taadetka	1
taaguyapi	1
taakicita	7
taanpetu	4
tacanku	5
tacankupi	1
tacanĥpipi	1
tacincadan	1
tado	8
tadowan	2
tahepi	4
tahocoka	2
tahokšidan	2
tahu	5
taimnija	1
taja	2
taka	1
takaksiza	1
taken	1
takicuwa	1
takodaku	4
takojatpaku	2
takoš	3
takošku	3
taku	484
takudan	30
takue	1
takuunkiciyapi	1
takuwicawaye	2
takuwicayaye	2
takuwicunye	1
takuyaya	2
takušnišni	1
tamaga	6
tamagapi	4
tamaheca	4
tamahenheca	2
tamakoce	1
tamakocepi	9
tamatpe	1
tamazaska	1
tamdoka	7
tamni	4
tamnipi	1
tan	2
tancan	31
tancanku	1
tancanpi	1
tancodan	9
tancokapidan	1
tanconikadan	2
tanhan	79
tanin	35
tanina	2
taninpi	2
taninyan	8
taniya	3
taniyapi	1
tanka	139
tankakiya	3
tankaku	2
tankan	25
tankapi	1
tankata	4
tankaya	2
tankinkinyan	2
tankinkinyanpi	5
tankinyanyan	2
tankši	3
tankšitku	3
tankšitkupi	1
tannike	1
tanton	1
tanyan	44
tanyeĥ	2
tanšna	1
taobe	1
taohnihde	8
taokiye	26
taonĥdoĥda	4
taoyate	6
taoyatepi	1
tapi	16
tatanka	6
tate	7
tateyanpa	4
tatokadan	10
tatpe	1
tawa	185
tawacin	11
tawacinpi	1
tawaiciyapi	2
tawakeya	6
tawakeyapi	2
tawakiškotpa	1
tawakoniya	1
tawanapin	1
tawaniciyapi	2
tawanuyanpi	9
tawapi	45
tawatenwaye	1
tawatenya	1
tawatenye	3
tawaunyayapi	1
tawawicaye	1
tawayapi	2
tawayatkekiye	2
tawayayapi	1
tawaye	3
tawaĥpayapi	1
tawaši	1
tawcin	1
tawicapa	1
tawicašta	1
tawicoun	1
tawicu	76
tawicupi	9
tawicuyapi	2
tawicuye	1
tawikoška	5
tawinoĥtin	6
tawinoĥtinpi	3
tawiyatke	1
tawiyedan	1
tawoahoope	1
tawoahope	12
tawohekiye	2
tawohnaye	1
tawojutonpi	4
tawokoyake	4
tawoonspe	4
tawootanin	1
tawote	1
tawowapetogton	1
tawowidake	5
tawowiyukcan	1
tawoyute	1
taĥin	16
taĥinca	23
taĥpa	2
taĥunke	1
tašiceca	3
tašicecapi	1
tašina	2
taškoju	1
tašunka	1
tašunke	2
te	28
teca	20
tehan	9
tehantanhan	1
temwaya	1
temwicayapi	2
temya	3
temyapi	4
temye	1
tenimni	1
terapim	3
teyapi	1
teye	1
tezi	4
teĥika	22
teĥike	11
teĥinda	1
tešdaka	1
tešdakapi	1
ti	56
ticaga	1
tiktica	1
timahen	4
timdo	4
timdoku	8
tin	7
tinazipe	1
tinsa	4
tinta	16
tinwicakte	2
tinwicaktepi	1
tipi	57
tiyata	1
tiyohna	1
tiyohnaka	20
tiyoknaka	1
tiyopa	39
tke	3
to	1
tognihdapi	1
tohan	25
tohanhanyan	1
tohantu	1
tohanyan	2
tohe	1
tohini	3
tohinni	8
toka	10
tokadan	2
tokag	1
tokaheya	50
tokan	4
tokaniyanpi	1
tokanon	1
tokapa	29
tokapatanhan	1
tokata	10
tokaya	1
toke	1
tokeca	58
token	66
toketu	2
toki	20
tokicon	4
tokiconpi	2
tokiconze	2
tokidan	1
tokin	2
tokiya	10
tokiyatanhan	1
tokokadapi	1
tokon	1
toktokeca	3
tom	17
tomtom	1
ton	69
tona	174
tonana	6
tonkiye	1
tonpi	45
tonwanyanpi	6
tonyan	1
tooken	1
toowotanna	2
topa	47
topapi	1
topaz	1
toto	1
tounkecapi	1
towaonšida	8
towapetogton	1
towaĥanicidapi	1
towašake	9
towašte	2
towitan	5
toya	1
toyecon	1
toĥan	2
toĥtani	2
tpatan	1
tuew	1
tuka	207
tukte	27
tuktedan	3
tukten	21
tunkanku	1
tuwe	140
tuwedan	25
tuwepi	2
tuĥmaga	2
u	101
ukiya	1
uma	2
umakiya	1
uman	17
umanpi	7
un	327
uncantepi	2
uncistinpidan	1
undakapi	1
unhapi	17
unhdacopi	2
unhdaka	8
unhdake	1
unhdapi	2
unhdawapi	1
unhdipi	2
unhdohdapi	1
unhdoyapi	2
unhduecetupi	1
unhdutinzapi	1
unhduĥdokapi	1
unhipi	7
unhiyahdepi	1
unhuhapi	1
unkagapi	5
unkahdipi	1
unkahipi	2
unkaiapi	1
unkakite	1
unkamnanpi	2
unkan	164
unkaniyuptapi	2
unkanpi	1
unkanš	6
unkapepi	1
unkapinpi	1
unkatapi	1
unkaunpi	1
unkayapi	1
unke	1
unkekiciyapi	5
unkekiyapi	1
unkeniciyapi	3
unketanhanpi	3
unkeyakiyapi	1
unkeyapi	8
unki	1
unkicagapi	2
unkicagen	1
unkicanyanpi	1
unkicatonpo	1
unkici	2
unkicicapi	2
unkicihnayanpi	1
unkicincapi	2
unkicipi	7
unkiciyapi	3
unkiciye	1
unkiciyuhapi	2
unkiciyukcanpi	2
unkiciyuštanpi	1
unkicopi	4
unkicupi	4
unkidapi	5
unkihdamnapi	1
unkihektam	2
unkikikcupi	1
unkikiyapi	1
unkipakintapi	2
unkipi	3
unkita	1
unkitamagapi	1
unkitawa	1
unkitawapi	23
unkitawojutonpi	1
unkitonpi	1
unkitonpišni	1
unkiwangapi	2
unkiwankapi	2
unkiyapi	5
unkiyayapi	2
unkiyaye	1
unkiye	22
unkiyepi	16
unkiyohipi	1
unkiyotahedan	7
unkiyotankapi	1
unkiyukanpi	1
unkiyuškinpi	1
unkiš	9
unkištecapi	1
unkohdakapi	1
unkohdaptapi	1
unkojupi	1
unkokiciciye	1
unkokicipapi	1
unkokitpanipi	3
unkokiyakapi	3
unkoniciyakapi	4
unkowotanpi	1
unktepi	2
unkunpi	1
unkuwapi	1
unma	2
unman	3
unmana	2
unmanpi	2
unmapi	1
unn	1
unnicagapi	2
unnicapi	2
unnicicahipi	2
unnicupi	1
unnicuwapi	1
unnipi	7
unniyutanpi	1
unnišipi	2
unnonpapi	2
unpi	91
unpo	2
unqupi	9
unqupo	3
untapi	5
unwanjipidan	4
unwanke	2
unwanken	1
unyacopi	3
unyaduhapi	4
unyakagapi	1
unyakahdipi	1
unyakonpi	13
unyanpi	42
unyaontaninpi	1
unyaotaninpi	2
unyaqupi	1
unyawaštepi	1
unyayapi	5
unye	3
unyecicapi	1
unyujajapi	1
unyuzapi	1
unzapi	1
unšipi	1
upi	17
upo	2
upšija	2
utapi	2
utkana	1
utuhu	7
uyatapi	1
uye	3
wa	2
waaiapi	1
waakipapi	1
waanagoptan	2
waanagoptanpi	3
waayatanin	8
waayataninpi	4
waayatapi	3
waayatesa	1
waayupte	3
waašapapi	2
waboticapi	2
wacanipi	1
wacannipi	1
wacantkiya	3
wacantkiyapi	12
wacantkiye	2
wacanunkiyapi	1
wacanyakiye	2
wacanĥpi	1
wacaqu	1
wacaya	1
wacetunhda	1
waceya	1
wacin	14
wacinhe	1
wacinksapa	1
wacinmaanpi	1
wacinnitanka	1
wacinnitankapi	2
wacinpi	5
wacintanka	5
wacintankapi	5
wacintankaya	1
wacinton	1
wacinunyanpi	3
wacinwaye	1
wacinyan	5
wacinyanpi	8
wacinyayapi	8
wacinyaye	1
wacinye	3
wacinyepica	4
wacinyuza	1
wacipi	1
wada	1
wadaco	1
wadaka	1
wadake	2
waditaka	1
waditakapi	2
wadušnapi	1
waga	1
wahacanka	1
wahanpi	2
wahde	4
wahdi	2
wahduha	1
wahduhe	1
wahdukcan	1
wahdusuta	4
wahdušna	2
wahduštan	1
wahi	2
wahimdotanka	1
wahinske	2
wahna	22
wahociye	1
wahokonciciya	1
wahokonciciyapi	2
wahokonkiye	1
wahokonunkiyapi	1
wahokonwicakiya	2
wahokonwicakiye	2
wahokonwicawakiye	1
wahounyanpi	1
wahowicaye	1
wahoya	1
wahoyapi	1
wahoye	1
wahuwapa	10
wai	2
waicaĥya	3
waicaĥye	1
waicu	1
waihangya	1
waiyukcan	1
waiĥaĥapi	1
wajidan	1
wakabubu	1
wakaga	5
wakagapi	8
wakage	11
wakahinte	1
wakan	88
wakanda	2
wakandapi	1
wakanhdi	4
wakanwada	1
wakanyada	1
wakanšica	8
wakašote	1
wakašotešni	4
wakeya	19
wakiconzapi	1
wakida	1
wakihdaka	1
wakinicapi	3
wakinyan	10
wakis	1
wakiuniyapi	1
wakiya	1
wakiye	13
wakiyedan	7
wakiyušna	5
wakiyušnapi	4
wakišag	1
wakiškotpa	4
wakokipe	1
wakoniya	6
wakonzapi	1
wakonze	1
wakpa	12
wakpicahda	1
waktaya	3
wakte	2
wakšica	8
wamakanka	1
wamanica	50
wamanon	4
wamanonpi	1
wamayanon	1
wamašaka	1
wamdaka	1
wamduška	23
wamduškadan	1
wamduškaška	1
wamnaheza	3
wamnaicidapi	1
wan	325
wanagi	1
wanakaja	4
wanakajatanhan	3
wanakaš	1
wanapin	1
wanaĥon	1
wanca	1
wancadan	5
wanciyaka	2
wanciyake	2
wandaka	2
wandakapi	6
wandake	12
waneya	3
wanhdag	1
wanhdaka	8
wanhdakapi	3
wanhdake	14
wanhinkpe	1
wani	4
wanica	32
wanice	10
wanijidan	1
wanikiye	1
wanin	27
waniyakapi	1
waniyeta	1
waniyetu	123
waniyušnapi	1
wanišaka	1
wanišakapi	1
wanji	47
wanjica	1
wanjidan	48
wanjikji	1
wanjikjidan	1
wanjiktu	1
wanjikši	5
wanjin	44
wanjipidan	2
wanjitku	6
wanju	1
wanka	19
wankadan	2
wankan	14
wankantanhan	3
wankantkiya	8
wankantu	1
wankantuya	2
wankapi	4
wankapidan	2
wanke	32
wanmayadakapi	1
wanmayadake	1
wanmayahdakapi	1
wanmayaka	1
wanmayakapi	1
wanmayake	3
wanmdaka	32
wanmdake	23
wanmdi	2
wanna	111
wanton	1
wanun	1
wanunyakapi	11
wanunyanpi	3
wanuyanpi	66
wanwahdake	4
wanwicahdag	1
wanwicahdake	2
wanwicamdaka	5
wanwicayaka	4
wanwicayakapi	5
wanwicayake	6
wanwicayke	1
wanyag	2
wanyagciciye	1
wanyagmakiye	1
wanyahdake	1
wanyaka	20
wanyakapi	14
wanyake	34
waoka	1
waokiya	1
waonspekiya	4
waonspeniciyapi	1
waonšida	2
waonšidapi	1
waoštehdapi	3
wapa	2
wapaha	5
wapajuju	1
wapan	1
wapatapi	1
wapetog	16
wapetogtonpi	1
wapiyapi	3
waqe	1
waqu	15
wasdonye	1
waskuyeca	22
wasna	2
wasu	4
wata	31
wate	5
watešdake	9
wati	8
wato	7
watokapa	3
watomakapa	2
waton	3
watonpika	2
watopapi	1
watpa	11
watpadan	2
watuka	1
watutka	9
watušekšeca	1
wau	8
waun	26
waunyanpi	1
waunyaotaninpi	1
waunĥtanipi	9
waunšakapi	1
wawacinkta	4
wawandake	1
wawanyaka	1
wawanyake	2
wawate	2
wawayušnapi	4
wawaĥtani	6
wawicaki	1
wawicakipi	1
wawicayušna	1
wawicaĥye	1
wawiciĥaĥa	2
wawiciĥaĥapi	17
wawiyaonpapi	1
wawiyutanyan	3
wawiĥan	1
wawiĥaĥapi	1
wawokihi	1
wawokihika	1
waya	2
wayaco	2
wayaka	8
wayaotanin	5
wayaotaninpi	1
wayatapi	3
wayatkanpi	2
wayatke	2
wayatkekiyapi	6
wayatkeyakiye	1
wayawašte	1
wayawaštepi	1
wayazanka	3
wayazanke	1
wayazanpi	1
wayaĥtani	1
wayaĥtanipi	2
wayašicapi	3
waye	16
wayuotanin	1
wayupika	2
wazise	1
waziyapa	1
waziyata	2
waĥan	1
waĥanicida	1
waĥanicidapi	4
waĥanksica	1
waĥannicidapi	1
waĥanĥanicidaya	1
waĥbadan	4
waĥbayedan	1
waĥca	3
waĥpanica	4
waĥpanicapi	3
waĥpaye	1
waĥtani	16
waĥtanipi	11
waĥtanipisa	4
waĥtedapi	2
waĥtepi	2
waĥtewicayadapi	1
wašagya	4
wašagye	1
wašaka	10
wašakapi	3
wašake	15
wašakšakapi	2
waši	1
wašicahowamda	1
wašicahowamde	2
wašihda	2
wašihdapi	1
wašna	1
wašta	2
wašte	129
waštecicida	1
waštecicidapi	5
waštedaka	2
waštedakapi	6
waštedake	9
waštedapi	2
waštekicida	1
waštekicidaka	1
waštekicidapi	2
waštekida	2
waštekidake	3
waštemna	11
wašteundakapi	3
wašteunkicidakapi	1
wašteunkicidapi	1
waštewadaka	1
waštewadake	1
waštewakidake	1
waštewicawadake	1
waštewicayadakapi	1
waštewicundakapi	1
waštewicunkidapi	1
wašteyadakapi	1
wašteyadake	2
waštešte	6
we	35
wecage	3
weci	1
weciton	3
wecize	1
wehnaka	1
wehnake	4
wehnaken	1
weksuya	1
weksuye	3
wekta	1
weyapi	1
weye	1
wi	36
wica	36
wicaakiĥan	27
wicacaje	4
wicacante	1
wicaceji	4
wicaceya	2
wicaceĥpi	20
wicacokaya	2
wicada	9
wicadaco	2
wicadapi	5
wicaduha	2
wicaduhe	2
wicadukcan	1
wicagu	2
wicahdawašte	1
wicahdi	2
wicahduha	3
wicahduonihan	1
wicahdusuta	1
wicahduza	1
wicahduze	1
wicahi	1
wicahipi	1
wicahnaka	1
wicahnakapi	5
wicahnake	1
wicahnayan	1
wicahnayanpi	1
wicahnaye	7
wicaho	26
wicahotanin	1
wicahunkake	1
wicaiha	1
wicaišta	1
wicaka	10
wicakaga	3
wicakagapi	1
wicakage	6
wicakahi	1
wicakahinta	1
wicakamdece	1
wicakapi	4
wicakaĥka	1
wicakaĥniga	2
wicakaĥnigapi	1
wicakaĥugapi	1
wicakaška	12
wicakaškapi	1
wicakaštaka	3
wicakaštakapi	2
wicakaštake	1
wicake	5
wicakicaga	7
wicakicage	1
wicakicaton	1
wicakicihnakapi	1
wicakicipamnipi	1
wicakiciun	1
wicakiciyumdayapi	1
wicakico	8
wicakicopi	3
wicakige	1
wicakigepi	1
wicakihna	1
wicakinihanpi	1
wicakipajin	3
wicakipakinte	2
wicakipan	1
wicakipapsonpi	1
wicakipi	1
wicakisa	1
wicakiton	1
wicakiya	17
wicakiyap	1
wicakiyapi	11
wicakiyapo	1
wicakiye	6
wicakiyukanpi	1
wicakiyuška	1
wicakiyuškapi	1
wicakpatan	1
wicakpatanpi	1
wicakte	7
wicaktedan	2
wicaktepi	10
wicakuwa	1
wicakuwapi	1
wicamaĥinca	1
wicamdawašte	1
wicamduha	1
wicanagi	14
wicanhpi	4
wicanĥpi	13
wicapakšin	1
wicaqu	25
wicaqupi	18
wicata	1
wicatancan	3
wicate	11
wicaton	5
wicatonpi	24
wicaundapi	1
wicawahdawašte	1
wicawahnaye	1
wicawakahi	1
wicawakahinte	1
wicawakiye	4
wicawakte	1
wicawaqu	9
wicawaye	14
wicawaši	1
wicawecaga	1
wicaya	23
wicayaco	5
wicayacopi	6
wicayada	3
wicayadapi	3
wicayahnayan	1
wicayakidukcan	1
wicayakiduše	1
wicayakihduhe	1
wicayakiya	1
wicayakiye	1
wicayakizapi	1
wicayaktepi	1
wicayakuwapi	1
wicayanke	1
wicayaonihanpi	1
wicayapi	18
wicayaqu	1
wicayaqupi	1
wicayatapi	1
wicayawa	1
wicayawapi	7
wicayawašte	8
wicayawaštepi	4
wicayayapi	1
wicayaye	15
wicayaĥmunge	1
wicayaši	1
wicayašicapi	1
wicaye	164
wicayecicajujun	1
wicayeconza	1
wicayehdege	1
wicayuecedan	1
wicayuecepidan	1
wicayuha	3
wicayuhapi	2
wicayuhe	18
wicayukcan	3
wicayukcanpi	1
wicayuonihan	1
wicayuza	4
wicayuzapi	5
wicayuzapo	1
wicayuze	1
wicayušice	1
wicaĥapi	1
wicaĥinca	14
wicaĥnayesa	1
wicaĥta	1
wicašake	1
wicaši	20
wicašipi	3
wicašta	295
wicaštapi	2
wicaštayatapi	23
wicašte	1
wicehna	4
wicihakam	2
wicihdukšan	2
wicihukun	2
wicikiyedan	2
wicimdeza	4
wicinonpa	1
wicinyanna	1
wicinyanpidan	1
wicitokam	18
wicitokapa	1
wicitonkam	1
wiciyahna	1
wiciyamni	1
wiciye	1
wiciyokipi	3
wicišahdogan	1
wicišpa	5
wicišta	3
wickicihnakapi	1
wicobe	2
wicocante	3
wicoicage	42
wicoie	21
wicokakije	18
wicokicize	1
wicoksape	2
wiconi	45
wiconte	22
wicookihi	6
wicoope	2
wicoowotanna	1
wicota	8
wicotakuni	2
wicotakunišni	4
wicotakuye	18
wicotawacin	4
wicotoketu	1
wicoun	21
wicowazi	18
wicowazipi	6
wicowaĥtešni	1
wicowašake	5
wicowicaštašni	1
wicoĥan	26
wicoĥtani	1
wicošice	1
wicunkiyapi	2
wicunqupi	2
wicuntonpi	1
wicunyanpi	5
wicunyašicapi	1
wicunyuhomnipi	1
wicunyuzapi	2
widukcan	1
widukcanpi	1
widuškinpi	2
wieyaku	1
wihamnanpi	1
wihan	9
wihanmde	9
wihanmdesa	1
wihanmna	3
wihanmnapi	3
wihdi	7
wihinanpe	1
wihiyayedan	3
wihmunke	2
wihnupi	1
wihomni	1
wihomnipi	1
wiinaĥmanpi	6
wiiyoyanpa	1
wijica	5
wijicapi	2
wijiniciyapi	2
wijinya	1
wikcemna	120
wikopa	1
wikopapi	2
wikopešniyan	1
wikoška	28
winawizipi	3
winaĥon	1
winijica	2
winiwangapi	1
winištece	1
winoĥinca	66
winoĥincapi	1
winyan	35
wipe	2
wipiiciya	1
wipipi	4
wita	9
witantanpi	1
witanšna	1
witaya	7
witko	1
witkopi	2
witkotkoka	1
witkotkoya	1
witkowin	2
witkowinna	1
witkoya	4
wiunhanmnapi	5
wiunwangapi	1
wiwahanmde	5
wiwangapi	1
wiwanhdake	1
wiwazica	2
wiwicajica	1
wiwicanonga	1
wiwicawanga	1
wiwicawangapi	1
wiwitan	1
wiyacinpi	2
wiyaka	8
wiyan	1
wiyatke	20
wiyatpa	5
wiye	13
wiyedan	3
wiyeya	9
wiyohinyanpata	1
wiyohiyanpa	5
wiyohiyanpata	8
wiyopekiyapi	1
wiyopemayayapi	1
wiyopeniyanpi	1
wiyopeunyanpi	2
wiyopeyapi	4
wiyopeyayapi	1
wiyopeye	1
wiyotanhan	2
wiyoĥpeya	1
wiyoĥpeyata	3
wiyukcan	7
wiyutapi	2
wiyutpan	2
wiyuwi	1
wiyuškin	1
wiyuškinpi	2
wiyuškinyan	1
wiĥan	8
wiĥanpi	2
wišamye	1
wištece	2
wišten	1
wištenunyanpi	1
wkinyan	1
wo	187
woahope	8
woanakiĥbe	1
woanaĥbe	1
woanšape	1
woaĥtani	34
woašamye	1
woašape	2
wobašpe	1
wocanniye	5
wocante	1
wocantekiye	2
wocanteptanye	1
wocantiheye	4
wocantiyahde	9
wocekiye	14
woceye	1
wociciyakapi	1
woecon	1
woha	1
wohdaka	2
wohdakapi	5
wohdake	2
wohe	1
wohekiyapi	6
wohitika	1
wohitike	1
wohnaye	9
wohnayeiciyapi	1
wohnuni	1
woicage	2
woihangye	2
woitonšni	5
woiyaonpe	1
woiyokipi	2
woiyokišice	2
woiyopeiciye	1
woištima	3
woju	2
wojuha	3
wojupi	17
wojutipi	2
wojutonpi	14
wokajuju	4
wokakije	9
wokašeye	1
wokcan	15
wokcanka	1
wokcanpi	6
wokiciyaka	1
wokiconze	11
wokiksuye	10
wokiya	1
wokiyapi	2
wokokipe	7
wokonze	3
wokoyake	21
woksape	7
woksapi	2
won	1
woniya	10
wonkiciya	1
wonniyanpi	1
wonwicaya	1
wonwicaye	1
wonyapi	2
woohiye	1
woohodapi	4
wookihi	5
wookiye	16
woonspe	5
woope	10
wootanin	8
woowotanna	7
wooštehda	1
wopeton	7
wopetonpi	2
wopeuntonpi	1
wopeyatonpi	1
wopida	4
wosdonye	3
wota	1
wotakuye	1
wotanin	5
wotapi	9
wote	1
woteca	26
wotektehdapi	1
wotihni	3
wounkiyapi	1
wowacinyan	1
wowacinye	4
wowaditake	3
wowakta	3
wowanyake	2
wowaonšida	13
wowapetogton	6
wowapetokeca	7
wowapetokton	1
wowapi	73
wowayazan	1
wowaĥbadan	3
wowaĥpanica	1
wowašake	15
wowašte	15
wowicake	29
wowicakihan	2
wowicakihe	2
wowicakiyaka	1
wowidag	8
wowidagyapi	1
wowidake	12
wowihanmde	9
wowinawizi	1
wowindag	11
wowinihan	2
wowitan	31
wowiyukcan	5
wowiyutanye	1
wowiyuškin	5
wowiĥaĥa	2
wowištece	1
woyaco	16
woyajupi	1
woyaka	1
woyaonihan	2
woyatan	1
woyatke	1
woyawa	2
woyawašte	3
woyuha	12
woyuonihan	2
woyute	20
woyušinyaye	1
woyuške	1
woĥa	4
woĥpayapi	1
wošapi	1
wošbe	6
wošice	2
wošihda	2
wošitkihda	2
wošna	5
wošnapi	32
ya	43
yacin	2
yacinpi	1
yaco	4
yacopi	2
yadapi	4
yahde	3
yahden	1
yahdipi	1
yahdohdipi	1
yahduhapi	2
yahduhe	4
yahdute	1
yahduwicakapi	2
yahduštan	1
yahepapi	1
yahi	1
yahihdu	1
yahipi	4
yahotaninpi	1
yahoton	8
yahotonpi	9
yai	1
yaipi	1
yajopi	1
yaka	2
yakage	7
yakahnige	1
yaki	1
yakicanyan	1
yakidake	1
yakitanpi	1
yakiton	1
yakiye	1
yakonpi	19
yakonpo	1
yaksapa	1
yaktepi	1
yaktepidan	1
yakuwa	1
yamni	63
yan	3
yani	8
yanipi	2
yank	1
yanka	26
yankapi	2
yanke	19
yankewicayakiyapi	1
yanpi	6
yaonihanpi	1
yaotanin	5
yaotaninpi	4
yaowotanpi	1
yapa	1
yapi	48
yapo	5
yapotapi	3
yapote	1
yaqu	1
yaqupi	1
yata	3
yatan	7
yatanpi	3
yatapi	62
yate	6
yatesa	1
yati	6
yatipi	3
yatkan	5
yatkanpi	4
yatke	16
yatkepica	1
yatokecapi	1
yaton	2
yau	5
yaun	20
yaunpi	27
yaupi	2
yawa	7
yawapi	14
yawapica	2
yawaĥtepi	1
yawašte	21
yawaštepi	16
yaya	2
yayapi	9
yaye	6
yazanpi	1
yaĥan	1
yaĥdecapi	1
yaĥepa	1
yaĥtaka	1
yaši	2
yašica	1
yašicapi	10
yašice	1
ye	128
yea	2
yecu	1
yecunpi	1
yehnake	1
yekiya	1
yekiye	3
yeksuya	1
yeksuyapi	1
yektapi	1
yemayayapi	1
yeunšipi	1
yewicaši	2
yewicašipi	1
yeye	2
yeši	2
yotankapi	1
yotanke	1
yuaoptetu	1
yuašapapi	1
yucopi	1
yuecedan	1
yuecetu	2
yuecetupi	2
yuganpi	1
yuha	54
yuhapi	67
yuhapo	1
yuhdoke	1
yuhe	81
yuhekiyapi	1
yuhen	1
yuhomni	2
yuhomnipi	1
yuhomnipica	1
yuicicaĥi	1
yujajapi	1
yujon	1
yujunpi	1
yukan	36
yukanpi	9
yukanpo	1
yukcan	2
yukcanpi	2
yukcanyan	1
yuke	22
yukinukan	7
yukinukanpi	1
yukinukanyan	2
yumdayapi	3
yumdaye	4
yumdayeya	1
yumdupi	1
yun	1
yunwakiye	1
yuomdecapi	1
yuomden	4
yuonihan	1
yuota	8
yuotaninpi	2
yuptanyanpi	2
yuptanye	1
yus	5
yusota	1
yuta	5
yutakuni	1
yutan	4
yutaninpi	2
yutantan	1
yutapi	35
yutapo	1
yute	7
yutehan	2
yutehanpi	1
yutokan	8
yutokanpi	1
yutokeca	1
yuuhapi	1
yuwankan	9
yuwaĥbaka	1
yuwaĥpanicapi	1
yuwašakapi	1
yuwitaya	1
yuza	17
yuzamni	2
yuzamnipi	1
yuzapi	4
yuze	14
yuĥdoka	6
yuĥdokapi	3
yuĥdoke	10
yuĥwin	3
yušapapi	2
yušdapi	1
yušdokapi	1
yušice	1
yušinyaya	1
yušinyayapi	7
yušinyaye	1
yušinye	1
yušna	1
yuštan	4
yuštanpi	13
zaniyan	4
zaptan	34
zaptanna	1
zaptanptan	1
zi	4
zipzipedan	1
zitkadan	6
zizi	1
zuya	4
ĥagi	1
ĥam	11
ĥamati	1
ĥamor	11
ĥamul	1
ĥanok	1
ĥatsarmawet	1
ĥawila	2
ĥazo	1
ĥba	1
ĥca	2
ĥdoka	5
ĥe	20
ĥeber	1
ĥebron	5
ĥehan	1
ĥemdan	1
ĥet	13
ĥeti	9
ĥewoskan	8
ĥewoskantuya	2
ĥezron	2
ĥinca	40
ĥince	3
ĥira	2
ĥiwi	3
ĥmun	1
ĥmunĥmunyan	1
ĥmuĥmunyan	1
ĥonwin	3
ĥopuza	2
ĥori	5
ĥtanipi	1
ĥtaunnipi	1
ĥtawani	2
ĥtayani	3
ĥtayetu	5
ĥul	1
ĥupahu	3
ĥupim	1
ĥuĥnaga	2
ĥuĥnage	5
ĥuĥnaĥwicaya	1
ĥuĥnaĥyapi	1
ĥušam	2
ĥušim	1
ĥwinpica	2
ša	10
šahdogan	14
šahdoganna	1
šakowin	115
šakowinpi	7
šakowinwin	2
šakpe	22
šakpekpe	1
šakpo	1
šama	2
šapa	5
šaul	3
šaša	1
šbe	1
šdayehna	2
šdoyapi	3
šdušduta	2
šeba	4
šeca	3
šekem	19
šela	11
šelep	1
šem	14
šemeber	1
šepo	1
ši	27
šica	68
šicahowaya	1
šicamna	1
šicapi	7
šicaya	19
šicaĥowaye	1
šice	27
šicedaka	2
šicedapi	1
šicekidake	4
šicenidapi	1
šicewadaka	2
šiceyadake	1
šikšica	5
šilem	1
šilo	1
šimeyon	10
šimron	1
šina	10
šinab	1
šinar	4
šinhda	1
šinhdapi	4
šipi	4
šipo	1
šitkihdawicayapi	3
šiyaka	2
šiyoto	1
škanpi	1
škanškan	10
škata	1
škopa	7
škotpa	2
šma	2
šni	698
šnija	2
šnijapi	1
šnije	1
šnipo	7
šniyan	2
šniš	1
šnišya	1
šobal	3
šoka	3
šoke	1
šonšonna	22
šota	14
špan	3
španyan	1
šta	1
štunkadan	1
šuha	3
šuktanka	38
šun	1
šuni	1
šunka	1
šunktokeca	1
šur	3
