!	749
"	5072
$	19
'	1111
,	5547
.	19985
1,000	7
1,260	2
1,400	1
10,000	10
100	12
100s	1
11	2
12	36
12,000	12
120	2
14	5
144,000	3
14th	1
15	2
153	1
18	3
180	1
2,000	6
20	1
20,000	2
200	3
200,000,000	1
23,000	1
24	4
276	1
3,000	1
30	9
38	1
39	1
4,000	11
40	16
400	3
42	2
430	1
450	1
46	1
5,000	7
50	3
500	2
50s	1
60	5
666	1
7,000	2
70	1
70,000	1
72	2
75	2
77	1
800	2
84	1
90	1
99	4
?	1237
A	216
Aaron	3
Aaron's	2
Abaddon	1
Abba	6
Abel	6
Abiathar	1
Abijah	3
Abilene	1
Abiud	2
About	19
Above	2
Abraham	93
Abraham's	20
Abyss	9
Accept	1
Achaia	10
Achaicus	1
Adam	10
Adam's	2
Addi	2
Adramyttium	1
Adria	1
Adultery	1
Aeneas	3
Aenon	1
After	111
Agabus	2
Again	35
Agree	2
Agrippa	13
Ahaz	2
Akeldama	2
Akim	2
Alexander	5
Alexandria	4
All	181
Almost	1
Along	2
Alpha	3
Alphaeus	5
Also	21
Always	10
Am	9
Amazed	1
Amen	30
Amminadab	4
Amon	2
Among	3
Amos	2
Amphipolis	1
Ampliatus	1
An	13
Ananias	14
And	635
Andrew	15
Andronicus	1
Angels	5
Animals	2
Anna	3
Annas	4
Anointed	1
Another	15
Answer	1
Antioch	22
Antipas	1
Antipatris	1
Any	5
Anyone	83
Anything	5
Apelles	1
Apollonia	1
Apollos	12
Apollyon	1
Apostles	1
Apphia	1
Appius	1
Aquila	10
Arabia	2
Arabs	1
Aramaic	8
Archelaus	2
Archippus	2
Are	51
Aren't	24
Areopagus	4
Aretas	1
Arimathea	4
Aristarchus	5
Aristobulus	1
Armageddon	1
Around	1
Arphaxad	2
Arrest	2
Artemas	1
Artemis	5
As	93
Asa	2
Asher	2
Asia	21
Ask	13
Assos	2
Asyncritus	1
At	99
Athens	6
Atonement	1
Attalia	2
Augustus	1
Azor	2
Azotus	1
Baal	1
Babylon	11
Babylonia	1
Bad	1
Balaam	3
Balak	1
Baptist	15
Baptize	1
Bar-Jesus	1
Barabbas	12
Barak	1
Barnabas	52
Barsabbas	2
Bartholomew	4
Bartimaeus	2
Be	83
Beautiful	2
Beauty	1
Because	63
Become	1
Beelzebub	6
Beelzebub's	1
Before	22
Begin	1
Beginning	2
Behind	1
Being	2
Believe	4
Believers	1
Benjamin	4
Beor	1
Berea	4
Bereans	1
Berekiah	1
Bernice	3
Besides	6
Bethany	13
Bethesda	1
Bethlehem	8
Bethphage	3
Bethsaida	7
Birds	6
Bithynia	2
Blameless	4
Blastus	2
Bless	3
Blessed	44
Blind	4
Blood	3
Boanerges	2
Boaz	4
Boaz's	1
Bodies	1
Book	10
Books	1
Booths	1
Both	5
Bow	1
Braiding	1
Branches	1
Bread	7
Bring	13
Brother	3
Brothers	71
Build	2
But	1274
Buy	3
By	35
Caesar	23
Caesar's	6
Caesarea	19
Caiaphas	9
Cain	4
Cainan	2
Call	2
Can	20
Can't	1
Cana	5
Canaan	4
Candace	1
Capernaum	16
Cappadocia	2
Carpus	1
Carry	1
Castor	1
Cattle	1
Cauda	1
Cenchrea	2
Cephas	1
Certain	3
Certainly	4
Change	2
Character	1
Cheer	4
Chief	1
Children	6
Chloe's	1
Chosen	1
Christ	601
Christ's	21
Christian	2
Christians	1
Christs	2
Cilicia	8
Cinnamon	1
Circumcision	3
Cities	3
City	4
Claudia	1
Claudius	3
Clement	1
Cleopas	1
Clopas	1
Close	1
Cnidus	1
Colosse	1
Come	45
Command	5
Completely	1
Continuing	1
Control	3
Copy	1
Corban	1
Corinth	9
Cornelius	13
Correct	2
Cos	1
Cosam	2
Could	2
Couldn't	3
Council	3
Count	1
Cover	1
Creator	3
Creator's	1
Crescens	1
Cretans	1
Crete	6
Crispus	2
Crowds	1
Crucify	9
Cry	3
Cut	2
Cuza	1
Cyprus	8
Cyrene	7
Dalmanutha	1
Dalmatia	1
Damaris	1
Damascus	15
Daniel	1
Daughters	2
Daughters-in-law	1
David	65
David's	10
Day	13
Deacons	1
Deaf	2
Dear	36
Death	14
Deep	1
Demas	3
Demetrius	3
Depend	1
Derbe	5
Desert	1
Destroy	1
Did	12
Didn't	22
Didymus	3
Dionysius	1
Diotrephes	1
Disabled	2
Do	202
Doctor	1
Does	14
Doesn't	9
Doing	1
Don't	214
Dorcas	2
Drive	1
Drusilla	1
During	10
Each	21
Earlier	2
Early	8
Earthly	1
East	1
Eat	6
Eber	2
Egypt	29
Egyptian	2
Egyptians	1
Eight	1
Either	2
Elamites	1
Elders	1
Eleazar	2
Eleven	4
Eliakim	4
Eliezer	2
Elijah	30
Elisha	1
Eliud	2
Elizabeth	11
Elmadam	2
Eloi	4
Elymas	3
Emmaus	1
Emperor	2
End	2
Enoch	5
Enosh	2
Enough	1
Enter	1
Epaphras	3
Epaphroditus	2
Epenetus	1
Ephesian	2
Ephesians	2
Ephesus	19
Ephphatha	1
Ephraim	1
Epicurean	1
Er	2
Erastus	3
Esau	3
Esli	2
Eternal	1
Ethiopia	1
Ethiopian	1
Eubulus	1
Eunice	1
Euodia	1
Euphrates	2
Eutychus	2
Eve	2
Even	60
Ever	2
Every	43
Everybody	1
Everybody's	1
Everyone	61
Everyone's	2
Everything	29
Everywhere	1
Evil	6
Excellency	1
Explain	2
Fair	1
Faith	3
Faithful	1
Fall	2
Fallen	2
False	3
Farewell	1
Father	260
Father's	14
Fathers	7
Fear	1
Feast	38
Feed	2
Felix	11
Festus	16
Field	2
Fight	1
Fill	1
Finally	20
Find	1
Fine	3
Fire	1
First	28
Fish	1
Five	7
Follow	21
Following	1
Food	1
For	28
Forgive	9
Forming	1
Fortunatus	1
Forty	1
Forum	1
Four	3
Fourteen	1
Foxes	2
Freedmen	1
Friend	14
Friends	1
From	62
Gabbatha	1
Gabriel	2
Gad	1
Gadarenes	1
Gaius	5
Galatia	7
Galileans	2
Galilee	87
Gallio	3
Gamaliel	2
Gate	1
Gather	3
Gaza	1
Gennesaret	2
Gerasenes	3
Get	40
Gethsemane	2
Getting	2
Gideon	1
Give	63
Glory	3
Go	63
God	1536
God's	438
Godliness	1
Godly	3
Gog	1
Going	2
Gold	2
Golgotha	5
Gomorrah	4
Gone	1
Good	3
Governor	2
Great	7
Greece	1
Greek	16
Greeks	14
Greet	30
Greetings	5
Grow	2
Guard	3
Ha	1
Hagar	2
Hail	1
Hallelujah	4
Hamor's	1
Hanukkah	1
Haran	2
Has	6
Hasn't	6
Hate	3
Have	41
Haven't	11
Havens	1
He	2189
He's	9
Head	3
Heal	2
Hearing	2
Heaven	6
Heavenly	1
Hebrew	3
Hebrews	1
Heli	2
Hell	4
Help	7
Her	16
Here	133
Here's	3
Hermas	1
Hermes	2
Hermogenes	1
Herod	57
Herod's	8
Herodians	3
Herodias	6
Herodion	1
Hezekiah	2
Hezron	4
Hide	2
Hierapolis	1
High	9
Himself	1
His	138
Hold	6
Holy	209
Honor	10
Hosanna	6
Hosea	1
How	124
Huge	1
Human	3
Husband	1
Husbands	3
Hymenaeus	2
I	2700
I'll	17
I'm	208
I've	15
Iconium	6
Idumea	1
If	300
Illyricum	1
Immanuel	2
Imperial	1
In	261
Inside	1
Instead	99
Invite	1
Is	42
Isaac	22
Isaac's	1
Isaiah	23
Iscariot	11
Isn't	17
Israel	94
Israel's	5
Israelite	1
Israelites	1
Issachar	1
It	756
It's	22
Italian	1
Italy	4
Its	15
Iturea	1
Jacob	26
Jacob's	4
Jairus	7
Jambres	2
James	44
Jannai	2
Jannes	2
Jared	2
Jason	4
Jason's	1
Jeconiah	2
Jehoram	2
Jehoshaphat	2
Jephthah	1
Jeremiah	3
Jericho	6
Jerusalem	150
Jesse	6
Jesus	1753
Jew	24
Jewish	39
Jews	245
Jezebel	2
Joanan	2
Joanna	2
Job	1
Joda	2
Joel	1
John	159
John's	24
Join	1
Jonah	9
Jonam	2
Joppa	10
Jordan	15
Jorim	2
Josech	2
Joseph	56
Joseph's	3
Joses	3
Joshua	4
Josiah	2
Jotham	2
Joy	1
Judah	12
Judas	57
Jude	1
Judea	47
Judea's	2
Judge	6
Julia	1
Julius	2
Junias	1
Just	25
Justice	2
Justus	3
Keep	29
Keeping	1
Kenan	2
Kidron	1
Kill	8
King	37
Kingdom	3
Kios	1
Kish	1
Knock	2
Know	1
Knowledge	1
Korah	2
Korazin	2
Lamb	34
Lamb's	2
Lamech	2
Land	3
Laodicea	7
Large	9
Lasea	1
Last	10
Late	1
Later	14
Latin	1
Law	60
Lawgiver	1
Lazarus	24
Lead	1
Leader	1
Learn	2
Leave	11
Led	1
Legion	2
Lend	1
Let	92
Let's	14
Levi	16
Levi's	2
Levite	2
Levites	2
Libya	1
Life	10
Light	2
Lightning	1
Like	2
Linus	1
Lion	1
Listen	18
Little	2
Live	9
Living	1
Lois	1
Long	14
Look	37
Lookouts	1
Lord	626
Lord's	38
Lot	3
Lot's	1
Love	35
Lucius	2
Luke	3
Lycaonian	2
Lycia	1
Lydda	4
Lydia	1
Lydia's	1
Lysanias	1
Lysias	2
Lystra	6
Maath	2
Macedonia	25
Macedonian	1
Magadan	1
Magdalene	12
Magog	1
Mahalalel	2
Majestic	1
Majesty	3
Make	22
Malchus	1
Malta	1
Man	92
Man's	1
Manaen	1
Manasseh	3
Many	54
Mark	9
Martha	14
Mary	64
Mary's	3
Master	15
Masters	2
Mattatha	2
Mattathias	4
Matthan	2
Matthat	4
Matthew	6
Matthew's	1
Matthias	2
May	98
Maybe	8
Meanwhile	4
Medes	1
Mediterranean	1
Melchizedek	14
Melea	2
Melki	4
Men	22
Menna	2
Mesopotamia	2
Messiah	3
Methuselah	2
Michael	2
Midian	1
Mighty	4
Miletus	3
Mind	1
Minor	19
Mitylene	1
Mix	1
Mnason	1
Mnason's	1
Molech	1
Money	2
Moons	1
More	5
Morning	2
Moses	97
Most	26
Mother	1
Mother-in-law	1
Moths	2
Mount	19
Move	1
Much	1
Murderers	1
My	108
Myra	1
Mysia	2
Naaman	1
Naggai	2
Nahor	2
Nahshon	4
Nahum	2
Nain	1
Naphtali	3
Narcissus	1
Nathan	2
Nathanael	6
Nation	3
Nazarene	3
Nazareth	29
Neapolis	1
Neither	6
Nereus	1
Neri	2
Never	10
New	1
News	4
Next	2
Nicanor	1
Nicodemus	6
Nicolaitans	2
Nicolas	1
Nicopolis	1
Niger	1
Night	9
Nineveh	5
Ninevites	2
No	143
Noah	9
Nobody	1
None	10
Not	43
Nothing	11
Now	94
Nympha	1
Obed	4
Obed's	1
Obey	12
Of	3
Offer	3
Often	2
Olives	12
Olympas	1
Omega	3
On	63
Once	19
One	202
Onesimus	5
Onesiphorus	4
Only	26
Open	2
Or	53
Other	3
Others	43
Otherwise	3
Our	50
Out	7
Outside	2
Overcome	1
Pamphylia	5
Paphos	2
Parents	1
Parmenas	1
Part	1
Parthians	1
Pass	1
Passover	33
Patara	1
Patmos	1
Patrobas	1
Paul	257
Paul's	9
Paulus	2
Pay	6
Peleg	2
Pentecost	3
Penuel	1
People	87
People's	1
Perea	1
Perez	4
Perga	3
Pergamum	2
Perhaps	3
Persis	1
Peter	211
Peter's	10
Pharaoh	4
Pharaoh's	2
Pharisee	14
Pharisee's	2
Pharisees	94
Philadelphia	2
Philemon	1
Philetus	1
Philip	39
Philippi	7
Philologus	1
Phlegon	1
Phoebe	1
Phoenicia	4
Phoenix	2
Phrygia	3
Phygelus	1
Pick	2
Pilate	71
Pilate's	1
Pisidia	1
Pisidian	1
Place	3
Please	7
Point	1
Pollux	1
Pontius	3
Pontus	3
Pool	1
Porch	3
Porcius	1
Pour	1
Power	2
Praetorium	2
Praise	3
Pray	25
Preach	2
Preparation	6
Prepare	8
Pretend	1
Prince	1
Priscilla	9
Procorus	1
Produce	2
Promise	3
Prophesy	3
Prophet	4
Prophets	14
Protectors	1
Provide	2
Psalm	1
Psalms	4
Ptolemais	1
Publius	1
Pudens	1
Pull	1
Put	23
Puteoli	1
Pyrrhus	1
Quartus	1
Queen	2
Question	1
Quick	3
Quiet	1
Quirinius	1
Rabbi	17
Rabboni	2
Raca	1
Rachel	1
Rahab	3
Ram	4
Ramah	1
Reach	1
Rebekah	1
Rebekah's	2
Receive	3
Red	3
Regiment	1
Rehoboam	2
Remain	2
Remember	20
Remind	3
Remove	1
Renew	1
Rephan	1
Report	1
Reports	1
Respect	1
Return	1
Reu	2
Reuben	1
Rhegium	1
Rhesa	2
Rhoda	1
Rhodes	1
Right	40
Rise	1
Rising	1
River	14
Robbers	1
Roman	24
Romans	5
Rome	11
Room	8
Root	3
Rufus	2
Ruler	1
Rulers	1
Rules	1
Ruling	1
Run	2
Ruth	1
Sabbath	59
Sadducees	16
Sailing	1
Salamis	1
Salem	2
Salim	1
Salmon	4
Salmone	1
Salome	2
Salt	2
Salvation	5
Samaria	12
Samaritan	6
Samaritans	5
Samos	1
Samothrace	1
Samson	1
Samuel	3
Sanhedrin	25
Sapphira	3
Sarah	4
Sardis	3
Satan	37
Satan's	3
Saul	40
Saul's	2
Save	9
Savior	25
Say	5
Sceva	2
Sceva's	1
Scripture	74
Scriptures	19
Scythian	1
Sea	23
Seal	1
Search	2
Season	1
Second	1
Secundus	1
See	21
Seed	1
Seeing	1
Seleucia	1
Sell	2
Semein	2
Send	12
Sent	1
Sergius	1
Serug	2
Servants	1
Serve	3
Serving	1
Set	4
Seth	2
Settle	3
Seven	8
Several	1
Shaking	1
Share	1
Sharon	1
She	156
Shealtiel	4
Shechem	2
Sheep	1
Shelah	2
Shem	2
Shepherd	3
Should	17
Shouldn't	5
Show	12
Sick	3
Sidon	12
Silas	28
Siloam	4
Simeon	9
Simon	79
Simon's	4
Sin	7
Sinai	4
Since	11
Sing	3
Sir	20
Sirs	1
Sit	9
Sitting	1
Six	1
Skull	4
Slaves	3
Smyrna	2
So	841
Sodom	9
Solid	1
Solomon	7
Solomon's	6
Some	135
Someday	1
Someone	14
Something	2
Sometimes	4
Somewhere	1
Son	240
Son's	1
Sons	1
Soon	5
Sopater	1
Sosipater	1
Sosthenes	2
Sound	1
South	2
Spain	2
Speak	3
Speaking	1
Spend	2
Spirit	276
Spirit's	7
Stachys	1
Stand	10
Standing	2
Star	2
Start	1
Stay	18
Stephanas	3
Stephen	14
Stephen's	1
Still	15
Stoic	1
Stone	2
Stop	11
Straight	1
Street	1
Strengthen	2
Stretch	4
Students	1
Suddenly	12
Supper	2
Suppose	112
Susanna	1
Sychar	2
Synagogue	1
Syntyche	1
Syracuse	1
Syria	8
Syrian	2
Syrtis	1
Tabitha	2
Take	38
Talitha	1
Talking	1
Tall	2
Tamar	1
Tarsus	5
Taverns	1
Tax	2
Teach	7
Teacher	33
Teachings	1
Tell	33
Ten	4
Terah	2
Territory	1
Terror	2
Tertius	1
Tertullus	2
Test	1
Thaddaeus	2
That	221
That's	79
The	1497
Their	59
Then	1022
Theophilus	2
There	250
There's	2
These	34
Thessalonians	1
Thessalonica	8
Theudas	1
They	1722
They'll	1
They've	1
Thieves	1
Things	8
Think	14
Third	1
This	168
Thomas	11
Those	180
Though	2
Three	7
Through	14
Throw	3
Thunder	1
Thyatira	4
Tiberias	2
Tiberius	1
Tie	2
Timaeus	1
Times	1
Timon	1
Timothy	29
Timothy's	1
Titius	1
Titus	15
To	32
Today	11
Together	3
Tombs	1
Tomorrow	4
Touch	1
Traconitis	1
Training	1
Treasure	1
Treat	6
Troas	7
Trophimus	3
True	3
Trust	2
Try	8
Tryphena	1
Tryphosa	1
Turn	14
Turning	1
Twelve	28
Twenty-four	2
Two	15
Tychicus	5
Tyrannus	1
Tyre	13
Ugly	1
Under	1
Understand	1
Ungodly	1
Unleavened	7
Unless	5
Unlike	1
Untie	3
Until	3
Up	5
Urbanus	1
Uriah's	1
Use	1
Using	2
Uzziah	2
Valley	1
Very	1
Wait	6
Wake	2
Walk	1
Walkway	1
Warn	3
Warned	1
Was	10
Wash	4
Wasn't	3
Watch	17
Waves	1
Way	6
We	533
We'll	1
We're	2
We've	1
Wealth	2
Wear	2
Wearing	1
Week	1
Welcome	3
Well	1
Were	2
Weren't	4
What	302
What's	1
When	368
Where	36
Whether	2
Which	16
While	41
Who	81
Whose	4
Why	105
Wife	1
Will	12
Wine	1
Wisdom	1
Wise	8
With	32
Without	5
Wives	3
Woman	6
Women	4
Won't	13
Wonder	1
Word	7
Work	7
Workers	2
Wormwood	1
Worship	6
Would	5
Wouldn't	1
Write	5
Written	2
XY	1
Yes	43
You	906
You're	1
You've	1
Young	4
Your	88
Zacchaeus	7
Zadok	2
Zarephath	1
Zealot	4
Zebedee	10
Zebedee's	2
Zebulun	3
Zechariah	13
Zechariah's	2
Zenas	1
Zerah	1
Zerubbabel	4
Zeus	3
Zion	7
[	2
]	2
a	2136
ability	8
able	83
about	773
above	17
absolutely	4
accept	54
accepted	38
accepting	3
accepts	11
accomplished	1
account	1
accountable	6
across	14
act	17
acted	6
acting	5
action	4
actions	9
active	2
acts	9
actually	3
add	12
added	7
adds	1
admit	5
admitted	3
adopt	2
adopted	2
adult	2
adulterous	1
adultery	26
advancing	1
advantage	8
advice	8
advised	1
afraid	96
after	95
afternoon	6
again	176
against	257
age	2
ages	3
ago	59
agree	33
agreed	20
agreeing	1
agreement	2
agrees	8
ahead	50
air	13
alarmed	8
alike	1
alive	35
all	865
allow	14
allowed	26
allows	5
almost	15
alone	26
along	46
aloud	1
already	80
also	440
altar	25
altars	1
always	76
am	451
amazed	69
amazing	2
amethyst	1
among	132
amount	14
amounts	2
an	206
anchor	2
anchors	3
and	3286
angel	116
angel's	2
angels	82
anger	39
angry	42
animal	3
animals	15
ankles	2
announce	15
announced	6
announces	1
announcing	1
anoint	1
anointed	4
another	155
another's	2
answer	26
answered	139
answers	2
any	165
anybody	1
anyhow	1
anymore	20
anyone	188
anyone's	4
anything	170
anyway	5
anywhere	8
apart	9
apostle	25
apostles	75
appeal	23
appealing	1
appear	13
appearance	5
appeared	50
appearing	1
appears	10
applies	1
apply	2
appoint	3
appointed	47
appointing	2
appoints	2
approach	2
approached	12
approaching	4
approval	2
approve	1
aprons	1
are	1539
area	50
areas	4
aren't	83
argue	21
argued	10
arguing	12
ark	9
arm	1
armed	6
armies	4
armor	8
arms	7
army	4
around	110
arranged	3
arrest	17
arrested	20
arresting	1
arrive	2
arrived	42
arrives	3
arrows	1
art	1
articles	1
as	621
ashamed	23
ashes	4
ashore	2
aside	1
ask	86
asked	301
asking	37
asks	13
asleep	6
at	479
ate	37
attack	10
attacked	9
attacker	1
attacks	3
attempted	1
attendant	2
attendants	2
attention	18
author	2
authorities	22
authority	86
avoided	1
awake	4
aware	4
away	438
awful	6
awhile	1
ax	2
babies	8
baby	17
babylon	1
back	193
backed	1
backs	3
bad	34
badly	27
bag	7
band	3
bandaged	1
bank	5
baptism	16
baptize	11
baptized	55
baptizing	10
barely	2
barley	3
barn	1
based	15
basic	5
basis	8
basket	2
baskets	11
batch	3
bath	1
battle	21
battles	2
bay	1
be	1683
beach	5
bear	20
bearing	2
bears	4
beast	48
beast's	3
beasts	1
beat	19
beaten	10
beating	5
beatings	1
beautiful	9
beautifully	1
beauty	3
became	100
because	478
become	110
becomes	7
becoming	8
bed	14
beds	1
been	386
before	86
beg	15
began	116
beggar	3
begged	31
begging	7
begin	5
beginning	34
begins	3
begun	5
behave	1
behind	18
being	105
beings	11
beliefs	5
believe	212
believed	68
believer	29
believers	133
believes	21
believing	19
belong	115
belonged	16
belongs	51
below	3
belt	5
belts	2
benches	2
bend	1
benefit	10
benefits	2
bent	9
beryl	1
beside	10
best	22
better	70
between	23
bewilder	1
bewildered	6
beyond	4
big	14
bigger	1
bill	2
bird	1
birds	11
birth	33
birthday	2
bit	8
bite	2
biting	1
bitter	6
bitterness	1
black	8
blackest	1
blade	7
blame	20
blamed	2
blaming	1
blast	2
blazing	10
bleach	1
bleed	3
bleeding	3
bless	5
blessed	38
blesses	2
blessing	14
blessings	9
blew	8
blind	53
blinded	3
blindfolded	2
blood	77
blossoms	1
blow	6
blowing	5
blown	4
blows	5
blue	1
board	7
boarded	1
boards	1
boat	47
boats	6
bodies	58
body	182
bold	15
bolder	1
boldly	14
boldness	2
bones	5
book	13
books	2
booth	3
border	2
born	64
borrow	1
both	39
bother	6
bothering	4
bottom	5
bought	12
bound	1
bow	6
bowed	5
bowl	13
bowls	7
box	1
boxer	1
boxes	4
boy	22
boy's	2
boys	1
brag	43
bragged	1
bragging	15
brags	4
braid	1
branch	5
branches	17
brave	8
bread	78
break	24
breakfast	1
breaking	7
breaks	1
breath	7
breathed	2
bride	5
brides	1
bridesmaids	5
bright	11
brighter	1
brightly	2
brightness	6
bring	118
bringing	23
brings	29
broke	35
broken	17
bronze	4
brother	88
brother's	5
brothers	114
brought	141
budded	1
build	36
builder	5
builders	5
building	12
buildings	3
builds	7
built	19
bulls	3
bunches	1
bundles	1
burial	1
buried	18
burn	9
burned	20
burning	11
burns	8
burnt	3
burst	4
bury	5
bush	5
bushels	2
bushes	2
business	9
busy	2
but	92
butchered	1
buy	17
buying	3
buys	1
by	552
calf	4
call	44
called	165
calling	18
calls	11
calm	4
calmer	3
calves	2
came	464
camel	4
camel's	2
camp	2
camped	1
camps	1
can	431
can't	127
captain	5
capture	3
captured	4
captures	1
care	59
cared	1
careful	20
carefully	14
careless	1
cares	2
caring	2
carnelian	1
carpenter	1
carpenter's	1
carriages	1
carried	14
carries	2
carry	26
carrying	11
carved	1
case	16
cases	1
cast	4
casting	2
catch	7
catches	2
cattle	4
caught	15
cause	16
caused	11
causes	21
causing	3
cave	1
caves	2
celebrate	6
celebrated	1
cell	1
center	2
certain	30
certainly	21
chain	3
chained	2
chains	24
chalcedony	1
chance	10
change	17
changed	12
changes	1
character	2
charge	42
charged	2
charges	41
chariot	4
chariots	1
chase	1
chased	2
chasing	4
chatter	2
chattering	1
cheaper	1
cheat	6
cheated	3
cheating	4
cheats	1
check	1
cheek	4
cheer	9
cheered	5
cheerful	3
cheerfully	1
cheering	1
cheers	2
cherubim	2
chest	6
chests	4
chew	1
chicks	2
chief	68
child	67
child's	3
childish	1
children	165
children's	3
choice	7
choke	1
choked	4
choose	13
chooses	6
chose	50
chosen	67
chrysolite	1
chrysoprase	1
church	92
church's	1
churches	34
circle	2
circumcise	5
circumcised	44
circumcision	7
cities	6
citizen	8
citizens	5
city	116
city's	1
claim	26
claimed	11
claiming	2
claims	4
clay	4
clean	44
cleansed	1
cleansing	2
clear	29
clearer	1
clearly	20
clerk	1
clever	8
cleverness	2
cliff	1
climbed	4
climbs	1
close	19
closed	4
closely	8
closer	2
cloth	19
clothes	81
clothing	9
cloud	19
clouds	8
cloudy	1
clubs	5
coals	2
coast	5
coat	9
coats	11
coffin	1
coin	8
coins	12
cold	7
collect	10
collected	4
collecting	1
collector	8
collector's	2
collectors	16
collects	1
colony	1
colt	12
columns	1
combine	1
come	520
comes	144
comfort	14
comforted	10
comforting	1
comforts	4
coming	109
command	53
commanded	40
commander	30
commanders	2
commanding	13
commandment	12
commandments	12
commands	24
commission	1
commit	44
commitment	1
commits	14
committed	23
committing	1
common	3
commonly	1
community	1
companion	2
companions	15
company	3
compare	7
compared	5
comparing	1
compelling	2
compels	1
complain	3
complained	4
complaining	3
complete	30
completed	9
completely	48
concern	12
concerned	37
concerning	4
concerns	2
condition	4
conduct	2
confused	1
confusion	2
connected	2
consider	19
considered	19
considers	2
contains	1
content	4
contents	1
continue	29
continued	13
continues	5
continuing	1
control	61
controlled	33
controls	7
convinced	1
cooked	1
cool	1
copies	1
copper	3
copy	2
corners	7
correct	4
corrected	2
correcting	1
correctly	4
corrects	2
cost	2
could	172
couldn't	38
count	5
counted	2
countries	2
country	32
country's	2
countryside	11
counts	8
course	6
court	18
courtroom	2
courts	3
courtyard	27
courtyards	5
cousin	1
covenant	44
covenants	3
cover	9
covered	15
covering	2
covers	1
cow	1
crash	2
crashed	2
crazy	3
create	1
created	39
creation	8
creature	6
creatures	17
crew	1
cried	28
cries	4
crime	4
crimes	4
criminal	1
criminals	2
crooked	1
crop	16
crops	10
cross	66
crossed	8
crosses	1
crossing	1
crow	4
crowd	140
crowded	5
crowding	3
crowds	24
crowed	3
crown	23
crowns	6
crows	5
crucified	16
crucify	2
crumbled	2
crumbs	2
crush	3
crushed	2
cry	19
crying	17
crystal	3
cuffs	1
cult	1
cummin	1
cup	33
cups	1
curse	14
cursed	3
curses	6
cursing	1
curtain	6
curved	2
cushion	1
cut	40
cuts	3
cutting	2
cymbal	1
daily	3
dance	3
danced	2
dancing	1
danger	18
dangerous	2
dangers	1
dare	7
dared	5
dares	1
dark	22
darkened	3
darkness	41
date	3
dates	2
daughter	18
daughter-in-law	2
daughters	6
dawn	5
day	308
day's	6
daylight	6
days	132
daytime	1
deacon	1
deacons	3
dead	198
deadly	6
deaf	2
deal	13
dealing	3
deals	1
dear	26
dearly	2
death	127
decide	8
decided	33
decides	3
decision	1
decorate	1
decorated	2
deep	35
deepest	1
deeply	7
delight	3
delighted	3
delights	3
demon	24
demons	60
den	4
depend	11
depended	1
depends	2
desert	35
deserted	8
deserting	1
deserts	1
deserves	1
desires	1
destroy	47
destroyed	46
destroying	4
destroys	5
devil	33
devil's	5
did	402
didn't	186
die	94
died	101
dies	16
differ	1
difference	8
differences	1
different	35
differently	1
difficult	1
dig	2
digs	1
dill	1
dim	1
dimly	1
dinner	24
dinners	3
dip	2
dipped	4
dips	1
direct	4
directed	3
direction	1
directions	13
director	1
dirt	2
dirty	6
disabled	16
disagreed	2
disagreements	1
disappear	5
disappeared	2
disappears	2
disciple	23
disciples	281
discover	2
disease	9
diseases	4
dish	5
dishonest	1
dislike	2
disobeying	1
disorder	1
display	2
displeasing	2
distance	1
distrust	1
divide	1
divided	11
divides	1
divorce	13
divorced	2
divorces	6
do	902
doctor	4
doctors	1
does	217
doesn't	102
dog	1
dogs	8
doing	123
dollars	2
don't	401
done	204
donkey	10
donkey's	4
door	34
doors	8
doorway	1
doorways	1
dose	1
double	2
doubt	9
doubting	1
doubts	3
dough	7
dove	4
doves	6
down	299
downstairs	1
drag	2
dragged	9
dragging	1
dragon	16
drank	9
draw	1
drawn	1
dream	8
dreamers	1
dreaming	1
dreams	1
dress	5
dressed	31
dresses	2
dried	8
dries	3
drift	2
drink	73
drinking	8
drinks	9
drive	21
driven	8
drives	4
driving	7
drop	1
dropped	2
drops	1
drove	5
drown	3
drowned	5
drunk	16
drunkenness	1
dry	5
dug	3
dullness	1
dumb	2
during	14
dust	8
duties	1
duty	11
dying	13
dysentery	1
each	143
eagle	3
ear	10
earlier	14
earliest	1
early	11
earn	4
earned	9
earning	2
ears	28
earth	154
earth's	2
earthly	17
earthquake	10
earthquakes	3
easier	9
easily	8
east	10
easy	10
eat	141
eaten	9
eating	45
eats	8
edge	7
edges	3
educated	4
effect	4
effort	2
efforts	2
egg	1
eight	7
eighth	4
either	22
elder	5
elders	64
eleventh	1
else	60
else's	3
emerald	2
emperor	2
empty	7
end	43
ended	4
ends	4
enemies	50
enemy	17
engaged	2
enjoy	16
enjoyed	2
enjoying	2
enjoys	1
enough	45
enter	57
entered	45
entering	1
enters	7
entire	1
entrance	8
equal	5
erase	2
erases	1
escape	20
escaped	8
escaping	3
eternal	46
evangelist	1
even	209
evening	21
events	1
ever	92
every	116
everybody	3
everybody's	1
everyday	2
everyone	132
everyone's	4
everything	224
everywhere	23
evil	246
exact	4
exactly	12
example	23
examples	8
excellent	6
except	22
exchanging	4
excited	3
exclaim	2
exclaimed	4
excuse	7
excuses	1
exist	8
existed	2
exists	2
expect	10
expected	6
expecting	12
expects	1
expense	10
expenses	2
expensive	5
explain	20
explained	8
extra	6
eye	32
eyes	81
face	40
faced	2
faces	10
fact	61
facts	4
fade	5
fading	3
fail	6
failed	4
failing	2
fails	2
failure	3
faint	1
fair	23
fairly	7
fairness	1
faith	257
faithful	68
faithfully	5
faithfulness	1
fake	1
fall	49
fallen	9
falling	5
falls	12
false	35
falsely	1
familiar	2
families	5
family	83
family's	1
fancy	1
far	72
farm	1
farmer	15
farmers	3
farther	5
fast	5
fasted	2
fastened	3
faster	1
fasting	6
fat	1
father	131
father's	4
father-in-law	1
fathers	8
fattest	4
fault	17
favor	18
favoring	1
fear	27
fearful	1
fears	2
feast	6
feasts	1
fed	2
feed	10
feeding	3
feeds	3
feel	19
feeling	2
feelings	5
feels	1
fees	1
feet	80
fell	71
fellow	18
fellow's	1
fellows	1
felt	15
female	8
fever	8
few	27
field	25
fields	8
fifth	4
fig	14
fight	26
fighting	8
fights	8
figs	5
figure	4
figures	1
fill	10
filled	63
fills	2
final	2
finally	5
find	97
finding	2
finds	14
fine	16
finger	8
fingers	1
finish	14
finished	26
finishing	1
fire	79
firelight	1
fires	1
firm	29
firmly	13
first	156
fish	34
fishermen	4
fishers	2
fishing	1
fists	2
fit	13
fits	3
five	23
flame	1
flames	3
flaming	4
flash	2
flashed	2
flashes	6
flaw	3
flaws	1
flesh	3
flew	1
flock	7
flocks	1
flood	9
flooded	1
floor	4
flour	3
flow	3
flowed	4
flower	1
flowers	5
flute	5
fly	2
flying	4
foam	1
foamed	1
foams	2
folded	1
follow	87
followed	63
follower	4
followers	16
following	19
follows	2
food	67
foods	4
fool	27
fooled	6
fooling	4
foolish	34
fools	9
foot	9
for	1424
force	10
forced	11
forceful	1
forces	3
forehead	3
foreheads	6
forest	1
forever	62
forgave	5
forget	11
forgets	3
forgive	30
forgiven	41
forgives	2
forgiving	2
forgotten	6
form	8
forms	1
fort	6
fortunes	1
forward	13
fought	5
found	107
foundation	8
foundations	4
founders	4
four	32
four-footed	2
fourth	7
fox	1
frankincense	1
free	111
freed	1
freedom	13
freely	19
fresh	2
friend	26
friend's	4
friendly	1
friends	49
frogs	1
from	1125
front	113
fruit	47
fruitful	1
full	73
fullest	1
fully	1
fun	33
fund	1
funeral	2
furnace	4
furniture	2
further	1
future	5
gain	6
gained	1
gains	3
gallons	3
games	1
gang	1
garbage	2
garden	5
gardener	2
gate	19
gatekeeper	1
gates	13
gather	26
gathered	43
gathering	3
gathers	4
gave	246
gear	1
generals	2
generations	1
gentle	15
gentleness	1
gently	3
get	180
gets	16
getting	21
ghost	4
gift	59
gifts	34
girl	11
give	359
given	216
giver	1
gives	90
giving	24
glad	42
gladly	3
glass	4
gleamed	1
gleaming	3
gloom	1
gloomy	1
glorious	20
glory	171
glowing	1
go	290
go-between	7
goal	2
goat	2
goats	6
god	16
goddess	4
godless	7
godliness	11
godly	44
gods	46
goes	29
going	184
gold	31
golden	9
gone	35
gong	1
good	419
good-by	6
goodness	4
goods	1
got	83
gotten	5
government	1
governor	20
governor's	3
governors	5
grabbed	12
grace	128
gracious	2
grain	18
grainfields	3
grains	1
grandchildren	2
grandmother	1
grandparents	1
grapes	8
grapevine	1
grass	13
grave	6
graves	4
great	118
greater	23
greatest	4
greatly	11
greatness	2
greed	3
green	3
greet	9
greeted	8
greeting	5
greetings	24
greets	2
grew	21
grind	7
grinding	2
grinds	1
groan	4
groaning	1
groans	2
groom	14
groom's	1
grooms	1
ground	37
group	24
groups	9
grove	3
grow	25
growing	4
grown	8
grows	5
growth	1
guard	19
guarded	4
guardians	1
guarding	2
guards	19
guest	5
guests	17
guide	4
guided	5
guides	3
guiding	1
guilt	8
guilty	60
habit	2
habits	1
had	825
hadn't	10
hail	2
hailstones	1
hailstorm	1
hair	23
half	10
halfway	1
hall	2
hand	159
handed	43
handful	1
handing	3
handkerchiefs	1
handle	2
handled	1
handling	2
hands	78
handwriting	1
hanged	1
hanging	2
happen	83
happened	85
happening	14
happens	24
happier	2
happiness	2
happy	29
harbor	2
hard	82
harder	8
hardly	5
harm	22
harmed	2
harmful	2
harmless	1
harp	3
harps	2
harvest	23
harvested	2
harvesting	1
has	822
hasn't	7
hate	33
hated	17
hates	9
hatred	5
have	1431
haven't	27
having	18
hay	1
he	1917
he'll	1
he's	1
head	61
headed	7
headfirst	1
heading	2
heads	22
heal	21
healed	76
healing	6
heals	1
health	1
healthy	3
hear	103
heard	259
hearing	6
hears	12
heart	64
hearts	79
heat	5
heaven	258
heaven's	1
heavenly	20
heavens	17
heavy	10
held	41
hell	20
helmet	2
help	95
helped	21
helper	2
helpers	2
helpful	2
helping	5
helpless	1
helps	11
hen	2
her	269
herd	8
herds	1
here	174
here's	1
hero	1
herself	4
hid	8
hidden	23
hide	4
hides	1
hiding	1
high	81
higher	2
highest	11
highly	3
hill	7
hills	4
hillside	2
him	1763
himself	142
hint	1
hire	1
hired	12
his	1259
histories	2
history	1
hit	14
hits	3
hold	52
holding	13
holds	9
hole	2
holes	3
holiness	2
holy	137
home	73
homes	11
hometown	6
homosexual	1
honest	20
honestly	1
honey	4
honor	72
honorable	3
honored	14
honors	2
hope	108
hoped	5
hopes	4
hoping	3
horns	9
horse	7
horseback	1
horsemen	3
horses	11
host	3
hot	5
hour	36
hours	4
house	162
household	1
houses	6
how	234
huge	18
hugged	1
human	63
hung	3
hunger	4
hungry	31
hurricane	1
hurried	4
hurry	1
hurt	23
hurting	2
husband	38
husband's	2
husbands	10
husks	2
hymn	3
hymns	3
hyssop	2
idea	10
ideas	7
if	251
ill	1
illness	3
illnesses	1
imagine	1
important	118
impossible	6
impure	1
in	2432
incense	10
include	3
included	7
includes	6
including	2
increase	9
increased	2
increasing	1
independent	2
indoors	2
infants	1
ink	3
inn	3
inner	3
insect	1
inside	43
insides	1
instant	2
instead	15
interest	2
interested	1
interests	7
interrupted	1
into	379
invite	8
invited	26
invites	2
inviting	1
iron	8
is	2539
island	15
isn't	17
it	1358
it's	13
items	1
its	76
itself	21
ivory	1
jacinth	1
jailer	7
jailers	1
jar	12
jars	4
jasper	3
jealous	14
jealousy	3
jesus	2
jewel	2
jewelry	1
jewels	5
jews	4
job	6
join	15
joined	49
joins	6
joints	1
jokes	1
journey	15
journeys	1
joy	83
joyful	19
joyfully	1
judge	102
judge's	2
judged	49
judges	33
judging	7
judgment	20
jump	2
jumped	8
just	193
keep	128
keeping	29
keeps	11
kept	69
kettles	1
key	4
keys	2
kill	78
killed	56
killing	4
kills	1
kind	77
kindly	1
kindness	11
kinds	41
king	72
king's	3
kingdom	167
kingdoms	3
kings	30
kiss	10
kissed	5
kissing	1
knee	3
knees	19
knew	73
knock	1
knocked	4
knocking	2
knocks	3
know	511
knowing	11
knowledge	23
known	64
knows	42
koum	1
labor	2
labored	1
lady	2
laid	8
lake	33
lama	2
lamb	5
lambs	3
lamp	13
lamps	8
lampstand	2
lampstands	4
land	51
landed	11
lands	4
lanes	2
language	25
languages	26
lanterns	1
lap	1
large	65
larger	1
largest	2
last	75
lasted	4
lasting	2
lasts	8
late	5
later	33
latest	1
laugh	5
laughed	5
laughing	1
laughter	1
law	265
lawless	2
laws	6
lawyer	2
lay	6
laying	1
lays	1
lazy	1
lead	47
leader	13
leaders	36
leading	12
leads	16
leaned	2
leaning	1
learn	16
learned	19
learning	3
learns	1
least	15
leather	5
leave	57
leaves	13
leaving	16
lecture	1
led	50
left	160
leftover	5
legs	5
lend	2
lender	1
lends	1
length	1
leopard	1
less	11
lesson	2
let	154
let's	2
lets	1
letter	67
letters	15
level	4
liar	9
liars	5
licked	1
lie	14
lied	3
lies	24
life	260
life's	3
life-giving	1
lifeboat	3
lifeless	1
lifetime	1
lifetimes	1
lift	10
lifted	21
lifts	3
light	88
lighter	1
lightning	10
lights	4
like	458
liked	2
likeness	6
likes	1
lilies	1
limit	3
limited	1
line	29
linen	18
lion	4
lion's	1
lions	3
lips	7
list	5
listed	2
listen	69
listened	9
listening	8
listens	8
listing	1
lit	1
little	80
live	193
lived	56
lives	62
living	128
load	8
loaded	2
loads	4
loaf	3
loaves	24
local	2
lock	2
locked	9
locusts	4
lonely	2
long	131
longed	6
longer	48
longing	10
longings	21
longs	3
look	82
looked	83
looking	51
lookout	2
looks	7
loose	2
lord	1
lords	1
lose	20
loses	13
losing	2
loss	2
lost	22
lot	35
lotion	1
lots	6
loud	42
louder	5
loudly	3
love	246
loved	51
lovely	1
loves	38
loving	8
low	3
lower	4
lowered	6
lowest	3
lukewarm	1
lump	1
lunch	1
lying	24
made	372
magic	4
magician	3
main	3
majesty	2
make	243
makes	70
making	18
male	3
man	494
man's	30
manage	4
manager	9
manger	3
manna	5
manner	1
many	201
marble	1
march	1
marched	2
mark	10
marked	6
market	14
marks	4
marriage	3
married	61
marries	3
marry	5
mask	1
master	51
master's	7
mastered	1
masters	12
mat	15
match	1
matched	1
mats	2
matter	36
matters	9
may	73
me	1031
meal	19
meals	1
mean	38
meaning	12
means	55
meant	27
meantime	1
measure	5
measured	6
measures	1
measuring	3
meat	8
meet	20
meeting	12
meetings	4
meets	5
melt	1
member	6
members	23
memories	1
memory	5
men	161
mention	1
merchants	1
mercy	66
mere	4
mess	1
message	72
messenger	13
messengers	6
met	33
metal	2
middle	7
midnight	6
might	47
mighty	14
mile	2
miles	6
military	1
milk	5
mill	1
millions	3
millstone	5
mind	47
minds	29
mine	8
mint	2
miracle	5
miracles	31
miraculous	42
mirror	2
miserable	1
misleading	1
misses	1
missing	3
mist	2
mistake	2
mistaken	2
mistakes	3
mists	1
mixed	12
mob	2
model	2
models	1
moment	17
money	82
month	3
months	17
moon	11
more	280
morning	23
most	55
moth	1
mother	81
mother's	2
mother-in-law	4
mothers	6
mothers-in-law	1
moths	1
motioned	9
motioning	1
mountain	24
mountains	9
mountainside	8
mouth	39
mouths	12
move	16
moved	7
moving	1
mowed	1
much	89
mud	6
mulberry	1
murder	17
murdered	5
murderer	4
murderers	4
murders	2
muscles	1
music	4
musicians	1
must	325
mustard	5
my	562
myrrh	2
myself	44
mystery	22
nail	6
nailed	20
nailing	3
nails	1
naked	8
nakedness	2
name	182
named	50
names	14
nard	2
narrow	3
nation	23
nations	44
native	2
natural	9
naturally	4
nature	38
natures	2
nazareth	1
near	63
nearby	14
nearly	5
necessary	2
neck	3
need	80
needed	16
needing	2
needle	3
needs	21
needy	5
neighbor	15
neighbors	7
nephew	2
nest	5
nests	2
net	8
nets	8
never	119
new	90
newborn	1
news	148
next	46
night	51
nights	3
nine	5
ninth	1
no	284
noble	2
nobody	3
noise	3
noisy	2
non-Greeks	1
non-Jewish	4
non-Jews	33
none	13
noon	9
normal	1
north	2
northeaster	1
northwest	1
nose	1
not	1459
note	1
notes	1
nothing	101
notice	2
noticed	5
now	203
number	30
numbers	7
nursed	2
nursing	3
o'clock	16
oars	1
oath	43
oaths	2
obey	120
obeyed	25
obeying	18
obeys	5
object	1
objected	2
objects	1
observing	1
of	4392
off	78
offer	18
offered	39
offering	26
offerings	15
offers	2
office	2
officer	20
officers	9
official	13
officials	11
often	15
oil	14
old	52
older	10
oldest	2
olive	16
olives	1
on	1012
once	50
one	807
one's	1
ones	33
oneself	1
only	228
onto	2
open	54
opened	39
opening	4
openly	12
opens	3
opinion	4
opportunity	5
oppose	17
opposed	13
opposes	2
opposing	9
opposite	14
or	322
order	33
ordered	41
orderly	2
orders	19
ordinary	5
other	274
other's	1
others	210
our	366
ours	8
ourselves	22
out	630
outer	4
outside	47
outsider	4
outsiders	7
outsmart	2
outstanding	1
over	274
overboard	3
overcame	3
overcome	14
overcomes	1
overpower	1
overpowered	2
overrun	2
overthrow	1
owe	16
owed	14
own	187
owned	9
owner	20
owner's	4
owners	6
owns	7
ox	5
oxen	3
packed	1
paid	25
pain	17
painful	4
pains	5
painted	1
pair	2
pairs	1
palace	11
palaces	2
pale	1
palm	2
paper	1
parade	2
paradise	3
parent	1
parents	36
part	51
parties	4
partners	1
parts	28
pass	20
passage	1
passed	25
passing	10
past	13
pastors	1
patch	4
path	23
paths	4
patient	24
patiently	1
pattern	5
pay	77
paying	5
payment	1
pays	1
peace	103
peaceful	2
pearl	2
pearls	7
pen	4
pennies	1
penny	4
people	1151
people's	14
peoples	1
perfect	31
perfectly	3
performing	1
perfume	18
perfumes	1
perhaps	1
period	1
permission	1
permits	1
permitted	4
person	118
person's	10
personal	2
personally	1
persons	2
physically	1
pick	13
picked	13
picture	4
pictured	1
piece	16
pieces	23
pierced	2
pig	1
pigeons	1
pigs	17
pile	2
piled	1
pillar	1
pillars	3
pilot	1
pint	1
pit	6
pitchers	1
pitchfork	2
pitiful	1
pity	5
place	146
placed	40
places	32
placing	2
plague	2
plagued	1
plagues	10
plain	5
plainly	6
plan	20
planned	46
planning	1
plans	22
plant	21
planted	30
planter	1
planting	1
plants	23
plate	4
played	4
players	1
plays	1
pleasant	1
please	27
pleased	33
pleases	12
pleasing	6
pleasure	5
pleasures	7
plenty	7
plow	1
plowing	1
plows	1
poets	1
point	12
pointed	2
points	2
poison	3
poisoned	1
poisonous	5
poke	4
poked	1
pole	1
polished	1
pollute	4
polluted	5
pollutes	2
pool	2
poor	46
ports	1
position	5
positions	1
possess	2
possible	25
possibly	1
pots	2
potter	1
potter's	2
pounded	1
pounding	1
pounds	2
pour	7
poured	32
pouring	2
pours	2
power	157
powerful	27
powerfully	1
powers	8
practice	13
practiced	6
practices	7
praise	61
praised	27
praises	5
praising	8
pray	98
prayed	30
prayer	15
prayers	16
praying	28
prays	10
preach	57
preached	73
preaches	3
preaching	19
pregnant	11
prepare	16
prepared	25
preparing	3
present	5
presented	1
press	1
pressed	1
pretend	13
pretended	5
pretender	3
pretenders	13
pretending	2
pretends	1
price	11
priceless	1
pride	18
priest	78
priest's	6
priests	92
prince	7
princes	1
prison	62
prisoner	17
prisoners	11
prisons	2
private	8
prize	6
problem	4
problems	1
produce	12
produced	11
produces	9
producing	2
promise	54
promised	47
promises	19
proof	5
proper	8
properly	2
property	16
prophecies	2
prophecy	16
prophesied	7
prophesies	3
prophesy	13
prophesying	2
prophet	70
prophet's	2
prophets	81
prostitute	8
prostitutes	5
protects	1
proud	36
prove	24
proved	14
proverbs	1
proves	2
provide	4
provided	2
provides	4
prowls	1
psalms	2
public	10
pull	9
pulled	12
pulling	2
pulls	1
punish	13
punished	17
punishes	2
purchased	2
pure	68
purple	10
purpose	24
purposes	4
purse	3
purses	1
push	3
pushed	4
pushing	2
put	303
puts	10
putting	7
puzzled	2
qualities	1
quarreling	1
quart	1
quarts	1
queen	2
question	20
questioned	10
questions	13
quick	3
quickly	23
quiet	23
quieted	2
quietly	2
quite	3
race	9
rage	2
rags	1
rain	11
rainbow	2
rained	2
raining	1
rains	1
raise	16
raised	74
raises	2
raising	1
ran	31
rang	1
rather	8
ravens	1
reach	5
reached	21
reaches	1
reaching	1
read	28
reader	2
reading	6
reads	2
ready	56
real	8
realize	13
realized	16
really	81
reason	31
reasonable	3
reasoning	1
reasons	5
rebuild	2
receive	139
received	86
receives	4
receiving	4
recently	1
recognize	10
recognized	10
recognizing	1
record	1
red	12
refuse	10
refused	16
refuses	4
regular	1
regularly	2
relative	3
relatives	10
religious	4
remain	38
remained	8
remains	13
remember	34
remembered	14
remembering	1
remembers	1
remind	8
reminders	1
reminding	1
remove	4
removed	3
removing	1
renewed	6
renews	1
rent	1
rented	4
renters	18
replied	179
reply	7
report	9
reported	17
reporting	1
reports	3
reptiles	4
require	1
required	7
requires	11
rescue	1
rescued	1
reserved	3
respect	40
respected	5
rest	49
rested	3
resting	3
rests	2
result	10
resulted	1
results	5
resurrection	4
return	26
returned	39
returning	3
returns	19
revelation	1
reward	26
rewarded	1
rewards	3
rich	63
riches	25
richly	2
rid	21
ridden	2
rider	5
rider's	4
riders	2
rides	1
riding	3
right	331
rightful	1
rights	4
ring	2
ripe	4
ripens	1
rise	51
risen	9
rises	9
rising	11
risk	1
river	9
rivers	3
road	24
roads	2
roar	5
roaring	2
rob	5
robbed	2
robber	3
robbers	10
robe	16
robes	8
rock	14
rocks	4
rocky	5
rod	6
rode	1
roll	2
rolled	8
rolling	1
roof	8
rooftops	2
room	24
rooms	1
rooster	12
root	4
roots	12
ropes	4
rose	11
rot	6
rotted	2
rough	2
rounded	1
row	1
rowed	1
rows	1
royal	8
rubbed	1
rudder	1
rudders	1
rude	3
rue	1
rule	36
ruled	12
ruler	33
ruler's	1
rulers	26
rules	36
ruling	5
rumblings	4
run	18
runners	1
running	9
runs	2
rush	1
rushed	9
rushes	2
rushing	4
rust	2
sabachthani	2
sacred	7
sacrifice	12
sacrificed	1
sacrifices	23
sad	49
sadness	18
safe	16
safely	4
sagging	1
said	1186
sail	9
sailed	19
sailing	3
sailors	3
sale	3
sales	1
salt	5
salted	1
saltiness	3
saltwater	1
salty	3
salvation	23
same	188
sand	4
sandals	12
sandbar	1
sandbars	1
sandy	1
sang	10
sank	1
sap	1
sapphire	1
sardonyx	1
sat	45
satanic	1
satisfied	7
satisfy	9
save	48
saved	89
saves	6
saving	2
saw	253
sawdust	6
sawed	1
say	383
saying	70
says	192
scales	2
scare	1
scattered	24
scatters	4
scold	2
scolded	2
scorpion	2
scorpions	3
scream	1
screamed	3
screams	1
scroll	20
scrolls	4
sea	54
seal	15
sealed	7
seals	5
seams	1
search	3
searched	1
searches	3
seashore	3
season	1
seasons	2
seat	5
seated	6
seats	4
second	37
secret	20
secretly	8
secrets	4
secure	7
see	287
seed	58
seeds	3
seeing	10
seek	1
seeking	1
seem	4
seemed	6
seems	8
seen	108
sees	10
self	1
sell	8
selling	10
send	65
sending	40
sends	15
sense	18
senses	2
sent	223
sentence	11
sentenced	6
sentences	1
sentencing	1
separate	18
separated	10
separates	3
serious	1
serpent	4
serpent's	1
servant	92
servant's	4
servants	47
serve	101
served	20
serves	17
service	6
serving	23
set	79
sets	5
setting	3
settle	2
settled	3
seven	79
seventh	9
several	4
sew	3
sex	5
sexual	38
shade	1
shadow	5
shadows	1
shake	6
shaken	9
shakes	1
shaking	4
shallow	1
shame	28
shameful	10
share	65
shared	7
shares	3
sharing	7
sharp	6
sharper	1
sharply	1
shave	1
shaved	2
she	160
sheep	52
sheet	4
shelters	3
shepherd	13
shepherds	8
shield	1
shine	16
shines	3
shining	9
ship	27
ship's	3
ships	5
shipwrecked	1
shirt	2
shocked	1
shone	7
shook	13
shore	12
short	21
shortened	2
should	306
shoulders	4
shouldn't	28
shout	3
shouted	40
shouting	11
shouts	3
show	76
showed	35
shower	1
showing	4
shown	37
shows	18
shut	9
shuts	1
shy	2
sick	41
sickness	11
sicknesses	11
side	57
sides	10
sift	1
sigh	1
sighed	1
sight	19
sign	35
signal	2
signs	38
silence	1
silent	8
silk	1
silly	2
silver	22
simple	2
simply	2
sin	161
sin's	2
since	26
sincere	1
sinful	57
sing	7
singing	2
single	13
sink	4
sinned	27
sinner	12
sinners	33
sinning	15
sins	184
sir	3
sister	24
sisters	121
sit	27
sits	12
sitting	45
six	7
sixth	6
size	1
skilled	2
skin	11
skins	5
sky	23
slap	1
slapped	1
slave	28
slave's	1
slavery	1
slaves	36
sleep	7
sleeper	1
sleeping	19
sleeps	1
sleepy	1
slipped	5
slow	5
slowly	2
small	31
smallest	6
smart	1
smash	1
smell	5
smoke	13
smooth	2
snake	7
snake's	1
snakes	9
snare	1
snow	2
so	210
so-called	1
soaked	1
sob	11
sobbed	6
sobbing	3
soft	1
soil	13
sold	21
soldier	9
soldiers	40
solid	6
some	182
somebody	4
someday	7
somehow	4
someone	115
something	86
sometimes	1
somewhere	3
son	201
song	7
songs	4
sons	35
soon	43
sores	4
sorrow	4
sorrows	1
sorry	10
sort	1
sorts	1
soul	17
souls	6
sound	13
sounded	7
sounds	3
sour	2
south	7
southwest	1
space	1
spare	9
spared	1
sparing	1
spark	2
sparrows	4
speak	144
speaker	3
speakers	1
speaking	62
speaks	26
spear	1
spears	1
special	31
speech	3
spell	2
spend	20
spending	1
spent	17
spice	1
spices	8
spies	5
spilled	4
spilling	6
spirit	87
spirits	38
spiritual	15
spiritually	1
spit	13
split	2
spoil	2
spoils	1
spoke	154
spoken	36
sponge	4
sport	1
spot	1
spots	1
spread	31
spreading	5
spreads	1
spring	5
springs	5
sprinkle	1
sprinkled	9
square	1
staff	2
stain	1
stained	1
stains	2
stalk	1
stand	80
standards	3
standing	59
stands	20
star	13
star's	1
stare	3
stared	2
staring	2
stars	18
start	4
started	20
starting	2
starts	1
statement	1
statue	15
statues	32
stay	34
stayed	38
staying	13
stays	2
steady	3
steal	13
stealing	5
steals	1
steep	3
steered	1
stem	1
step	1
stepped	3
stepping	1
steps	5
stick	8
sticks	4
stiff	1
still	117
sting	3
stings	1
stir	8
stirred	12
stirring	1
stirs	5
stole	1
stolen	1
stomach	10
stomped	1
stomps	1
stone	53
stones	26
stoning	1
stood	71
stool	1
stop	43
stopped	19
stops	1
store	2
stored	3
storeroom	4
storerooms	3
stores	1
stories	23
storing	1
storm	9
stormy	1
story	31
straight	12
strange	5
stranger	8
stranger's	1
strangers	9
straps	1
straw	5
streams	1
street	7
streets	8
strength	38
strengthen	2
strengthens	1
stretch	1
stretched	3
strict	1
strike	5
strikes	1
strip	1
stripped	2
strips	8
stroke	1
strokes	1
strong	50
stronger	7
strongest	1
strongly	12
struck	10
struggle	6
struggling	1
stubborn	20
stuck	3
student	2
studied	2
study	3
studying	1
stuffed	1
succeeded	1
such	16
suddenly	7
suffer	50
suffered	30
suffering	52
sufferings	8
suffers	5
suggested	1
suggesting	1
sulfur	8
summer	3
sun	32
sunk	1
sunrise	2
sunset	2
super-apostles	2
supernatural	3
supper	6
supplied	1
supplies	3
supply	4
support	2
supports	1
suppose	62
supposed	28
sure	88
surely	3
surface	1
surprise	4
surprised	8
surprising	1
surround	2
surrounded	10
surrounding	1
swallow	2
swallowed	3
sweat	1
sweep	2
sweet	4
sweet-smelling	2
swell	1
swept	3
swim	2
swimming	1
swollen	1
sword	29
swords	7
swung	2
sycamore-fig	1
synagogue	43
synagogues	23
table	23
tables	5
tablets	4
tail	1
tails	4
take	175
taken	76
takes	29
taking	8
tales	1
talk	42
talked	32
talking	60
task	9
tassels	1
taste	3
tasted	7
tasting	1
taught	64
tax	28
taxes	7
teach	74
teacher	22
teachers	76
teaches	8
teaching	76
teachings	25
tear	11
tears	9
teeth	11
tell	277
telling	44
tells	13
temple	129
temples	4
tempt	4
tempted	21
tempter	1
tempting	2
ten	20
tender	9
tending	3
tendons	1
tent	25
tenth	12
tentmakers	1
tents	1
terrible	71
terribly	4
terrified	12
terrify	1
terrifying	1
territory	1
terrorists	1
test	32
tested	4
testing	3
than	200
thank	25
thanked	2
thankful	12
thanking	2
thanks	44
that	2054
that's	13
the	9453
theater	2
their	571
theirs	4
them	1507
themselves	69
then	92
there	368
these	167
they	1419
thick	1
thief	10
thieves	3
thigh	1
thing	72
things	479
think	122
thinkers	2
thinking	29
thinks	6
third	54
thirsty	17
this	666
thorns	16
those	658
though	46
thought	41
thoughts	16
thousand	2
thousands	6
three	85
threshing	2
threw	32
throats	1
throne	52
thrones	6
through	190
throughout	3
throw	28
throwing	9
thrown	43
throws	3
thunder	8
thundering	1
thunders	2
tie	4
tied	16
tight	1
tightly	1
tiles	1
time	370
times	65
tip	1
tired	6
title	1
to	6476
today	37
today's	3
together	126
told	261
tomb	42
tombs	10
tomorrow	7
tone	1
tongue	10
tongues	6
tonight	1
too	100
took	169
tooth	2
top	14
topaz	1
torch	1
torches	1
tore	4
torn	10
toss	1
tossed	1
tosses	1
tossing	1
total	2
totally	2
touch	12
touched	24
touches	1
touching	1
toward	20
towel	2
tower	4
towing	1
town	59
towns	17
trace	1
track	1
trade	2
trader	1
traders	4
trail	1
train	8
trained	9
training	4
trains	3
trap	13
traps	1
trash	2
travel	3
traveled	18
traveling	2
treasure	8
treasures	3
treat	18
treated	31
treating	3
treats	5
tree	48
trees	15
tremble	1
trembling	4
trial	16
tribe	25
tribes	7
trick	5
tricked	9
tricking	1
tricks	4
tricky	1
tried	47
tries	3
trims	1
trip	19
tripped	3
troops	3
trouble	49
troubled	18
troublemaker	1
troublemakers	1
troubles	10
true	231
truly	7
trumpet	18
trumpets	4
trust	24
trusted	25
trusts	6
truth	117
truthful	4
truthfully	3
truths	5
try	39
trying	39
tune	1
tunnel	1
turn	73
turned	65
turning	5
turns	8
twelfth	1
twice	7
twig	1
twigs	2
twin	1
twins	1
twist	5
twisted	15
twisting	1
two	136
umpire	1
unable	2
unbelief	2
unbeliever	3
unbelievers	7
unbelieving	6
uncertain	1
uncircumcised	4
uncircumcision	2
unclean	24
uncleanness	1
uncovered	3
under	93
understand	86
understanding	15
understands	4
understood	12
unfair	2
unfairly	1
unfaithful	2
unfamiliar	1
ungodliness	1
ungodly	21
unhappy	1
unholy	1
unkind	2
unknown	3
unless	21
unload	1
unlock	2
unlocked	2
unmarried	1
unrolled	1
untie	5
untied	2
until	101
untying	4
unusual	3
unusually	1
up	659
upon	1
upset	19
upstairs	7
us	672
use	45
used	41
useful	9
useless	11
uses	4
using	17
usual	14
usually	3
valley	1
valuable	7
value	14
vegetables	1
veil	7
veiled	1
verses	1
very	234
victory	1
view	4
village	21
villages	8
vine	4
vinegar	4
vineyard	26
virgin	9
virgin's	1
virgins	1
vision	16
visions	1
visit	25
visited	2
visitor	1
visitors	5
voice	98
voices	6
vultures	2
waist	4
wait	17
waited	4
waiting	20
waits	3
wake	3
walk	42
walked	20
walking	20
walks	4
wall	10
walls	4
wander	1
wandered	7
wandering	1
wanders	2
want	327
wanted	149
wanting	8
wants	103
war	11
warm	3
warmed	1
warming	3
warmly	1
warn	14
warned	17
warning	9
warns	2
wars	5
was	1791
wash	15
washed	14
washing	7
washings	3
wasn't	29
waste	6
wasted	4
wasteful	2
wasting	1
watch	29
watched	17
watchful	2
watching	14
water	85
water's	1
watered	1
waters	12
waves	12
waving	2
way	361
ways	42
we	747
we've	8
weak	48
weakened	1
weaker	5
weakness	4
wealth	8
wealthy	1
weapons	6
wear	14
wearing	11
weather	1
wedding	13
weed	1
weeds	10
week	11
welcome	21
welcomed	22
welcomes	18
welcoming	1
well	62
well-known	2
went	415
were	991
weren't	22
west	5
wet	2
what	1172
what's	2
wheat	12
when	361
where	151
wherever	3
whether	14
which	26
while	92
whip	9
whipped	11
whisper	1
whispered	2
whispering	3
white	25
whiter	1
who	1811
whole	103
whom	17
whose	32
why	99
wide	10
widow	19
widows	15
wife	63
wife's	2
wild	30
wildly	5
will	2437
willing	27
win	13
wind	24
window	2
winds	10
wine	44
winepress	7
wineskins	9
wings	7
wink	1
winner's	1
winners	1
winning	4
wins	1
winter	9
wipe	4
wiped	5
wisdom	36
wise	44
wisely	4
wiser	2
wish	14
wished	2
wishes	3
witchcraft	3
with	1405
without	100
withstand	1
witness	120
witnesses	35
wives	9
woke	7
wolf	2
wolves	4
woman	120
woman's	5
women	58
women's	1
won	16
won't	86
wonder	7
wondered	6
wonderful	11
wondering	5
wonders	14
wood	11
wooden	5
wool	3
word	113
words	127
wore	6
work	153
worked	24
worker	5
workers	14
working	17
works	34
world	242
world's	7
worldly	2
worm	1
worms	2
worn	2
worn-out	1
worried	3
worries	5
worry	20
worrying	2
worse	14
worship	64
worshiped	30
worshiper	1
worshiper's	1
worshipers	7
worshiping	6
worships	4
worst	3
worth	14
worthless	7
worthy	46
would	292
wouldn't	16
wound	4
wounded	3
wounds	3
wrapped	11
wreaths	1
wrinkle	1
wrists	1
write	38
writes	1
writing	58
writings	1
written	143
wrong	76
wronged	1
wrongly	1
wrongs	1
wrote	28
yards	1
year	15
year's	2
years	58
yeast	18
yelled	2
yellow	1
yes	2
yesterday	3
yet	27
you	4347
you're	9
you've	3
young	26
younger	11
youngest	1
your	853
yours	19
yourself	49
yourselves	76
