!	263
,	21022
.	7088
:	1
;	2754
?	925
A	57
Aaron	5
Abba	3
Abel	4
Abia	1
Abias	2
Abiathar	1
Abide	1
Abilyn	1
Abraham	72
Abrahams	3
Absteyne	1
Abyut	2
Acaici	1
Acaicy	1
Acaie	9
Acaye	1
Achaz	2
Acheldemac	1
Acheldemak	1
Achym	2
Adam	9
Addi	1
Adrymetis	1
Affrik	1
Afterward	4
Aftir	21
Aftirward	5
Aftyrward	1
Agabus	2
Agar	1
Agrippa	11
Al	7
Alfei	1
Alfey	2
Alisaundir	1
Alisaundre	9
Alle	26
Alleluya	4
Alphei	2
Also	29
Am	2
Amen	47
Amfipolis	1
Amon	2
Amoneste	1
Among	2
Amos	1
Ampliate	1
Amynadab	3
An	7
Anany	4
Ananye	7
And	3483
Andreu	1
Andrew	9
Andrewe	3
Andronyk	1
Anentis	2
Anna	1
Annas	4
Anoon	3
Another	3
Anothir	4
Ansicrete	1
Answerist	4
Antifas	1
Antioche	17
Antiochie	2
Antipatriden	1
Apocalips	1
Apollo	10
Apostlis	1
Appellem	1
Appia	1
Appius	1
Appollion	1
Appollonye	1
Aquila	5
Aquyla	1
Arabie	3
Aram	3
Aramathie	1
Archilaus	1
Archip	1
Archippus	1
Arede	1
Areede	1
Arethe	1
Arfaxath	1
Ariopage	2
Aristark	4
Aristoblis	1
Armathi	2
Armathie	1
Aropagite	1
Art	10
Arteman	1
Aryse	1
As	43
Asa	2
Asaie	1
Aser	2
Asians	1
Asie	19
Asor	2
Asson	3
Astirak	1
Asye	1
At	1
Atenes	2
Atenys	2
Athenys	2
August	1
Aungels	1
Auowtreris	1
Awake	1
Axe	2
Ayens	1
Azotus	1
Baal	1
Babiloyn	5
Babiloyne	7
Balaac	1
Balaam	3
Baptist	14
Baraban	1
Barabas	9
Barachie	1
Barak	1
Bariesu	1
Bariona	1
Barnaban	1
Barnabas	27
Barrabas	1
Barsabas	3
Bartholomeu	1
Bartholomew	3
Barthymeus	1
Bastus	1
Be	41
Belial	1
Belsabub	7
Beniamyn	4
Bero	1
Beroan	1
Beronyce	3
Betanye	7
Bethany	1
Bethanye	4
Bethfage	2
Bethleem	8
Bethsada	1
Bethsaida	7
Bi	24
Bie	1
Bifor	5
Bifore	1
Bigynnen	1
Bihofte	1
Biholde	8
Bileue	2
Bileuen	1
Bileuest	4
Bisili	2
Bithynye	1
Bitynye	1
Blac	1
Blame	1
Blesse	1
Blessed	2
Blessid	36
Blynde	3
Boenarges	1
Booz	2
Boroense	1
Bosor	1
Boz	1
Bretheren	1
Bringe	1
Britheren	29
Brothir	3
Brynge	3
But	727
By	1
Bynde	1
Cafarnaum	15
Caifas	5
Cainan	1
Caldeis	1
Caluari	1
Caluarie	2
Caluerie	1
Canaan	2
Canane	1
Cananee	1
Canda	1
Candace	1
Cane	4
Capadosie	1
Capharnaum	1
Capodosie	1
Carpe	1
Carram	2
Caste	1
Castours	1
Cayfas	4
Caym	3
Cedron	1
Cefas	4
Cephas	1
Certis	1
Cesarie	16
Cesarye	1
Chaffare	1
Chananee	1
Charite	2
Chaynan	1
Children	1
Chore	1
Choum	1
Christ	1
Chuse	1
Chyum	1
Cilice	1
Cilicie	4
Cipre	8
Circumcisioun	1
Cirenen	2
Cirenensis	1
Cironense	1
Cis	1
Claudia	1
Claudius	3
Clement	1
Clense	1
Cleofas	1
Cleofe	1
Clepe	1
Cloes	1
Clothe	1
Colose	1
Comaunde	2
Comaundour	3
Comaundoure	3
Come	22
Consente	1
Corban	1
Corinthi	2
Corinthie	1
Corinthies	1
Corneli	2
Cornelie	6
Corosaym	1
Corosayn	1
Corum	1
Corynthe	2
Corynthi	1
Corynthies	1
Cosan	1
Coumforte	1
Crescens	1
Crete	7
Crispe	1
Crispus	1
Crist	574
Cristis	10
Crucifie	4
Cursist	1
Cyryn	1
Dai	1
Daies	1
Dalmacie	1
Dalmamytha	1
Damaris	1
Damascenes	1
Damask	16
Damysel	2
Danyel	1
Dar	1
Dauid	54
Dauith	4
Dauyd	1
Decapoleos	1
Decapoli	2
Dekenes	1
Delyuere	1
Demas	3
Deme	1
Demetrie	3
Departe	2
Derben	3
Derbeus	1
Deth	4
Deuel	1
Dian	4
Diane	1
Didimus	2
Didymus	1
Diotrepes	1
Distruye	1
Do	16
Dorcas	2
Douytir	3
Douytris	1
Drawe	1
Drede	3
Dresse	1
Drussille	1
Drynke	1
Dwelle	2
Dynyse	1
Ebreu	4
Ebrew	7
Ebrewis	2
Ebrews	1
Ech	27
Eche	6
Efenete	1
Efesi	3
Efesie	1
Efesus	1
Effesi	6
Effesians	3
Effesie	6
Effeta	1
Effren	1
Eft	7
Eftsoone	11
Eftsoones	1
Egipcian	3
Egipcians	4
Egipt	24
Elamyte	1
Eleasar	3
Eliachym	3
Elie	13
Elizabeth	9
Ellis	5
Elmadan	1
Elye	3
Elymas	1
Elyut	2
Emanuel	1
Emaws	1
Emor	1
Encrese	1
Eneas	2
Ennok	1
Ennon	1
Enoch	1
Enok	1
Enos	1
Entre	1
Epafras	3
Epafrodite	2
Epeicureis	1
Ephesus	1
Eraste	1
Erastus	2
Ermogenes	1
Erodians	3
Erodias	4
Erodion	1
Eroude	41
Esau	3
Eschewe	1
Esrom	3
Ete	1
Ethiopie	1
Ethiopiens	1
Ethir	2
Eubolus	1
Eucodiam	1
Eue	2
Euere	2
Eueri	1
Euery	5
Eufrates	1
Eufratis	1
Eunyce	1
Euticus	1
Expowne	2
Extermynans	1
Ezechie	2
Fadir	15
Fadris	2
Faleth	1
Falle	2
Fanuel	1
Farao	4
Faraos	1
Fare	2
Fares	3
Farise	3
Farisee	9
Farisees	78
Fariseis	11
Farysees	1
Faryseis	1
Feben	1
Fede	3
Feithful	1
Fele	2
Felix	9
Fenyce	4
Fer	1
Festus	13
Figelus	1
Filadelfia	1
Filadelfie	1
Filemon	1
Filete	1
Filip	35
Filipensis	1
Filippis	4
Fille	1
Filologus	1
First	5
Fle	1
Flegoncia	1
Floodis	1
Folk	2
Fool	2
Foolis	1
For	813
Forsothe	12
Fortunate	1
Fortunati	1
Forwhi	5
Foryyue	1
Foxis	2
Freend	5
Frendis	1
Frigie	3
Fro	15
Fy	1
Fyue	2
Gabriel	2
Gad	1
Gadir	1
Galathi	2
Galathie	4
Galathies	1
Galile	13
Galilee	58
Galilees	1
Galileis	1
Gallion	3
Galyle	1
Gamaliel	2
Gasa	1
Gayus	5
Gedeon	1
Genasareth	1
Genasereth	1
Generaciouns	1
Genesar	1
Gerasa	1
Gerasenes	1
Gerasenus	2
Gessist	1
Gethsamany	1
Girde	1
Glorie	1
Glorifie	1
Go	51
God	1380
Goddis	39
Godhed	1
Gog	1
Golgatha	4
Gommor	3
Gomorre	1
Goo	1
Good	2
Goode	1
Goost	102
Gost	1
Grace	3
Graunte	1
Greece	1
Greek	3
Greet	3
Greete	1
Greke	6
Grekis	9
Grete	26
Guydum	1
Haile	1
Halewe	1
Han	4
Haue	11
He	167
Heber	1
Heelthe	1
Heere	1
Heil	5
Heile	2
Heli	4
Helie	10
Helisee	1
Heloy	2
Helthe	1
Hely	1
Helye	2
Hennus	1
Her	2
Here	7
Herfor	1
Herist	2
Hermagedon	1
Herman	1
Hermen	1
Herodias	2
Heroude	2
Heroudis	1
Heuene	4
Heyest	1
His	8
Hise	2
Hiye	2
Hiyest	1
Hiyeste	2
Hold	2
Holde	1
Honoure	2
Hoole	1
Hooli	100
Hooly	4
Hou	36
How	4
Hyye	1
I	46
Iconye	3
Ierapolim	1
If	126
Illirik	1
In	93
Ioie	1
Ioye	2
Ipocrite	2
Is	7
Isaac	7
Isachar	1
Isaie	4
Isaye	2
Israel	76
Israelite	1
Israelitis	2
It	56
Italie	3
Iturye	1
Iye	1
Jacob	27
James	42
Jamne	1
Jannes	1
Jareth	1
Jason	4
Jasoun	1
Jasouns	1
Jayrus	2
Jeconyas	2
Jepte	1
Jeremye	3
Jericho	1
Jerico	6
Jerusalem	144
Jesabel	1
Jessamanye	1
Jesse	5
Jew	14
Jewe	8
Jewelich	1
Jewesse	2
Jewis	174
Jhesu	537
Jhesus	519
Joathan	2
Johanna	2
Johel	1
Jona	1
Jonas	9
Jonys	1
Joob	1
Joon	136
Joone	2
Joones	2
Joppe	10
Joram	2
Jordan	15
Jorum	1
Josaphath	2
Joseph	42
Josias	2
Joye	1
Jubiter	3
Juda	10
Judas	38
Jude	1
Judee	43
Julian	2
Julius	2
Jurie	2
Just	3
Kanst	1
Kepe	2
Keuere	1
King	1
Kitte	1
Knowe	3
Knowist	1
Kyndlyngis	1
Kyng	2
Kyngis	3
Laabadon	1
Lameth	1
Laodice	2
Latyn	3
Lazarus	15
Lede	2
Leeche	1
Leeue	1
Lest	3
Leue	1
Leuy	10
Libertyns	1
Libie	1
Licaon	1
Licaonye	1
Licie	1
Licostratos	1
Lidda	2
Lidde	2
Lidie	1
Lijk	1
Lisanye	1
Lisias	3
Listram	1
Listris	7
Litle	3
Lo	94
Loadice	2
Loadicensis	2
Loadicia	1
Loide	1
Loke	2
Lord	677
Lordis	7
Loth	4
Loue	1
Louest	1
Lucas	1
Lucius	2
Luk	2
Lynus	1
Macedony	1
Macedonye	24
Macedonyes	2
Madian	1
Magdalene	1
Magedan	1
Magog	1
Maister	20
Maistir	10
Make	8
Malaliel	1
Malcus	1
Mambres	1
Man	3
Manaen	1
Manasse	1
Manasses	2
Mannus	3
Many	1
Maranatha	1
Marcus	4
Marie	53
Mark	4
Marke	1
Martha	14
Mary	2
Marye	2
Matath	1
Matatie	2
Mathan	2
Mathath	2
Mathatha	1
Matheu	5
Mathie	2
Matussale	1
Maudelene	1
Maudeleyn	3
Maudeleyne	5
Mawdelene	1
Mawdeleyn	1
Mayster	3
Maystir	3
Medi	1
Melca	1
Melchi	2
Melchisedech	9
Men	15
Menna	1
Mercurie	1
Mesopotami	1
Mesopotamie	1
Messias	2
Mete	2
Mi	6
Militene	1
Mitilene	1
Moises	63
Moloc	1
Moneste	2
Moost	9
More	1
Most	2
Moun	2
Moyses	19
My	34
Myche	2
Mylete	3
Myn	1
Myram	1
Mysie	2
Mysterie	1
Myyhel	2
Naaman	1
Naason	2
Nachor	1
Nagge	1
Nai	2
Narciscies	1
Nason	1
Nathan	1
Nathanael	6
Naum	1
Nay	12
Naym	1
Nazarene	1
Nazarenus	1
Nazareth	30
Nazarey	1
Ne	1
Neapolis	1
Neiye	2
Neptalym	3
Nereum	1
Neri	1
Netheles	19
Nether	15
Nethir	7
Neuer	1
Neuere	1
Nil	1
Nile	7
No	26
Noe	8
Not	14
Now	18
Nowe	1
Nycanor	1
Nychodeme	5
Nycholaitis	2
Nycol	1
Nycopolis	1
Nyle	44
Nynfam	1
Nynyue	3
O	5
Obeie	1
Obeth	3
Of	28
Olympiades	1
Olyues	4
Olyuet	1
Olyuete	7
On	4
Oneli	1
Oneseforus	1
Onesyforus	1
Onesyme	2
Onoure	2
Oon	3
Or	9
Osanna	6
Osee	1
Osias	2
Othere	7
Othir	1
Oure	4
Pafum	2
Pamfilie	5
Parmanam	1
Parthi	1
Pask	1
Passe	4
Passen	1
Pathmos	1
Patiram	1
Patroban	1
Paul	1
Paule	1
Pees	9
Pentecost	2
Perauenture	1
Pergamus	2
Pergen	3
Persida	1
Persidie	2
Peter	3
Petir	34
Petre	128
Philip	2
Pilat	55
Pilate	1
Pirri	1
Ponte	3
Porcius	1
Poul	164
Poulis	2
Pounce	4
Preie	2
Preye	2
Prisca	3
Priscille	3
Procore	1
Prophetis	1
Prudent	1
Puplius	1
Pupplius	1
Put	1
Puteolos	1
Putte	4
Quartus	1
Raab	3
Rabi	4
Rabony	1
Rachel	1
Radden	1
Ragau	1
Rebecca	1
Rectus	1
Redden	1
Regyum	1
Renfam	1
Resa	1
Reyn	1
Rise	21
Roboam	2
Rode	1
Rodis	1
Romayn	3
Romayns	6
Rome	12
Ruben	1
Rufe	1
Rufus	1
Ruth	1
Ryse	3
Sabulon	1
Sache	3
Sadoc	2
Saducees	4
Saduceis	9
Saduces	1
Safira	1
Sakarie	1
Salamon	1
Salamyne	1
Salatiel	3
Sale	1
Salem	2
Salmes	2
Salmon	3
Salome	1
Salomee	1
Salomon	11
Salomona	1
Salt	2
Salym	1
Samarie	13
Samaritan	3
Samaritans	6
Samatrachia	1
Sampson	1
Samuel	3
Samum	1
Sara	2
Sardis	3
Sare	2
Sarepta	1
Sarone	1
Satanas	6
Sathanas	28
Sathnas	2
Sauere	1
Saul	22
Saule	1
Sauyour	1
Say	1
Scarioth	12
Schal	3
Sche	6
Schewe	1
Schulen	2
Scita	1
Se	24
Secoundus	1
Seen	1
Seest	3
Seie	11
Seist	1
Seke	2
Seleucia	1
Selle	1
Sem	1
Semei	1
Sende	4
Senofegia	1
Sent	1
Sergius	1
Seruauntis	3
Serue	1
Seruth	1
Seth	1
Seuene	3
She	2
Shewe	1
Sicar	1
Sichen	2
Sidon	10
Signe	1
Silas	13
Silice	2
Silicie	1
Siloa	1
Siloe	2
Siluan	3
Simount	3
Sion	2
Sir	1
Siracusan	1
Sire	4
Sirenen	1
Sirie	6
Sirofenyce	1
Sirye	1
Sitte	8
Slepe	2
Smyrma	2
Smyte	1
So	42
Sodom	8
Sodome	1
Sone	10
Sones	3
Sorewe	1
Sosipater	2
Sostenes	2
Sotheli	10
Sothely	1
Soule	1
Spayne	2
Speke	1
Spekist	1
Spirit	9
Stacchen	1
Stephan	3
Steuen	2
Steuene	7
Stoisens	1
Stonde	2
Stretche	1
Stryue	2
Stye	1
Styuen	1
Such	1
Sue	9
Suffre	14
Sum	2
Summan	1
Summe	2
Summen	1
Susanne	1
Swithe	1
Sydon	2
Sylas	1
Syluan	1
Symeon	4
Symon	1
Symont	1
Symoundis	1
Symount	71
Symountis	2
Syna	3
Synai	1
Synnes	2
Synticem	1
Syon	5
Syrenen	2
Syrie	2
Tabita	3
Tadee	1
Take	28
Takith	1
Tamar	1
Tare	1
Tarsis	1
Teche	2
Telle	1
Temptacioun	1
Tencris	1
Teodas	1
Tercius	1
Terculle	2
Tessala	1
Tessalonicensis	2
Tessalonycence	1
Tessalonyk	3
Teucris	1
Thadee	1
Than	1
Thanne	119
Tharse	3
Tharsis	1
That	92
The	163
Thei	56
Thenke	2
Theofile	1
Theofle	1
Ther	12
There	10
Therfor	419
Therfore	8
Thes	1
These	37
Thessolonik	1
Thessolonycenses	1
Thessolonyk	1
They	1
Thi	13
Thilke	4
Thimei	1
Thimothe	1
This	91
Tho	2
Thomas	12
Thou	100
Thouy	5
Thre	1
Thus	3
Tiatira	2
Tiatire	1
Tiatirens	1
Tiberias	3
Tiberie	1
Tifonyk	1
Til	2
Timothe	4
Tire	7
Tite	14
Titicus	5
To	46
Tolamayda	1
Tracon	1
Trauele	1
Treuli	65
Treuly	2
Trifenam	1
Trifosam	1
Triste	1
Troade	6
Trofimus	2
Trofymus	1
Truli	1
Turne	2
Twei	2
Twelue	1
Tyl	1
Tymon	1
Tymothe	20
Tyre	5
Vath	2
Venge	1
Verili	6
Vnbynde	2
Vndo	1
Vndurstonde	2
Vndurstonden	1
Vnwise	1
Vnwitti	1
Vrban	1
Vries	1
Wake	3
Walke	3
Was	1
We	43
Wedding	1
Wel	5
Wene	1
Wenen	1
Wepe	1
Wex	1
Wexe	1
Whanne	48
What	137
Wher	2
Where	19
Wherfor	14
Wherof	6
Wherto	2
Whether	106
Whethir	14
Whi	27
Which	46
Whiche	15
Whidir	1
Whidur	6
While	3
Whiles	1
Who	59
Whom	23
Whos	8
Wickid	2
Wistist	1
Wite	1
Witen	7
With	8
Withouten	1
Witnessing	1
Witsuntide	1
Wo	21
Wolen	1
Wolt	3
Womman	8
Wondre	1
Woo	2
Woost	1
Worche	1
Wormod	1
Worschipe	2
Write	4
Wymmen	4
Y	2154
Ycony	1
Yconye	2
Ydume	1
Ye	77
Yelde	3
Yf	2
Yhe	19
Yhis	4
Yif	2
Yis	1
Yit	15
Ymeneus	2
Yonge	2
Youre	7
Ypocrite	1
Ypocritis	3
Ysaac	13
Ysaie	11
Ysaye	5
Ytalie	3
Yue	1
Yuel	1
Yyue	11
Zabulon	2
Zacarie	10
Zacharie	1
Zaram	1
Zebede	4
Zebedee	6
Zebedees	2
Zelotes	2
Zenam	1
Zorobabel	3
`	538
a	1693
abaischid	1
abak	3
abhominable	1
abhominacioun	1
abhomynable	1
abhomynacioun	3
abhomynaciouns	2
abide	8
abiden	19
abididen	1
abiding	6
abidinge	6
abidith	3
abidun	1
abidyng	6
abidynge	7
abitacioun	1
abite	3
able	14
aboden	1
abood	8
aboode	1
aboue	62
aboundance	1
aboundantli	1
aboundaunce	1
aboundauntli	1
abounde	7
abounden	2
aboundid	2
aboundide	2
aboundinge	2
aboundith	1
about	3
aboute	104
abredgide	1
abreggide	1
abreggynge	1
abrood	12
absence	1
absent	8
absteine	1
absteyne	5
absteyneth	1
abstinence	1
abstynence	1
abundaunce	3
abyding	1
accepcioun	3
accept	1
acceptable	3
acceptacioun	2
acceptid	5
acceptith	1
acceptor	1
accusacioun	1
accuse	11
accusen	6
accuser	1
accuseris	5
accusid	6
accuside	1
accusiden	2
accusith	1
accusyng	2
accusynge	2
acord	2
acorden	1
acordid	2
acordide	1
acording	1
acordith	2
acounte	1
acountid	2
acursid	2
acuse	1
addide	1
admynystracioun	1
adopcioun	5
adoun	2
aduersarie	7
aduersaries	7
aduocat	1
afeerd	2
afer	17
aferd	3
aferde	1
afered	1
affeccioun	2
affermen	1
affermyd	1
affermyde	3
affraied	1
affrayed	1
afoote	1
afraied	3
after	49
afterward	4
aftir	207
aftirward	31
agast	1
agaste	2
age	7
ago	1
agonye	1
aische	2
al	354
alabastre	3
alabaustre	1
alargid	2
algatis	5
alien	7
aliened	1
aliens	4
alienyd	2
all	1
alle	845
almes	9
almesdedis	3
almessis	1
almest	7
almiyti	2
almost	4
almyyti	8
aloes	1
along	1
aloone	47
alpha	3
also	362
alyue	5
am	238
amen	2
amende	2
amendid	3
amendyng	1
amendynge	1
ametistus	1
amoneste	1
among	128
amongst	1
amonye	1
amorewe	1
an	241
and	8723
anentis	37
anete	1
angels	1
anguischid	1
anguysch	1
anguyschis	1
angwisch	2
angwischid	3
angwischis	1
ankeris	3
ankir	1
annoyed	1
anoied	1
anoiede	1
anointyng	1
anoon	113
another	80
anothere	4
anotheres	1
anothers	1
anothir	29
anothris	1
anoye	3
anoyed	1
anoynte	5
anoyntide	10
anoyntiden	1
anoyntidist	2
anoyntyng	2
answerde	54
answerden	4
answere	22
answeren	1
answerid	3
answeride	144
answeriden	22
answeringe	1
answeris	1
answerist	1
answeryden	1
answerynge	4
antecrist	4
antecristis	1
any	3
apaied	1
apayed	1
apeirid	1
apeirith	1
aperide	1
apeyrith	1
apeyryngis	1
apocalips	1
apostilhed	1
apostle	21
apostlehed	3
apostlis	60
apparailid	1
appele	2
appelid	2
appelide	2
appere	10
apperid	4
apperide	23
apperiden	5
apperinge	2
apperith	1
apperynge	1
applis	1
appreuynge	1
araieden	1
araiynge	1
arayden	1
araye	1
arayed	4
arayede	1
archaungel	1
architriclyn	3
areche	1
arede	1
areisid	1
arerid	2
areride	2
arette	1
arettid	13
arettide	1
argument	1
argumentis	1
arise	1
arkaungel	1
arke	2
arm	1
arme	2
armed	2
armere	3
armeris	3
armes	1
armuris	3
aroos	3
art	129
arysen	1
as	735
asaie	1
asaied	1
asaieden	1
asaiyng	1
asaiynge	1
asaut	1
asaute	1
ascape	3
ascapid	1
ascapide	1
ascapiden	1
ascencioun	1
aschamed	3
aschapide	1
asches	1
aseeth	1
aside	1
asidis	2
asigned	1
aspie	2
aspieden	4
aspien	1
aspieris	2
aspies	6
aspiyng	1
aspiynge	1
aspiynges	1
aspiyngis	1
assaied	1
assaiede	1
assaieden	2
assailed	1
assauyt	1
asse	9
assenten	1
assentiden	1
assignede	1
assis	2
assoylid	1
astonyed	12
astromyenes	1
astromyens	3
at	241
atte	1
atwo	2
atwynne	1
auaricis	1
auctour	2
auditorie	1
auerise	1
auerouse	1
aueryce	2
aueryse	1
auisili	1
aungel	100
aungelis	9
aungels	72
aunswere	2
aunte	1
auoide	2
auoidid	8
auoidide	2
auouteris	2
auoutreris	1
auoutresse	3
auoutrie	2
auoutrye	2
auowis	1
auowtreris	1
auowtri	1
auowtrie	4
auowtries	2
auowtrye	1
auoyde	2
auter	23
auteris	1
auyt	1
avow	1
avowtresse	1
awakid	1
awei	160
awey	26
aweye	1
awhile	1
ax	1
axe	46
axeden	1
axen	18
axer	2
axid	7
axide	42
axiden	39
axing	1
axist	3
axith	10
axyng	3
axynge	9
axyngis	3
ayen	201
ayenbie	2
ayenbiere	1
ayenbiyng	5
ayenbiynge	2
ayenbouyt	1
ayenbouyte	1
ayenbouytist	1
ayenclepe	1
ayenfiytynge	1
ayenreisid	1
ayenreiside	1
ayenrising	2
ayenrisyng	12
ayenrysing	1
ayenrysyng	3
ayens	163
ayenseid	2
ayenseiden	3
ayenseie	2
ayenseien	1
ayenseith	1
ayenseiyng	2
ayenseiynge	1
ayenstoden	2
ayenstonde	5
ayenstonden	3
ayenstondith	2
ayenstood	3
ayenward	4
baad	1
baar	1
bacbite	2
bacbiten	1
bacbiteris	1
bacbitinge	1
bacbitith	2
bacbityngis	1
bacward	2
bad	5
bade	1
baili	7
bak	1
balaunce	1
ballid	1
bank	2
baptim	1
baptimys	1
baptise	5
baptised	3
baptisid	39
baptiside	9
baptisinge	1
baptisist	1
baptisith	3
baptisyng	1
baptisynge	4
baptize	2
baptym	18
baptysm	1
bar	16
barbarik	2
barbarus	1
barberyns	1
bare	8
barelis	1
baren	7
bareyn	5
barli	3
basyn	1
bataile	1
batailis	1
batel	14
batelis	1
batels	4
battis	2
be	1602
bed	23
bedde	1
beddis	4
bedun	1
beem	6
been	1
beere	2
beest	6
beeste	43
beestis	30
beestli	4
beestlich	1
beestly	1
beeten	3
befor	1
begge	1
begger	2
beggere	1
beggide	3
begilide	1
behofte	3
behoueth	2
bekenyde	1
belieue	1
ben	1149
benefice	1
benygne	5
benygnite	1
benygnli	1
benygnyte	4
bere	50
beren	11
berillus	1
bering	1
beringe	1
berist	3
berith	16
berne	4
bernes	2
beryng	2
berynge	7
besaunt	9
besauntis	10
best	5
beste	3
besyms	2
bete	2
beten	2
betere	33
beth	1
betinge	1
betingis	2
betith	2
better	1
betun	9
betwixe	1
betyng	1
betynge	3
betyngis	2
beweile	1
beyauntis	1
beynge	2
bi	810
biclippid	1
biclippide	2
bicome	1
bicometh	2
bidde	1
bidding	1
bie	10
bieldid	1
bien	1
bies	1
bieth	1
bifalle	3
bifallun	1
bifel	5
bifelde	6
bifelle	2
bifor	203
bifore	78
biforeseid	1
biforgoere	1
biforgoynge	1
biforknowyng	1
biforseid	2
biforseide	2
biforseiden	2
bigan	60
biganne	1
bigat	44
bigete	1
bigetun	11
bigetyng	1
bigge	1
biggeris	1
bigilid	1
bigilide	1
bigilith	1
bigunne	2
bigunnen	21
bigunnun	1
bigynne	17
bigynnen	2
bigynneth	3
bigynninge	1
bigynnyng	46
bigynnynge	5
bigynnyngis	2
bihedide	2
biheedid	2
biheedide	1
biheeld	4
biheelde	4
biheelden	1
biheest	28
biheeste	12
biheestis	12
biheetere	1
biheetinge	1
biheld	6
bihelde	23
bihelden	7
biheten	1
bihetinge	2
bihetith	1
biheyte	1
bihiyt	2
bihiyte	7
bihiyten	1
bihofte	13
biholde	19
biholden	4
biholderis	1
biholding	1
biholdinge	4
biholdist	4
biholdith	3
biholdun	3
biholdynge	3
bihote	1
bihoue	1
bihouede	1
bihoueth	84
bihynde	8
bihyndis	1
bijs	1
bikenede	1
bikeneden	1
bikeneth	1
bikenyde	1
bikenyden	1
bilde	10
bilden	3
bilderis	3
bildid	7
bildide	5
bildiden	1
bildinge	1
bildingis	1
bildist	2
bildith	4
bildyng	4
bildynge	2
bildyngis	2
bileue	79
bileued	14
bileuede	14
bileueden	60
bileuedist	1
bileuen	48
bileuest	6
bileueth	33
bileuyd	9
bileuynge	10
bilibre	1
bilibris	1
bilis	2
bilouyd	2
bire	3
birie	6
biried	5
birieden	5
biriel	3
birielis	6
biriels	3
biriyng	2
birre	2
birth	1
birthdai	1
birthe	5
birthin	1
birthuns	1
biryyng	1
bischop	28
bischopis	7
bischops	5
bise	2
biseche	21
bisechen	4
bisechiden	1
biseching	3
bisechinge	1
bisechingis	3
bisechyng	3
bisechynge	1
bisee	1
bisemede	1
bisemen	1
bisemeth	1
bisemyde	1
bisettiden	1
bishopriche	2
bisi	16
biside	1
bisides	1
bisidis	39
bisie	2
bisiede	1
bisier	2
bisili	5
bisinesse	1
bisouyte	1
bispat	1
bispatten	1
bispete	2
bispreynde	1
bissyn	3
bisy	5
bisydis	1
bisye	2
bisynesse	20
bisynessis	2
bitaak	1
bitake	15
bitaken	2
bitakinge	1
bitakun	17
bitakynge	1
bite	1
bithenke	3
bithenkist	1
bithenkith	1
bithenkynge	1
bithouyte	4
bithouyten	1
bitok	1
bitoken	10
bitokist	1
bitook	17
bitraie	1
bitraied	7
bitraiede	5
bitraieden	2
bitraieth	1
bitraiynge	1
bitray	2
bitraye	14
bitrayed	4
bitrayede	2
bitter	1
bittere	3
bitterli	1
bitternesse	3
bittir	1
bittirli	1
bittirnesse	1
bitwixe	12
biweile	2
biweileden	1
biwepe	1
biwepynge	1
biyende	2
biyendis	1
biynge	1
biyonde	1
biyondis	1
blacke	1
blak	2
blame	9
blamed	1
blamede	4
blameden	2
blameris	1
blamyde	4
blamyden	2
blamyng	1
blamynge	1
blasfeme	5
blasfemed	6
blasfemeden	1
blasfemen	4
blasfemeris	1
blasfemest	1
blasfemeth	4
blasfemyd	5
blasfemyde	1
blasfemyden	6
blasfemye	11
blasfemyes	7
blasfemynge	4
blent	1
blesful	1
blesse	4
blessen	4
blessid	36
blesside	16
blessidnesse	1
blessing	8
blessinge	3
blessist	1
blessyng	7
blessynge	2
blessyngis	3
blew	3
blewe	1
blewen	3
blindid	1
blis	1
blisfulnesse	1
blissid	1
blisside	1
blodi	3
blood	94
bloodis	1
bloud	1
blower	1
blowith	1
blowun	4
blowyng	1
blowynge	1
blowynges	1
blynd	13
blynde	35
blyndenesse	2
blyndid	4
blyndnesse	1
blynfelden	1
bocherie	1
bode	2
bodi	130
bodie	3
bodies	16
bodili	2
bodilich	1
bodun	5
body	4
bodye	1
bold	3
boldli	2
bolis	1
bollun	1
bolnyd	2
bolnyngis	1
bond	1
bonde	4
bondis	1
book	42
bookis	5
boold	1
booldli	1
boolis	3
boon	1
boond	9
boonde	1
boondis	19
boonus	1
boonys	3
boord	6
boordis	3
boot	49
bootis	5
bootys	1
bord	4
bordis	2
bore	1
borewe	1
born	2
borun	72
bosum	5
botelis	2
botels	9
both	1
bothe	37
bounde	1
bounden	2
boundun	44
boute	1
bouwe	1
bouyt	7
bouyte	4
bouyten	4
bowe	5
boweden	1
bowelis	1
bowid	5
bowide	5
bowiden	1
bowinge	1
bowis	1
bowynge	1
box	2
boxe	2
brak	14
braken	3
bras	4
braunch	1
braunche	4
braunchis	12
breed	60
breede	3
breggid	1
breidynge	1
breke	5
breken	4
brekere	1
breking	3
brekith	3
brekyng	4
brengen	1
brenke	5
brenne	5
brenneden	2
brenneth	2
brennyng	4
brennynge	10
brent	14
brente	1
breris	3
brest	3
breste	1
brestis	2
bretheren	4
brethinge	1
brethith	1
brid	1
bridale	1
bridalis	1
briddis	13
bride	2
bridels	1
bridil	2
bridlis	1
bring	2
bringe	11
bringen	2
bringing	1
bringinge	2
bringist	2
bringith	4
brisid	1
britheren	215
britherhed	1
britherhod	6
brithirhod	1
brithirhode	1
britil	1
briyt	3
briytnesse	2
broc	1
broke	2
brokun	20
brond	1
brondis	1
broode	1
broodnesse	1
brother	73
brotheris	3
brothir	49
brouyt	28
brouyte	20
brouyten	28
brymston	4
brymstoon	4
bryng	1
brynge	24
bryngen	5
bryngith	9
bryngynge	3
brytheren	1
buckis	3
buffat	1
buffate	1
buffatid	1
buffatis	3
buffetis	1
buriownynge	1
busch	2
buschel	1
busschel	1
but	1064
buysch	2
buysche	1
buyschel	1
buystous	1
by	24
bye	1
byfelde	1
byfor	3
byfore	1
bygunnen	1
bygynne	1
byhoueth	2
bylde	1
byleue	1
byleuen	1
bymorneden	1
bynde	8
bynden	2
byndynge	1
bynethe	4
bynethen	1
byschop	2
byseche	1
bysi	1
bysidis	1
bysy	1
bytake	1
bytokist	1
bytrayest	1
bytwixe	1
caitif	2
caitifs	1
caitifte	4
calcedonyus	1
calf	6
calues	2
cam	323
came	2
camel	3
camele	1
camels	2
camen	222
camest	1
can	3
candelstikis	4
candilstike	5
candilstikis	3
canel	1
canker	1
cannes	1
capitle	1
caracter	1
carect	4
carecter	2
careyns	1
carpenter	2
carpentere	1
cartis	1
cast	36
caste	50
castel	13
casteles	1
castels	15
casten	8
casteth	1
castide	8
castiden	9
casting	2
castist	1
castith	4
castyng	2
castynge	7
catche	6
catchepollis	2
catchyng	1
catel	5
caucioun	1
caues	1
cause	46
causis	1
cauyt	1
cauyte	4
cauyten	1
ceesse	2
ceessen	1
ceessid	4
ceesside	10
ceessiden	2
ceessing	3
ceessith	2
ceessyng	4
celer	1
cenrer	1
censer	1
censere	1
centurien	17
centuriens	3
centurion	2
centurioun	1
certeyn	9
certeyne	3
certeynli	4
certis	1
chaffaring	1
chaffaryng	1
chaffe	1
chaffis	1
chaieris	4
chalenge	1
chalengen	1
chalengid	1
chare	3
charge	16
chargen	1
chargeouse	1
chargid	2
chargide	1
chargis	2
chargist	1
charis	1
charite	90
charyte	1
chast	10
chastice	1
chastise	4
chastisid	4
chastising	3
chastisith	2
chastisyng	1
chastite	7
chaumbir	1
chaumbirleyn	1
chaumbre	1
chaunge	3
chaungeris	5
chaungid	4
chaungiden	3
chaunging	2
chaungyng	1
chayere	1
chayeris	2
chayne	4
chaynes	2
cheeke	1
cheer	5
chees	15
cheestis	1
cheke	1
cheping	1
chepyng	8
chere	1
cherubyns	1
chese	2
chesen	2
chesiden	1
chesing	2
chesyng	2
cheynes	5
chidden	1
chide	1
chiden	1
chiding	2
chidinge	2
chidingis	1
chidyngis	1
chijld	1
chikenes	1
child	65
childe	3
childhode	1
children	74
childryn	1
chirche	80
chirches	4
chirchis	29
chosun	31
chymnei	1
chymney	2
circumcicioun	1
circumcide	2
circumcided	1
circumciden	1
circumcidid	9
circumcidide	1
circumcidith	1
circumcisioun	30
circumcisyoun	1
circumsicioun	2
circumsidid	2
circumsidide	1
cisterne	1
cite	9
citee	130
citees	29
citeseyn	4
citeseyns	3
city	1
clansid	1
clarifie	8
clarified	10
clarifiede	1
clarifieden	1
cleen	1
cleene	6
cleer	3
cleerli	1
cleernesse	1
clei	1
clene	31
cleneli	1
clennesse	2
clense	8
clensen	2
clensid	12
clenside	2
clensing	1
clensinge	1
clensith	2
clensyd	1
clensyng	2
clensynge	1
clensyngis	1
clepe	25
clepen	7
clepid	131
clepide	61
clepiden	11
cleping	4
clepith	14
clepyng	7
clepynge	1
clere	5
clerenesse	14
clerete	3
clergie	1
clernesse	1
cleued	1
cleueth	2
cley	5
clippid	1
clooth	3
close	2
closed	1
closen	1
closid	6
closide	2
closiden	2
closing	1
closith	3
cloth	35
clothe	7
clothid	37
clothide	1
clothiden	3
clothing	14
clothingis	1
clothis	44
clothith	2
cloude	19
cloudis	6
cloue	1
clout	1
clowdis	1
clustris	1
cockis	1
coctyn	1
coddis	1
cofynes	2
cofyns	4
cok	12
cold	2
colis	1
collerie	1
colonye	1
colour	2
colt	10
com	2
comaunde	15
comaundement	24
comaundementis	15
comaunden	1
comaundid	8
comaundide	67
comaundiden	5
comaundinge	2
comaundist	1
comaundith	3
comaundoure	1
combe	1
come	322
comeling	1
comelingis	4
comelyng	1
comelyngis	1
comen	24
comende	2
comenden	2
comendid	1
comendith	4
comendynge	1
comest	3
cometh	85
comforte	1
coming	1
comling	1
comlingis	1
company	3
comparisoun	1
comparisoune	1
comparisounen	1
compassioun	2
compellid	1
compellide	1
compelliden	1
comprehende	2
comprehendid	2
comprehendiden	1
compunccioun	1
compunct	1
comun	48
comune	1
comyn	8
comyne	5
comynede	1
comyneden	1
comynere	1
comyneth	1
comyng	31
comynge	72
comynycacioun	1
comynyng	7
comynynge	1
concentide	1
conceyue	1
conceyued	2
concience	1
concludid	1
concours	1
condempnacioun	2
condempne	7
condempned	2
condempneden	1
condempnest	1
condempneth	1
condempnyng	1
conferme	11
confermed	4
confermeth	1
confermyd	12
confermyde	3
confermyden	1
confermyng	1
confermynge	1
confessioun	3
confirmacioun	1
confounde	3
confounden	1
confoundid	12
confoundide	1
confoundith	1
confourmyd	1
confusid	1
confusioun	6
confusiouns	1
congregacioun	1
coniure	4
consceyuyng	1
conscience	30
consciencis	1
consent	2
consente	2
consenten	3
consenteth	1
consentide	2
consentiden	4
consentinge	2
consentith	1
consentynge	3
conseyued	1
conseyuede	1
conspirid	1
constreine	1
constreyne	1
constreyned	4
constreynede	2
constreyneden	3
constreynest	1
constreyneth	2
contemptible	1
conteynen	1
conteynynge	1
contrarie	7
contrite	1
contynence	1
contynent	1
contynueden	1
contynuel	3
contynuynge	1
conuersacioun	7
conuerte	2
conuertid	16
conuertith	1
conuyct	1
coold	5
coolde	1
coolis	2
coordis	1
coostid	1
coostis	17
coot	2
coote	6
cootis	7
cop	1
cordis	3
coriour	1
coris	1
corn	20
corne	2
corner	7
cornere	1
corneris	4
corners	1
cornes	3
coroun	15
corouns	3
corowned	2
correccioun	2
corrumpiden	1
corrupcioun	14
corrupt	5
corruptible	4
corruptid	1
corupt	1
cos	4
coss	2
cosse	1
cost	1
cosyn	4
cosyns	7
couche	1
couchis	2
coueite	2
coueiten	2
coueitide	4
coueitiden	2
coueiting	1
coueitinge	2
coueitise	8
coueitisis	2
coueitith	2
coueitous	1
coueitouse	3
coueityng	1
coueitynge	2
coueityngis	2
couenable	9
couenabli	2
couenaunt	2
coueriden	1
couerith	1
coueyte	3
coueyteris	1
coueytice	1
coueytinge	1
coueytise	5
coueytous	1
coueytouse	4
coueytyngis	1
could	1
coumfort	22
coumforte	4
coumfortid	19
coumfortide	5
coumfortiden	4
coumfortinge	1
coumfortith	3
coumfortour	4
coumfortyng	1
councel	1
councelen	1
counseil	6
counseilden	1
counseile	2
counseilid	2
counseilide	1
counseiliden	1
counseilis	1
counseilist	1
counseilith	1
counseils	1
counsel	42
counsele	2
counselide	1
counseliden	1
counselith	1
counselour	1
counsels	2
countenaunce	1
countith	1
cours	8
courtis	1
cousyns	1
cow	1
craft	5
crafti	3
craftis	1
cratche	4
creatoure	1
creature	22
crepinge	1
crepith	1
crepynge	1
crew	2
crewe	3
crie	1
cried	1
criede	36
crieden	32
crien	2
crier	4
crieth	6
crime	1
crisolitus	1
crisopassus	1
cristal	2
cristen	4
cristened	1
criyng	1
criynge	11
crokid	13
croos	1
cros	13
cross	8
crosse	6
croude	1
crowe	7
crowis	1
crowned	1
crownes	1
crowyng	1
crucefieden	1
crucifie	8
crucified	29
crucifieden	6
crucifien	3
crummes	3
cry	5
crye	3
cryme	5
crymes	1
crystal	1
cryy	1
cubit	2
cubitis	2
culuer	3
culueris	4
cummyn	1
cumpany	8
cumpanye	4
cumpanyes	3
cumpas	4
cumpassyng	1
cumpeny	4
cumpenye	2
cumy	1
cuntre	29
cuntree	3
cuntrees	4
cuntrei	4
cuntreis	3
cuntrey	3
cuppe	31
cuppis	2
cure	6
curid	3
curiour	2
curious	1
curiouse	2
curiousli	1
curs	1
curse	6
cursen	2
cursere	2
curseris	1
cursid	16
curside	1
cursiden	2
cursidist	1
cursidnesse	1
cursing	3
cursith	2
cursyng	2
curteisli	1
curtesie	1
custom	14
custome	1
customes	1
cut	1
cymbal	1
dai	306
daie	2
daies	167
dalf	2
dalfe	1
damesel	4
damesels	1
dampnacioun	10
dampne	3
dampned	6
dampnede	3
dampnyd	1
damysel	18
dar	4
dartis	1
daunsid	2
daunside	2
day	24
daye	1
dayes	4
debate	1
debateris	1
debatis	1
debreidynge	1
declare	1
declaride	2
declarith	1
decre	1
decurien	1
decurioun	1
dede	7
dedes	1
dedeyn	2
dedis	10
deed	162
deede	9
deedli	11
deef	4
deefe	1
deep	1
deepe	1
deeth	45
deethis	1
defacen	1
defamed	1
defamen	1
defence	1
defende	1
defending	2
defendyng	1
defendynge	2
defense	2
defoule	4
defoulen	8
defouleth	1
defoulid	12
defoulide	1
defouling	1
defoulingis	1
defoulith	7
defraude	2
defraudid	1
defraudide	1
defraudynge	1
degre	1
dekene	1
dekenes	3
delaye	1
delayede	1
dele	2
delfe	1
delices	1
delicis	6
delide	2
delite	1
deliuer	1
deliuerede	1
delue	1
deluen	2
delyuer	6
delyuerden	1
delyuere	19
delyuered	11
delyuerede	5
delyuereden	1
delyuerid	9
delyueride	6
delyuerist	1
delyuerit	1
delyuerith	1
deme	57
demed	25
demede	4
demeden	1
demen	10
demere	1
demest	11
demeth	13
demith	1
demyd	17
demyde	4
demyden	3
demyng	1
demynge	6
demyngis	1
den	1
denne	3
dennes	3
dennys	1
denounce	1
denouncen	2
denounsiden	3
denye	15
denyed	2
denyede	9
denyeden	5
denyedist	1
denyen	4
denyest	1
denyeth	4
denyynge	1
departe	21
departen	1
departere	1
departid	22
departide	14
departiden	9
departing	1
departith	4
departyng	5
departynge	2
departyngis	1
depe	1
depnesse	14
deprauen	1
depthe	1
dere	27
dereworth	3
dereworthe	20
derk	9
derkful	1
derkid	3
derkned	1
derknesse	5
derknessis	45
derling	1
derlyng	1
derlyngis	1
derworth	4
deseert	4
desert	46
desier	1
desir	2
desire	12
desiren	4
desirid	2
desiride	3
desiriden	1
desiringe	1
desiris	17
desirith	4
desirynge	1
desolacioun	1
desolat	4
desolate	1
desolatid	1
despisen	1
destitute	1
destrie	2
destried	3
destriede	2
destrieth	1
destruyeth	1
destrye	1
desyringe	1
desyris	2
determyned	3
determynynge	1
deth	139
detraccions	1
detractouris	1
dette	6
dettis	2
dettour	2
dettoure	1
dettouris	5
dettours	1
deuel	40
deuelis	24
deuels	1
deuocioun	1
deuoure	4
deuourede	1
deuouren	2
deuourer	1
deuourid	3
deuouride	1
deuourith	1
diademes	2
diademys	1
diche	3
dide	74
diden	40
didist	1
die	32
died	1
diede	18
dieden	1
dien	7
dieth	9
diffameden	1
diggide	1
dignyte	1
diligence	2
diligentli	7
dippe	1
discencioun	4
discenciouns	3
disceyuede	1
disceyueth	1
disch	2
dischargiden	1
dische	2
disciple	29
disciplesse	1
discipline	1
disciplis	240
discomfort	1
discord	1
discoumfort	1
discrecioun	3
discryued	1
discryuyng	1
discyplis	1
diseese	2
disese	2
disesen	1
disesid	1
disirere	1
disparplid	2
disparplit	1
disparplith	1
disparpoilid	1
dispeirynge	1
dispendere	1
dispenderis	3
dispending	1
dispendour	1
dispensacioun	4
dispisable	1
dispise	10
dispiseden	3
dispisen	3
dispiseris	1
dispisid	6
dispiside	2
dispisiden	2
dispisist	2
dispisith	9
dispisyng	1
dispisynge	1
dispisyngis	1
dispit	4
dispose	3
disposid	2
disposide	2
dispoyling	1
disputen	1
disputide	9
disputiden	4
disputinge	2
disputynge	1
dispuyte	1
dispuytynge	1
dissche	1
disseit	5
disseiuynge	1
dissencioun	8
dissenciouns	2
dissensiouns	1
disserued	1
disserueth	1
disseyue	17
disseyued	10
disseyuede	4
disseyuen	4
disseyuere	1
disseyueris	5
disseyueth	3
disseyuyng	1
disseyuynge	1
dissiren	1
dissolued	2
dissoluyd	3
disspisid	1
distinccioun	2
distrie	5
distried	7
distriede	1
distrien	2
distrier	1
distriere	1
distriest	2
distrieth	1
distruccioun	4
distruye	5
distruyed	2
distruyede	2
distrye	1
disturblen	2
disturblid	3
disturblith	1
disturblyng	1
disturblynge	1
diuerse	3
diuerside	1
diuynacioun	1
diynge	3
do	278
doctour	1
doctouris	2
doctours	1
doctrine	1
doctrines	2
doctryn	6
doctryne	4
doen	12
doere	3
doeris	4
doing	1
doist	22
doith	67
dom	26
domes	10
domesman	20
domesmen	4
dominaciouns	1
domplace	1
domynacioun	1
don	222
done	2
donge	1
donghille	1
doom	47
doon	56
dore	25
doren	1
doris	2
double	7
doubt	1
doumb	4
doumbe	18
doun	228
doute	5
douten	1
doutid	1
doutide	4
doutiden	2
douting	1
doutith	1
doutynge	1
doutyngis	1
douy	1
douyter	9
douytir	13
douytris	5
dowble	1
dowue	2
dowues	1
dowy	2
doyng	10
doynge	36
doyngis	1
dragoun	13
drank	2
draw	1
drawe	10
drawen	3
drawinge	1
drawith	1
drawun	8
drawynge	3
dred	1
dredde	14
dredden	27
drede	104
dredeful	1
dreden	8
dredinge	4
dredis	2
dredist	1
dredith	2
dredynge	4
dreed	1
dreedful	1
dreme	1
drenche	1
drenchen	1
drenchid	4
drenken	1
dresse	3
dressid	1
dreynt	1
drie	8
dried	3
driede	6
drieden	1
drink	2
drinke	6
drinkere	1
drinking	1
drinkith	3
drit	1
dronken	1
dronkennessis	1
dronkun	1
droof	3
dropesie	1
dropis	1
droue	2
drouen	1
drouy	3
drow	3
drowe	1
drowen	8
drowy	3
drunkelew	1
drunken	4
drunkenesse	3
drunkenessis	1
drunkun	10
drye	6
drynk	6
drynke	47
drynken	3
drynkis	1
drynkith	6
drynkynge	8
drynkyngis	1
dryueden	1
dryuen	2
dryueth	2
dryuun	3
due	1
duringe	1
durste	4
dursten	2
durynge	1
dust	2
duste	1
duyk	1
duykis	1
dwelle	74
dwellede	1
dwellen	26
dwellid	2
dwellide	21
dwelliden	19
dwellinge	8
dwellist	4
dwellith	56
dwellyde	1
dwellyng	1
dwellynge	11
dwellyngis	1
dwelte	11
dwelten	7
dyden	1
dyuerse	13
dyuersith	2
dyuersli	1
dyuersynge	1
dyuynynge	1
dyuysioun	1
dyynge	1
earth	1
east	1
ech	255
eche	22
echon	1
edder	2
eddris	5
edefie	1
edefied	2
edefieth	1
edificacioun	11
edifie	1
edified	1
edifien	1
edifieth	2
edifiyng	2
eeld	3
eelde	2
eende	1
eendis	1
eer	1
eerbe	1
eere	7
eeris	29
eerli	10
eese	1
eest	7
eet	4
eete	11
eeten	18
eetun	1
eft	36
efte	1
eftsone	1
eftsones	2
eftsoone	69
eftsoones	11
egge	1
eggid	1
egle	3
eglis	2
eir	15
eire	5
eiris	13
eithir	1
eiyt	1
eiyte	9
eiytene	1
eiytetene	2
eiythe	1
eiytthe	3
eld	2
elde	30
elder	10
eldere	14
eldnesse	1
eldre	35
eldris	3
eleccioun	3
elementis	6
eleuenthe	1
elleuenthe	2
ellis	15
eloquent	1
emperour	10
emperoure	14
emperouris	6
emperours	2
empire	4
encencis	2
encense	4
encensyng	1
enclosid	1
encloside	1
encrees	2
encreese	3
encreesid	1
encreessid	1
encreesside	1
encreessing	1
encreessingis	1
encreessyng	2
encreesyng	1
encreseden	1
encresid	2
encreside	2
end	1
ende	73
endere	1
endid	28
ending	2
endis	5
endurith	1
endyng	6
enemy	4
enemye	10
enemyes	22
enemytees	1
eneritid	1
enflawmed	1
enflawmeth	1
enforceden	1
enforme	1
enforse	1
enforside	1
enfourmyng	1
enhabite	1
enhabitynge	1
enhaunse	2
enhaunsid	8
enhaunside	4
enhaunsith	2
enhaunsyng	1
enherite	2
enioye	1
enke	3
enleuen	2
enleuene	5
enmytees	2
enquere	1
enquerid	1
enqueride	1
enqueryng	1
ensaumple	12
enserchiden	1
enstore	1
entrailes	1
entrailis	4
entrails	1
entre	68
entreden	1
entren	15
entreth	1
entrid	15
entride	64
entriden	22
entridist	2
entring	1
entringe	2
entrith	8
entryde	1
entryden	1
entryng	2
entrynge	2
enuye	17
enuyes	4
enuyeth	1
enuyroun	1
enuyround	2
enuyrounede	1
enuyrounned	1
epistle	6
epistlis	4
equite	2
equyte	1
erbe	2
erbis	1
ere	6
eresie	1
eresies	1
eresye	1
eretik	1
eris	10
erise	1
eritage	17
erith	1
ernes	3
erre	4
erren	5
errid	2
erride	1
erriden	5
errith	1
errour	13
erroure	1
errynge	4
erthe	227
ertheli	11
erthemouyngis	1
ertheschakyng	1
erthetilier	1
erthetiliere	1
erthetilieris	3
erthetiliyng	1
erthis	1
erynge	1
eschewe	7
eschewynge	2
ese	4
esiere	2
esynesse	1
ete	91
eten	25
ethat	1
ether	64
ethir	63
etith	24
etun	7
etynge	8
etyngis	2
euangelie	12
euangelisid	1
euangelist	2
euangelistis	1
euangelisynge	1
euangelize	1
eue	4
euen	16
euene	11
eueneldis	1
euenesse	2
euentid	11
euentide	1
euenyng	5
euer	87
euere	86
euerelastinge	1
euerelastynge	2
eueremore	5
eueri	1
euerlastinge	22
euerlastynge	46
euerlastyngnesse	1
euermore	18
euery	51
eueryche	1
euerydai	1
euerywhere	1
examyned	1
excellent	5
excercisid	1
excite	1
excitiden	1
exclude	1
excludid	1
excusacioun	1
excuse	1
excusen	1
excusid	3
excusiden	1
execrable	1
exellent	1
exercisid	2
exercitation	1
exilid	1
exorsisists	1
exortacioun	4
expoune	1
expowne	2
expowned	2
expownede	3
expowneden	1
expownen	1
expownyng	2
eye	1
eyr	1
fablis	5
face	58
faces	6
facis	1
fade	2
fader	16
fadir	361
fadirhod	1
fadirles	2
fadris	59
faile	15
failen	6
faileth	1
failide	7
failidist	1
failinge	2
failith	3
fair	1
faire	4
fairnesse	1
fallace	2
fallas	1
falle	35
fallen	8
fallide	1
fallinge	1
fallith	6
fallun	3
fallyng	3
fallynge	2
fals	13
false	20
falsly	1
falsnesse	2
fame	10
famous	1
fantum	2
fare	5
faren	1
farewel	1
fast	2
faste	10
fasten	7
fastid	1
fastiden	2
fasting	2
fastinge	1
fastist	1
fastyng	3
fastynge	5
fastyngis	4
fat	3
fatnesse	1
fatte	1
fattid	2
fauyt	2
fauyte	1
fayle	1
fayre	1
febil	1
feble	13
feblenesses	1
fed	1
fedden	1
fede	4
fedinge	1
fedith	2
feeld	29
feeldi	1
feeldis	8
feele	3
feelen	2
feeliden	2
feend	20
feendis	18
feendli	1
feersnesse	2
feest	2
feeste	34
feestis	4
feestynge	1
feet	91
feined	1
feir	2
feire	2
feith	234
feithful	39
feithfuli	2
fel	20
felawe	1
felawis	2
felawschip	2
feld	4
felde	28
felden	21
fele	1
felen	1
felide	1
felist	1
felle	14
fellen	8
felliden	1
felouschipe	4
felow	1
felowe	5
felowis	10
felows	1
felowschip	3
felowschipe	1
female	4
fend	1
fendis	6
fenne	1
fer	22
ferd	2
ferdful	2
fere	2
fers	1
fersnesse	1
ferther	1
ferthere	3
ferthermore	1
ferthing	3
ferthingis	1
feruent	3
feruour	1
feste	1
fethris	1
feuer	4
feueris	1
few	2
fewe	20
feyned	3
feyneden	1
feynen	1
feynyng	4
feynyngis	1
fier	74
fifte	1
fiftene	3
fiftenthe	1
fifti	7
fifties	1
fige	15
figis	2
figure	4
figuris	1
figus	3
fijr	1
fil	1
filateries	1
fille	11
fillid	53
fillide	5
filliden	6
filling	1
fillith	2
fillyng	1
filosofie	1
filosofris	1
filthe	4
filthehed	1
filthhed	1
filthis	2
first	75
firste	91
firy	2
fisch	7
fische	2
fischeris	2
fischis	19
fisscheris	3
fisschis	1
fisshis	1
fitchid	2
fitchinge	1
fiyt	1
fiyte	5
fiyten	3
fiytingis	2
fiytith	2
fiytyng	1
fiytyngis	1
flawme	7
flax	1
fle	16
fled	2
fledden	7
flee	1
fleen	2
fleeth	2
flei	3
fleisch	128
fleische	5
fleischis	2
fleischli	14
fleiy	2
flesch	9
flesh	1
fleten	1
fley	1
fleyng	1
fleynge	2
fliynge	1
floc	1
flocke	3
flodis	1
flok	11
flom	1
flood	16
floodis	5
floor	1
flore	1
florischide	1
flour	5
floureden	1
flowe	1
flowen	2
flowynge	1
flux	3
fluxe	2
folc	15
fold	10
foldiden	1
fole	3
folewe	1
foleweden	1
folewere	1
foleweris	5
folewide	2
folewiden	7
folewynge	2
foli	8
folili	1
folk	15
folkis	32
folowe	1
foloweris	1
folowide	1
foltische	2
fome	1
fomede	1
fometh	1
fomynge	1
fond	1
fonde	2
fonden	1
fonned	2
foodis	1
fool	2
foold	7
foolde	2
foolis	8
foond	31
foonde	5
foorme	1
foot	6
foote	2
footid	3
for	1452
forbede	27
forbeden	1
forbedinge	2
forbedith	2
forbedun	3
forbedyng	1
forbedynge	1
forbeede	1
forbodun	1
fordoith	1
fore	1
forhedis	3
forheed	2
forheedis	3
forknouwyng	1
forme	3
formed	1
former	1
formere	18
forn	1
fornicacioun	10
fornicatouris	1
fornycacioun	20
fornycaciouns	3
fornycatouris	1
forsake	13
forsaken	3
forsaking	1
forsakinge	1
forsakith	3
forsakun	8
forsakyng	2
forsoken	5
forsook	1
forsothe	1
forswere	1
forsworun	1
forth	189
forthenkith	1
forthenkyng	4
forthouyte	1
forward	4
foryaf	8
foryat	1
foryaten	2
foryerd	1
foryet	1
foryete	4
foryetful	1
foryetith	1
foryetyng	1
foryouun	23
foryyue	20
foryyuen	9
foryyuenes	1
foryyuenesse	2
foryyuer	1
foryyueth	1
foryyuynge	3
fostre	1
fostrith	1
foul	7
foule	5
foulis	3
founde	5
foundement	11
foundementis	4
founden	35
foundid	2
foundidist	1
foundun	50
foure	63
fouretene	1
fourme	4
fourmed	1
fourtene	4
fourtenthe	2
fourthe	8
fourti	24
fourty	1
fouyten	3
foxe	1
fraude	3
fraudid	1
fre	21
fredom	11
free	1
freeli	1
freeltee	1
freend	8
freendis	14
freli	5
freman	3
frend	2
frendis	2
frenschip	1
fro	688
froggis	1
from	22
frotynge	1
fruit	3
fruyt	69
fruyte	1
fruytis	23
ful	104
fulfille	13
fulfilled	1
fulfillid	73
fulfillide	1
fulfilliden	1
fulfilling	1
fulfillith	1
fulfillyng	2
fulfillynge	1
fulle	4
fuller	1
fulli	2
fulnesse	2
furlong	1
furlongis	5
furneis	1
fyllid	1
fynde	44
fynden	5
fynderis	1
fyndith	7
fyndynge	1
fyngir	1
fyngris	1
fyngur	6
fyrst	1
fyschis	1
fyue	47
fyueris	3
fyuethe	3
gadere	13
gaderen	5
gaderid	23
gaderide	4
gaderiden	1
gadering	1
gaderith	5
gaderyd	1
gaderynge	2
gaderyngis	2
gadir	2
gadirid	1
gadre	2
gadriden	4
gall	1
galle	1
galoun	1
gardynere	1
garnement	1
gat	3
gate	1
gaten	1
geder	1
gedere	1
gederid	3
gederist	1
gederith	1
geet	4
geldid	1
gelding	4
geldingis	1
geldyngis	2
gendren	1
gendrid	2
gendride	5
gendringe	1
gendrith	1
generacion	1
generacions	1
generacioun	35
generaciouns	8
genologie	1
genologies	2
german	1
gesse	15
gessen	11
gessid	5
gesside	8
gessiden	9
gessidist	1
gessist	8
gessith	4
gessynge	5
gestis	2
gete	11
geten	2
geting	1
getun	8
getynge	3
gider	1
gidere	13
gidir	2
gidre	2
gile	13
gilefuli	1
giloure	1
gilours	1
gilt	9
giltes	1
gilti	9
giltis	5
giltles	1
gilty	1
gird	7
girde	4
girdidist	1
girdil	6
girdinge	1
girdlis	2
girte	1
glad	11
glade	1
gladid	1
gladide	4
gladith	1
gladli	4
gladnesse	3
gladyng	1
glas	3
glasun	2
glorie	174
gloriede	1
glorien	8
glories	1
gloriest	2
glorieth	2
glorifie	5
glorified	10
glorifiede	5
glorifieden	5
glorifien	1
glorifieth	1
glorifyinge	1
gloriouse	1
gloriousli	1
gloriyng	3
gloriynge	1
glory	1
glorye	3
glosing	1
glotony	1
glotoun	1
gnastiden	1
gnatte	1
go	236
gobet	4
gobetis	2
god	2
goddesse	1
goddis	8
gode	2
godhed	2
godli	1
godlich	1
goen	6
goere	2
gogil	1
goist	6
goith	28
gold	26
goldun	16
gon	35
goo	1
good	206
goode	11
goodis	13
goodnesse	9
goon	17
goost	3
goostli	6
goot	1
gootbuckis	1
gospel	75
gouernaile	1
gouernails	2
gouerne	7
gouernede	1
gouernour	3
gouernoures	1
gouernouris	1
gouernours	1
goyng	6
goynge	16
grace	162
graces	2
gracis	1
graffid	2
grape	1
grapis	5
gras	5
graue	23
grauel	7
graues	1
graunte	2
grauntid	1
grauntide	4
grauyng	1
green	1
greene	2
grees	2
greet	219
greete	2
greeten	1
greetith	1
greetli	19
greetnesse	4
grene	1
grenneden	1
grentyng	1
gret	2
grete	55
greten	13
greting	1
gretith	6
gretnesse	1
grette	2
gretten	1
gretter	15
grettere	11
grettest	9
gretyng	1
gretynge	1
greue	1
greued	1
greuous	1
greuouse	3
greuousli	1
greuyd	2
greuyde	2
greuyden	1
gropith	1
ground	1
grounde	1
groundid	1
growed	1
growen	1
groyneden	1
gruntyng	1
grutche	2
grutcheris	1
grutchiden	8
grutching	1
grutchingis	1
grutchyng	1
gryn	1
gryndynge	2
grynting	1
gryntyng	3
haast	1
haaste	1
haate	1
habitacioun	1
habitacle	1
haburioun	2
haburiouns	3
had	17
hadde	400
hadden	196
haddist	4
haddun	1
hail	4
halewe	5
halewid	17
halewide	2
halewing	2
halewis	2
halewith	4
halewyng	3
half	18
halidai	2
halidaies	1
haliday	1
halle	15
halowe	1
halpens	1
halpeny	1
haltinge	1
han	459
handmaidens	1
handmaidun	1
handmaydenes	1
handmaydyn	1
hangid	2
hangiden	1
hangith	2
hangynge	3
happe	1
happili	1
hard	12
harde	1
hardere	1
hardi	5
hardid	1
hardne	3
hardned	1
hardnesse	4
hardynesse	1
harlatrye	1
harm	4
harpe	1
harperis	1
harpinge	1
harpis	4
hast	144
haste	2
hasti	1
hastili	2
hate	15
hateful	2
hath	361
hatid	2
hatide	2
hatiden	4
hatidist	2
hatinge	1
hatith	13
hatynge	1
haue	408
hauen	1
hauene	3
hauenyden	1
hauinge	1
haunte	1
hauynge	70
he	3033
hede	2
heed	61
heede	1
heedis	18
heedlyng	2
heelden	2
heele	18
heelid	16
heelide	14
heelthe	32
heelthis	2
heelynge	2
heelyngis	2
heer	4
heere	6
heeren	2
heeris	13
heerith	1
heeste	1
heestis	2
heete	10
hegge	1
heggide	1
heggis	1
hei	2
heire	1
heiris	1
heiy	1
heiyer	1
heiyere	1
heiyest	1
heiynesse	3
heiyth	1
heiythe	2
held	2
helde	15
helden	13
hele	3
helid	4
helide	6
helle	27
hellis	1
helm	1
helme	1
help	6
helpe	14
helpen	1
helpere	5
helperis	6
helpid	1
helpide	4
helpis	1
helpith	1
helpynge	1
helpyngis	1
helthe	24
helthis	1
helynge	2
hem	1633
hemme	3
hemmes	1
hemsilf	3
henne	1
hennes	2
hennus	14
her	279
heraftir	1
herberden	1
herbore	3
herboreden	1
herboreles	2
herborewe	1
herborid	5
herboriden	1
herborles	2
herboryd	1
herd	97
herde	67
herden	92
herdist	2
here	135
heren	28
herere	2
hereris	2
heriden	1
herie	3
heriede	1
herieden	2
hering	3
heringe	3
herist	2
herith	31
heriyng	8
heriynge	5
heriyngus	1
herkeneden	1
hern	1
herne	2
herof	2
hert	1
herte	108
hertes	2
hertid	1
hertis	58
hertofore	1
heruest	1
heryng	18
herynge	19
hethen	16
hethene	102
hethenlich	1
heuede	1
heueli	1
heuene	193
heueneli	4
heuenelich	1
heuenely	1
heuenes	93
heuenli	18
heuenly	2
heuens	1
heuy	11
heuyed	3
heuyli	3
heuynes	1
heuynesse	9
heuynessis	2
hewun	3
hey	5
heye	2
heyre	2
hid	29
hidde	7
hidden	1
hiddils	1
hiddlis	2
hide	1
hider	1
hidils	4
hiding	1
hidir	11
hidith	1
hidlis	1
hidur	9
hiest	2
hieste	1
hieth	1
hil	27
hile	3
hilid	7
hilide	1
hiliden	2
hiling	1
hilith	1
hille	16
hillis	8
hilyng	1
him	229
himself	1
hipis	1
hir	229
hirdis	2
hire	10
hirid	7
hiride	2
hirt	2
hirte	5
hirtith	1
hirtyng	3
hirtyngis	1
hiryd	1
hiryde	1
his	934
hise	344
hiy	20
hiye	2
hiyed	2
hiyede	1
hiyeden	1
hiyer	3
hiyere	1
hiyest	19
hiyeste	10
hiyeth	1
hiyli	1
hiynesse	5
hiyynge	3
hiyyngli	1
hoggis	1
holde	23
holden	6
holdinge	7
holdis	1
holdist	1
holdith	3
holdun	11
holdynge	3
hole	1
holi	7
holili	1
holinesse	1
holpun	1
holynesse	7
home	5
homeli	2
homliche	1
hond	23
hondis	64
honge	1
hongide	1
honour	7
honouren	1
honourith	1
hony	6
honysoukis	1
hook	1
hool	20
hoole	3
hooli	114
hoolnesse	1
hoolsum	7
hoolynesse	4
hoom	2
hoond	74
hoondis	38
hoor	1
hoore	6
hooris	2
hoosis	1
hoot	4
hope	71
hopen	6
hopid	2
hopide	3
hopiden	2
hoping	1
hopinge	3
hopith	4
horis	1
horn	1
hornes	9
hors	8
horse	2
horsis	10
horsmen	1
hosebonde	56
hosebondis	12
hosewyues	1
hospitalite	5
hou	142
hound	1
houndis	7
hour	4
hous	203
housbonde	1
housbondis	1
house	1
housebonde	1
household	1
houshold	2
housis	20
how	12
hows	2
hundrid	37
hundridis	1
hundrith	1
hungir	1
hungre	2
hungren	3
hungri	1
hungrid	1
hungride	9
hungriden	1
hungris	2
hungrith	2
hungry	2
hungrynge	1
hungur	12
hurlid	1
hurliden	1
hurt	1
hurtlid	1
hurtlide	1
hurtliden	1
hurtlith	2
hurtyng	1
hyd	1
hym	2237
hymself	1
hymsilf	3
hyndir	1
hyne	3
hyr	3
hys	2
iacinctus	1
iacynt	1
iaspis	4
idel	4
ideli	1
idil	1
idiot	1
idiotis	1
idol	2
idolatreris	1
idolis	1
idols	9
idul	1
if	521
ignoraunce	3
ile	9
ilis	1
ilk	1
ilke	23
image	1
impossible	9
impugnede	1
in	4627
incomprehensible	1
indignacioun	9
indignaciouns	1
indignacyoun	1
infirmyte	6
infirmytee	1
infirmytees	6
inhabite	1
iniurie	2
inne	3
innocent	2
innocentis	1
inobedience	1
inpossible	1
inspirid	2
instorid	1
instrumentis	1
intentis	1
interpretacioun	1
interpretaciouns	1
interprete	1
interpretour	1
into	29
inwardli	6
inwardnesse	3
inwardnessis	1
ioie	12
ioiede	4
ioieden	3
ioien	2
ioieth	4
ioiynge	5
iournei	1
iourney	7
ioyden	1
ioye	88
ioyede	5
ioyeden	4
ioyen	3
ioyeth	1
ioyne	3
ioyned	6
ioynede	1
ioyneth	2
ioyntours	1
ioynture	1
ioynturis	1
ioynyngis	1
ipocrisie	1
ipocritis	5
ire	1
iren	1
is	2175
isope	1
it	1198
iuge	7
iugement	1
iugis	1
iugith	1
iust	66
iuste	5
iustefied	2
iustefieth	2
iustefiyng	3
iustefiyngis	1
iustice	10
iusticis	1
iustificacioun	1
iustifie	1
iustified	27
iustifiede	2
iustifieden	1
iustifien	1
iustifieth	2
iustifiyng	1
iustifiyngis	2
iustifyynge	1
iustli	4
iye	35
iyed	1
iyen	75
kan	5
keie	2
keies	1
kele	1
kepe	52
kepen	8
kepere	4
keperis	7
kepers	1
keping	3
kepinge	3
kepist	1
kepith	15
kept	33
kepte	7
kepten	6
keptist	1
kepyng	4
kepynge	3
kepyngis	1
keste	7
kesten	9
keuerden	1
keuered	4
keuereth	1
keuering	1
keueryng	1
keye	2
keyes	1
kicke	1
kidde	1
kidis	2
kike	2
killide	1
killiden	3
killidist	1
kinde	3
king	35
kingdam	1
kingdom	21
kingis	13
kinredis	1
kisse	4
kisside	3
kissiden	1
kiste	1
kit	4
kitte	10
kittide	3
kittiden	3
kittingis	1
knaue	2
kne	2
knees	5
knele	1
knelide	6
kneliden	3
knew	21
knewe	27
knewen	39
kniyt	2
kniytis	5
knocke	5
knockid	1
knockide	1
knockith	2
knockynge	1
knoueleche	1
knouleche	11
knoulechen	2
knoulechid	2
knoulechide	5
knoulechiden	1
knouleching	2
knoulechinge	1
knoulechist	1
knoulechith	2
knoulechyng	1
know	2
knowe	89
knowen	45
knowing	7
knowinge	1
knowist	11
knowith	13
knowleche	3
knowlechen	2
knowlechiden	2
knowleching	1
knowlechinge	1
knowlechith	3
knowun	96
knowyng	14
knytchis	1
knyyt	4
knyythod	4
knyytis	26
kunne	4
kunnen	4
kunnyng	22
kunnynge	2
kyn	6
kynd	1
kynde	21
kyndeli	1
kyndelid	2
kyndis	3
kyndli	6
kyndlid	1
kyng	50
kyngdam	1
kyngdom	92
kyngdoom	6
kynge	1
kyngis	17
kyngli	1
kynne	1
kynnysmen	1
kynrede	6
kynredes	1
kynredis	4
kyt	1
kyuere	1
kyuerid	2
lace	1
lacken	1
lackid	1
lad	2
ladde	2
ladi	2
lafte	1
lai	2
lake	4
lamasabatany	1
lamazabatany	1
lambren	3
lame	1
langage	7
langagis	16
langour	2
langours	1
languor	1
languores	1
langwischith	1
lanterne	13
lanternes	1
lanternys	1
lappide	1
large	1
largeli	1
largere	1
last	11
laste	47
lasten	1
lastinge	1
lastingli	1
lastith	2
lastynge	3
lat	1
late	1
lateful	1
latere	1
latoun	2
lattere	1
latun	1
laumpes	1
laumpis	6
law	1
lawe	228
lawefulli	1
lawes	1
lawful	1
lawfuli	1
lawiere	1
lawis	1
lay	4
laye	2
leche	4
lecherously	1
lechis	1
lechouris	1
led	24
ledde	20
ledden	30
leddist	2
lede	20
leden	7
ledere	3
lederis	2
ledith	7
leechis	1
leede	2
leederis	1
leende	1
leendis	7
leene	2
leenen	2
leep	2
leese	20
leesing	3
leesith	3
leest	5
leeste	7
leesyng	5
leeten	2
leeue	32
leeueful	11
leeuen	3
leeues	6
leeuest	1
leeueth	6
leeuith	1
left	42
lefte	37
leften	16
lefthalf	8
leggis	1
leggynge	1
legioun	3
legiouns	1
leid	21
leide	13
leiden	18
leie	1
leiser	1
leit	3
leitis	1
leityngis	3
leiye	1
leiyen	1
leiyng	1
leiynge	3
leiyyng	1
lener	1
lenger	3
lengere	2
lengthe	3
lepis	4
lepre	4
leprous	2
leprouse	3
lerne	14
lerned	5
lerneden	1
lernen	1
lernyde	3
lernynge	1
lerud	10
lese	6
lesen	1
lesewis	1
lesewynge	4
lesingmongeris	1
lesith	1
lesse	26
lessyng	1
lest	64
leste	4
lesyng	2
let	3
letcheri	1
letcherie	26
letcheries	3
letcherouse	1
letcherye	1
letchour	3
letchouris	1
letchours	3
lete	3
leten	8
lett	1
lette	2
lettid	3
lettide	3
lettir	1
lettre	5
lettris	11
lettyng	2
leueden	2
leueful	22
leueth	1
leuyst	1
lew	1
lewid	1
leyden	1
leye	5
leyith	1
leyt	1
libel	3
liberte	1
lich	2
lickened	1
lickiden	1
licknesse	3
licned	2
licnesse	11
lie	5
lied	1
lien	1
liere	9
lieris	3
lieth	3
life	1
liflode	1
lift	4
lifte	5
liften	1
liftinge	1
ligge	1
liggyng	1
liggynge	4
light	1
ligynge	1
lijc	2
lijf	180
lijk	82
lijth	1
likne	1
likned	1
liknesse	9
likyngis	1
lilies	2
lioun	5
liouns	3
lippide	4
lippis	6
litel	2
litil	82
litle	26
lityneth	1
liue	1
liuen	1
liueth	1
liuynge	1
liynge	4
liyt	82
liyter	6
liytere	1
liytful	1
liyti	1
liytis	1
liytli	1
liytne	4
liytned	4
liytnede	1
liytneth	1
liytnyng	4
lo	135
locustis	2
loke	1
lokide	1
lokiden	1
lokinge	1
lokyng	1
lomb	31
lombe	2
lond	20
long	28
longe	17
longer	1
loo	10
loof	1
loond	29
looues	47
lord	61
lordis	21
lordschip	7
lordschipe	2
lordschiping	1
los	1
lose	1
loss	2
losse	1
lost	3
loste	4
lot	5
lott	1
lotte	1
lottis	2
loue	93
loued	14
louede	16
loueden	3
louedist	1
louen	24
loueris	4
louest	4
loueth	33
louse	1
lousid	1
louyd	12
louyde	11
louyden	1
louyere	1
louyeris	1
louyng	2
louynge	3
love	1
low	2
lowe	2
lowere	2
lowest	2
lowid	2
lowide	1
lownesse	1
lunatike	2
lust	1
lustis	4
luyeth	1
lycnesse	1
lye	2
lyen	1
lyeris	2
lyk	1
lynage	24
lynagis	5
lynen	2
lynnen	3
lynnun	1
lynnyn	1
lynun	2
lyoun	1
lytil	2
lytle	1
lyue	45
lyued	3
lyuede	6
lyueden	7
lyuelode	2
lyuen	17
lyues	7
lyuest	2
lyueth	28
lyuyde	1
lyuyng	8
lyuynge	35
lyuyngis	1
lyytne	1
maad	477
madde	1
maddid	1
maddist	2
maddith	1
made	81
maden	28
madist	3
madnesse	1
mageste	1
magistrat	1
magistratis	8
magnefie	1
magnefied	2
magnefiyng	1
magnifien	1
magnifiynge	1
magnyfiden	1
magnyfie	1
magnyfied	2
magnyfiede	3
magnyfieden	4
magnyfieth	1
magnyfiynge	1
mai	12
maidun	3
maidyn	1
maieste	9
maiestratis	3
maist	9
maiste	2
maister	15
maistir	10
maistirful	2
maistris	6
majeste	1
majestee	1
make	170
maken	13
maker	2
makere	4
makide	1
making	2
makinge	2
makist	4
makith	27
makyng	8
makynge	11
male	7
malice	10
man	916
manaasis	1
manasse	1
manasside	5
manassiden	1
manassis	1
maner	53
manere	6
maneres	3
maners	1
manhed	1
manli	1
manna	4
manner	2
mannes	1
mannus	84
mannys	13
manqueller	1
manquellere	1
manquelleris	3
manslauytir	1
manslauytris	1
mansleer	1
mansleere	3
mansleeris	1
mansleying	1
mansleyingis	1
mansleyng	1
mansleynge	1
mansleyngis	3
mantil	3
many	224
manye	55
manyfold	1
marbil	1
marchaundie	1
marchaundies	1
marchaundis	1
marchaundise	4
marchaunt	1
marchauntis	3
margarete	1
margarite	1
margaritis	4
marke	2
marken	1
markid	16
markide	1
markynge	1
martris	1
maryneris	1
mat	2
matrymonye	2
maumetis	7
maumettis	1
maundement	32
maundementis	16
mawmet	1
mawmetis	6
may	88
maydynhode	1
mayst	1
maystir	3
me	892
meddlid	2
meddlynge	1
mede	16
mediatour	6
medlid	1
meede	8
meete	11
meeten	1
meetis	1
meine	1
meke	10
mekenesse	11
meketh	1
mekid	3
mekide	1
mekith	3
mekynge	1
mele	2
membre	7
membris	33
men	1076
mene	1
mennus	7
mennys	1
mensleeris	1
merci	59
mercies	1
merciful	12
mercy	15
merewis	1
merkid	1
merueilis	1
merueilous	1
merueilouse	2
meseles	1
meselis	1
mesels	2
message	2
messanger	2
messangeris	4
mesure	20
mesuren	1
mesuride	1
mesuris	2
mete	76
meten	3
metinge	1
metis	11
metretis	1
mette	6
metten	1
metun	2
metyng	1
metynge	1
meue	2
meuyng	1
meynd	6
meyne	4
meyneal	1
meynee	1
meynes	1
meyris	1
mi	1
miche	8
middil	1
mijst	1
mildnesse	1
ministris	1
mirour	1
mirre	1
misterie	1
miyt	6
miyte	8
miyten	10
miyti	7
mo	17
moche	1
moder	3
modir	103
modirles	1
modris	6
moiste	1
moistid	1
moistith	2
moment	3
momentis	2
mone	1
monei	6
moneste	11
monesten	2
monestid	3
monestide	3
monesting	2
monestinge	2
monestith	1
monestyng	5
moneth	2
monethe	2
monethis	16
money	16
mony	2
moon	1
moone	7
moost	38
moot	10
more	257
morew	6
morewe	14
morewtid	2
morne	3
morned	1
mornen	2
mornyng	7
mornynge	2
morowe	1
morowtid	1
morter	1
most	24
moste	5
mot	2
mote	4
moten	1
mouable	1
moue	4
moued	12
moueden	3
mouedist	1
mouen	2
moueth	1
moun	58
mount	12
mountans	1
mounteynes	1
mounteyns	4
mourne	1
mouth	80
mouthis	2
mouyd	6
mouyde	1
mouyden	1
mouyng	9
mouynge	5
mouyngis	2
mouyt	1
mouyte	2
mouytis	1
mow	1
mowe	10
mown	1
moystide	1
moysture	1
multiplie	3
multiplied	3
multipliede	1
multiplieth	1
multipliynge	1
multitude	33
munteyns	1
musik	1
musinge	1
mussel	2
must	1
musyng	1
my	551
mych	3
myche	149
myddai	2
myddel	1
myddil	52
myddis	1
mydil	1
mydniyt	2
mydnyyt	4
mylde	7
myldenesse	9
mylk	5
mylne	4
mylnstoon	1
myn	67
mynde	54
myndeful	10
myne	4
myned	1
mynge	1
myngide	1
mynistren	1
mynstrallis	1
mynstrid	1
mynte	2
mynutis	1
mynyster	3
mynysterie	7
mynysteries	1
mynystracioun	3
mynystre	27
mynystren	2
mynystrid	7
mynystride	3
mynystriden	8
mynystrie	8
mynystring	1
mynystringe	1
mynystris	25
mynystrith	5
mynystryng	2
mynystrynge	1
myracle	1
myraclis	4
myrie	1
myrour	1
myrre	2
myrthe	3
mysdoere	1
mysdoeris	1
mysdoers	1
myseese	1
myseise	1
myseiste	1
myst	1
myste	1
mysterie	10
mysteries	2
mystis	1
mysturne	1
myyt	7
myyte	24
myyten	19
myyti	21
myytist	1
nacioun	3
naciouns	3
nai	1
nailis	2
nakid	16
nakidnesse	3
name	221
named	19
nameli	1
namely	1
names	14
nameth	1
namyd	1
nappiden	1
nappith	1
narde	1
narwy	1
natyuyte	1
nay	7
ne	52
necessarie	8
necke	6
neckis	1
nede	52
nedeful	11
nedelich	1
neden	4
nedi	8
nedis	6
nedith	1
nedlis	2
nedynesse	2
neede	2
needlis	1
neer	2
neiy	2
neiybore	16
neiyboris	6
neiybour	1
neiye	11
neiyebore	2
neiyed	2
neiyede	12
neiyeden	3
neiyen	1
neiyeth	1
neiyinge	1
neiyith	1
neiyynge	2
neomenye	1
nere	2
nest	1
nestis	2
net	2
netheles	28
nethelesse	1
nether	198
nethir	76
nett	5
nette	1
nettis	9
neuer	19
neuere	13
new	2
newe	59
newnesse	3
newyng	1
next	2
nexte	1
niy	26
niyt	28
no	358
noble	6
noied	1
noise	7
nol	1
noo	1
noon	52
noot	2
norischen	2
norischid	1
norisschid	1
north	3
not	2160
nother	1
nothing	6
noueltees	1
noumbre	22
noumbrid	5
nouyt	16
now	243
nowe	5
noye	6
noyed	1
noyede	1
noyen	2
noyeth	1
noyous	2
noyse	4
noyt	1
nurische	2
nurischen	1
nurischid	1
nurischide	1
nurischith	1
nursche	2
nurschede	1
nurschid	2
nyl	2
nyle	93
nyne	5
nynthe	10
nynti	4
nyy	52
nyyt	39
nyytis	5
o	111
obedience	13
obedient	3
obeie	8
obeied	1
obeiede	2
obeien	3
obeische	5
obeischen	2
obeischid	2
obeischinge	1
obeschen	1
obeschid	1
obeschynge	1
obeyede	1
obeyen	2
occasioun	9
occupied	1
ocupied	2
ocupieth	1
odour	6
odours	1
of	6803
offence	1
offencioun	2
offenden	2
offendiden	1
offendith	3
offendyng	1
offensioun	1
office	4
offices	1
offre	16
offren	3
offrid	15
offride	6
offriden	4
offring	4
offringe	4
offringis	1
offrist	1
offryden	1
offryng	5
offryngis	2
ofte	29
oile	7
old	1
olde	4
olyue	5
olyues	1
on	500
oneli	48
onely	3
onest	3
oneste	2
onestli	3
onour	29
onourable	1
onoure	8
onoureden	1
onouren	1
onourid	2
onouride	1
onouriden	1
onourith	2
onourynge	1
ony	282
onys	18
oo	7
oold	2
oolde	2
oon	235
oonli	20
oost	6
oostis	6
ooth	11
open	7
opene	12
opened	15
openede	2
openen	1
openeth	2
openith	2
openli	2
openyd	33
openyde	21
openyng	1
openynge	1
opinli	1
opneden	1
oportunyte	2
oppressen	1
oppressid	2
opyn	22
opyniouns	1
opynli	19
opynyouns	2
or	194
ordeined	2
ordenede	1
ordenyd	1
ordeyne	11
ordeyned	30
ordeynede	17
ordeyneden	6
ordeyneth	1
ordinaunce	2
ordre	15
ordynaunce	3
ostiler	1
ostrie	1
other	44
othere	159
otheris	1
othir	36
othis	1
ouen	2
ouer	61
ouercam	2
ouercamen	3
ouercome	12
ouercomen	2
ouercometh	7
ouercomun	7
ouercomynge	2
ouere	3
ouerflowynge	1
ouergild	2
ouergo	1
ouerleiyng	1
ouerplauntid	1
ouerschadewe	1
ouerschadewide	2
ouerschadewinge	1
ouerschadewyng	1
ouerstretchen	1
ouerthwert	1
ouerturnen	1
our	96
oure	360
ouris	5
ourned	2
ourneden	1
ournyng	2
ourun	1
out	453
outakun	6
oute	10
outen	76
outenforth	1
outforth	15
outtakun	2
ouyt	4
ouyte	5
ouyten	2
overschadewynge	1
owe	2
owen	14
owest	1
owist	3
owith	10
owne	53
ox	1
oxe	3
oxis	1
oxun	4
oyle	4
oynement	12
oynementis	4
paas	1
pacience	43
pacient	6
paciente	1
pacientli	3
paciently	1
pacis	1
pacyence	1
paied	2
paiede	2
pale	2
palesie	9
palesy	1
palesye	1
palmes	2
palsi	1
palsy	1
palsye	1
pans	6
parable	26
parablis	16
paradis	2
paradise	1
parcenere	1
parceneris	5
parchemyn	1
parchemyne	1
pard	1
parfit	9
parfitli	3
parformyng	1
parfourme	1
part	46
parten	1
partener	2
parteneris	6
parteyneth	1
parti	14
partiden	2
partie	1
parties	6
parting	1
partis	4
partyde	1
partyneris	2
pasis	2
pask	26
paske	4
passe	39
passed	1
passen	1
passid	20
passide	28
passiden	12
passing	1
passinge	1
passioun	7
passiouns	12
passith	4
passyng	2
passynge	2
passyngli	1
patche	2
pathis	2
paththis	1
patriark	2
patriarkis	2
pawme	1
payeth	1
pece	2
peeris	1
peerl	1
peerlis	1
peerls	1
pees	97
peire	1
peirement	2
peiryng	3
penaunce	52
penne	1
pens	5
peny	9
peple	1
perauenture	38
perdicioun	12
perel	5
perelis	9
perelouse	1
perfeccioun	5
perfit	31
perfite	2
perfitere	1
perfitli	10
performe	5
performen	1
perfourme	5
perische	21
perischen	9
perischid	4
perischide	10
perischiden	6
perisching	1
perischinge	1
perischith	1
perischyng	2
perse	1
persecucioun	11
persecuciouns	4
persecucyouns	1
persecusioun	1
persen	1
perseyue	1
perseyueth	1
perside	1
persone	1
persones	4
persoone	4
persoones	5
perteneth	1
perteynede	1
perteyneth	4
perturbacioun	1
pesibilnesse	1
pesibilte	1
pesible	4
pesiblenesse	1
pestilences	1
pestilencis	1
peyne	6
peyned	1
peynes	1
peyrement	1
piler	1
pilere	2
pileris	1
pilewe	1
pilgrimage	7
pilgrym	1
pilgrymage	4
pilgryms	1
pilgrymys	3
pipe	2
pipis	1
pistle	11
pistlis	3
pit	8
pitchinge	1
pite	3
pitee	12
pitees	1
piteuouse	1
piteuousli	1
piyten	1
place	110
places	6
placis	18
plage	2
plagis	5
plater	4
platere	1
plauntid	4
plauntide	4
plauntiden	1
plauntith	3
plauntyng	1
playnt	2
ple	1
pleasaunt	2
pleie	1
plente	22
plentee	3
plenteousli	1
plenteuouse	22
plenteuousli	11
plenteuouslier	1
plenteuously	4
plesaunce	1
plesaunt	3
plese	15
plesen	1
plesid	6
pleside	17
plesiden	2
plesinge	4
plesith	2
plesynge	11
pleyn	1
pleynli	1
pleynt	4
pleyntis	1
plommet	1
plouy	1
plucke	2
pluckiden	1
plus	1
poetis	1
pollid	3
pollut	1
pool	7
poole	1
porche	4
porchis	1
porcioun	1
pore	32
porter	2
possessioun	5
possessiouns	3
possessouris	1
possible	7
pot	2
potestat	1
potestatis	3
potter	3
pottere	1
pottis	1
poudir	2
poudre	2
pouert	3
pound	2
pouwer	1
powdir	1
power	98
powere	4
poweris	3
powers	2
poyntil	1
precept	1
preche	33
precheden	1
prechen	8
prechid	23
prechide	23
prechiden	9
preching	4
prechinge	1
prechist	1
prechith	2
prechour	3
prechyng	6
prechynge	9
precident	1
precious	7
preciouse	12
preciousere	1
preef	1
preest	17
preesthod	7
preesthood	1
preestis	34
preide	2
preiden	2
preie	26
preied	3
preiede	35
preieden	25
preiedist	1
preien	9
preier	20
preieris	13
preiers	2
preieth	5
preisable	1
preise	4
preiseden	1
preiside	1
preising	1
preisinge	1
preisyng	5
preisynge	1
preiudice	1
preiyng	4
preiynge	10
prepucie	21
presence	3
present	23
president	4
presidentis	1
presour	1
pressour	1
prest	8
presthod	1
prestis	66
prestys	1
presydent	1
preue	14
preued	9
preueden	2
preuen	2
preuest	1
preueth	2
preuost	1
preuy	3
preuyd	3
preuyng	6
preyden	1
preye	48
preyed	1
preyede	13
preyeden	4
preyen	3
preyer	8
preyeris	8
preyng	1
preynge	2
preysid	1
prices	1
pricis	2
pricke	6
prickiden	1
prickis	1
pride	10
pridis	1
prijs	11
primacie	1
prince	55
princehod	1
princehodes	1
princes	8
principal	1
principat	2
principatis	1
principatus	1
princis	58
prinshod	1
prisoner	3
prisoneris	3
prisoun	40
prisouneris	1
prisouns	3
priuei	1
priueli	7
priuete	2
priuetee	1
priuey	3
priui	1
priuy	2
priuyte	3
priuytees	1
procede	1
proconsul	4
procuratoure	2
profecie	2
profeciede	1
profecieden	3
profeciynge	2
proferden	1
proferide	1
proferith	1
profesie	1
professioun	2
profete	32
profetis	27
profit	7
profitable	16
profite	7
profiten	2
profitide	4
profitiden	1
profiting	1
profitith	7
profreden	1
profrid	1
progenytouris	1
prophecie	9
prophecieden	1
prophecien	3
prophecies	4
prophecieth	3
prophesie	12
prophesied	1
prophesiede	4
prophete	42
prophetesse	2
prophetis	60
propiciatorie	1
propir	1
proposicioun	3
propre	4
proselitis	1
prosilite	1
proud	2
proude	6
proued	1
prouerb	1
prouerbe	2
prouerbis	2
prouyd	1
prouynce	2
prudence	8
prudent	17
prudentli	1
pryde	1
prynce	3
prynces	3
pryncis	3
pryncys	1
prynshode	1
prynte	1
pryued	1
pryuei	1
pryueli	1
pryuete	1
pryuey	1
publische	1
pulle	2
punische	1
punysche	2
punyschid	1
punyschide	1
puple	296
puplis	11
puplische	1
pupplican	6
pupplicans	16
pupplischid	6
purchaside	1
purchasing	2
purchasour	1
purchasyng	1
purgacioun	2
purge	3
purgyng	1
purgynge	1
purificacioun	1
purified	2
purifying	1
purpos	8
purposid	3
purposide	4
purposiden	1
purposing	1
purpur	8
purpuresse	1
pursis	2
pursue	6
pursued	3
pursuede	7
pursueden	2
pursuen	3
pursuere	1
pursuest	6
pursuynge	1
purueiede	1
puruey	1
purueyaunce	1
purueye	1
purueyen	1
put	35
putte	52
putten	10
putteth	1
puttide	15
puttiden	9
putting	2
puttith	11
puttyng	1
puttynge	3
pynacle	2
quakide	1
quakyng	1
quantite	1
quaternyouns	1
queen	3
queene	1
queerne	1
quenche	3
quenchid	7
quenchiden	1
querele	1
questioun	4
questiouns	8
quic	2
quik	2
quike	1
quikene	1
quikenede	1
quikeneth	1
quikenyde	1
quite	1
quyet	2
quyk	5
quyke	3
quykene	2
quykened	1
quykeneth	5
quykenyd	1
quykenynge	1
quyt	1
quyte	3
ran	14
ranne	3
rannen	1
rap	1
rather	12
rathere	2
rathir	1
raueinouris	1
rauenours	1
raueyn	3
raueyne	1
raueynour	1
raueynours	1
rauysche	2
rauyschen	1
rauyschid	5
rauyschide	1
rauysching	3
rauyschinge	1
rauyschith	2
reche	1
reckist	1
reckynyng	1
recouncelyng	1
recounsele	1
recounselid	7
recounselide	1
recounseling	1
recounselyng	2
recounselynge	1
red	18
redde	3
redden	1
rede	2
redempcioun	11
redi	72
reding	1
redinge	1
redist	2
redith	3
redy	4
redyng	2
redynge	1
reed	13
reede	2
reforme	1
reformed	1
refreischid	2
refreischide	1
refreschiden	1
refresching	1
refreyneth	1
regeneracioun	1
regne	11
regned	2
regnede	4
regneden	1
regnen	3
regnyde	1
rehed	6
reise	26
reiseden	4
reisen	1
reisid	3
reiside	33
reisiden	1
reisith	5
reisynge	1
rekene	1
rekenede	1
rekyn	1
relif	1
relifes	1
relifs	6
religioun	5
religious	1
religiouse	3
remeued	1
remissioun	5
remouede	1
removed	1
remyssioun	13
renewid	2
renewlid	1
renne	4
rennen	4
rennyng	2
rennynge	7
rent	1
repe	10
repen	3
repentaunt	1
repentide	1
reperis	2
repiden	1
repist	2
repith	3
repreef	11
repreuable	7
repreue	14
repreued	9
repreuede	1
repreueden	2
repreues	1
repreueth	2
repreuyd	4
repreuyden	1
repreuyng	2
repreuynge	3
repromyssioun	2
repromyssiouns	2
reproue	2
repugne	1
repyng	3
requyre	1
rerid	1
reride	1
reriden	1
reseruede	1
reseruyd	2
resonable	2
resoun	18
resseiued	2
resseiueth	1
resseyue	42
resseyued	24
resseyuede	19
resseyueden	19
resseyuedist	1
resseyuen	9
resseyueth	25
resseyuyng	1
resseyuynge	3
ressurreccioun	1
rest	5
reste	28
restid	2
restide	3
restiden	3
restist	1
restitucioun	1
restore	3
restorid	5
restyng	1
restynge	2
resurreccioun	5
retribucioun	1
rettid	2
rettynge	1
reuelacioun	8
reuelaciouns	2
reuerence	4
reule	7
reulinge	2
reume	1
reuth	2
reuthe	5
reward	2
rewardere	1
rewarding	2
rewe	2
rewide	1
rewith	1
rewme	40
rewmes	3
reyn	5
reynbowe	2
reyne	2
reynede	2
reynes	1
reyneth	1
reyns	1
reyse	1
reysiden	1
riche	42
richessis	16
ride	1
ridile	1
ring	1
ripe	10
rise	62
risen	17
rising	2
risith	3
risun	18
risyng	14
risynge	3
ritchesse	4
ritchessis	8
riyt	26
riytchessis	1
riytful	17
riytfuli	1
riytfulnesse	10
riythalf	26
riythond	4
riythoond	3
riytli	8
riytwisnes	2
riytwisnesse	79
riytwisnessis	2
riytwysnesse	2
robbiden	1
robbyng	1
robries	1
rodi	1
roof	7
roofes	1
roopmakeris	1
roos	67
roote	17
rootid	2
rootis	2
ropun	1
roreth	1
rorynge	1
ros	1
rosen	1
rostid	1
rote	2
rotun	1
rowid	1
rowiden	2
rowing	1
rowyng	1
rue	1
runne	2
runnen	6
russchiden	1
rust	1
ruste	2
rustid	1
ryche	1
ryng	1
rype	1
ryse	6
rysen	3
rysing	1
rysun	3
rysyng	2
rysynge	1
ryueling	1
ryytful	1
saaf	84
sabat	40
sabatis	9
sabatys	1
sabot	2
saboth	1
sabotis	8
sachel	3
sachels	1
sackis	1
sacrament	9
sacrifice	16
sacrifices	11
sacrificis	8
sacrified	1
sacrifisid	1
sacrilegeris	1
sacrilegie	1
sad	10
saddere	2
sadnesse	5
safiris	1
sai	24
saie	3
saien	9
sailden	1
saile	1
sailinge	1
saiy	26
sak	1
salm	6
salmes	3
salt	9
saltid	2
salutacioun	5
salutaciouns	3
salutid	1
same	77
sancta	1
sanctorum	1
sandalies	1
sardius	1
sardony	1
sardyn	1
sat	60
saten	25
satisfaccioun	2
satte	1
satten	1
saue	13
saued	3
saueour	1
sauere	4
sauered	1
saueren	2
sauerid	1
sauerist	2
sauery	2
sauerynge	1
sauid	1
saumpler	2
saumpleris	2
sauour	1
sauyd	8
sauyde	1
sauyour	20
sauyoure	2
saw	1
sawen	1
sawid	1
sawy	5
say	78
saye	9
sayen	3
saylen	1
sayn	40
scalis	1
scape	2
scapen	1
scapide	1
scarlet	1
scarseli	2
scatered	2
scaterede	1
scaterid	5
scatering	1
scaterith	2
scateryng	2
schadew	1
schadewe	6
schake	2
schakun	1
schakynge	1
schal	1176
schalt	111
schame	9
schamed	5
schamede	1
schamefastnesse	1
schamen	1
schameth	1
schamyde	1
schape	1
schapide	1
schapun	1
scharp	9
scharpnesse	1
schaue	1
sche	166
sched	12
schedde	11
schedden	1
schede	3
scheding	2
scheep	42
scheeperde	2
scheepherd	2
scheepherde	8
scheepherdis	4
scheephirdis	2
scheet	1
scheete	1
scheld	1
schenschip	1
schenschipe	2
schenschipis	1
scherith	1
schet	1
schethe	1
schetis	3
schew	1
schewe	55
schewen	8
schewid	48
schewide	29
schewing	2
schewinge	2
schewist	1
schewith	3
schewyng	9
schewynge	4
schinede	1
schinynge	1
schip	35
schipherde	1
schipmen	2
schippe	3
schippiden	5
schippis	3
schit	5
schitte	1
schod	1
schoggid	1
schoke	3
schoken	1
schone	2
schoo	1
schood	1
schoon	9
schoone	1
schort	6
schortli	1
schortly	1
schrewid	5
schulde	174
schulden	133
schuldist	7
schuldris	2
schulen	648
schyne	8
schynede	2
schynen	1
schyneth	5
schynyng	1
schynynge	8
schynyngli	1
science	9
sclattis	1
sclaundereris	1
sclaundre	22
sclaundren	1
sclaundreth	1
sclaundrid	15
sclaundris	4
sclaundrith	3
scole	1
scoor	1
scoore	1
scorn	1
scorne	2
scorned	5
scornede	1
scorneden	9
scornyden	2
scornynge	1
scornyngis	1
scorpioun	2
scorpiouns	2
scorpyouns	1
scourge	3
scourgid	4
scourgide	1
scourgis	2
scribe	3
scribis	57
scrippe	6
scripture	31
scriptures	1
scripturis	21
scyence	1
se	158
seche	2
sechen	2
sechinge	1
sechith	1
secound	1
secounde	30
sect	2
secte	2
sectis	3
secunde	5
sedicioun	1
seducioun	1
see	118
seed	47
seede	2
seedis	9
seel	6
seeld	2
seelde	3
seelden	4
seele	1
seelid	1
seelis	5
seem	1
seemeth	1
seen	52
seest	8
seet	2
seete	15
seeth	23
seetis	4
sege	1
sei	1
seid	138
seide	1121
seiden	331
seidist	3
seie	408
seien	112
seieth	1
seil	1
seilden	2
seile	3
seiliden	5
seiling	2
seilinge	2
seinge	1
seist	27
seith	260
seiy	2
seiyen	1
seiyest	1
seiynge	93
seke	27
seken	31
sekenesse	1
seketh	1
sekinge	2
sekist	2
sekith	17
sekyng	1
sekynge	10
seld	7
selde	1
selden	4
self	2
selle	1
sellen	1
sellynge	1
semblaunt	1
seme	3
semeden	3
semen	3
semeth	10
semyde	1
sende	62
sendel	1
senden	1
sending	1
sendinge	1
sendith	4
sendynge	2
seneuei	2
seneuey	2
seneueye	1
sent	56
sente	121
senten	27
sentence	1
sentist	4
senyouris	2
senyours	1
sepulcre	14
sepulcris	5
serchinge	1
serchith	1
sermoun	2
serpent	7
serpentis	7
seruage	10
seruantis	2
seruaunt	84
seruauntis	57
serue	35
seruede	3
serueden	6
seruen	10
serueth	2
seruice	1
seruise	1
seruith	1
seruyce	17
seruyces	1
seruyd	2
seruyde	1
seruyng	1
seruynge	13
seruyse	2
set	28
sete	6
seten	3
setis	1
sett	5
sette	28
setten	5
settide	7
settiden	6
settidist	1
setting	1
settith	1
settyng	1
settynge	1
seuen	2
seuene	86
seuenethe	1
seuenthe	9
seuenti	6
sewe	5
sewith	1
sexe	1
sey	5
seyd	2
seyde	2
seyden	1
seye	15
seyen	3
seyinge	1
seyn	106
seynge	43
seyntis	39
shadewe	1
shakun	1
shal	68
shall	1
shalt	9
she	15
shewe	1
shewid	1
shewide	1
shipbreche	1
shoon	1
shulde	3
shulen	6
sich	4
siche	30
sicomoure	1
side	19
sidir	1
sidis	2
sien	6
signe	12
signefiede	2
signes	24
signifie	1
signifien	1
signifiynge	2
signifynge	1
signyfiede	2
sijk	57
sijke	9
sijknesse	8
sijknesses	1
sijknessis	6
sike	12
sikenesse	2
sikil	7
sikile	1
sikir	3
sikirnesse	1
siknesse	2
siknessis	3
silence	10
silf	354
silk	2
sille	4
silleris	1
sillith	1
sillynge	1
siluer	16
simple	1
simplenesse	1
simylacris	1
sinagogis	1
singne	1
sir	3
sister	4
sisterne	1
sistir	12
sistren	1
sistris	8
sith	3
sithen	14
sithis	7
sitte	31
sitten	5
sittere	4
sittinge	4
sittist	1
sittith	13
sittyng	3
sittynge	28
six	1
sixe	13
sixte	14
sixti	9
siy	21
siye	1
siyen	9
siyt	45
siyte	1
skile	1
skippide	1
skipten	1
skyn	1
skynne	1
skynnes	2
slake	1
slakiden	1
slauytir	1
slawe	1
slayn	36
sle	56
slee	2
sleen	6
sleep	10
sleepe	2
sleere	1
sleeris	3
sleest	3
sleeth	4
slepe	1
slepen	5
slepinge	1
slepist	2
slepith	5
slepte	4
slepten	3
slepyng	1
slepynge	7
slewe	1
sleyng	5
sleynge	2
slidun	2
sliy	1
slouy	2
slow	5
slowe	8
slowen	15
slowli	1
smal	1
smale	15
smaragdus	1
smaragdyn	1
smellinge	1
smellyng	1
smellynge	4
smite	1
smoke	12
smokynge	1
smooke	1
smoot	9
smoten	1
smyte	11
smyten	6
smytere	2
smytist	1
smytith	3
smytun	3
smytynge	1
snakis	1
snare	5
snares	1
snow	2
snowe	2
so	258
sobernesse	1
sobre	12
sobreli	1
sobrenesse	4
sodein	1
sodenli	1
sodeynli	1
softe	4
softli	1
softnesse	2
soken	1
solace	5
solden	2
solempne	2
soler	4
somened	1
somer	3
sondi	1
sone	332
sones	135
song	5
songis	2
songun	1
sonne	3
sonys	2
soon	1
soone	25
soop	1
soopere	1
sop	1
soper	11
soperis	2
sopun	3
sore	2
soreful	1
soreuful	8
sorew	1
sorewe	13
soreweden	2
soreweful	1
sorewen	2
sorewes	1
sorewful	9
sorewide	2
sorewiden	1
sorewinge	1
sorewis	4
sorewith	1
sorewynge	2
sorewyngis	1
sori	14
sorie	2
sort	3
sorte	1
soth	1
sothe	3
sothefast	6
sothefastnesse	1
sotheli	13
sothely	2
sothfast	1
souereyn	2
souereyns	4
souke	1
soukis	1
soukynge	2
soul	1
soule	47
soulis	22
soun	1
soune	1
soupe	2
soupeden	1
souper	2
soupid	2
souping	1
soupyng	2
sour	1
sourdouy	2
sourdow	2
sourdowy	4
soure	1
souredowy	1
sourid	1
south	8
souyt	7
souyte	12
souyten	33
sowde	1
sowdid	1
sowdis	1
sowe	5
sowen	3
sowere	3
sowist	3
sowith	16
sown	2
sowne	1
sownynge	1
sownyngis	1
sowrdowy	1
sowre	1
sowrid	1
sowun	19
sowynge	1
spac	6
space	4
spak	90
spaken	28
spare	6
sparewis	2
sparide	4
sparowis	2
sparynge	1
speche	6
spechis	3
spectacle	3
spedeful	2
spedi	2
spedith	9
speke	101
speken	21
speker	1
spekere	1
spekeris	2
spekinge	6
spekist	3
spekith	33
spekynge	10
spekyngis	1
spendid	2
spensis	1
spere	2
spete	1
speten	2
spetide	1
spette	1
spice	1
spices	1
spicis	1
spikenard	1
spirit	238
spiritis	31
spirits	3
spiritual	23
spoile	1
spoke	4
spoken	2
spokun	18
sposailis	1
spotil	1
spounge	3
spouse	15
spousesse	2
spousid	2
spred	2
spredde	1
spreined	1
sprenge	2
sprenging	1
sprengyng	1
spreynd	1
spreynde	1
spreynt	1
springyng	1
springynge	1
spronge	1
sprongen	3
sprongun	3
sprunge	1
sprungun	1
spryngynge	2
spurneden	1
spuyle	2
spuylid	1
spuylide	1
spynnen	2
square	1
staat	1
stable	4
stabli	3
stablischen	1
stablischid	1
stage	1
stal	1
state	1
stater	1
stature	3
staues	3
stele	5
stelen	3
stelist	1
steppis	4
sterne	2
sterre	13
sterris	17
stickis	1
stide	2
stidefast	2
stidfast	3
stidfastli	3
stidfastnesse	1
stie	4
stied	3
stiede	8
stieden	2
stien	1
stieth	4
stil	1
stille	26
stire	3
stireden	2
stirid	5
stiriden	3
stiring	2
stirith	1
stirrid	1
stirynge	2
stiyede	1
stiynge	6
stobil	1
stockis	3
stoden	27
stole	2
stolen	1
stolis	2
stomac	1
stomblith	1
stonde	34
stonden	13
stondinge	10
stondist	2
stondith	8
stondynge	24
stoned	1
stonen	2
stonest	1
stoniynge	1
stonun	1
stony	6
stonyd	3
stonyden	4
stonying	1
stonys	2
stood	49
stoode	2
stooden	3
stool	8
stoole	2
stoolis	5
stoon	70
stoond	1
stoone	4
stoonen	1
stoones	2
stoonest	1
stoonus	4
stoonys	8
stoppe	1
stoppid	1
stoppiden	2
storm	1
stoupide	1
strangeleden	1
stranglid	4
stranglide	1
strangliden	2
stranglith	1
strangulith	1
straunge	1
straungeris	1
strauyte	1
street	3
streete	2
streetis	2
streit	2
streite	1
streiyt	2
streiyte	3
streiyten	1
strengere	2
strengeste	1
strengthe	9
strengthid	1
strengthis	2
stretche	2
stretchinge	1
stretchith	2
stretis	9
strewid	1
strewiden	4
streynede	1
streyt	1
strijf	16
striue	1
striuyngis	1
strokis	4
strond	1
strong	9
stronge	18
stronger	4
strongere	1
strongli	2
stroof	1
strowiden	1
stryue	4
stryuen	1
stryues	4
stryueth	2
stryuun	1
stryuyng	2
stryuynge	1
stryuyngis	2
studie	1
sturdynessis	1
sturyng	1
stylle	1
stynkith	1
subieccioun	2
substaunce	8
subuerten	1
subuertid	1
subuertiden	1
subuerting	1
successoure	1
such	6
suche	24
sudarie	3
sudaries	1
sudenli	5
sudeyn	1
sudeynli	1
sue	35
sued	4
suede	23
sueden	20
suen	7
suere	1
sueris	2
sueth	6
suffice	2
sufficen	1
sufficience	3
sufficient	2
suffisen	1
suffisith	5
suffrable	1
suffre	58
suffren	19
suffrid	8
suffride	27
suffriden	9
suffring	3
suffringe	2
suffrist	1
suffrith	8
suffrynge	3
suget	38
sugetide	3
sugetis	5
sum	67
summan	4
summe	99
summen	21
sumthing	1
sumtime	1
sumtyme	7
sumwhat	7
sun	1
sungun	4
sunne	30
sunnere	1
supeden	1
superflu	1
superscripcioun	2
support	1
supporte	1
supportinge	1
supposiden	1
suspicioun	1
suspiciouns	1
susteyne	2
susteynen	2
susteyneth	1
suteli	1
sutil	4
suweden	1
suwen	1
suyng	1
suynge	29
swagiden	1
swaliden	2
swede	1
swellyng	1
swerd	30
swerdis	6
swere	6
sweren	1
swering	1
swerith	10
sweryng	2
swete	11
swetnesse	3
sweuenes	1
swift	2
swifte	1
swiftli	3
swithe	3
swolewith	1
swolewynge	1
swoor	6
swore	2
sworn	1
swot	1
swymme	1
swymmed	1
swyn	4
swyne	7
syen	1
syknesse	1
syknessis	2
symfonye	1
symple	5
symplenesse	8
symylitude	1
synagoge	41
synagogis	25
synful	31
synge	1
synginge	1
syngynge	3
synne	111
synned	9
synnede	4
synneden	5
synnen	5
synner	2
synnere	4
synneris	9
synnes	85
synneth	10
synnyng	1
synnynge	1
syttith	1
syttynge	1
taaste	2
tabernacle	20
tabernaclis	4
table	1
tablis	3
tail	1
tailis	4
take	197
taken	20
taketh	1
taking	1
takinge	4
takist	4
takith	30
takun	86
takyn	1
takyng	6
takynge	2
talent	1
talentis	3
talis	1
talkiden	1
tame	2
tarie	4
tariede	2
tarieth	3
taris	8
tariyng	1
taste	7
tastid	6
tauernes	1
tauyt	14
tauyte	34
tauyten	5
teaatre	1
teatre	1
teche	32
techen	2
techere	4
techeris	5
teching	22
techinge	7
techingis	4
techist	9
techith	9
techyng	16
techynge	14
teeld	2
teelde	1
teelden	1
teendith	2
teer	2
teeris	9
teeth	12
teld	12
telde	15
telden	17
telle	25
tellen	6
tellere	1
tellinge	3
tellyng	3
tellynge	3
temperat	2
temperaunce	3
tempest	7
temple	115
templis	1
temporal	2
tempride	1
temptacioun	17
temptaciouns	4
tempte	7
tempten	4
tempter	1
temptere	1
temptid	15
temptide	1
temptiden	4
temptinge	1
temptith	2
temptynge	5
ten	28
tendir	1
tendith	1
tendre	1
tent	10
tente	2
tenthe	3
termes	1
termyneth	1
terre	2
testament	36
testamentis	2
tetis	3
tetrak	1
tetrark	1
tetrarke	2
than	141
thanke	6
thankiden	1
thanking	1
thankingis	9
thankyngis	46
thanne	124
that	5103
the	8746
thee	527
theef	15
theefe	1
thefe	1
theft	1
thefte	1
theftis	3
thei	1873
them	1
then	1
thenke	11
thenken	6
thenkith	4
thenkynge	3
thennus	36
thennys	2
thens	1
ther	89
there	133
thereynne	1
therf	9
therfor	77
therfore	1
therof	12
theron	3
theronne	1
therwith	1
therynne	1
thes	7
these	448
theues	16
thewis	1
they	4
thi	372
thicke	1
thider	1
thidir	4
thidur	8
thies	2
thilk	6
thilke	67
thin	99
thine	8
thing	624
thinges	1
thingis	957
things	1
thingus	2
thirst	1
thirste	6
thirsten	1
thirsteth	1
thirstith	3
this	816
tho	223
thondris	1
thornes	16
thorou	15
thorouy	11
thorow	2
thoruy	6
thou	998
thousandis	1
thousinde	1
thousynd	2
thousynde	50
thousyndes	1
thousyndis	6
thouy	28
thouyt	5
thouyte	8
thouyten	12
thouytis	18
thouyts	1
thre	66
threischinge	1
threischith	1
threischynge	1
thretenede	3
threteneden	1
thretneden	1
thretnyngis	1
thretti	5
threwen	1
thridde	68
thries	12
thristen	3
thristi	1
thristide	2
thristynge	2
thritti	7
throte	1
throw	1
throwe	1
throwun	1
thrungun	1
thruste	1
thundringis	1
thundris	6
thundryng	1
thundur	3
thus	32
thwong	1
tied	4
til	110
tilid	1
tilier	2
tilieris	12
till	1
time	9
times	1
titel	1
tithen	2
tithid	1
tithis	7
titil	2
title	2
to	7521
to-braidide	1
to-brast	1
to-breke	1
to-brisid	1
to-broke	1
to-drawith	1
to-drawun	1
to-drawynge	1
to-rent	2
to-rente	2
to-renten	1
to-tere	1
tobrise	1
tofor	8
tofore	4
togider	20
togidere	154
togidir	44
togidre	19
token	68
tokene	22
tokenes	12
tokenyng	1
tokne	4
tokun	3
tol	2
tolbothe	3
told	5
tolde	4
tolden	6
tonge	1
took	110
tooken	3
tool	1
toolden	1
toon	10
topacius	1
torente	1
tothe	2
tother	17
tothere	1
tothir	12
touche	14
touchen	1
touchid	4
touchide	16
touchiden	3
touchith	2
toumbis	1
toun	8
tour	1
toure	3
towchyde	1
townes	6
tradicioun	7
tradiciouns	6
traitouris	2
transfiguren	1
transfigurid	3
transfigurith	1
transformed	1
translacioun	3
translate	1
translatid	4
translatide	3
transmygracioun	4
traueile	2
traueilen	1
traueilid	1
traueilis	1
traueilist	1
traueilith	1
trauel	13
trauele	4
trauelen	7
trauelid	13
trauelide	1
traueliden	2
trauelinge	3
trauelis	2
trauelith	1
trauels	2
trauelyng	1
trauelynge	3
traytour	1
traytoure	1
tre	34
trecherouse	1
tredde	1
trede	1
treden	1
tredith	1
tree	22
trees	7
tremblen	1
tremblide	2
trembling	5
tremblinge	1
tremblynge	2
treserie	2
tresorer	1
tresorere	1
tresorie	4
tresorist	1
tresour	3
tresoure	13
tresourid	1
tresouris	4
tresourith	1
tresours	1
trespas	5
trespasseris	1
trespasside	1
trespassing	1
trespassis	4
trespassith	1
trespassour	4
trespassyng	2
trespassyngis	1
trete	2
tretiden	1
tretinge	2
tretyde	1
treuli	35
treuth	1
treuthe	106
trewe	56
trewthe	4
tribulacion	1
tribulacioun	36
tribulaciouns	10
tribune	18
tribunes	4
tribut	2
tribute	6
tributis	2
trist	24
triste	7
tristen	3
tristenyng	1
tristenynge	1
tristide	2
tristiden	1
tristili	5
tristily	1
tristinge	2
tristist	1
tristnynge	2
tristyng	1
troblen	1
troblid	4
troblide	1
trobliden	1
troddun	1
trone	36
trones	2
troone	1
troones	1
troublen	1
troublid	4
troublide	1
troubling	2
trowe	1
trowide	1
trowith	1
trowynge	1
trublid	1
trumpe	15
trumpid	1
trumpide	7
trumpis	3
trust	6
truste	1
trusten	1
trustith	1
trybune	1
tunge	25
tungid	1
tungis	9
turment	2
turmente	7
turmenten	1
turmentid	15
turmentide	1
turmentiden	6
turmentinge	1
turmentis	7
turmentouris	1
turmentyng	3
turne	27
turned	15
turnede	41
turneden	20
turnen	5
turneth	3
turnyd	1
turnyde	1
turnyng	2
turnynge	3
turturis	1
tutoris	1
twei	61
tweine	2
twelue	74
tweluethe	1
twenti	13
twey	18
tweyn	12
tweyne	39
twies	6
two	18
twynklyng	1
twynny	1
tyme	177
tymeful	1
tymes	31
tymus	1
tynkynge	1
tyrauntis	1
unchast	1
up	9
upriyt	1
us	4
valey	1
vanysche	2
vanyschide	1
vanyschiden	1
vanyte	3
veil	8
veile	1
venge	2
venger	1
vengere	1
vengest	1
vengide	2
veniaunce	11
veniauncis	3
venym	3
veri	8
verili	16
verily	1
verrili	1
verry	1
vertewous	1
vertu	95
vertue	2
vertues	27
vertuous	1
very	12
vessel	13
vesselis	1
vessels	14
veyn	28
veyne	1
veynli	2
vices	1
victorie	7
vigilie	1
villagis	2
vines	1
viol	7
violence	3
violent	1
violis	2
viols	3
virgyn	5
virgyns	6
virtu	1
visible	2
visioun	14
visiouns	2
visitacioun	3
visite	3
visitid	3
visitide	1
visitiden	2
visitist	1
vitailid	1
vnbileue	18
vnbileueful	12
vnbounde	1
vnbounden	1
vnboundun	10
vnbynde	2
vnbynden	1
vnbyndyng	1
vnbyndynge	1
vnceessynge	1
vnceli	1
vncerteyn	3
vncerteynte	1
vnchargid	1
vnchastite	4
vnchastitees	1
vncircumcidid	1
vncleene	4
vnclene	34
vnclennes	1
vnclennesse	12
vnclennessis	1
vnclothiden	3
vncontynence	1
vncontynent	1
vncorrupcioun	7
vncorrupt	1
vncorruptible	3
vncouenable	1
vndampned	2
vndeedli	1
vndeedlinesse	1
vndeedlynesse	2
vndefoulid	7
vnder	6
vnderfonge	1
vnderstonde	2
vnderstondeth	1
vnderstondith	2
vndir	8
vndirnommen	1
vndirsmaister	1
vndirstoden	1
vndirstonde	3
vndirstonden	1
vndirstonding	3
vndirstondist	1
vndirstondith	1
vndo	5
vndon	5
vndur	63
vndurcrieden	1
vndurdoluun	1
vndurfonge	2
vndurfongun	1
vndurmaistir	1
vndurmyned	1
vndurmynystring	1
vndurputtiden	1
vndurseiliden	1
vndurstoden	7
vndurstonde	21
vndurstonden	9
vndurstonding	2
vndurstondingis	1
vndurstondun	2
vndurstondyng	5
vndurstondynge	3
vndurstood	1
vndurstooden	1
vnethe	1
vnexcusable	1
vnfeithful	19
vnfeithfulnesse	1
vnfruytouse	1
vnhileden	1
vnhonourid	1
vnhooli	2
vniuersite	1
vniust	4
vniuste	1
vniustli	2
vnknowe	2
vnknowen	1
vnknowinge	1
vnknowith	1
vnknowun	7
vnknowynge	3
vnkunnyng	1
vnkunnynge	1
vnkunnyngnesse	2
vnkynde	2
vnlace	1
vnlerud	1
vnlettrid	1
vnleueful	1
vnmanerli	1
vnmesurable	2
vnmeuable	1
vnmouable	5
vnmylde	1
vnneth	1
vnnethe	3
vnnethis	2
vnnoble	2
vnnoblei	3
vnobedience	2
vnobedient	1
vnonest	1
vnpesible	3
vnpite	1
vnpossible	2
vnprofit	1
vnprofitable	6
vnprudent	1
vnquenchable	1
vnredi	1
vnrepentaunt	1
vnrepreuable	1
vnresonable	1
vnripe	1
vnriytwisnes	1
vnriytwisnesse	2
vnsadnesse	1
vnsauery	1
vnseld	1
vnserchable	2
vnspottid	2
vnstable	3
vnstidefastnesse	1
vnstidfast	2
vnstidfastnesse	2
vnsuget	1
vntie	1
vntieden	2
vntien	3
vntieth	1
vntiynge	1
vnto	1
vntrist	1
vntye	1
vnuisible	1
vnuysible	5
vnvysible	1
vnwaisschen	1
vnwasschen	1
vnweddid	2
vnwemmed	3
vnwemmyd	2
vnwijs	1
vnwisdom	6
vnwise	15
vnwitti	1
vnwityng	1
vnworschipist	1
vnworthi	2
vnworthier	1
vnworthili	2
vnyte	2
voice	7
voices	6
voicis	8
void	1
voide	9
voidid	3
vois	119
volatilis	2
volatils	1
vow	2
vowid	2
voyce	1
voys	2
vp	198
vpbreididen	1
vpbreidith	1
vpon	11
vpsedoun	3
vpsodoun	5
vpward	2
vs	438
vse	7
vsen	6
vside	2
vsiden	2
vsis	1
vss	5
vsuris	2
vtmer	3
vtmest	1
vtmeste	1
vtter	1
vyne	7
vynegre	6
vyneyerd	11
vynyerd	15
waggid	1
wagis	2
waische	8
waischen	1
waischide	2
waischiden	2
waisching	1
waischingis	1
waischist	1
waischun	11
waischyng	1
waisschen	3
waisschide	1
waisschun	1
waissynge	1
wake	19
waken	2
wakinge	1
wakith	1
wakyng	1
wakynge	7
wakyngis	2
wal	9
walewid	1
walewide	3
walke	23
walkeden	1
walken	6
walkid	3
walkide	13
walkiden	4
walking	1
walkinge	5
walkist	3
walkith	2
walkynge	5
walle	1
wallis	2
walwyng	1
wan	3
wandre	8
wandren	3
wandride	3
wandriden	2
wandridist	1
wandringe	2
wandrith	4
wandrynge	3
war	10
warde	4
warie	1
warli	2
warmede	1
warmyde	1
warmyden	1
warmynge	2
warne	1
warned	2
warnede	1
was	1401
waschen	1
waschide	1
waschun	1
wassche	1
wasschide	2
wasschyngis	2
waste	2
wastid	4
wastide	1
wastith	1
watchis	1
water	9
watir	70
watre	1
watris	16
wawe	1
wawed	1
wawes	1
wawis	5
wax	1
waxe	1
waxede	1
waxen	1
waxide	1
waxith	2
we	925
wedde	3
wedded	1
wedden	2
weddid	18
weddide	1
weddiden	1
weddingis	1
weddith	6
weddyng	1
weddynge	1
weddyngis	12
wei	7
weie	81
weies	19
weilde	1
weile	2
weilid	1
weiliden	1
weiling	1
weilyng	3
weilynge	2
weiward	5
weiwardnesse	2
wel	113
welcome	1
welde	11
weldide	1
weldith	3
weldynge	1
welefuli	1
welefuly	1
welewide	1
welewith	1
welle	6
wellis	5
wem	4
wemme	1
wene	2
wenen	2
weneth	1
wengis	3
wente	222
wenten	106
wentist	1
wepe	12
wepen	4
weping	5
wepinge	2
wepist	2
wept	1
wepte	6
wepten	2
wepyng	6
wepynge	8
were	78
weren	598
weri	2
werk	65
werke	4
werkes	1
werkis	113
werkman	2
werkmen	1
werkys	1
wers	1
werst	1
werun	1
wery	1
werynesse	2
west	3
weste	1
wet	1
wex	1
wexe	15
wexede	1
wexen	3
wexide	4
wexith	6
wexynge	1
wey	1
weye	5
weyte	1
weyward	1
weywardnesse	1
whal	1
whan	1
whane	1
whanne	895
whannes	1
whannys	1
what	374
wheel	1
wheete	1
whelpis	2
when	1
whennus	19
whennys	1
where	118
whereof	3
whereto	1
whereynne	1
wherfor	4
wherof	7
wherto	5
whete	13
whether	80
whethir	16
whi	51
which	466
whiche	252
whider	1
whidir	7
whidur	14
whiit	1
whijt	7
whil	1
while	84
whilis	2
whirlewynd	1
whirlinge	1
whit	3
white	20
whitid	2
who	122
whom	239
whos	55
whose	1
whych	3
whyche	1
wickid	27
wickidli	2
wickidnesse	42
wickidnessis	3
wickyd	1
wickydnesse	1
widewe	11
widewis	13
widowe	3
widowis	2
wielde	2
wijf	89
wijn	2
wijne	1
wijs	2
wijse	1
wilde	1
wildernessis	1
wildirnesse	3
wilful	2
wilfuli	3
wilfulli	4
wille	95
willis	2
willith	1
willynge	13
wilne	3
wilt	2
winde	1
wipe	3
wipen	1
wipide	2
wipte	2
wisdam	1
wisdom	55
wise	33
wiseli	5
wiser	1
wiss	1
wist	2
wiste	25
wisten	7
wistist	2
wit	17
witche	4
witchecraftis	3
witchis	2
wite	47
witen	97
with	1198
withdrawe	1
withdrawing	1
withdrawith	1
withdrowe	1
withdrowy	1
withholde	1
withholden	2
withholdith	1
withholdun	1
within	1
without	24
withoute	3
withouteforth	2
withouten	20
withoutenforth	1
withoutforth	3
withstoden	1
withstonde	2
withstondith	3
withstoode	1
withynne	1
withynneforth	1
witinge	13
witnesse	24
witnessen	5
witnessid	4
witnesside	8
witnessiden	1
witnessing	40
witnessinge	4
witnessis	25
witnessith	5
witnessying	1
witnessyng	83
witnessyngis	3
witt	2
wittis	5
witynge	24
wiyn	4
wiys	1
wlappid	4
wlappide	3
wlappith	1
wlatist	1
wo	23
wode	2
woes	1
woke	6
wold	1
wolde	56
wolden	21
woldist	6
wole	88
wolen	46
wolf	2
wolle	2
wolt	22
wolues	4
woman	1
wombe	29
wombis	1
womman	106
wommanus	1
wondirful	2
wondre	4
wondren	4
wondride	16
wondriden	38
wondringe	1
wondris	15
wondrist	1
wondryng	2
wondrynge	2
wondrys	1
wondur	3
wondurful	4
wonne	2
wonnen	1
wonnun	2
wont	3
woo	1
wood	1
woode	3
woodnesse	3
woost	4
woot	60
worche	16
worchen	9
worcher	1
worchere	1
worcheris	2
worcheth	1
worchiden	2
worching	9
worchinge	1
worchingis	1
worchist	2
worchith	30
worchyng	4
worchynge	2
word	287
wordis	108
words	2
work	2
world	234
worldis	66
worldli	5
worm	1
worme	2
wormes	1
wormod	1
wors	1
worschip	5
worschipe	30
worschipeden	2
worschipen	9
worschipere	1
worschiperis	3
worschipers	1
worschipful	1
worschipid	5
worschipide	9
worschipiden	19
worschiping	3
worschipinge	2
worschipis	1
worschipith	2
worschypere	1
worschypynge	1
worse	12
worste	3
worth	4
worthe	1
worthi	60
worthier	2
worthiest	1
worthieste	2
worthili	6
worthinesse	1
wortis	2
wost	7
wote	1
wouke	2
would	1
wounde	5
woundid	1
woundiden	3
woundis	8
wouun	1
woxen	4
woxun	1
wrath	1
wrathful	1
wraththe	51
wraththid	1
wraththiden	1
wraththing	2
wraththis	1
wretche	1
wretcheful	1
wretchidnessis	1
wretchis	2
write	49
writen	3
writhen	2
writhun	1
writing	1
writinge	1
writun	120
writyng	2
writynge	1
wrong	6
wronge	4
wrongfuli	1
wrongis	3
wroot	29
wrooth	8
wroten	2
wroth	3
wrouyt	5
wrouyte	8
wrouyten	4
wryte	1
wrytun	3
wyckid	2
wymman	1
wymmen	47
wymmenus	1
wyn	24
wynd	7
wynde	15
wyndis	11
wyndow	1
wyndowe	1
wyndys	1
wyne	7
wynewing	1
wynewyng	1
wyngis	1
wynne	10
wynning	1
wynnyng	12
wynnyngis	1
wynter	4
wyntir	4
wyntrid	1
wytnessyng	2
wytynge	1
wyues	9
yaf	136
yate	22
yatis	20
yauen	25
yauest	3
ydel	1
ydiot	1
ydol	1
ydolatrie	1
ydols	3
ye	2164
yede	50
yeden	39
yee	2
yeelde	1
yeer	38
yeeris	27
yelde	36
yeldide	5
yeldiden	3
yelding	2
yeldinge	3
yeldith	3
yeldyng	2
yeldynge	1
yellinge	1
yerd	5
yerde	12
yerdis	2
yere	2
yeris	5
yeue	1
yf	4
yhe	23
yif	2
yift	1
yifte	23
yiftis	16
yistirdai	3
yit	93
yitchinge	1
yiue	3
yiueth	1
yle	1
ymage	22
ymnes	1
ympne	2
ympnes	1
yn	3
ynforth	1
ynne	50
ynneforth	2
ynner	1
ynnere	4
ynow	1
ynowy	4
yockis	1
yok	8
yolde	1
yoldun	2
yong	8
yonge	21
yonger	2
yongere	4
yonglyng	1
yongthe	5
you	1314
youe	1
your	8
youre	386
youthe	2
youun	137
youune	1
yow	1
ypocrisie	1
ypocrisy	1
ypocritis	7
yren	2
yrun	3
ys	3
ysope	1
yuel	99
yuele	38
yuelis	3
yuels	2
yuer	1
yyue	170
yyuen	13
yyuere	1
yyueris	1
yyueth	21
yyuyng	5
yyuynge	10
