!	490
'Dan'uwa	1
'Ya'ya	2
'Ya'yan	1
'Ya'yanku	1
'Yan	2
'Yan'uwa	7
'Yan'uwan	3
'Yan'uwana	1
'Yan'uwansa	3
'Yata	2
'dan'uwa	1
'dan'uwana	2
'ya	7
'ya'ya	51
'ya'yan	52
'ya'yana	16
'ya'yanka	1
'ya'yanki	1
'ya'yanku	10
'ya'yanmu	1
'ya'yansa	16
'ya'yansu	6
'ya'yanta	6
'yan	98
'yan'uwa	150
'yan'uwan	8
'yan'uwana	33
'yan'uwanka	11
'yan'uwanku	9
'yan'uwanmu	3
'yan'uwansa	24
'yan'uwansu	5
'yan'uwanta	1
'yanci	8
'yancin	8
'yancina	1
'yancinmu	1
'yangaranci	1
'yanta	10
'yantacce	1
'yantar	1
'yantawar	1
'yantu	3
'yantuwar	1
'yar	24
'yar'uwa	3
'yar'uwar	2
'yar'uwarki	2
'yar'uwarmu	2
'yar'uwarsa	1
'yar'uwarta	4
'yar'uwata	3
'yarka	2
'yarki	1
'yarsa	1
'yarta	5
'yata	3
'yayansa	1
(	51
)	51
,	20884
-	4
.	8196
144,000	2
144,400	2
:	1
;	3
?	1033
A	322
A'a	45
Aa	1
Abadan	1
Abafaras	3
Abafaroditas	2
Abaija	1
Abainitas	1
Abalis	1
Abba	3
Abihudu	2
Abikuriyawa	1
Abiliya	1
Abin	38
Abinci	2
Abincina	1
Abiya	2
Abiyata	1
Abiyus	1
Abokan	2
Aboki	1
Abokin	1
Abokina	2
Aboloniya	1
Abu	5
Abubuwan	1
Adadin	2
Adalcin	3
Adamu	8
Adamun	1
Adaramitiya	1
Adariya	1
Addi	2
Addini	1
Addu'ar	2
Addu'arka	1
Addu'armu	1
Addu'ata	1
Af	1
Afiniki	1
Afisa	17
Afisawa	3
Afodiya	1
Afoliyon	1
Afolos	10
Aftikos	1
Agabas	2
Agaribas	11
Aha	1
Ahaf	1
Ahaz	2
Ai	211
Aiki	1
Aikin	3
Ainon	1
Aka	23
Akaikas	1
Akaldama	1
Akan	3
Akaya	10
Akila	6
Akimu	2
Akwai	31
Al'umma	3
Al'ummai	3
Al'umman	1
Al'ummar	2
Albarka	43
Albarkacin	2
Albarkar	1
Albishirinka	1
Alfa	3
Alfarwar	2
Alhakin	1
Alhakinku	1
Alhali	5
Alharin	1
Alheri	22
Alherin	13
Alherina	1
Alimas	1
Alisabatu	10
Aliyudu	2
Aljanin	1
Aljannu	1
Aljannun	1
Alkawari	3
Alkawarin	3
Alkwarin	1
Allah	1458
Allahn	22
Allahna	16
Allahnka	8
Allahnku	2
Allahnmu	26
Allahnsa	1
Allahnsu	8
Allahntaka	1
Almadama	2
Almajiran	7
Almajiranka	1
Almajiransa	7
Almajiri	2
Almajirin	1
Almasihu	551
Almasihun	4
Almasihunsa	4
Alƙalai	1
Amaryarsa	1
Amfanin	1
Amfibolis	1
Amfiliyas	1
Amin	38
Aminanmu	1
Amininmu	1
Amintacce	1
Amintaccen	2
Amintacciyar	1
Amma	621
Amminadab	4
Amon	2
Amos	2
An	73
Ana	20
Anan	7
Andaranikas	1
Andarawas	13
Aniyta	1
Annabawa	3
Annabawan	2
Annabci	2
Annabi	24
Antakiya	19
Antibas	1
Antibatiris	1
Anuhu	4
Anya	3
Aram	4
Arasa	3
Arastas	2
Aratas	1
Aretis	1
Arfakshad	2
Arimatiya	4
Aristarkus	5
Aristobulus	1
Arkibus	2
Arkilayus	1
Armageddon	1
Artimas	6
Arzikinku	1
Asa	2
Asabar	60
Asbaniya	2
Ashe	128
Ashiru	2
Asinkiritas	1
Asirin	1
Asirtacciyar	1
Asiya	19
Asiyau	1
Askandari	1
Asus	2
Ataliya	1
Atina	5
Atinawa	1
Attajiran	3
Attaura	92
Attaurar	1
Attaurarku	1
Aubulus	1
Aufiya	1
Augustas	4
Ayuba	1
Ayyukan	1
Ayyukanka	1
Ayyukansu	1
Azaliya	2
Azariya	2
Azotus	1
Azuro	2
Ba	245
Ba'afise	1
Ba'al	1
Ba'al'umme	3
Ba'alzabul	7
Ba'ibrane	1
Ba'isra'ile	2
Baba	6
Babba	2
Babban	13
Babbar	1
Babila	12
Babiliyas	2
Babiriye	1
Babu	6
Badarbe	1
Bafarisiye	9
Bafarisiyen	5
Baftisma	1
Bafusa	2
Bagadaza	2
Bagalile	6
Bahar	2
Bahelene	3
Baheleniya	1
Bai	10
Baitalami	8
Baitulmalin	1
Baiwar	1
Bakan'ane	2
Bakan'aniya	1
Bakurane	4
Bakwai	3
Bal'amu	3
Bala'i	1
Bala'in	2
Balak	1
Balawe	1
Balawiye	1
Balle	1
Bamasaren	3
Bamfiliya	5
Ban	23
Banazare	19
Banazaren	1
Banda	12
Bangaskiya	1
Bangaskiyarka	1
Bangaskiyarki	1
Bangaskiyarmu	1
Bangaskiyarsa	1
Bar-yashu'a	1
Barabbas	12
Barak	1
Baranka	2
Baransa	2
Baranyar	1
Bari	10
Bariyata	3
Barminas	1
Barnaba	30
Barniki	3
Barome	4
Barsaba	2
Barsisa	1
Bartalamawas	4
Bartimawas	1
Basamaniya	1
Basamariya	2
Basamariyar	1
Basamariye	3
Basurofinikiya	1
Batamusa	1
Batara	1
Batun	1
Baturobas	1
Bawa	1
Bawan	3
Bayahude	20
Bayahudiya	2
Bayan	110
Bayansu	1
Bayarwa	1
Bayi	1
Bayin	1
Bayinsa	1
Baƙaƙen	1
Baƙin	2
Baɗi	1
Begen	1
Berikiya	1
Betafaji	3
Betanya	12
Betasda	1
Betsaida	7
Beyor	1
Bi	7
Bikin	1
Bilastasa	1
Bilatus	57
Bilikisu	1
Biliyaminu	4
Bilkisu	5
Bin	1
Bincika	1
Birgamas	2
Biriya	1
Birnin	3
Bisa	3
Bishara	1
Bisidiya	2
Bitiniya	2
Bitrus	197
Biya	1
Biyar	1
Bo'aza	4
Borkiyas	1
Budis	1
Buga	2
Buhu	1
Bukatata	1
Bukatu	1
Bukkoki	1
Bulus	190
Buntus	3
Burina	1
Burokoras	1
Burus	1
Butiyoli	1
Buwanarjis	1
Buɗu	1
Bābān	1
Băƙi	1
Can	1
Ceto	7
Ceton	4
Cetona	1
Cetonmu	14
Cewa	1
Cikar	1
Cikinsu	1
Ciyawar	1
Cuɗaɗɗiyar	1
Da	644
Dabbar	3
Daga	86
Dahir	1
Daidai	5
Daina	1
Dalilin	1
Dalmanuta	1
Dalmatiya	1
Damarisa	1
Daniyel	1
Darba	3
Dare	4
Dariyarku	1
Dattawa	1
Dattawan	2
Dattawanku	1
Dawainiyar	1
Dawuda	60
Daɓe	1
Daɗaɗɗen	1
Dikafolis	3
Dimas	3
Dimashƙu	16
Dimitiriyas	3
Diyonisiyas	1
Diyotarifis	1
Dogaran	1
Dogarin	1
Dokas	2
Dole	1
Domin	223
Don	263
Duba	2
Dube	1
Dubi	5
Duhun	1
Duk	251
Duka	10
Dukan	15
Dukanku	2
Dukanmu	2
Dukansu	6
Dukkan	6
Dukkanku	1
Dukkanmu	1
Dukkansu	1
Duniya	1
Duniyar	1
Durusila	1
Dutsen	25
Dā	19
Eber	2
Edom	1
Elamawa	1
Ele'azara	2
Elisha	1
Eliyakim	4
Eliyezar	1
Eliyezer	1
Eloi	4
Enosh	2
Er	2
Fahariyarmu	1
Fahimtar	1
Famarku	1
Fantas	3
Fanuyila	1
Farat	1
Farisiyawa	84
Farisiyawan	1
Fariyarmu	1
Farka	1
Farko	4
Farkon	1
Fartiyawa	1
Fartunatas	1
Fatalwa	1
Faufau	1
Faɗa	1
Faɗi	1
Faɗuwar	1
Feleg	2
Fentikos	3
Feresa	4
Festas	14
Fibi	1
Fijalas	1
Filadalfiya	2
Filibi	6
Filibiyawa	1
Filibus	35
Filiguna	1
Filikus	9
Filiman	1
Filitas	1
Filulugusa	1
Finikiya	4
Fir'auna	5
Firdausi	2
Firdausin	1
Firijiya	3
Firist	8
Fita	2
Fitila	1
Fitilar	1
Fito	1
Fiye	2
Fuskarsa	1
Fāri	1
Fāriyarku	1
Ga	154
Gabbata	1
Gad	1
Gaisuwa	4
Galatiya	6
Galatiyawa	1
Galilawa	4
Galilawan	1
Galili	62
Galiyo	3
Gama	60
Gamaliyal	2
Game	2
Gamzaki	1
Ganin	5
Gara	3
Garasinawa	4
Gari	1
Garken	2
Garun	2
Garwa	1
Gaskiya	7
Gaskiyarki	1
Gatsemani	1
Gaya	6
Gayus	5
Gaza	1
Gaɓoɓinmu	1
Getsamani	1
Gidan	12
Gidansa	1
Gidiyon	1
Girbin	2
Girma	11
Gishiri	2
Godiya	6
Gog	1
Golgota	3
Gonar	2
Guminmu	1
Gurasa	6
Gurasan	2
Gurasar	5
Gursunar	1
Gwadawar	1
Gwamrata	4
Gwauruwa	1
Gădon	1
Haba	3
Habasha	2
Habila	4
Hadaya	1
Hades	10
Hadiri	1
Haikali	65
Haikalin	56
Haikalinka	1
Haikalinsa	4
Hajaratu	2
Haka	101
Hakanan	1
Hakika	84
Hakkinsa	1
Halal	2
Halfa	5
Halleluya	4
Hamasa	1
Hamisa	2
Hamor	1
Hanana	4
Hananiya	11
Hankalinki	1
Hankalinsa	1
Hannatu	1
Hanyoyinka	1
Har	98
Haran	2
Harmajanas	1
Harsashin	1
Harshe	1
Haruna	5
Haske	5
Hasken	3
Hatimin	2
Hawo	1
Hawwa'u	2
Hayaƙin	1
Hayaƙinta	1
Helenanci	5
Helenawa	5
Heli	2
Hellas	1
Hesruna	4
Hezekiya	2
Himinayas	2
Hirafolis	1
Hirudiya	6
Hirudiyan	1
Hirudus	48
Horon	1
Hosanna	6
Hukunce-hukuncensa	1
Hukuncin	2
Hukuncina	1
Hukuncinka	1
I	19
Ibilis	4
Iblis	30
Ibraham	1
Ibrahim	83
Ibraniyawa	3
Idan	7
Idanunsa	1
Idin	22
Ido	2
Idonsu	2
Iffata	1
Ifraimu	1
Igiyar	1
Ikilisiya	29
Ikilisiyar	11
Ikilisiyoyi	2
Ikilisiyoyin	1
Ikkilisiya	1
Ikkilisiyar	1
Iko	4
Ikon	3
Ikoniya	6
Ilimi	1
Ilirikun	1
Iliya	29
Immanuwel	2
Imuwasu	1
In	296
Ina	132
Inda	9
Iniyasu	2
Irin	10
Irmiya	3
Ishaku	21
Ishaya	23
Ishayan	1
Iska	1
Iskandari	5
Iskandariya	3
Iskandariyawa	1
Iskariyoti	11
Isr'ailawa	1
Isra'ila	55
Isra'ilar	1
Isra'ilawa	21
Issaka	1
Istakis	1
Istifanas	13
Isuwa	2
Ita	10
Italiya	5
Ituriya	1
Iya	2
Iyakar	1
Iyayensa	1
Iyayenta	1
Jama'a	5
Jama'armu	1
Janisarata	3
Jarabar	1
Jawabi	1
Jawabina	1
Je	8
Ji	2
Jibin	4
Jibra'ilu	2
Jiki	4
Jim	2
Jinƙai	1
Jinƙansa	1
Jiya	1
Joshuwa	2
Jurewarku	1
Ka	126
Ka'idar	1
Kabarin	1
Kabilai	1
Kaciya	1
Kaciyar	2
Kada	169
Kafadokiya	2
Kafarnaham	1
Kafarnahum	14
Kafarnahun	1
Kafin	8
Kai	84
Kaisar	29
Kaisariya	17
Kaito	4
Kaiton	6
Kaitona	3
Kaitonka	2
Kaitonki	4
Kaitonku	17
Kaitonsu	1
Kakan	1
Kakannin	4
Kakanninmu	1
Kalaudiya	1
Kalaudiyas	3
Kaldiyawa	1
Kallon	2
Kalma	2
Kalman	4
Kalmar	1
Kalmomin	1
Kamannin	1
Kamanninsa	1
Kamar	53
Kan	2
Kan'ana	2
Kana	13
Kandakatu	1
Kanka	1
Kankiriya	2
Kansa	2
Karaska	1
Karbus	1
Kare	1
Karita	5
Karitawa	3
Karniliyas	8
Karɓi	2
Kashegari	23
Kasuwar	1
Kauda	1
Kaunarku	1
Kawartas	1
Kawo	2
Kawu	1
Kayafa	9
Kayan	1
Kayinu	3
Ke	11
Kefas	9
Kenan	4
Kewaye	3
Ki	7
Kidron	1
Kila	3
Kilemas	1
Kilikiya	8
Kiliyobas	1
Kilofas	1
Kin	3
Kinidas	1
Kirawo	1
Kiriniyas	1
Kirisbus	2
Kirista	3
Kish	1
Kishin	1
Kiyos	1
Ko	111
Kogin	15
Kolosi	1
Koma	1
Kome	10
Kora	1
Koranti	6
Korantiyawa	2
Korasinu	2
Korban	1
Kos	1
Kosama	2
Kowa	64
Kowace	9
Kowane	12
Kowannenku	1
Kowannenmu	1
Koyanzu	2
Koyarwata	1
Koyaushe	2
Kristi	1
Ku	422
Kubrus	8
Kudu	2
Kukan	10
Kullum	9
Kuluwi	1
Kuma	2
Kun	58
Kuna	14
Kunne	1
Kurane	2
Kuraniyawa	1
Kurciyoyi	1
Kursiyinka	1
Kusan	1
Kuza	1
Kuɗi	1
Kwa	2
Kwanaki	1
Kwanansa	1
Kwando	1
Kwatancin	2
Kyakkyawan	2
Kyauron	3
Kyauta	1
Kā	10
Kă	4
La'anannun	1
Labari	1
Labarin	1
Labarinsa	2
Labudda	2
Labulen	1
Ladarku	1
Lahira	2
Lallausan	1
Lalle	68
Lamek	2
Lamirina	1
Larabawa	3
Lasafta	1
Lasiya	1
Lawi	14
Lawiyawa	1
Lawudikiya	6
Lawudikiyawa	1
Li'azaru	18
Libartinawa	1
Libiya	1
Lidda	3
Lidiya	2
Likita	1
Likiya	1
Likoniya	1
Likoniyanci	1
Linas	1
Lisaniyas	1
Lisiyas	3
Listira	7
Littafi	1
Littafin	13
Littattafai	21
Lokaci	8
Lokacin	5
Lokacina	2
Loyis	1
Luka	3
Lukiyas	2
Lutu	4
Ma	4
Ma'aikaci	2
Ma'anar	1
Ma'ata	2
Mabiyinsa	1
Macancanci	3
Mace	6
Macen	2
Macijin	2
Maciya	2
Macizan	1
Madalla	3
Madawwami	1
Madawwamin	1
Madayana	1
Madayanawa	1
Mafaka	1
Mafi	15
Magabcin	1
Magabcinku	1
Magabciyar	1
Magadaliya	12
Magadan	1
Magana	1
Maganar	102
Maganarka	2
Maganarsa	3
Maganarsu	2
Maganata	1
Magog	1
Mahaifi	1
Mahaifin	1
Mahaifinsa	1
Mahaifiyar	1
Mahaifiyarsa	4
Mahalel	2
Mahalicci	2
Mahaliccin	1
Mahaliccinsa	1
Mahayinsa	1
Mahaɗantan	1
Mahukunta	1
Mahukuntan	1
Mai	194
Maibaftisma	15
Maigida	10
Mainana	2
Makafi	3
Makafin	1
Makaho	1
Makahon	2
Makaɗaici	3
Makaɗaicin	2
Makidoniya	27
Makiyaya	1
Makiyayan	1
Makiyayi	3
Makiyayin	1
Mala'ika	9
Mala'ikan	5
Mala'iku	2
Malam	42
Malaman	2
Malamin	2
Malaminku	3
Malaya	2
Malita	1
Maliya	2
Malki	4
Malkisadik	8
Malkus	1
Mamacin	1
Mamallaki	3
Mamallakin	1
Managarci	3
Manason	1
Manassa	3
Manayan	1
Manoman	2
Manyan	4
Manzanni	1
Manzannin	1
Manzo	1
Maraice	1
Marar	8
Markus	8
Marta	13
Maryamu	51
Maryamun	3
Masar	25
Masarawa	2
Mashaidi	2
Masu	29
Masujadar	1
Mata	1
Mataimakan	1
Matan	1
Matana	2
Matar	7
Matat	4
Matata	2
Matatiya	4
Matattarar	1
Matiyas	2
Matiyu	5
Matsa	1
Matsakanci	1
Matsayinsa	1
Mawadata	1
Mayunwata	1
Maza	5
Mazaunan	3
Maƙiyi	1
Maƙogwaronsu	1
Maƙwabta	1
Maɗaukaki	26
Me	56
Mece	1
Mene	2
Metusela	2
Mhm	1
Miji	1
Mika'ilu	3
Militas	3
Mira	1
Misali	10
Misiya	2
Mitilini	1
Miƙaƙƙiya	1
Miƙo	4
Molek	1
Mu	45
Muddin	2
Mudun	4
Mugayen	1
Mugun	13
Muhawwarar	2
Muhimmin	1
Muka	1
Mukan	1
Mulki	4
Mulkin	112
Mulkina	1
Mulkinka	2
Mulkinsa	4
Mummunan	1
Mun	36
Muna	17
Munafukai	2
Muradina	1
Muryar	4
Muryarsu	1
Musa	79
Musamman	1
Musan	3
Musu	2
Musun	14
Mutane	12
Mutanen	13
Mutum	93
Mutumin	19
Mutuwa	3
Mutuwar	1
Na	179
Na'am	1
Na'aman	1
Naftali	3
Nagarin	1
Nahor	2
Nahum	2
Najaya	2
Namiji	1
Nan	66
Narkisas	1
Nashon	4
Nassi	25
Nassin	7
Nata'ala	6
Natan	2
Natsu	1
Nawa	2
Nayin	1
Nazarat	10
Nazarawa	1
Ne	2
Nesa	1
Ni	123
Nikafolis	1
Nikanar	1
Nikodimu	5
Nikolas	1
Nikolatawa	2
Nimfa	1
Nineba	3
Niri	2
Niriyas	1
Niyabolis	1
Niyyar	1
Niyyarmu	2
Niyyarsu	1
Nono	1
Nufin	1
Nufinsa	1
Nuhu	9
Nuna	1
Obida	4
Omega	3
Onisifaras	2
Ra'ubainu	1
Rabbi	2
Rabboni	1
Rabu	2
Rafin	1
Rago	8
Ragon	26
Ragonmu	1
Rahab	3
Rahila	1
Rai	12
Raina	2
Rama	1
Ramfan	1
Ramuwa	2
Ran	5
Ranar	10
Ranka	3
Ransa	1
Rayayye	15
Rayayyiyar	1
Rayuwar	1
Refaya	2
Rehobowam	2
Reyu	2
Rifkatu	1
Rigiyum	1
Rijiyar	1
Roda	1
Rodusa	1
Roma	10
Romanci	1
Romawa	7
Rubuta	4
Rubutun	1
Rufas	2
Rufe	1
Ruhohin	4
Ruhu	202
Ruhun	40
Ruhuna	3
Ruhunsa	6
Ruhunta	1
Runduna	2
Rundunonin	1
Rut	1
Ruwan	8
Sa	3
Sa'ad	66
Sa'an	113
Saboda	223
Sabon	6
Sabuwar	2
Sadukiyawa	14
Saduma	9
Saduƙu	2
Safiratu	1
Sai	1187
Saikar	1
Sakamakonsu	1
Sakayyar	1
Sakundas	1
Salama	12
Salamar	2
Salamata	1
Salamis	1
Salima	1
Sallame	1
Salmon	4
Salmoni	1
Salome	2
Salukiya	1
Sama	192
Sama'ila	3
Saman	2
Samari	4
Samariya	8
Samariyawa	8
Samas	1
Saminu	40
Sammai	1
Samson	1
Samutaraki	1
Sanadin	1
Sanadodin	1
Sandar	1
Sanin	15
Sarakunan	5
Sararin	3
Saratu	4
Sarauniyar	2
Sardisu	3
Sarjiyas	1
Sarki	4
Sarkin	33
Sarkinki	1
Sarkinsu	1
Sarona	1
Sastanisu	2
Sau	8
Sauka	1
Saul	1
Saura	2
Sauran	7
Saurana	1
Saurayin	1
Sayenku	1
Serug	2
Sha	1
Shaidan	1
Shaidar	3
Shaidu	1
Shaiɗan	36
Shan	1
Shanyayyu	1
Shari'a	115
Shari'ar	27
Shari'arku	1
Shari'armu	1
Shari'arsu	2
Sharia	1
Shawulu	25
Shayaltiyel	1
Shayeltiyel	1
Shekara	2
Shekem	2
Shela	2
Shem	2
Sheyaltiyel	2
Shi	133
Shimeya	2
Shin	15
Shirayin	3
Shirya	1
Shitu	2
Shugaba	16
Shugabanni	2
Siba	1
Sidon	12
Sihiyona	7
Sila	18
Siluwam	3
Simirna	2
Sina'i	3
Sinai	1
Sintiki	1
Sirakusa	1
Sirtis	1
Sitokiyawa	1
Soja	1
Sona	2
Sonsu	2
Sosai	1
Su	75
Subataras	1
Suka	114
Sukan	2
Sulemanu	12
Sulusin	2
Sun	31
Suna	51
Sunan	2
Sunana	1
Sunansa	2
Surar	3
Suriya	9
Surukar	2
Susibataras	1
Suzanatu	1
Sā	2
Sāke	3
Sāɓo	1
T	1
Ta	115
Tabbatacce	1
Tabita	2
Tabɗi	1
Tafi	2
Tagwai	3
Tagwaye	1
Taho	1
Taimako	4
Taimakon	1
Talamayas	1
Talita	1
Tamar	1
Tana	7
Tarafina	1
Tarafusa	1
Tarakunitas	1
Tarko	1
Taro	8
Tarofimas	3
Taron	7
Tarsus	5
Tartiyas	1
Tartulus	2
Taruwasa	6
Tasa	1
Tasalonika	7
Tasalonikawa	2
Tashi	20
Taso	2
Taurari	2
Taya	12
Tayatira	4
Tekun	8
Tera	1
Tibariya	3
Tibariyas	1
Tikikus	5
Timan	1
Timawas	1
Timoti	26
Tiranas	1
Titus	15
Tiyofalas	2
To	384
Toma	11
Tsarki	110
Tsarkin	6
Tsarkinka	2
Tsatson	2
Tsaya	1
Tsohon	1
Tsohuwarka	1
Tsoro	1
Tsufana	4
Tudas	1
Tudun	3
Tufafinku	1
Tuhumi	1
Tuli	2
Tumaki	1
Tumakin	1
Tun	48
Tura	1
Tushen	1
Tuɓe	1
Uba	120
Uban	40
Ubana	48
Ubangidana	3
Ubangidansa	2
Ubangiji	549
Ubangijin	18
Ubangijina	8
Ubangijinku	2
Ubangijinmu	77
Ubangijinsu	5
Ubanka	5
Ubanku	25
Ubanmu	13
Ubansa	9
Ubansu	1
Uku	1
Ulumfas	1
Umarnan	1
Umarnin	2
Umarninsa	1
Ungo	3
Unisimas	2
Urbanas	1
Urdun	15
Uriya	1
Urushalima	144
Uwar	1
Uwargida	4
Wa	45
Wace	14
Wadda	1
Wahayi	1
Wahayin	1
Wajen	7
Wajibi	2
Wan	1
Wanda	110
Wane	40
Wani	36
Wannan	124
Wanne	6
Wasiƙunsa	1
Wassalam	2
Wata	19
Watakila	3
Wato	77
Wayyo	1
Waƙar	2
Waɗancan	3
Waɗanda	37
Waɗannan	20
Waɗanne	3
Waɗansu	47
Waɗansunku	1
Waɗansunsu	2
Wuf	1
Wuri	12
Wurin	4
Wuta	13
Wutsiyarsa	1
Wāne	1
Ya	500
Yaba	1
Yabo	4
Yadda	30
Yafa	10
Yahaya	146
Yahudanci	13
Yahudawa	174
Yahudawan	14
Yahudiya	44
Yahuza	50
Yakan	3
Yakubu	69
Yambirisu	1
Yana	49
Yanisu	1
Yankakke	1
Yanna	2
Yanyawa	2
Yanzu	19
Yared	2
Yari	1
Yariko	7
Yarinya	1
Yaron	2
Yasfa	1
Yason	5
Yasuwa	1
Yata	1
Yau	15
Yaudarar	1
Yauwa	1
Yawan	2
Yawancin	1
Yaya	18
Yayin	1
Yayirus	2
Yefta	1
Yehoshafat	2
Yekoniya	2
Yera	1
Yesse	6
Yesu	1059
Yesun	6
Yezebel	1
Yi	21
Yin	2
Yini	1
Yonana	2
Yoram	2
Yorima	2
Yosi	2
Yosiya	2
Yotam	2
Yowana	2
Yowel	1
Yufiretis	2
Yuliya	1
Yuliyas	2
Yuniyas	1
Yunusa	10
Yunwa	1
Yurokilidon	1
Yusha'u	1
Yustus	3
Yusufu	43
Yuwana	2
Yā	2
Yă	6
Za	73
Zabadi	12
Zabaluna	3
Zabura	6
Zafsa	2
Zagin	1
Zai	29
Zaitun	12
Zakara	1
Zakariya	13
Zakin	1
Zakka	3
Zakuɗa	1
Zaloti	2
Zama	1
Zan	45
Zarifat	1
Zarubabel	4
Zatinsa	2
Zauna	6
Zera	1
Zinariyarku	1
Zinas	1
Zo	12
Zuba	1
Zuciyar	1
Zuciyarku	1
Zuciyarsu	1
Zuciyata	2
Zunuban	2
Zunubi	3
Zurfin	1
[	17
]	17
a	5206
a'a	16
a'aika	2
aba	6
abada	78
abadin	23
abar	17
abin	606
abina	1
abinci	102
abincin	19
abincina	1
abincinmu	1
abincinsa	4
abincinsu	4
abinku	1
abinsa	5
abinsu	1
abinta	1
abokai	1
abokaina	1
abokan	44
abokanku	1
abokansa	3
abokanta	1
abokin	25
abokina	1
abu	152
abubuwa	123
abubuwan	115
abubuwansa	1
abuta	2
adadin	3
adadinsu	2
adalai	6
adalci	125
adalcin	22
adalcinka	1
adalcinku	1
adalcinmu	1
adalcinsa	4
adali	11
adalin	1
adalina	1
adam	50
adamu	1
adana	4
adawarku	1
adawarsa	1
addini	1
addinin	4
addininmu	1
addininsu	1
addu'a	143
addu'ar	2
addu'arka	2
addu'arku	2
addu'armu	1
addu'ata	2
addu'o'i	2
addu'o'in	3
adikansa	1
ado	4
adon	7
adonki	1
adonku	1
adonsa	2
agaji	1
agat	1
aholaki	4
aholakin	7
ai	151
aibata	3
aibi	3
aibobi	1
aibu	10
aika	40
aikakke	1
aikarsu	1
aikata	81
aikatawa	20
aikatawar	1
aikatawarsa	2
aikatawarta	1
aikatawata	1
aike	18
aiken	3
aikensu	2
aiki	129
aikin	118
aikina	12
aikinka	2
aikinku	3
aikinmu	6
aikinsa	16
aikinsu	14
aikinta	3
aiko	121
ainhi	1
ainihi	8
ainihin	17
ainihinsa	2
ainihinsu	1
ainun	1
ajali	2
ajalin	1
ajalinsa	2
ajijjiye	1
ajiyar	3
ajiye	24
ajiyewa	1
aka	682
akan	27
ake	155
akushi	7
akushin	1
akushinsa	1
akwai	90
akwatin	4
al'ada	2
al'adar	9
al'adarsa	1
al'adarsu	1
al'adu	3
al'adun	13
al'adunku	5
al'ajabai	3
al'ajabi	34
al'ajabin	3
al'ajabinsa	1
al'ajibai	1
al'ajiin	1
al'amari	9
al'amarin	23
al'amarina	1
al'amarinka	2
al'amarinsu	2
al'amura	22
al'amuran	40
al'amuranku	7
al'amuranmu	3
al'amuransa	2
al'amuransu	1
al'ul	1
al'umma	16
al'ummai	140
al'umman	4
al'ummar	1
ala'muran	1
alade	4
aladu	2
aladun	9
alama	22
alamar	12
alamarta	1
alamta	3
alamu	9
alamun	3
albarka	44
albarkacin	27
albarkacinsa	1
albarkacinsu	1
albarkar	9
albarkarta	1
albashinku	1
albishir	5
albishirin	2
alfahari	1
alfarma	21
alfarmar	3
alfarmarta	1
alfarwa	3
alfarwai	1
alfarwar	6
alfasha	3
algus	2
alhaki	1
alhakin	4
alhakinsa	1
alhali	17
alhalin	1
alhanzir	1
alharini	6
alheri	72
alherin	58
alherina	1
alherinka	1
alherinsa	11
alhini	1
aljan	14
aljani	4
aljanin	19
aljannu	59
aljannun	14
alkama	15
alkamar	6
alkamarsa	1
alkarya	1
alkawarai	5
alkawaran	9
alkawaransa	1
alkawari	41
alkawarin	41
alkawarina	2
alkawarinsa	4
alkawarta	2
alkyabba	5
alkyabbar	2
allahntakarsa	1
alli	2
allo	1
alloli	7
allolin	1
allon	2
allunan	3
allura	3
almajirai	6
almajiraina	3
almajiran	64
almajiranka	6
almajiransa	121
almajiransu	1
almajiri	4
almajirin	16
almajirina	4
almajirinka	1
almajirtar	1
almara	1
almarar	1
almasihan	2
almubazzaranci	4
almubazzarancinta	1
alummai	1
alwashi	3
alƙalai	1
alƙalan	3
alƙalanku	2
alƙali	8
alƙalin	1
ama	1
amana	17
amanar	6
amanarsa	1
amanarsu	1
amansa	1
amarya	5
amaryar	1
ambaci	1
ambaliya	1
ambata	2
ambato	2
ambatonku	2
ametis	1
amfana	9
amfane	4
amfani	49
amfanin	11
amfaninku	3
amfaninsa	2
amfaninta	1
amin	3
aminai	2
aminaina	1
aminanmu	1
aminansa	3
amince	30
amincewa	9
amincewar	3
amincewarku	1
amincewarmu	2
aminci	17
amini	1
aminin	2
amininsa	1
amintacce	5
amintaccen	11
amintacciya	1
amintattu	3
amintattun	2
amma	402
amo	2
amsa	208
amsar	3
amsarsa	1
amsoshinsa	1
an	294
ana	78
ango	11
angon	8
anini	2
anise	1
aniyarsu	1
anka	5
annabawa	68
annabawan	11
annabawanka	1
annabawansa	2
annabce-annabcen	1
annabci	40
annabcin	7
annabcinmu	1
annabi	28
annabin	16
annabiya	2
annashuwa	5
annashuwarki	1
annoba	2
annuri	2
aradu	7
aradun	3
arba'in	23
arbaminya	4
arewa	5
arziki	23
arzikin	5
arzuta	6
asako	2
asali	6
asalin	3
asalina	1
asalinsa	8
asalinta	1
ashararai	1
ashe	88
ashirin	10
asiran	4
asiransu	1
asirce	12
asiri	4
asirin	16
asirtaccen	1
asirtacciyar	2
asirtattun	2
aske	1
aski	1
assussuba	2
asu	3
asuba	2
asubahi	1
asubahin	1
asun	1
asussuba	2
attajiranki	1
attajiri	1
atuni	1
ature	1
auka	1
aukar	8
aukawa	1
auko	9
auku	30
aukuwa	7
aukuwar	1
auna	16
aunamuku	1
aura	1
aurar	1
aurarwa	6
aure	63
auren	2
auri	14
auro	1
awaki	7
awalajar	1
awo	3
ayari	1
ayyana	3
ayyuka	7
ayyukan	25
ayyukana	1
ayyukanka	7
ayyukanku	3
ayyukansa	10
ayyukansu	5
ayyukanta	3
aza	2
azaba	24
azabar	4
azabarsu	2
azabarta	2
azabta	4
azabtar	3
azabtarwa	3
azanci	11
azancin	1
azancinku	1
azumi	22
azurfa	14
azurfan	1
azurfarku	1
ba	4347
ba'a	19
ba'asi	2
baba	1
babance	1
babanka	1
babanni	4
babba	11
babban	108
babbansu	7
babbar	23
babu	15
bada	1
baftisma	72
baftismar	11
bagadanka	1
bagaden	4
bagadi	1
bagadin	17
bahar	17
bai	245
baitulmalin	4
baiwa	23
baiwar	37
baiwarsa	2
baje	5
bajimai	1
baka	14
bakan	2
bakarariya	1
bakararriya	2
bakararru	1
baki	29
bakin	95
bakina	6
bakinka	4
bakinku	4
bakinmu	2
bakinsa	21
bakinsu	9
bakinta	3
bakun	1
bakunan	2
bakwai	100
bala'i	9
bala'in	4
bala'inta	2
balaga	1
balle	16
bambam	1
bambamci	1
bambancewa	1
bambanci	7
bambanta	1
bambaɗanci	1
bami	1
ban	83
bana	1
banda	9
bangaskiya	148
bangaskiyan	1
bangaskiyar	23
bangaskiyarka	6
bangaskiyarki	4
bangaskiyarku	36
bangaskiyarmu	7
bangaskiyarsa	7
bangaskiyarsu	17
bangaskiyata	3
bangirma	5
bangon	5
banki	1
bankwana	6
banmamaki	2
banruwa	2
banruwan	2
bantsoro	4
banza	56
banzan	4
banzanta	2
banƙyama	4
bar	111
bara	9
barade	2
baraden	1
baran	4
barana	1
baranka	1
baranku	3
baransa	2
baranya	4
baranyar	2
barata	1
baratacce	1
baratar	2
barci	48
barcin	1
bare	11
bari	10
barin	4
barinsa	1
barinsu	1
barkatai	1
baro	1
barori	3
barorin	3
barorina	1
barorinka	1
barorinsa	5
basamaniya	2
basarake	1
basaraken	1
bashe	19
bashi	4
bashin	4
basira	10
basirarku	1
basirata	1
bata	1
batar	1
batattun	1
batatuwan	1
batun	1
baubawa	1
bauta	62
bautar	37
bautarka	1
bautarku	2
bautarmu	2
bautarsa	4
bautarsu	2
bautata	3
bauɗar	4
bauɗe	9
bauɗewa	1
bauɗewar	2
bauɗewarsa	1
bauɗewarsu	1
bawa	29
bawan	44
bawana	3
bawanka	1
bawanku	1
bawansa	6
baya	46
bayahude	1
bayan	137
bayana	9
bayani	9
bayanmu	1
bayansa	11
bayansu	3
bayar	23
bayarwa	13
bayarwar	1
bayarwarsa	1
baye-baye	3
bayebaye	2
bayi	12
bayin	20
bayina	2
bayinka	2
bayinku	2
bayinsa	15
bayyana	190
bayyanan	1
bayyananne	1
bayyanar	16
bayyanarsa	6
bayyane	3
bayyano	1
baza	8
bazawa	1
bazu	9
bazuwa	1
baƙa	1
baƙanta	3
baƙar	5
baƙaƙen	15
baƙi	16
baƙin	86
baƙinsa	3
baƙinsu	1
baƙo	5
baƙon	4
baƙunce	1
baƙunci	7
baƙuncinku	1
baƙunta	1
baƙuwar	4
bebaye	2
bebe	4
beben	7
began	1
bege	14
begen	14
begena	1
begenku	3
begenmu	3
bene	4
benen	2
beril	1
beyar	1
bi	211
bibiya	1
bice	1
bijimai	2
bijinta	2
biki	16
bikin	10
bikina	1
bimbini	1
bin	108
bina	4
bincika	4
bincike	3
bincikewa	1
binciki	1
binciko	3
binka	2
binmu	4
binne	19
binnewa	1
binsa	8
binsu	2
binta	1
birane	3
biranen	3
birbishin	5
birgima	2
biriya	1
birkice	3
birkita	1
birni	27
birnin	56
birninku	1
bisa	114
bishara	76
bisharar	46
bishararmu	3
bisharata	2
bishe	3
bishiya	1
bishiyar	1
bituwa	1
biya	39
biyan	5
biyar	50
biyarwa	1
biyayya	57
biyayyar	3
biyayyarka	1
biyayyarku	3
biyayyarsu	1
biye	24
biyo	9
biyu	259
biyu-biyu	1
biyun	49
bubbuge	2
bubbuɗe	2
budurci	1
budurwa	7
budurwai	1
budurwan	1
budurwar	1
buga	5
bugaggu	1
buge	13
bugi	10
bugo	2
bugu	5
bugun	2
bugunmu	2
buguwa	5
bukace-bukacena	1
bukaci	1
bukata	14
bukatar	9
bukatarku	3
bukatarmu	1
bukatarsa	6
bukatarsu	3
bukatun	1
bukatunku	1
bukkoki	3
bulala	17
bulale	3
bulbulowa	1
bullo	1
burgami	6
buri	4
burin	4
burinmu	1
burinsa	2
burinta	1
burma	3
burmu	2
busa	18
busan	1
busar	3
busasshiyar	1
busawa	3
bushe	11
bushe-bushe	1
buso	1
busowa	2
busowar	1
butulci	2
buzun	1
buɗa	2
buɗaɗɗen	1
buɗe	65
buɗewa	1
buɗi	1
bābā	1
bābān	4
bāre	1
bāshe	27
bāƙi	1
bāƙin	1
băce	1
cafi	1
cafka	1
cafke	1
can	110
cancanci	31
cancanta	8
canjin	4
cara	8
carar	5
ce	2197
cece	22
ceci	21
ceta	1
ceto	59
ceton	20
cetonka	1
cetonku	3
cetonmu	1
cetonsa	2
cetonsu	1
cetu	1
ceuta	1
cewa	530
ci	235
ciccika	4
ciccire	1
cida	1
cigiyarsa	2
cije	1
ciji	2
cik	2
cika	107
cikakke	12
cikakken	10
cikakkiyar	7
cikakku	4
cikamakin	1
cikar	22
cikarsa	1
cikarsu	1
cikas	1
cikasa	7
cike	28
ciki	259
cikin	622
cikina	23
cikinka	2
cikinki	8
cikinku	74
cikinmu	26
cikinsa	49
cikinsu	62
cikinta	14
cikkaken	1
cikowa	2
cimaka	1
cimarka	2
cin	85
ciniki	1
cinikinmu	1
cinikinsa	2
cinikinsu	1
cinsa	1
cinsu	3
cinyarsa	1
cinye	9
cinyewa	1
cir	1
ciran	1
cire	7
ciru	3
cishe	5
ciwo	7
ciwon	4
ciyar	3
ciyawa	12
ciyawar	4
ciyayin	1
ciye-ciye	3
cizon	7
cuce	11
cuce-cuce	1
cuce-cucensu	3
cucecucenmu	1
cuci	4
cukwima	1
cur	1
curi	2
curin	4
cuta	9
cutar	9
cutarki	1
cutarsu	2
cutarta	1
cutarwa	1
cuɗa	4
cuɗanya	9
cuɗe	1
da	10375
da'awa	1
da'awar	1
dabam	46
dabara	2
dabararsa	1
dabarbarunsu	1
dabba	8
dabbar	32
dabbarsa	1
dabbobi	9
dabbobin	2
dabbobinsa	1
dabino	2
dabo	1
dace	19
dacewa	1
dad	2
daddare	11
daddaren	1
daddatse	1
daddobi	1
daddoke	2
dafi	1
daga	834
dage	8
dagewa	3
dagewarku	1
dahir	1
dai	573
daida	1
daidai	67
daidaita	10
daidaitaccen	1
daidaitakar	1
daina	13
daka	2
dakata	10
dakatar	3
dake	1
dalili	5
dalilin	15
dalilinka	1
dalilinku	1
dalilinmu	1
dalilinsa	1
dama	77
damana	8
damanka	2
damansa	4
damar	5
damarsu	1
dambena	1
dame	5
dami	2
damina	1
damisa	1
damu	21
damun	1
damuna	13
damunta	1
damuwa	10
damuwarsa	2
damƙa	1
dan'uwana	1
dan'uwansa	2
dandali	1
dandalin	1
dangam	1
dangana	4
danganta	3
dangi	1
dangin	2
dangina	1
danginka	1
danginku	1
danginsa	1
danginsu	1
danne	3
dannowa	2
danshi	1
danƙa	20
danƙare	1
danƙe	5
daraja	16
darajar	3
darajarsa	1
darajarsu	1
darajarta	1
dare	49
daren	6
dari	1
dariya	2
dariyar	3
daro	2
dasa	2
dashen	1
dasu	1
datse	2
dattako	1
dattaku	1
dattawa	5
dattawan	24
dattawansu	1
dattijo	1
dattijon	4
daularsa	1
daura	1
daure	2
daurewa	4
dauɗa	2
dawakai	3
dawakan	3
dawaki	1
dawo	32
dawowa	3
dawowar	1
dawowarka	1
dawowarsa	1
dawowata	1
dawwama	9
dawwamamme	1
dawwamammen	4
dawwamammiya	2
dawwame	3
daɗa	3
daɗai	2
daɗaɗa	3
daɗaɗɗen	2
daɗe	16
daɗewa	9
daɗi	4
daɗin	15
daɗinsa	2
daɗinsu	1
daɗɗaɗar	1
diddigi	2
diddigin	1
dilan	1
dillalan	2
dimance	1
dimanci	2
dimanta	1
dinari	16
dinga	4
dira	2
dirin	3
dishi-dishi	1
dogara	22
dogarai	1
dogaran	17
dogararsa	1
dogari	3
doguwar	5
doka	3
dokar	1
doke	2
doki	11
dokin	3
dokinsa	1
dokoki	2
dokokin	4
dokokinta	1
dole	3
domin	739
domina	1
dominku	9
dominmu	5
dominsa	5
dominsu	2
dominta	1
don	662
dosar	1
doshi	4
doso	4
duba	29
duban	18
dubana	1
dubanmu	1
dubansa	1
dubar	1
dubawa	3
dubbai	1
dubban	4
dube	6
dubi	33
dubo	2
dubu	52
dubun	1
dudduba	2
duddube	2
duddubi	2
duhu	55
duhun	3
duhunta	4
duk	552
duka	189
dukan	194
dukanku	17
dukanmu	7
dukansa	1
dukansu	15
dukau	1
duke	1
dukiya	19
dukiyar	3
dukiyarka	3
dukiyarsa	4
dukka	1
dukkan	124
dukkanku	1
dukkanmu	1
dukkansu	6
dukufa	2
dulmiya	1
dulmuya	3
dulmuyar	2
dungu	4
dunguma	1
dunguri	1
duniya	309
duniyar	31
duniyarka	1
durumi	2
durƙusa	12
durƙusawa	2
dusashewa	1
dushe	3
dushewa	1
dutse	43
dutsen	54
duwatsu	26
duwatsun	12
duƙa	2
duƙawa	1
dā	164
dāga	2
dāge	2
dākona	1
dākonsu	1
dāre	6
e	1
fa	208
fa'ida	3
fa'idar	1
fada	3
fadar	4
fadi	1
fafare	1
fafari	1
fafe	3
faffasa	1
faffaɗa	1
fagabar	1
fagan	1
fagensa	1
fagyan	1
fahariya	6
fahariyar	1
fahariyata	1
fahimce	4
fahimci	26
fahimi	1
fahimta	37
fahimtar	5
fahimtarsa	2
fahimtarsu	1
fahimtu	1
fahimtuwa	1
fahinta	3
fajirai	2
fajirci	6
fajircin	1
fajircinsa	1
fajircinsu	2
fajiri	1
fake	1
fako	1
fakonsa	1
fal	1
falala	2
falalar	2
falalarsa	1
fallasar	3
fallashi	1
fam	8
fama	22
faman	1
famana	2
famanmu	1
famar	6
famarka	1
famarmu	3
fanni	4
fansa	9
fansar	6
fansarku	1
fanshe	1
fanshi	3
fanso	8
fantam-fantam	1
fantsama	1
fanɗararrun	1
fanɗare	1
fanɗarewa	1
fanɗarewar	1
fara	145
fara'a	1
farai	2
faranta	26
faranti	1
farar	6
farare	5
fararen	9
farat	6
farawar	1
farfado	1
farfaru	1
farfarun	1
farfasa	1
farfashe	1
farfaɗi	1
farfaɗiya	1
farfaɗo	2
farga	1
fargaba	1
fargaban	1
fargabarta	1
fari	39
farillan	1
farillansa	1
farin	154
farinciki	1
fariya	14
fariyarmu	1
farka	7
farko	95
farkon	27
farraɗiya	1
faru	22
faruwa	2
fasa	8
fasaha	1
fasalin	1
fasalta	1
fasawa	2
fashe	4
fashi	13
fashin	2
fasikai	7
fasikanci	29
fasikancinsu	2
fasikancinta	3
fasiki	3
fassara	10
fassarar	1
fassarawa	1
fasu	2
fat	6
fata	10
fatalwa	3
fatan	2
fatar	2
fatara	1
fatattaka	1
fatsa	1
fatun	1
faufau	10
fayyace	3
faɗa	242
faɗaka	1
faɗakar	6
faɗakarwar	1
faɗake	23
faɗar	36
faɗarka	1
faɗarsa	5
faɗe	1
faɗi	79
faɗin	1
faɗo	12
faɗuwa	5
faɗuwar	1
faɗuwarsu	2
fi	148
fice	2
fid	3
fiffitar	1
fiffito	1
fifiko	4
fifikon	2
fifikonsa	1
fifita	4
fikafikai	1
fikafikan	1
fikafikansu	1
fikafikanta	2
fil'azal	9
filafilai	1
filafilan	1
fili	29
filin	8
filla	3
fille	9
fin	9
firfita	1
firfito	5
firgita	11
firist	67
firistoci	80
firistocin	7
firstoci	1
fisshe	5
fita	95
fitaccen	1
fitar	56
fitarku	1
fitarsa	1
fitarsu	2
fitarwa	2
fitila	10
fitilar	2
fitilarka	1
fitilarsa	1
fitilu	6
fitilun	5
fitilunku	1
fitilunmu	1
fitilunsu	4
fitinanne	1
fito	84
fitowa	23
fitowar	1
fitowarsa	1
fitowarsu	1
fiye	62
fizgo	1
furanni	2
furannin	1
furen	2
fushi	26
fushin	22
fushina	2
fushinka	1
fushinku	1
fushinsa	5
fushinsu	1
fuska	8
fuskantar	1
fuskantarta	1
fuskar	5
fuskarsa	8
fuskarsu	1
fuskokinmu	1
fyauce	2
fyaɗa	7
fā	5
fāda	7
fādar	2
fādi	4
fārin	1
fāriya	2
fāsa	4
fāsawa	3
fāɗa	21
fāɗawa	1
fāɗi	51
fāɗin	1
fāɗinsa	2
fāɗowa	1
fāɗuwar	4
făɗi	1
ga	1391
gab	9
gaba	102
gaba-gaba	1
gabagaɗi	19
gabagaɗin	1
gaban	169
gabana	5
gabaninka	1
gabanka	7
gabanku	11
gabanmu	3
gabannin	3
gabanninka	1
gabansa	37
gabansu	13
gabanta	1
gabar	2
gabas	12
gabatar	6
gabato	11
gabatowa	1
gaci	15
gada	2
gadaje	1
gadara	8
gadarar	1
gado	9
gadon	7
gadonka	1
gafara	3
gafarar	8
gafarta	41
gaga	1
gagara	2
gagare	1
gaggai	3
gaggauta	1
gaggawa	3
gaggaya	2
gai	24
gaisa	3
gaishe	27
gaisuwa	6
gaisuwar	4
gajere	1
gaji	7
gajimare	15
gajimaren	8
gajishe	1
gajiyad	1
gajiyar	1
gajiyawar	1
gajiyawarmu	1
gajiyayye	1
gajiyayyen	2
gajiyayyu	5
galibin	2
gallar	4
gama	89
gamammu	1
gamawa	2
gamba	1
game	158
gami	1
gamsar	1
gamshi	3
gamu	9
gamzaki	2
gan	80
gana	2
gane	60
ganewa	2
ganewarsu	1
gangan	3
ganganen	1
ganganimar	1
gangar	2
gangara	5
gangaren	6
gangaro	2
gangarowa	2
gani	153
ganima	2
ganin	79
ganina	16
ganinka	3
ganinku	6
ganinmu	1
ganinsa	15
ganinsu	4
ganinta	2
gano	2
ganuwa	7
ganuwar	1
ganyaye	1
ganye	5
ganyen	3
gara	3
garaje	1
garajen	2
garau	6
gardama	7
gardamar	1
gardandami	1
gardandamin	2
gare	341
gargaɗa	1
gargaɗe	13
gargaɗi	36
gargaɗin	3
gargaɗina	1
gargaɗinka	1
gargaɗinmu	1
gargaɗinsu	2
gari	84
garin	47
garinku	2
garinmu	1
garinsa	1
garinsu	13
garkar	20
garkarsa	2
garkata	2
garke	4
garken	11
garkin	1
garkuwar	1
garu	3
garun	2
garunsa	2
garura	5
garuruwa	6
garuruwan	7
garuruwanmu	1
garuruwansu	1
garwashi	1
garwashin	1
gasa	2
gasasshen	1
gashi	3
gashin	7
gashinsa	1
gashinsu	1
gashinta	5
gasikya	4
gaskata	134
gaskataccen	1
gaskatawa	35
gaskatuwa	1
gaske	89
gaskiya	245
gaskiyar	13
gaskiyarka	2
gaskiyarmu	4
gaskiyarsa	2
gaskiyarta	2
gatari	2
gauraya	1
gauraye	6
gawar	3
gawawwakinsu	3
gawayi	1
gawurtaccen	1
gawurtacciyar	4
gaya	251
gayar	4
gayarwa	1
gayyace	3
gayyaci	2
gayyar	2
gayyata	6
gayyatar	1
gayyato	5
gayyayo	1
gaza	9
gazarin	2
gaɓa	6
gaɓar	6
gaɓarsa	2
gaɓoɓi	6
gaɓoɓin	12
gaɓoɓina	2
gaɓoɓinka	2
gaɓoɓinku	4
gaɓoɓinmu	3
gaɓoɓinsa	1
gaɓoɓinsu	1
gaɗi	2
gefe	3
gefen	8
gefensa	1
gezar	4
gicciye	58
gicciyen	14
gicciyensa	7
gicciyeyye	3
gida	80
gidaje	5
gidajen	2
gidajensu	2
gidan	77
gidana	8
gidanka	5
gidanku	4
gidansa	24
gidansu	5
gidanta	3
gilas	3
gina	32
gindin	6
gindinta	1
gine-gine	1
gine-ginen	3
gini	11
ginin	13
ginina	1
ginshiƙan	2
ginshiƙi	1
ginshiƙinta	1
ginuwa	1
girba	2
girbar	1
girbe	2
girbi	18
girbin	3
girgije	1
girgiza	8
girgizuwa	2
girke	1
girma	74
girmama	31
girmamawa	7
girmamawar	2
girman	7
girmankai	10
girmansa	2
girmansu	2
girmar	2
gishiri	5
gishirin	1
giwa	1
giya	2
gizo	3
gobe	13
goce	2
gode	42
godiya	36
godiyar	1
godo	1
gogaggiyar	2
goge	2
goma	105
goman	2
gona	13
gonaki	4
gonakin	3
gonakinku	1
gonakinsa	1
gonar	6
gonarka	1
gonarsa	4
gonata	2
gora	2
gori	1
goruna	1
goshi	1
goshin	3
goshinsa	2
goshinsu	5
goshinta	1
goya	3
goyan	1
goye	1
goyi	3
goyo	7
goyon	5
goyonta	1
gu	5
guba	1
gubbobin	3
guda	75
gudan	2
gudana	7
gudanar	2
gudano	1
gudanta	1
gudar	1
gudu	30
gudun	9
gudunku	1
gudunmawa	13
gudunmawar	5
guga	1
guje	23
guje-guje	1
guji	6
gulle	1
gumaka	18
gumakan	4
gun	54
guna	5
gunaguni	11
gunagunin	1
gundure	1
gungume	4
gungumen	6
gunguni	1
gunji	2
gunki	10
gunkin	1
gunkinsa	1
gunkun	1
gunsa	14
gunsu	3
guragu	9
gurasa	51
gurasan	1
gurasar	24
gurbi	4
gurbin	3
gurbinsa	1
gurbinsu	1
gurfana	1
gurgu	2
gurguntaka	2
gushe	3
gushewa	2
gutsattsarin	9
gutsuntsuna	1
gutsura	2
gutsuttsura	16
gutsuttsurawa	1
guzuri	3
gwada	44
gwada-gwada	1
gwadabe-gwadabe	1
gwadawa	1
gwado	1
gwaggwarmaya	1
gwaje-gwaje	3
gwaje-gwajen	1
gwaje-gwajensa	1
gwaji	10
gwajin	5
gwamma	3
gwammace	4
gwammaci	1
gwamnan	1
gwanance	1
gwani	1
gwanin	3
gwanintar	1
gwanta	1
gwara	4
gwargwado	2
gwargwadon	29
gwauranci	1
gwauraye	15
gwaurayen	1
gwauruwa	8
gwauruwar	3
gwiwa	3
gwiwoyinku	1
gyaggyara	1
gyambo	1
gyangyaɗi	1
gyara	2
gyaran	3
gāba	47
gābana	1
gābanmu	2
gābar	2
gābarku	1
gāda	3
gādo	20
gādon	7
gādonmu	1
gādonsa	2
gādonta	1
gāji	7
gāsa	1
gāɓar	1
gănuwa	1
ha'inci	4
habahaba	3
hadari	1
hadaya	46
hadayar	12
hadayarka	3
hadayu	7
haddasa	8
haddi	1
hadiri	6
hagu	3
hagun	6
haguna	2
hagunka	1
hagunsa	1
haifa	24
haifaffe	1
haifaffen	9
haifaffensa	1
haifar	7
haifarku	1
haife	11
haifi	73
haifo	1
haifu	2
haifuwarku	1
haifuwarmu	1
haihu	1
haihuwa	10
haihuwar	6
haihuwarsa	1
haihuwarsu	1
haihuwarta	2
haikali	2
haikalin	5
hajja	2
hajjoji	1
haka	929
hakika	58
hakikance	1
hakikancewa	3
hakikanin	4
hakimansa	1
hakimansu	2
hakin	6
hakki	1
hakkin	5
hakkina	2
hakkinsa	3
hakkinsu	3
hakkinta	2
hakkokin	2
hakora	5
halaka	1
halakarsu	1
halal	7
halalinka	2
halaliya	2
halaliyan	1
halaliyarku	1
halaliyarsu	1
halaliyata	1
halarci	1
halatta	19
halaye	1
halayen	3
halayenmu	1
hali	47
halicce	4
halicci	17
halin	78
halina	1
halinku	8
halinsu	3
halitta	21
halittacciyar	1
halittan	12
halittar	11
halittarka	1
halittarmu	1
halittarsa	1
hallaka	77
hallakakken	2
hallakar	3
hallakarsu	1
hallakarwa	3
hallara	3
hamada	1
hamayya	2
hamayyar	1
hamayyarsa	1
hamdala	1
hamsin	10
hana	49
hange	2
hangi	3
hango	7
hani	1
hankaki	1
hankali	42
hankalin	6
hankalina	5
hankalinka	3
hankalinku	12
hankalinmu	2
hankalinsa	7
hankalinsu	8
hankulanku	1
hannu	75
hannun	43
hannuna	13
hannunka	11
hannunku	1
hannunmu	3
hannunsa	27
hannunsu	10
hannunta	7
hannuwa	3
hannuwan	1
hannuwana	5
hannuwanka	1
hannuwanku	1
hannuwanmu	1
hannuwansa	4
hanuwa	1
hanya	85
hanyar	79
hanyarka	1
hanyarsa	4
hanyarta	2
hanyoyi	3
hanyoyin	6
hanyoyina	1
hanyoyinmu	1
hanyoyinsa	5
hanzari	10
hanzarin	4
hanzarina	3
hanzarinmu	1
hanzarinsa	4
hanzarta	2
har	727
harabar	1
haraji	31
harajin	2
harajinsu	1
haram	1
harbi	2
hargitsa	1
hargitse	1
hargitsi	8
hargitsin	1
hargowa	3
hargowar	1
harhaɗa	2
harhaɗe	1
harka	1
harkar	1
harkarsa	1
harsasen	1
harsashi	2
harsashin	8
harshe	20
harshen	10
harshena	1
harshensa	2
harshensu	1
harsuna	20
harsunan	2
harɓa	1
hasala	6
hasara	6
hasarar	5
hasararsa	1
hasararsu	1
haskaka	21
haskakawa	6
haske	44
hasken	28
haskenku	1
haskensa	4
haskensu	1
haskenta	1
haskoki	1
hassada	9
hassala	1
hasumiya	1
hasumiyar	2
hatiman	1
hatimansa	3
hatimce	2
hatimi	11
hatimin	4
hatiminsa	1
hatsari	11
hatsarin	5
hau	31
hauhawa	1
hauhawan	1
hauka	2
haukan	4
haukansa	1
haura	1
hauren	1
hauri	2
haushi	10
haushin	4
haushinsa	2
hawa	8
hawansa	1
hawaye	7
hawayenka	1
hawayenta	2
hawo	3
haya	1
hayaniya	3
hayayyafa	2
hayaƙi	5
hayaƙin	5
haye	11
hayewa	4
hayi	2
hayin	12
haziƙancin	1
haziƙi	1
hazo	2
haƙa	3
haƙiƙicewa	1
haƙora	2
haƙoransa	1
haƙori	2
haƙorinsu	1
haƙura	4
haƙurce	7
haƙuri	28
haƙurin	1
haƙurina	1
haƙurinsa	3
haƙurinsu	1
haƙwansa	5
haƙƙaƙe	2
haƙƙaƙewa	4
haƙƙaƙewar	1
haɓaka	10
haɗa	19
haɗama	2
haɗamammu	1
haɗe	7
haɗiye	2
haɗu	4
haɗuwa	5
hidima	37
hidimar	23
hidimarka	1
hidimarmu	1
hidimarsa	5
hidimarsu	1
hidimarta	3
hidimomi	1
hikima	54
hikimar	24
hikimarku	1
hikimarta	1
hilace	2
himma	18
himmantu	23
himmantuwa	5
himmar	11
himmata	1
holoƙon	1
homa	2
hore	4
hori	5
horo	7
horon	5
horonmu	2
horonsa	1
horu	3
horuwa	1
hucin	1
huda	1
hudar	1
hudarta	1
hudu	1
hujja	1
hujjar	1
hujjoji	1
hujjojina	1
hujjojinsu	1
hukumar	1
hukunci	48
hukuncin	23
hukuncina	1
hukuncinka	2
hukuncinsa	2
hukuncinsu	1
hukunta	39
hululun	1
huntanci	7
huntu	2
hura	3
hurarre	1
hurci	2
hurhuɗu	1
huro	1
hurta	1
hurtuwa	1
huru	1
hurwa	2
husata	7
husuma	13
huta	7
hutasshe	1
hutawa	4
hutu	3
hutun	1
hutuna	1
huɗa	1
huɗu	62
huɗun	1
i	2
ibada	21
ibadar	3
ibadarka	1
ibadarku	2
ibadarmu	2
ibadarsu	1
iblis	3
ibraham	2
idan	12
idanu	7
idanun	2
idanunka	1
idanunku	2
idanunsa	4
idanunsu	9
idi	10
idin	21
idinmu	1
ido	81
idon	21
idona	1
idonka	11
idonku	1
idonmu	1
idonsu	4
idonta	1
igiya	1
igiyar	6
igiyoyi	1
igiyoyin	1
ihu	22
ijarar	2
ijararta	2
ikilisiya	43
ikilisiyar	22
ikilisiyata	1
ikilisiyoyi	17
ikilisiyoyin	13
ikilisyoyin	1
iko	93
ikon	118
ikona	3
ikonka	3
ikonku	1
ikonsa	21
ikonsu	2
ikonta	1
ila	2
ilimi	11
ilimin	1
iliminmu	1
iliminsa	1
in	668
ina	359
inabi	40
inabin	15
inabinsa	1
inda	105
ingancin	1
inganta	13
ingantawa	6
ingantu	1
ingantuwa	1
ingataccen	2
inna	1
inuwar	4
inuwarsa	3
inuwarta	1
inuwata	3
iri	112
irin	225
irinsa	3
irinsu	6
isa	74
isar	2
isassun	1
ishaku	1
ishara	11
isharar	1
ishararsu	1
isharori	1
ishe	4
iska	40
iskar	9
iske	5
iskoki	1
iskokin	1
iso	33
isowar	1
isowarsu	1
isra'ila	2
isuwa	1
ita	169
itace	19
itacen	14
itatuwa	6
itatuwan	3
iya	197
iyaka	5
iyakacin	2
iyakancewa	1
iyakar	19
iyakokin	1
iyalin	3
iyalinka	1
iyalinsa	7
iyalinsu	1
iyar	1
iyawarmu	1
iyawata	1
iyaye	4
iyayen	5
iyayengiji	9
iyayengijinku	2
iyayengijinsu	2
iyayengijinta	2
iyayenku	3
iyayensa	7
iyayensu	5
iza	12
izawa	1
izini	16
izinin	18
iznin	1
izob	2
ja	22
jagaba	4
jagora	8
jagoran	1
jahilai	6
jahilan	1
jahilci	3
jahilcin	2
jahilcinku	1
jahili	2
jahilta	2
jajjefe	5
jajjefi	1
jaka	1
jakadan	1
jakadanta	1
jakadu	4
jakadun	2
jakar	6
jaki	4
jakinsa	1
jama'a	142
jama'an	1
jama'ar	54
jama'arka	1
jama'arku	2
jama'armu	9
jama'arsa	10
jama'ata	7
jan	15
jana'iza	1
jana'izata	3
janku	1
janye	4
janyo	2
jar	7
jaraba	3
jarabar	8
jarabce	1
jarabci	1
jarabe	1
jarabta	2
jarabtar	1
jarabtarsa	1
jarabtu	2
jarirai	2
jariransu	1
jariri	4
jaririn	2
jarraba	10
jarrabawar	1
jarumawa	1
jarumi	11
jarumin	13
jaruntaka	1
jawabi	16
jawabin	6
jawabinmu	3
jawabinsa	1
jawo	39
jayayya	12
jazza	1
je	155
jefa	55
jefar	2
jefawa	2
jejeffe	1
jeji	45
jejin	2
jejjefe	4
jere	1
jeri	2
jewa	3
ji	492
jibga	4
jibge	2
jibi	3
jibin	5
jice	1
jifa	3
jifan	3
jifanka	1
jifansa	1
jifanta	1
jigajigan	4
jigon	1
jijiguwa	1
jijiyoyi	1
jijjigu	1
jika	1
jiki	102
jikin	68
jikina	17
jikinka	7
jikinku	9
jikinmu	4
jikinsa	32
jikinsu	7
jikinta	2
jikoki	1
jikuna	1
jikunan	1
jikunanmu	1
jim	1
jima	6
jimawa	2
jimillarsu	1
jimiri	16
jimirin	5
jimirina	1
jimirinka	2
jimirinku	2
jimirinsa	1
jimri	1
jin	107
jingim	1
jingina	1
jingine	1
jini	39
jinin	31
jinina	8
jininka	1
jininmu	1
jininsa	10
jininsu	2
jininta	2
jinjirin	1
jinkiri	9
jinkirin	2
jinkirinsa	1
jinkirta	3
jinsa	1
jinta	3
jinyoyi	1
jinƙai	38
jinƙan	6
jinƙansa	4
jira	8
jiraci	1
jirage	4
jiragen	6
jiragensu	1
jiran	9
jiransa	1
jirgi	35
jirgin	67
jirginmu	1
jirginsu	2
jirkitar	3
jirkituwa	1
jita-jitarsu	1
jitajitarsu	1
jiya	3
jiyayya	1
jiyayyar	1
jiyo	3
jiyyarsa	2
jiƙa	2
jiƙo	1
jiɓinsa	1
juhurma	2
juhurman	1
jujin	1
jujjuya	2
jujjuyawa	1
jujjuyawar	1
juna	126
junanku	3
junansu	6
jure	34
jurewa	2
juya	27
juyar	3
juyawata	1
juyayi	2
juyayin	1
juye	9
juyo	20
juyowa	1
ka	1102
ka'ida	5
ka'idar	7
ka'idodi	2
ka'idodin	6
ka'idodina	1
ka'idodinsa	1
kabari	9
kabarin	31
kabarinsa	1
kabila	10
kabilai	2
kabilan	7
kabilanmu	1
kabilar	19
kabilarmu	2
kabilarsu	1
kabilata	1
kaburbura	2
kaburburan	4
kaca-kaca	2
kaciya	57
kaciyar	6
kaciyarka	1
kaciyarsa	1
kada	372
kaf	1
kafa	24
kafaffe	1
kafaffu	2
kafar	4
kafarka	1
kafaɗa	2
kafe	5
kafin	40
kaftu	1
kagarar	6
kahu	4
kai	460
kaifi	5
kaifin	3
kaifinku	1
kaina	49
kaito	1
kaiton	5
kaitonku	3
kaiwa	7
kaka	4
kakan	3
kakanmu	7
kakanni	1
kakannin	7
kakannina	1
kakanninka	1
kakanninku	10
kakanninmu	29
kakanninsa	1
kakanninsu	4
kakansa	1
kakansu	1
kakar	3
kakarka	1
kakat	1
kake	89
kakkai	1
kakkaifan	4
kakkama	1
kakkarye	1
kakkaryo	2
kakkawo	5
kakkori	1
kallafa	1
kallo	3
kallon	5
kalma	3
kalmar	2
kalmomi	3
kalmomin	2
kam	129
kama	118
kamace	1
kamaci	1
kamala	1
kamalta	1
kamammu	1
kamannin	9
kamanninmu	2
kamanninsa	5
kamar	483
kamarku	2
kamarmu	1
kamarsa	6
kamarsu	3
kamata	48
kamawa	1
kambi	7
kambin	7
kambinka	1
kambinsu	1
kame	4
kamewa	2
kamilai	1
kamkam	1
kammala	21
kammalalle	3
kamo	7
kamowa	1
kamu	3
kamunkai	12
kan	473
kana	68
kangara	2
kangararru	11
kangararrun	1
kangare	1
kangonsa	1
kanka	41
kankan	8
kanki	1
kanku	76
kanmu	25
kansa	178
kansu	65
kanta	28
kanzil	1
kara	3
karai	9
karamar	1
karamci	1
karanta	18
karantar	5
karantawa	9
karantu	1
kararka	1
karatu	4
karatun	5
karatunka	1
karawa	1
kare	2
karfe	1
kari	6
kari'a	1
karin	3
kariyata	1
karkace	1
karkara	4
karkarar	1
karkashe	4
karkashi	1
karkata	2
karkataccen	1
karkatattu	1
karkatattun	1
karkaɗe	7
karnuka	6
karnukan	1
karo	2
karsana	1
karshe	1
karuwa	2
karuwai	4
karuwar	6
karya	6
karƙashin	1
karɓa	40
karɓar	36
karɓarsa	2
karɓe	45
karɓi	39
karɓo	5
karɓuwa	5
kasa	44
kasaftawa	1
kasai	2
kasake	1
kasance	75
kasancewa	2
kasancewarsa	1
kasar	2
kasasshe	1
kasasshen	1
kasawarmu	1
kashe	139
kashe-kashenkai	1
kashedi	5
kashedinsu	1
kashegari	10
kashewa	1
kashi	3
kashin	1
kasu	1
kasuwa	13
kata	1
katako	1
katangar	1
katse	2
kauce	2
kauna	1
kaunace	1
kaushin	1
kawai	91
kawaici	1
kawar	28
kawaye	1
kawo	121
kawowa	2
kawu	1
kawuna	6
kawunan	1
kawunansa	1
kawunanta	2
kaya	10
kayan	28
kayana	2
kayanka	1
kayansa	7
kayansu	4
kayanta	1
kayar	1
kayarwa	1
kaza	14
kaɗa	5
kaɗai	98
kaɗaice	1
kaɗaici	1
kaɗaita	3
kaɗan	77
kaɗawa	5
kaɗe	2
kaɗe-kaɗe	1
kaɗu	1
ke	298
kece	4
kecewa	3
keken	4
kekunan	2
kerubobin	1
keta	16
keto	2
kewa	1
kewarku	2
kewaya	1
kewaye	18
kewayen	7
kewayensu	2
kewayenta	3
kewayo	4
keɓance	3
keɓanta	1
keɓaɓɓe	2
keɓaɓɓen	1
keɓaɓɓiyar	4
keɓaɓɓu	1
keɓaɓɓun	1
keɓe	20
ki	31
kiban	1
kibiritu	1
kifaye	4
kifayen	1
kifi	19
kifin	7
kika	5
kike	8
kili	1
kima	5
kiman	1
kimanta	1
kin	6
kina	1
kinkime	1
kintsa	2
kintsattse	1
kintsuwa	2
kira	175
kiran	17
kirana	4
kiranka	1
kiranki	1
kiranku	5
kiransa	8
kiransau	1
kiransu	2
kirari	1
kirawo	14
kirayayye	2
kirayayyu	6
kirayayyun	2
kiraye	2
kirayi	1
kirfa	1
kirisofaras	1
kirisolat	1
kirki	31
kisa	24
kisan	10
kisana	1
kisankai	24
kisankan	2
kisansa	1
kishi	14
kishin	3
kishingiɗa	1
kishingiɗe	2
kissoshin	1
kissoshinsu	1
kitso	2
kiwata	1
kiwataccen	3
kiwatattun	1
kiwo	4
kiwon	10
kiyaye	60
kiyayewa	2
kiyayewar	1
kiɗan	2
ko	800
ko'ina	28
kobo	5
kogi	4
kogin	5
kogon	4
koguna	5
kogunan	1
kogwanni	2
kokawa	1
koma	81
komawa	15
kome	168
komi	1
komo	38
komowa	4
komowar	10
komowarsa	5
komowata	1
kora	6
korar	2
korarku	1
korawa	2
kore	14
kori	2
kowa	239
kowacce	1
kowaccensu	3
kowace	95
kowane	123
kowanne	3
kowannenku	11
kowannenmu	4
kowannensu	9
kowaɗanne	1
koya	66
koyar	29
koyarwa	58
koyarwar	20
koyarwarka	3
koyarwarku	1
koyarwarsa	9
koyarwarsu	1
koyarwarta	1
koyarwata	1
koyaushe	14
koye	1
koyi	23
koyo	3
koyon	1
ku	2086
kube	1
kubensa	1
kudu	9
kuge	1
kujerun	2
kuka	274
kukan	15
kuke	196
kukkuje	2
kula	93
kulake	5
kularku	1
kulle	10
kullum	47
kuma	2626
kumallo	2
kumar	1
kumbura	6
kumfa	3
kumfar	1
kun	209
kuna	204
kunama	3
kunamai	1
kunamin	1
kunci	1
kuncin	2
kundumi	1
kunna	7
kunne	10
kunnen	21
kunnena	1
kunnenku	2
kunnensa	2
kunnensu	2
kunnuwa	1
kunnuwan	1
kunnuwanku	1
kunnuwansa	1
kunnuwansu	5
kunya	18
kunyace	1
kunyar	10
kunyarsu	2
kunyata	18
kurakuran	1
kurame	2
kurciya	4
kurciyoyi	1
kuri'a	6
kurkuku	36
kurkukun	5
kurkusa	2
kurma	3
kurmi	1
kurmin	2
kursiyai	4
kursiyansu	1
kursiyi	3
kursiyin	42
kursiyina	2
kursiyinsa	7
kurum	5
kururuwa	16
kurwar	1
kurwarsa	1
kurɓi	1
kusa	79
kusace	1
kusaci	4
kusan	14
kusatar	2
kusatarsa	1
kusato	15
kusatowa	2
kusatuwa	1
kushe	12
kushen	2
kushenku	1
kushenmu	1
kushenta	2
kuskura	4
kuskure	1
kusurwa	1
kusurwoyin	1
kusurwoyinsa	2
kutare	5
kutsawa	3
kutse	1
kuturta	1
kuturtar	2
kuturtarsa	1
kuturu	4
kuwa	1827
kuyanga	2
kuyangar	3
kuɓe	1
kuɓuce	4
kuɓucewa	1
kuɓuta	25
kuɓutar	21
kuɓutattu	1
kuɗi	31
kuɗin	26
kuɗina	1
kuɗinka	1
kuɗinsu	3
kuɗinta	2
kwa	31
kwaikwayi	1
kwakwazo	1
kwalaben	1
kwalkwakinmu	1
kwalkwalin	1
kwalliyar	1
kwamfa	1
kwamin	3
kwana	64
kwanaki	22
kwanakin	26
kwanan	2
kwanansa	1
kwanansu	2
kwance	26
kwanciya	1
kwanciyar	2
kwanciyarsa	1
kwando	7
kwanduna	4
kwanta	8
kwantar	3
kwanto	4
kwaram	1
kwarara	2
kwararo	4
kwararo-kwararo	1
kwari	1
kwarjini	1
kwasfar	1
kwashe	6
kwatanci	1
kwatancin	12
kwatancinsa	1
kwatanta	13
kwaɓarsu	1
kwaɓe	26
kwaɓi	3
kwaɗaita	1
kwaɗayi	9
kwaɗayin	4
kwaɗi	1
kwaɗon	2
kwiɓi	2
kwiɓina	1
kwiɓinsa	2
kya	2
kyakketa	4
kyakkyawa	6
kyakkyawan	25
kyakkyawar	12
kyan	4
kyanta	1
kyarkeci	2
kyarketai	4
kyau	57
kyauta	18
kyautan	1
kyautar	6
kyautarku	1
kyautata	11
kyautatu	1
kyautu	21
kyauudon	1
kyawawa	1
kyawawan	14
kā	18
kāda	2
kāna	1
kāre	5
kārewa	1
kāriyar	2
kārā	1
kāsa	18
kāsassu	1
kāshe	1
kă	6
la'akari	1
la'ana	1
la'ananne	6
la'anannu	3
la'anar	2
la'ance	2
la'anta	1
la'antar	1
la'antarwa	2
labari	23
labarin	47
labarina	1
labarinka	2
labarinku	2
labarinmu	1
labarinsa	15
labarinta	1
labarunsu	1
labudda	2
labule	1
labulen	4
lada	17
ladabi	9
ladabinku	1
ladan	2
ladansa	1
ladansu	2
ladar	4
ladarsa	4
ladarsu	1
laffa	1
lafin	1
lafiya	82
lafiyar	2
lafiyarki	1
lafiyarku	3
lafiyarmu	1
lafiyarsu	3
lafiyata	4
lafiyayye	6
lafiyayyu	3
lafsur	1
lahani	2
lahira	3
laifi	74
laifin	29
laifina	1
laifinka	2
laifinsa	6
laifinsu	1
laifinta	1
laifofi	2
laifofin	1
laifofinka	1
laifofinku	5
laifofinmu	5
laifofinsu	5
laifofinta	1
laima	1
laka	1
lalace	6
lalacewa	13
lalaci	1
lalas	1
lalata	6
lalatar	1
lallai	1
lallausan	4
lalle	106
laluba	1
lama	2
lamba	3
lambar	4
lambu	2
lambun	3
lambunsa	2
lamiri	16
lamirin	2
lamirinku	1
lamirinmu	2
lamirinsa	2
lamirinsu	6
lamuni	1
lamunin	1
lanƙwame	2
lardi	2
lardin	5
lardinsa	1
lasafta	25
lasaftawa	1
lasar	1
lashe	3
lauje	4
laujenka	2
laujensa	2
laulayinka	1
launinsu	1
lauya	1
layunsu	1
lazamce	1
lazamci	3
lazamta	1
lazimar	1
laƙabi	1
leƙa	3
leɓe	1
leɓunansu	1
likita	2
likitan	1
likkafani	2
likkafanin	9
lilin	13
linzami	2
lis	2
lissafi	2
lissafin	3
litattafin	1
littafan	1
littafi	4
littafin	25
littattafai	2
littattafan	16
littattafansu	1
littattafin	1
liyafa	1
lokaci	76
lokacin	122
lokacina	1
lokacinku	2
lokacinsa	9
lokacinsu	1
lokacinta	1
lokatai	3
lolloki	2
lollokinka	1
lomar	4
lu'ulu'u	8
lu'ulu'unku	1
lubban	2
lulluɓe	4
lulluɓi	1
lumana	2
lungu	1
lura	22
luɗu	2
ma	775
ma'aikaci	4
ma'aikacina	1
ma'aikata	4
ma'aikatan	4
ma'aji	1
ma'ajin	1
ma'ajinta	1
ma'amalarsu	1
ma'ammalarsu	1
ma'ana	3
ma'anar	12
ma'anarsa	1
ma'anarsu	1
ma'arzuta	1
mabartan	1
mabiyansa	3
mabubbugen	1
mabuɗan	2
mabuɗin	4
macancani	1
mace	52
macen	4
maci	1
maciji	6
macijin	15
maciya	4
macizai	8
madadin	1
madadinka	1
madadinmu	1
madalla	2
madara	1
madawwama	2
madawwami	44
madawwamin	7
madawwamiya	1
madawwamiyar	11
madawwani	1
madubi	3
mafafitan	1
mafaka	1
mafakar	2
mafarkai	1
mafarke-mafarken	1
mafarki	5
mafarkin	1
mafi	34
mafifici	6
mafificin	8
mafificiya	2
mafificiyar	6
mafifita	2
mafifitan	10
mafita	1
mafitar	1
mafiya	1
magabci	3
magabcin	5
magabcinka	1
magabcinsa	1
magabta	1
magabtan	3
magabtanku	4
magadan	1
magagi	1
magaji	1
magajin	2
magana	238
maganar	157
maganarka	9
maganarku	3
maganarmu	3
maganarsa	27
maganarsu	5
maganarta	2
maganata	28
maganganu	11
maganganun	5
maganganunsu	2
magani	3
magariba	12
magina	5
magini	1
maginin	4
magininsa	1
magāda	4
magādan	2
magāji	3
magājin	4
maha'inci	1
mahaifi	2
mahaifin	7
mahaifina	3
mahaifinka	7
mahaifinsa	31
mahaifinsu	3
mahaifinta	1
mahaifiya	2
mahaifiyar	12
mahaifiyarka	7
mahaifiyarsa	33
mahaifiyarsu	1
mahaifiyarta	8
mahallaka	6
mahallakar	2
mahankalta	2
mahauta	1
mahayansu	2
mahayinsa	4
mahaɗar	1
maho	1
mahon	3
mahukunci	2
mahukunta	15
mahukuntan	1
mahukuntansu	1
mai	1129
maido	1
maigida	9
maigidan	8
maigidansa	2
maimaita	2
maimaitawar	1
maimakon	8
maishe	9
maiɗakina	1
majalisa	20
majalisar	9
majalisarsu	2
majami'a	27
majami'ar	10
majami'armu	1
majami'arsu	4
majami'u	13
majami'un	3
majami'unku	1
majami'unsu	5
majemi	3
majiya	1
majiyanta	1
maka	136
makabarta	5
makabartar	1
makafi	14
makafin	3
makaho	19
makahon	7
makale	1
makamai	3
makaman	3
makamanmu	1
makamantan	2
makance	2
makantar	3
makarantar	1
makarar	1
makasansa	1
makawa	2
makaɗaici	2
makaɗaicin	8
make	1
makidar	1
makidodinsa	1
makirci	6
makircin	3
makircinsa	1
makircinsu	5
makiyaya	3
makiyayan	2
makiyayar	1
makiyayi	7
makiyayin	3
makiyayinsu	1
mako	9
makoki	2
makomarsu	2
makwaɗaici	1
makwaɗaita	2
makyarkyata	1
mala'ika	33
mala'ikan	53
mala'ikana	1
mala'ikansa	4
mala'iku	48
mala'ikun	21
mala'ikunsa	13
mala'ikunsu	1
malalaci	2
malalata	2
malamai	3
malaman	53
malamansu	3
malami	1
malamin	5
malaminku	1
malaminsa	4
mallaka	10
mallakar	14
mallakarka	3
mallakarku	1
mallakarmu	2
mallakarsa	6
mallakarsu	1
mallakata	2
mallake	4
mallaki	6
mama	1
mamaci	1
mamacin	2
mamaki	47
mamakin	21
mamakinsa	3
mamallaki	1
mamansu	1
mamanta	1
mamatsar	4
mamaye	3
mammare	1
man	15
mana	184
managarci	4
mance	4
mangararsa	1
mani	1
manisanta	1
manku	1
manna	4
manne	5
manoma	4
manoman	10
manomi	2
manta	3
mantawa	1
manufa	1
manufar	4
manufarsa	1
manufarsu	1
manufarta	1
manya	10
manyan	107
manzanci	1
manzancin	1
manzancina	1
manzanni	30
manzannin	30
manzanninsa	2
manzo	13
manzon	8
manzona	3
manzonsa	1
manzonta	1
mara	3
maraba	8
marabce	1
maraice	5
marar	117
marasa	138
marayu	2
maraƙi	2
maraƙin	3
mare	4
mari	3
marin	1
marinsa	2
marmari	1
marmarin	5
marmaro	1
marmatse	1
martaba	8
martabarku	3
marubata	1
marubucin	1
maruƙa	2
maruƙana	1
masa	750
masaki	4
masana	2
masanan	11
masani	3
masanin	6
masarauta	3
masarautai	1
masassaƙin	2
masauki	3
masaukin	3
masaukina	1
masaukinsa	1
masha'a	4
mashaidan	1
mashaidana	1
mashaidi	1
mashaidin	2
mashaidina	5
mashaidinsa	1
mashaya	3
mashayi	5
mashi	1
masifa	4
masifu	2
maso	2
masomin	2
masoyan	1
masoyana	1
masoyanku	2
masoyanmu	1
masoyansu	1
masoyin	1
mastad	4
masu	755
masujada	2
masujadar	2
masujadata	1
masukai	1
masunta	2
masuntan	3
masussukarsa	2
mata	139
matacce	7
mataccen	1
matacciya	6
matafiyi	1
mataimaka	3
mataimakansa	1
mataimaki	1
mataimakina	1
matakala	2
matalauci	3
matalaucin	1
matalauciya	1
matalauciyar	2
matalauta	10
matalautan	1
matan	14
matanku	4
matansu	5
matar	56
matarka	3
matarmu	1
matarsa	32
matashi	1
matashin	2
matattu	132
matattun	2
matattunsa	1
matoya	1
matsa	10
matsafa	3
matsafi	1
matsakanci	2
matsakancin	2
matsakancinsa	1
matsala	1
matsalar	1
matsanancin	16
matsananciyar	14
matsananta	1
matsarka	2
matsarsa	3
matsattsu	1
matsawa	2
matsayi	3
matsayin	6
matsayinku	1
matsayinsa	1
matse	3
matsegunta	1
matsiyacin	1
matso	27
matsorata	1
matsowa	1
matsu	2
matsubbata	1
matsuwar	1
matuntaka	1
matuttu	1
matuƙa	28
matuƙar	52
matuƙi	1
mawadaci	2
mawadata	1
mawaƙa	1
mawaƙanku	1
mayafansu	7
mayafi	6
mayafin	4
mayafinka	2
mayafinsa	12
mayalwaci	1
mayalwacin	2
mayalwaciyar	1
mayani	3
mayanin	2
mayanka	1
mayar	9
mayaudara	1
mayaudaran	1
mayaudarin	2
mayaudarinsu	1
maye	5
mayunwata	1
maza	47
mazaje	1
mazambaci	1
mazambata	3
mazanku	3
mazansu	7
mazauna	2
mazaunai	4
mazaunan	20
mazauni	2
mazaunin	4
mazauninsa	2
mazauninsu	1
mazinaciya	2
mazinata	3
maƙamai	2
maƙamin	2
maƙaminsa	1
maƙaminsu	1
maƙaryaci	5
maƙaryacin	1
maƙaryata	4
maƙasudi	4
maƙera	1
maƙerin	2
maƙetata	1
maƙil	2
maƙiya	2
maƙiyan	6
maƙiyanka	5
maƙiyanku	2
maƙiyanmu	1
maƙiyansa	3
maƙiyansu	2
maƙiyinka	1
maƙure	3
maƙwabci	1
maƙwabcinka	3
maƙwabcinsa	3
maƙwabta	3
maƙwabtanka	1
maƙwabtansu	1
maɓallin	1
maɓarnacciyar	1
maɓoyar	1
maɓuɓɓuga	1
maɓuɓɓugan	3
maɓuɓɓugar	2
maɗankakin	1
maɗaukakin	5
maɗaurin	2
maɗinkan	1
maɗorinta	4
maɗugo	1
me	153
mece	4
mene	18
metan	9
miji	8
mijin	3
mijinki	4
mijinta	20
miki	10
mil	8
mini	228
mirgina	2
mirgine	4
misalai	12
misalan	2
misali	31
misalin	25
misalta	4
misaltuwa	3
miskilai	1
mitsil	1
miya	1
miyaku	1
miyakunsa	1
miyakunsu	1
mizani	1
miƙa	74
miƙawa	2
miƙaƙƙiyar	1
miƙaƙƙun	2
miƙe	26
miƙewa	1
miƙo	1
molayen	1
molo	5
more	2
mori	7
moriyar	1
moron	2
moronta	1
motsa	7
motsi	2
motsinta	1
moɗa	2
mu	820
mu'ujiza	9
mu'ujizai	27
mu'ujizan	13
mu'ujizar	4
muddin	25
mudu	4
mudun	1
mugaye	18
mugayen	21
mugu	5
mugum	1
mugun	48
mugunta	41
muguntar	2
muguntarsa	1
muguntarsu	4
muguwar	21
muhawwara	19
muhawwarar	2
muhimman	1
muhimmanci	2
muhimmi	3
muhimmin	1
muka	224
mukan	8
muke	148
muku	536
mulki	51
mulkin	35
mulkina	4
mulkinka	1
mulkinsa	7
mulkinsu	1
mulkinta	1
mulkokin	2
mummuna	1
mummunan	6
mummunar	6
mun	147
muna	157
munafiƙi	2
munafukai	14
munafuki	2
munafunci	5
munafuncinsu	1
munana	2
munanan	4
muni	3
muninsa	1
mur	4
murabba'i	1
muradi	1
muradin	1
muradinku	1
muradinsu	2
muraran	1
murfin	1
murhu	1
murna	24
murnar	1
murnarku	1
murnarsa	1
murtsukewa	1
murus	1
murya	89
muryar	17
muryarki	1
muryarsa	10
muryarsu	2
muryata	5
muryoyi	1
musa	6
musakai	1
musamman	25
musawa	2
mushe	3
mustad	1
musu	647
musun	19
musunta	1
mutane	289
mutanen	110
mutanena	1
mutanenmu	1
mutanensa	5
mutanensu	1
mutu	109
mutum	303
mutumin	125
mutun	1
mutunci	7
mutuncin	2
mutuncinmu	2
mutuniyar	2
mutuntaka	38
mutuntake	1
mutuwa	102
mutuwar	13
mutuwarku	1
mutuwarsa	8
mutuwarsu	1
mutuwata	1
muzanta	1
muƙaddas	1
muƙaddashin	4
mw	1
mā	6
māsu	1
mărin	1
na	1703
na'am	37
na'ana'a	2
nace	18
nacewa	3
naci	1
nacin	2
nacinsa	1
naciya	1
naciyarsu	1
nadama	3
nadirin	1
nadāma	1
nagargaru	2
nagari	34
nagarta	14
naka	29
nakan	13
nake	263
naku	18
nama	8
naman	16
namansu	1
namanta	1
namiji	18
namomin	4
namu	31
nan	2153
nanatawa	1
nanuwadda	1
nardi	2
narkar	1
nasa	28
nasara	26
nasararki	1
nasararta	1
nasiharka	1
nassi	1
nassin	1
nasu	12
nata	3
natsattse	2
natsattsu	4
natse	1
natsu	6
natsuwa	8
naushin	1
nauwaita	1
nauyaya	8
nauyi	8
nauyin	8
nauyinsu	1
nawa	45
nawaita	1
nazarin	2
naƙasa	1
naƙuda	6
naƙudarku	1
naɗa	7
naɗe	4
naɗin	1
ne	2451
negari	1
nema	54
neman	61
nemana	2
nemanka	4
nemansa	5
nemansu	1
nemanta	1
nemar	3
neme	11
nemi	27
nemo	1
nen	1
nesa	50
ni	855
ni'imar	2
ni'imarsu	2
ni'imta	1
nike	1
ninka	1
ninki	1
ninkin	5
ninkinsu	3
ninƙaya	1
nisa	6
nisan	1
nisansa	1
nisawa	1
nishaɗi	2
nishaɗinku	1
nishe-nishen	1
nishi	3
nishinsu	1
niyya	13
niyyar	22
niyyarku	3
niyyarmu	1
niyyarsa	1
niyyarsu	1
niyyata	3
niƙa	7
niƙe	2
noma	7
nonnan	1
nono	2
nonon	1
noƙe	1
nufa	12
nufe	4
nufi	28
nufin	54
nufina	4
nufinka	8
nufinku	3
nufinsa	18
nufinsu	3
nufinta	1
nufo	5
nukura	1
numfashi	2
numfashin	1
numfashinsa	1
nuna	115
nunan	6
nunanta	1
nuni	2
nunnuna	3
nushe	1
nutsar	1
nutse	1
nutsewa	1
nā	1
onis	1
ra'ayi	6
ra'ayin	4
ra'ayina	1
ra'ayinka	1
ra'ayinku	4
ra'ayinsa	2
ra'ayinsu	3
ra'in	2
ra'ina	2
ra'inku	1
ra'insu	1
raba	26
rabe	8
rabi	1
rabin	8
rabo	10
rabon	1
rabona	1
rabonsa	3
rabonsu	1
rabu	56
rabuwa	12
rabuwarsa	1
ragamar	1
ragargaje	3
ragargajewa	2
ragargejewa	1
rage	8
ragi	1
rago	3
ragon	2
ragowa	1
ragowar	4
ragu	2
raguwa	1
ragwanci	1
ragwaye	1
rahama	2
rahoto	1
rai	193
raina	31
rainako	1
raini	3
raira	5
rairar	1
rairayi	1
raka	8
rakiya	2
rako	7
rama	6
rami	6
ramin	6
ramummuka	2
ramummukansu	2
ramuwa	1
ran	59
rana	162
ranaku	3
ranakun	2
ranan	1
ranar	101
rance	4
randuna	1
randunan	1
rangwame	1
rangwanta	1
ranka	7
ranku	9
ranmu	5
ransa	47
ransu	8
ranta	4
rantse	23
rantse-rantse	1
rantserantse	1
rantsuwa	14
rantsuwar	2
rantsuwarsa	3
rarraba	11
rarrabe	5
rarrabewa	4
rarrabu	1
rarrabuwa	2
rarrashe	1
rarrashi	3
rarrashin	2
rarrashinsa	1
rarrasuwa	1
rarrauna	10
rarraunan	3
rarraunar	2
rasa	45
rashi	7
rashin	97
rashinku	1
rashinsu	1
rashinta	2
rassa	2
rassan	8
rassansa	2
rassanta	2
rasu	7
rataya	5
rataye	1
ratsa	14
ratse	1
rattaba	3
raunana	11
raunanan	1
raunanata	4
rauni	6
rauninmu	1
rauninsa	2
rauninsu	1
rauninta	1
raunukansa	2
raunukansu	1
raurawa	3
raurawar	3
rawa	11
rawani	1
rawar	17
rawaya	1
raya	9
rayar	4
rayarwa	3
rayayye	4
rayayyen	4
rayayyiya	5
rayayyiyar	4
rayayyu	9
rayayyun	14
raye	34
raye-raye	1
rayu	28
rayukan	3
rayukanku	4
rayukanmu	3
rayuwa	16
rayuwar	3
rayuwarku	2
rayuwarsa	4
rayuwata	1
raƙuman	7
raƙumi	6
raɓo	3
raɗa	4
raɗe	2
raɗeraɗinsa	1
rene	3
reshe	3
reshen	1
reto	1
riba	10
ribace	3
ribar	4
ribarku	2
ribata	1
ribɗe	1
ridda	1
riga	96
rigarsa	1
rigata	1
rigima	1
riguna	5
rigunansu	3
rigyasanin	1
rigyasaninsa	2
rigyawa	1
rijiya	1
rijiyar	3
rike	1
rinjayar	4
rinjayarsu	2
rinjaye	13
rinjayi	9
rinjayu	2
rirriƙe	1
riske	1
riski	2
riya	3
riƙa	85
riƙaƙƙiyar	1
riƙe	45
riƙi	13
riƙo	4
riƙon	9
riɓa	1
riɓanya	2
riɓi	6
romon	2
rotsi	1
roƙa	22
roƙansa	1
roƙar	4
roƙe	62
roƙe-roƙe	1
roƙi	24
roƙo	15
roƙon	10
roƙona	2
roƙonka	11
roƙonki	1
roƙonku	20
roƙonmu	1
roƙonsa	5
roƙonsu	1
ruba	3
rubu'in	1
rubuce	87
rubuta	79
rubutacce	1
rubutacciyar	2
rubutattun	1
rubuto	39
rubutu	7
rubutun	1
rubuuce	1
rufe	47
rufewa	2
rufin	3
ruga	7
rugawa	1
rugungunta	1
rugunguta	1
ruhohi	3
ruhohin	3
ruhohinmu	1
ruhohinsu	1
ruhu	52
ruhun	8
ruhuna	10
ruhunka	1
ruhunku	1
ruhunmu	1
ruhunsa	1
rumbu	1
rumbuna	1
rumbunana	1
rumbunsa	2
rundunar	5
rundunarsa	1
rundunonin	2
rundunoninsu	1
rungume	8
rungungunta	1
runtse	2
ruri	2
rurrufe	1
rurrushe	1
ruruwa	4
rusa	2
rusawa	1
rushe	24
rushewa	1
rusuna	2
ruwa	100
ruwan	98
ruwana	3
ruwanka	6
ruwanku	3
ruwanmu	2
ruwansa	2
ruwansu	3
ruwanta	1
ruwaye	1
ruya	1
ruɓa	14
ruɓar	2
ruɓe	1
ruɓewa	1
ruɗa	2
ruɗaɗɗe	2
ruɗaɗɗiya	1
ruɗe	16
ruɗi	7
ruɗin	2
ruɗu	1
rāɓu	1
sa	412
sa'a	15
sa'ad	134
sa'an	93
sa'ar	2
saba	14
saba'in	6
sababbin	5
sabaktāna	1
sabaktāni	1
sabawarsu	1
sabgar	1
sabili	12
sabo	5
saboda	396
sabon	29
sabunta	4
sabuntawa	1
sabuntawar	1
sabuwa	1
sabuwar	11
sace	3
sace-sacensu	1
sada	1
sadaka	13
sadakar	4
sadakarka	3
sadakarsu	1
sadakoki	3
sadaukar	2
sadu	7
safe	6
saffir	1
sahihai	3
sahihan	1
sahihanci	2
sahihancin	1
sahihi	1
sahihin	1
sahihiya	3
sahihiyar	14
sai	1602
saiwa	3
saiwar	3
saiwarsa	1
saka	14
sakaci	1
sakaka	1
sakakkiya	3
sakamako	8
sakamakon	11
sakamakonku	4
sakamakonsu	1
sakankance	5
sakar	14
sakayyar	2
sake	27
sakemako	1
sakewa	1
saki	27
sakinka	1
sako	2
saku	1
sakuwa	2
salama	55
salamar	2
salamarku	2
salamarmu	1
saliha	1
salihai	1
salihanci	3
salihi	2
salkuna	6
salkunan	6
sallama	6
sallame	14
sallami	10
sam	16
sama	123
samamme	1
samaniya	3
samar	3
samari	3
samarin	1
samarinku	1
samariyawa	1
samartakarka	1
same	59
sami	240
saminu	1
sammai	8
samo	8
samu	76
samun	69
samuna	1
samunku	1
samunsa	4
samunsu	2
samunta	2
samuwa	10
san	313
sana'a	3
sana'ar	1
sana'arsa	1
sana'arsu	1
sanadi	1
sanadin	20
sanadinku	1
sanadinmu	1
sanadinsu	1
sanadodin	2
sananne	7
sanannen	1
sanar	76
sanarwa	4
sanarwar	2
sanasshe	2
sanda	11
sandan	2
sandar	3
sandarewa	1
sandarsa	2
sane	1
sangartattu	1
sani	193
sanin	33
sanina	11
saninka	2
saninku	1
saninmu	1
saninsa	7
sannu	2
sansana	1
sansanin	1
sanu	2
sanyaya	6
sanye	4
sanyi	8
sanyin	2
sara	5
sarai	17
sarakuna	15
sarakunan	11
sarantar	1
sarari	11
sararin	21
sarauniya	1
sarauniyar	1
sarauta	9
sarautar	2
sarautarka	2
sarautarsu	1
sarayar	12
sare	11
sarewa	5
sari	1
sarka	2
sarki	46
sarkin	14
sarkinki	1
sarkinku	2
sarkinsu	1
saro	1
sarrafa	9
sarrafar	1
sarƙa	17
sarƙafe	1
sarƙafewa	2
sarƙan	2
sarƙar	3
sarƙaƙƙiya	2
sarƙe	6
sasanta	1
sashe	1
sashi	1
sashin	3
sashinta	1
sassafe	6
sassare	1
sassauka	1
sassauta	2
sassauƙa	1
sassauƙan	1
sassaƙa	2
sassaƙar	1
sata	14
sau	38
sauka	36
saukar	8
saukarsa	2
sauke	7
sauki	2
sauko	45
saukowa	13
saura	14
sauran	88
sauranku	1
sauransu	2
saurar	1
saurara	7
saurare	30
saurari	13
sauraro	1
sauraron	16
saurarona	2
sauraronka	1
sauraronku	3
sauraronmu	3
sauraronsa	2
sauraronsu	4
sauraronta	1
saurayi	4
saurayin	7
sauren	1
sauri	2
saurin	9
sausayarsa	1
sausaye	3
sauya	11
sauyawa	1
sauƙi	8
sauƙin	3
sawa	11
sawu	5
sawun	1
sawunsa	1
sawwaƙe	6
saya	4
sayar	23
sayarwa	7
sayayyar	1
saye	27
sayen	3
sayi	8
sayo	5
saƙa	1
saƙon	1
saƙonsu	1
saɓa	5
saɓanin	5
saɓi	5
saɓo	12
saɓon	6
saɗaɗawa	1
saɗaɗo	3
sha	275
sha'ani	1
sha'anin	16
sha'anina	1
sha'aninku	1
sha'aninmu	1
sha'aninsa	1
sha'aninsu	1
sha'awa	12
sha'awace-sha'awace	5
sha'awace-sha'awacen	2
sha'awace-sha'awacenku	1
sha'awace-sha'awacensu	1
sha'awace-sha'wacen	1
sha'awar	2
sha'awarku	1
sha'awarsa	2
sha'awarsu	2
sha'awoyin	1
sha'awoyinsa	1
sha'ir	3
shafa	14
shafaffe	1
shafar	2
shafawa	2
shafe	27
shafewa	1
shafi	6
shagala	2
shagali	3
shagalin	1
shagalinsu	1
shagulgulan	1
shahara	5
shaharar	1
shahararren	2
shahararru	1
shahararrun	1
shaida	81
shaidar	41
shaidarka	2
shaidarmu	2
shaidarsa	5
shaidarsu	2
shaidarwa	2
shaidata	7
shaidawa	3
shaide	12
shaidi	10
shaidu	14
shaidun	2
shaiduna	2
shaidunsa	1
shakka	15
shakkar	1
shammaci	1
shammatarsu	1
shan	77
shansa	1
shanu	3
shanun	2
shanuna	1
shanyayye	5
shanyayyen	10
shanyayyenu	1
shanyayyu	2
shanye	5
shanyewa	1
shar	1
shararre	2
share	8
shari'a	67
shari'ar	12
shari'arku	2
shari'armu	2
shari'arsa	1
shari'una	2
sharo	1
sharrin	1
sharuɗan	1
shashanci	3
shassha	4
shawara	23
shawarar	2
shawararsa	1
shawararsu	1
shawarata	1
shawo	3
shayar	4
shaye-shaye	4
shaƙatawa	3
shegu	1
shekara	55
shekaran	2
shekarar	3
shekaru	6
shekarun	5
shekarunka	1
shekel	3
shekunansu	1
shela	3
shelar	7
shelarsa	2
sheƙa	1
sheƙarsu	2
sheƙe	1
sheƙi	2
sheƙo	2
sheƙunan	1
shi	2517
shida	22
shiga	274
shigar	5
shigarku	5
shigarsa	1
shigarsu	1
shige	2
shigo	30
shigowa	1
shigowata	1
shila	1
shimfiɗa	5
shimfiɗarka	7
shimfiɗarsa	3
shimfiɗata	1
shimfiɗe	1
shimfiɗunsu	1
shin	2
shinge	5
shirayi	1
shirayin	2
shiri	12
shirin	20
shirinsu	1
shiririta	3
shirme	1
shiru	26
shirya	45
shiryar	1
shiryawa	2
shiryayye	2
shiryayyiya	1
shirye	13
shirye-shirye	1
shiryu	1
shishigi	1
shisshigi	2
shisshimfiɗa	3
shisshirya	3
shiƙarsa	2
shuci	1
shugaba	15
shugaban	41
shugabana	2
shugabance	2
shugabancinsa	1
shugabanmu	1
shugabanni	29
shugabannin	20
shugabanninku	5
shugabanninmu	1
shugabanninsu	4
shugabansa	1
shugabansu	1
shugabanta	1
shugabantar	1
shuka	38
shukan	1
shukar	4
shukawa	3
shuke-shuke	1
shunayya	2
shure	1
shuri	1
shuɗe	19
shuɗewa	8
shuɗi	1
si	1
siffa	2
siffar	10
siffarsu	1
siffarta	6
siffata	1
siffatu	1
siffofin	1
sihiri	6
sihirin	1
sihirinki	1
sihirinsa	1
sihirinsu	1
siliki	1
sittin	11
so	152
soja	30
sojan	17
sojansa	2
sojoji	2
soka	4
soke	8
soki	1
soma	2
son	68
sona	5
sonka	3
sonkai	11
sonsa	1
sonsu	1
soraye	2
soro	6
soron	5
sosai	55
soso	3
sowa	8
sowar	1
soyayya	1
soyayyarku	1
su	2130
sujada	59
suka	2259
sukan	39
sukar	1
suke	497
sukuni	1
sukunin	1
sukuwa	1
sulhu	5
sulhun	1
sulhunta	8
sulhuntawa	2
sulhuntawar	1
sulhuntu	1
sulken	1
sulkenku	1
sulkuna	2
sulluɓe	1
sulusin	14
suma	1
sumba	7
sumbace	1
sumbance	1
sumbantar	1
sumbantarsa	3
sumbantarsu	1
sumbar	1
sumbatarsa	1
summai	1
sun	365
suna	677
sunan	78
sunana	30
sunanka	20
sunanku	1
sunansa	27
sunanta	5
sunaye	1
sunayen	4
sunayenku	1
sunayensu	4
sunkuya	3
sunkuyar	2
sunkuyawa	2
sunkuye	1
sura	1
surar	7
sure	1
surorin	2
suruka	1
surukar	1
surukarta	2
surukin	1
surutai	1
surutan	1
surutu	2
surutunsu	1
sussuka	4
sutura	4
suturta	3
suɗin	3
sā	2
sāce	1
sāka	14
sāke	131
sākewa	5
sākewar	1
sāki	1
sāne	3
sāye	2
sāɓa	4
sāɓi	1
sāɓo	8
sāɓon	3
săke	1
săki	1
ta	2348
ta'azantar	5
ta'azantu	1
ta'azantuwarku	2
ta'aziyya	8
ta'aziyyar	5
tabarma	1
tabarmi	1
tabbace	1
tabbai	1
tabbata	184
tabbatacce	3
tabbataccen	1
tabbatacciya	17
tabbatacciyar	4
tabbatar	63
tabbatarsa	1
tabbatarwa	14
tabbatattun	1
tabbatawar	2
tabo	3
tace	3
tafarki	4
tafarkin	7
tafarku	1
tafasa	1
tafe	13
tafi	212
tafifiya	1
tafiya	78
tafiyar	16
tafiyarka	4
tafiyarki	1
tafiyarku	2
tafiyarmu	2
tafiyarsa	13
tafiyarsu	4
tafiyata	2
tafkin	6
taga	2
tagar	1
tagari	2
tagomashi	3
tagulla	5
taguwa	4
taguwar	1
taguwarka	2
taguwarsa	2
taho	4
taimaka	2
taimake	15
taimaki	8
taimako	10
taimakon	6
taimakonku	1
taimakonsu	4
tak	16
taka	7
takaici	1
takalma	4
takalmansa	2
takalmi	2
takalminka	2
takalminsa	3
takan	12
takanas	2
takarda	1
takardar	3
takardarka	2
takarkari	3
takarkarinsa	1
takawa	1
take	227
taki	4
takobi	21
takobin	4
takobinka	2
takobinsa	3
taku	8
takuba	7
takunkumi	2
takwas	15
talakawa	11
talanti	12
talantin	1
talantinka	1
talatin	13
talauci	1
talaucinka	1
talaucinsa	1
talaucinsu	1
talikan	1
taliki	1
tallafa	2
tallafe	2
tallafinta	1
tamani	2
tamanin	4
tamata	2
tambaya	23
tambayar	3
tambayarsa	10
tambayarsu	1
tambayata	1
tambaye	53
tambayi	10
tambayo	1
tambayoyi	2
tamoji	1
tamu	6
tana	131
tanada	9
tanadar	13
tanadi	2
tanadin	4
tandu	3
tandun	1
tangaɗi	1
tanka	1
tankiya	2
tantama	1
tanti	1
tanttambayi	1
tanƙwara	1
tanƙware	1
tanƙwasa	1
tara	33
taraddadin	4
taraddadinku	1
taran	4
tarar	29
tararwa	1
tarawa	3
tarayya	23
tarayyar	1
tarayyarku	3
tarayyata	1
tarbiyya	1
tarbiyyar	1
tare	432
tarfarki	1
tarihin	1
tarkacen	1
tarko	3
tarkon	2
taro	60
taron	86
taronku	3
taronmu	1
taronsu	1
taru	40
tarun	4
tarunansu	2
tarunku	1
tarunsu	3
taruwa	6
taruwarku	1
taruwarmu	1
tarye	10
taryen	1
taryensa	3
taryi	1
taryo	1
tasa	29
tasa'in	4
tasar	23
tasarsa	7
tashe	48
tashi	197
tashin	38
tashina	1
tashinmu	1
tashinsa	4
tasiri	3
taska	2
taskar	4
taskarsa	1
taskata	1
taso	13
tasoshi	1
tasoshin	3
tasowa	1
tasu	11
tata	1
tatil	1
tatsuniyoyi	2
tatsuniyoyin	1
tattabarai	4
tattaka	1
tattake	8
tattalin	6
tattalinsa	3
tattara	9
tattare	1
tattaro	10
tattofa	4
tattoshe	1
taurara	1
taurarar	1
taurare	8
taurarewar	1
taurari	11
taurarin	4
tauraro	3
tauraron	6
tauraronsa	1
taure	1
tauri	3
taurin	4
taurinkai	2
taurinkanku	2
tausayi	16
tausayin	9
tausayina	4
tausayinka	2
tausayinku	1
tausayinmu	2
tausayinsa	1
tausayinsu	5
tausayinta	1
taushin	1
tawa	10
tawada	1
tawali'u	22
tawali'un	2
tawaye	9
tawayen	8
taya	12
tayar	6
tayi	3
taƙaice	3
taƙaita	4
taƙaitaccen	2
taƙama	22
taƙamar	2
taƙamarmu	3
taƙamarsu	1
taƙamata	1
taƙi	3
taɓa	122
taɓe-taɓe	1
tebur	1
teburin	1
teburorin	2
teburorinsu	1
teku	50
tekun	16
tekuna	1
tilas	6
tilasta	9
tilastawa	1
tilo	1
to	135
tofa	4
tofar	2
tofaz	1
toho	4
toka	3
tokar	1
tona	4
tone	1
tono	1
tonu	5
toshe	8
tozari	1
tozarta	3
tozo	1
tsaba	2
tsabar	2
tsabta	7
tsabtacewar	1
tsada	2
tsadar	2
tsaf	1
tsafin	1
tsaga	1
tsage	4
tsaguwa	2
tsai	20
tsaishe	1
tsaitsaye	18
tsaitsayen	4
tsaka	8
tsakani	5
tsakanin	14
tsakanina	1
tsakaninka	1
tsakaninku	13
tsakaninmu	2
tsakaninsu	9
tsakar	14
tsakatsaki	1
tsaki	1
tsakinta	2
tsakiya	3
tsakiyar	19
tsakiyarsu	8
tsalle	3
tsalle-tsalle	1
tsami	4
tsamin	2
tsammaci	3
tsammani	19
tsammanin	2
tsammaninku	1
tsammaninsu	2
tsamo	2
tsanance-tsanancen	1
tsanani	32
tsananin	30
tsananinsa	1
tsananta	35
tsanantacciyar	1
tsanantarwa	1
tsanantawa	1
tsantsa	3
tsantsar	1
tsara	4
tsararrakina	1
tsararrakinka	1
tsararrun	1
tsare	25
tsarin	2
tsarinku	1
tsarkaka	85
tsarkakakke	2
tsarkakakken	1
tsarkakakkiya	2
tsarkakakkiyar	2
tsarkakakku	5
tsarkakan	7
tsarkakanka	1
tsarkakansa	4
tsarkake	52
tsarkaken	1
tsarkakewa	6
tsarkakewar	3
tsarkakewarka	2
tsarkakewarsu	1
tsarkakku	1
tsarki	45
tsarkin	5
tsarkinsa	2
tsaro	8
tsaron	9
tsaronmu	1
tsaronsa	4
tsatsa	2
tsatso	1
tsatson	3
tsattsage	1
tsattsaguwa	2
tsattsare	1
tsattsarka	21
tsattsarkan	10
tsattsarkar	7
tsauni	1
tsaunuka	1
tsaurin	1
tsauta	2
tsawa	3
tsawaita	1
tsawata	20
tsawatar	1
tsawatarwa	3
tsawo	6
tsawon	4
tsawonsa	2
tsawonta	1
tsaya	73
tsayawa	2
tsayawar	1
tsayayya	8
tsayayyar	1
tsayayyiyar	1
tsaye	76
tsayen	1
tsayi	1
tsegunguma	1
tserar	2
tsere	11
tseren	2
tserena	1
tsibiri	3
tsibirin	22
tsimi	1
tsince	5
tsini	1
tsinkato	1
tsinkayarka	1
tsinkayo	2
tsinkewa	1
tsintsinka	2
tsira	18
tsiraicinka	1
tsiraicinsa	1
tsiraita	1
tsirar	1
tsirara	3
tsire-tsire	1
tsire-tsiren	2
tsire-tsirenta	1
tsirkiya	1
tsiro	8
tsirowa	1
tsit	5
tsiyaye	4
tsofaffi	1
tsofaffin	4
tsofewa	1
tsoho	3
tsohon	5
tsohona	2
tsohonku	1
tsohuwa	1
tsohuwar	6
tsohuwarka	3
tsohuwata	6
tsoka	4
tsokana	1
tsokanar	1
tsokanarsa	1
tsokani	1
tsokar	1
tsoma	4
tsorace	2
tsoraci	1
tsorata	18
tsoro	66
tsoron	47
tsoronka	2
tsoronsa	7
tsoronsu	2
tsororuwa	1
tsororuwar	2
tsotsi	1
tsufa	7
tsufanta	1
tsukun	1
tsumagu	2
tsumma	2
tsummoki	2
tsuntsaye	16
tsuntsu	2
tsutsotsi	4
tuba	56
tubar	2
tubarku	3
tubarsu	1
tuddai	1
tudu	5
tufa	9
tufafi	20
tufafin	7
tufafina	1
tufafinsa	13
tufafinsu	3
tufar	5
tufarsa	1
tufasar	3
tufata	1
tufatarwa	1
tufka	1
tuhumar	1
tuhumarmu	1
tuhumarsa	1
tuhumata	2
tuhume	4
tuhumi	1
tuhunce	1
tukuna	43
tukwane	3
tukwanen	1
tula	2
tulu	1
tulun	2
tuluna	1
tulunta	1
tumaki	18
tumakin	16
tumakina	4
tumakinsu	1
tumɓukakku	1
tumɓuke	2
tun	219
tuna	44
tunani	10
tunanin	7
tunanina	4
tunaninku	2
tunaninmu	1
tunaninsu	6
tunawa	26
tuni	8
tunin	1
tunkiya	3
tunkiyata	1
tuno	1
tuntuɓe	37
tura	7
turare	13
turaren	4
ture	3
turke	1
turo	5
turu	1
turun	1
turɓaya	3
turɓayar	2
turɓune	1
tushe	6
tushen	10
tushensa	1
tushensu	1
tutocin	1
tuttunkuɗawa	1
tutturarka	1
tuttuɓe	1
tuƙe	1
tuƙi	5
tuƙin	1
tuɓe	7
tā	45
tāke	15
tāra	3
tāsa	3
tāsar	1
tāsarwa	1
tāsu	1
tă	33
tăki	1
tăre	1
uba	8
uban	11
ubangida	8
ubangidan	5
ubangidana	1
ubangidanka	2
ubangidansa	14
ubangidansu	1
ubangiji	3
ubangijin	2
ubangijinsa	5
ubangijinta	1
ubanku	6
ubanmu	12
ubanni	3
ubanninmu	1
ubansa	5
ubansu	1
uku	126
ukun	5
ulu	2
umarce	31
umarci	14
umarnai	1
umarnaina	1
umarnan	4
umarnansu	1
umarni	81
umarnin	41
umarnina	3
umarninka	1
umarninku	1
umarninsa	9
umarta	6
umartar	2
umartarka	1
umartarsu	1
umurce	1
ungulai	2
ushiri	5
ushirin	3
uwa	1
uwar	4
uwargida	3
uwargijiya	3
uwargijiyarmu	2
uwarmu	1
uwata	1
uwaye	1
uwayenka	1
wa	1207
wa'adi	1
wa'adin	3
wa'adinsu	1
wa'azi	41
wa'azin	23
wa'azina	1
wa'azinmu	1
wa'azinsa	1
wa'azinta	1
waccan	2
wace	17
wadace	1
wadanda	1
wadannan	1
wadar	2
wadata	13
wadda	142
wahala	33
wahalar	20
wahalarmu	2
wahalarsa	3
wahalarsu	2
wahalce-wahalcenmu	1
wahalshe	7
wahayan	1
wahayi	15
wahayin	5
wai	3
waiwaya	5
waiwayi	1
wajaba	9
wajabta	1
wajajen	1
waje	41
wajen	112
wajensa	2
wajensu	2
wajibcin	1
wajibi	13
wajibinmu	1
wakana	1
wakilai	1
wakilci	2
wakilcin	1
wakilcinka	1
wakili	1
wakilin	5
wakilina	1
wakilinsa	1
wakilta	1
walai	2
walƙiya	8
wan	1
wancan	14
wanda	760
wane	74
wanen	1
wani	682
waninku	14
waninmu	1
waninsu	2
waninta	1
wanka	4
wankakke	1
wankan	1
wanke	29
wanke-wanke	1
wankewanke	1
wanki	2
wankin	3
wanna	1
wannan	458
wanne	2
wannenku	3
wannenmu	1
wannensu	9
wanzu	6
wanzuwa	2
wanɗa	1
war	2
ware	6
warewa	1
warin	2
warkar	72
warkarwa	8
warke	25
warkewa	1
wartsakar	3
wartsake	2
warware	2
warwarewa	2
warwatsa	4
warwatsar	1
warwatse	4
warwatsu	2
wasali	1
wasan	3
wasansu	1
washe	5
wasiyya	3
wasiƙa	15
wasiƙar	10
wasiƙarmu	2
wasiƙata	2
wasiƙu	3
wasiƙun	1
wasiƙunsa	1
wason	1
waswasi	2
wata	264
watakila	5
watanni	1
watanta	1
wato	241
watsa	4
watsar	7
watsarwa	2
watse	2
wauta	13
wautar	1
wautata	1
wawa	7
wawan	1
wawaye	4
wawayen	2
wayar	1
waye	12
wayewa	3
wayewar	1
wayo	5
wayon	1
wayonsa	1
waƙa	6
waƙafi	1
waƙar	8
waƙoƙi	2
waƙoƙin	3
waɗancan	4
waɗanda	430
waɗannan	172
waɗanne	1
waɗansu	286
waɗansunku	5
waɗansunsu	12
wofi	12
wofince	1
wofinta	3
wofiya	1
wuce	20
wucewa	14
wuf	3
wukakanci	1
wulakance	1
wulakanci	4
wulakancin	2
wulakanta	20
wulakantacce	2
wulakantarwa	1
wulakantawa	1
wulgawa	2
wur	2
wurare	7
wuraren	2
wurga	2
wuri	55
wurin	493
wurina	19
wurinka	12
wurinku	26
wurinmu	8
wurinsa	97
wurinsu	22
wurinta	2
wuswasi	4
wuswasinsu	1
wuta	76
wutar	12
wutsiyarsu	3
wutsiyoyinsu	1
wutu	1
wuya	58
wuyan	3
wuyanka	2
wuyanku	1
wuyansa	2
wuyansu	1
wuyanta	1
wuyar	17
wuyarmu	2
wuyarsa	6
wāne	1
ya	7054
yaba	9
yabanya	1
yabawa	1
yabe	7
yabi	7
yabo	17
yabon	24
yabonku	1
yabonmu	1
yabonsa	3
yadda	391
yafa	15
yafato	1
yafe	33
yafewa	2
yafewar	1
yahudanci	2
yaji	4
yakan	65
yake	1246
yaki	1
yakinta	1
yakutu	1
yalwa	2
yalwace	7
yalwar	10
yalwarku	1
yalwarsu	3
yalwata	5
yamma	18
yan'uwan	1
yana	796
yanayin	2
yanka	26
yankakke	1
yankan	5
yankawa	1
yanke	29
yanke-yanke	1
yanken	1
yankewa	2
yankin	3
yanzu	231
yanƙwane	3
yar	34
yara	26
yaran	2
yarana	1
yaransu	1
yarda	94
yardajje	3
yardajjensa	1
yardar	33
yardarka	2
yarder	1
yari	3
yarinya	2
yarinyar	11
yarje	1
yarjejeniya	1
yarjin	2
yaro	22
yaron	25
yarona	4
yaronsa	1
yasasshe	1
yasasshiya	1
yasassu	1
yasfa	3
yashe	10
yashi	3
yashin	5
yasu-yasu	1
yatsa	3
yatsarka	1
yatsarsa	1
yatsata	1
yatsotsinsa	1
yau	95
yaudara	11
yaudarar	8
yaudararsu	2
yaudare	7
yaudari	5
yaushe	18
yawa	269
yawaita	9
yawan	57
yawanci	1
yawancin	4
yawancinku	1
yawancinsu	4
yawansu	3
yawo	10
yaya	30
yaye	5
yayi	1
yayin	5
yayuwa	1
yayyafa	4
yayyanke	1
yaƙe	2
yaƙe-yaƙe	3
yaƙi	26
yaƙinsa	1
yaƙutu	1
yaɓa	2
yaɗa	3
yaɗu	1
yaɗuwa	6
yaɗuwar	1
yi	3052
yimƙe	2
yin	319
yini	9
yinsa	4
yinsu	2
yinta	3
yisti	14
yistin	9
yiwo	5
yiwu	6
yiwuwa	21
yizaman	1
yumɓu	3
yunwa	34
yā	21
yă	205
za	988
zabura	4
zaburo	1
zace-zace	1
zace-zacensu	1
zaci	16
zacinsa	1
zacinta	1
zafi	8
zafin	3
zaga	10
zagar	2
zagawa	5
zage	5
zage-zage	4
zagezage	1
zagi	9
zagin	3
zaginku	4
zaginsa	3
zahiri	2
zai	641
zaike	1
zaitun	8
zakara	12
zaki	7
zakka	1
zakkar	2
zakoki	1
zaku	1
zakuɗa	1
zalla	2
zalunci	2
zaluncin	1
zalunta	1
zama	388
zaman	92
zamana	34
zamanai	8
zamanansu	1
zamani	33
zamanin	61
zamanina	1
zamaninku	1
zamaninsa	3
zamaninsu	2
zamanka	2
zamanku	5
zamanmu	4
zamansa	13
zamansu	2
zamanta	1
zamanto	5
zamar	6
zamba	3
zambace	1
zambaci	1
zambar	2
zambatar	1
zamo	1
zan	257
zana	1
zance	7
zancen	26
zancensa	1
zanen	2
zango	2
zankayen	1
zantuttukan	2
zarafi	1
zarafina	1
zarafinsu	2
zarar	12
zarce	5
zare	1
zarge	3
zargi	17
zarginmu	2
zarginsa	2
zarginsu	2
zari	1
zarme	2
zarmewa	1
zaro	4
zarta	1
zartar	24
zartarwa	2
zartarwar	2
zarto	1
zartsi	2
zata	9
zatin	2
zatina	1
zatinka	2
zatinsa	2
zato	8
zaton	6
zatonsu	1
zauna	167
zaunanne	1
zaunannu	1
zaune	101
zaunen	1
zaure	4
zauren	1
zazzaburo	1
zazzaga	18
zazzagawa	1
zazzage	2
zazzauna	6
zazzaune	1
zazzaɓi	4
zazzaɓin	4
zazzo	1
zazzāgawa	1
zaƙi	2
zaƙu	1
zaɓa	12
zaɓar	1
zaɓaɓɓe	3
zaɓaɓɓensa	1
zaɓaɓɓiya	5
zaɓaɓɓu	7
zaɓaɓɓun	9
zaɓaɓɓunsa	3
zaɓe	13
zaɓen	3
zaɓenku	1
zaɓensa	1
zaɓi	17
zina	23
zinar	1
zinariya	36
zinariyar	3
zirga-zirga	1
ziyarce	2
ziyarci	2
ziyartarku	2
zo	448
zobban	1
zobe	2
zub	9
zuba	29
zubar	9
zube	4
zubo	8
zubur	4
zuci	25
zuciya	96
zuciyar	21
zuciyarka	13
zuciyarki	1
zuciyarku	31
zuciyarmu	9
zuciyarsa	15
zuciyarsu	22
zuciyarta	3
zuciyata	10
zuga	13
zukata	3
zukatan	1
zukatanku	22
zukatanmu	10
zukatansu	6
zukattanku	1
zukatunmu	1
zuma	4
zumunci	2
zumuntar	1
zumurrudu	2
zunabansu	1
zunnbai	1
zunnubi	1
zunubai	13
zunuban	5
zunubanka	7
zunubanki	1
zunubanku	8
zunubanmu	13
zunubansa	4
zunubansu	15
zunubanta	3
zunubi	166
zunubin	11
zunubinku	2
zunubinsu	1
zur	11
zura	10
zurfafan	2
zurfi	6
zurfin	4
zurfinta	1
zuriya	8
zuriyar	31
zuriyarka	6
zuriyarsa	7
zuriyarsu	1
zuriyarta	1
zuro	2
zuwa	341
zuwan	12
zuwana	3
zuwanka	1
zuwansa	6
zuwanta	2
zāgi	1
zăre	1
ā	3
Ɓarawo	1
Ɓauren	1
Ɗa	7
Ɗaci	1
Ɗakin	1
Ɗakina	1
Ɗan	220
Ɗan'uwa	1
Ɗan'uwanki	1
Ɗana	15
Ɗanka	3
Ɗansa	24
Ɗariƙa	1
Ɗaukacin	2
Ɗaukaka	13
Ɗaukakar	2
Ɗaya	6
Ɗayansu	1
Ɗin	2
Ɗutsen	1
Ƙahonin	2
Ƙaramar	1
Ƙarfi	1
Ƙari	1
Ƙarshe	4
Ƙarshen	1
Ƙarshensu	1
Ƙaruwa	1
Ƙasa	4
Ƙasar	2
Ƙasƙantaccen	1
Ƙauna	9
Ƙaunar	1
Ƙaunataccena	1
Ƙaunataccensa	1
Ƙawatacciyar	2
Ƙaƙa	11
Ƙetarewa	27
Ƙofa	2
Ƙofar	1
Ƙofofin	1
Ƙofofinsa	1
Ƙoƙon	5
Ƙoƙwan	1
Ƙun	1
Ƙunci	1
Ƙungiyar	1
Ƙwallafa	1
Ƙwaryar	2
Ƙyale	1
ƙa'idar	1
ƙa'idodin	1
ƙaddara	12
ƙaddarar	2
ƙaddaro	1
ƙafa	11
ƙafafu	3
ƙafafun	4
ƙafafuna	5
ƙafafunka	1
ƙafafunku	3
ƙafafunmu	1
ƙafafunsa	11
ƙafafunsu	3
ƙafafunta	1
ƙafarka	2
ƙafarsa	3
ƙafata	2
ƙafe	1
ƙaga	2
ƙagauta	3
ƙago	2
ƙaho	15
ƙahon	2
ƙahoni	1
ƙahonin	1
ƙahoninta	1
ƙahonsa	7
ƙaiƙayi	2
ƙalau	2
ƙanana	14
ƙananan	7
ƙanen	1
ƙangin	5
ƙanshi	12
ƙanshin	7
ƙanta	1
ƙanƙanta	8
ƙanƙantar	2
ƙanƙara	3
ƙanƙarar	1
ƙara	160
ƙarairayi	1
ƙaramar	3
ƙarami	5
ƙaramin	33
ƙaraminsu	2
ƙarancin	6
ƙarar	14
ƙararka	4
ƙararku	3
ƙararraki	5
ƙararrakinsa	3
ƙararrawa	1
ƙararsa	12
ƙararsu	2
ƙarasa	8
ƙarata	7
ƙarau	5
ƙare	12
ƙarewa	4
ƙarewar	2
ƙarewarsa	1
ƙarfafa	58
ƙarfafawa	3
ƙarfafawarsa	1
ƙarfafu	1
ƙarfe	24
ƙarfi	80
ƙarfin	36
ƙarfinka	3
ƙarfinku	2
ƙarfinmu	1
ƙarfinsa	6
ƙarfinsu	3
ƙari	8
ƙarin	1
ƙarinki	1
ƙarshe	50
ƙarshen	21
ƙarshensa	4
ƙarshensu	1
ƙarshenta	4
ƙaru	7
ƙaruwa	9
ƙarya	44
ƙaryar	1
ƙaryata	4
ƙarƙashin	20
ƙarƙashinsa	1
ƙarƙashinta	1
ƙarƙo	2
ƙarɓa	1
ƙasa	133
ƙasaitaccen	6
ƙasaitacciyar	3
ƙasar	216
ƙasarku	2
ƙasarmu	1
ƙasarsu	4
ƙasashe	2
ƙasashen	4
ƙasashensu	1
ƙasashi	1
ƙashi	2
ƙashin	1
ƙashinsa	1
ƙasusuwan	1
ƙasusuwansa	1
ƙasƙanci	4
ƙasƙancin	1
ƙasƙancinsa	1
ƙasƙanta	2
ƙasƙantacce	1
ƙasƙantaccen	1
ƙasƙantacciyar	1
ƙasƙantar	13
ƙasƙantattu	3
ƙato	1
ƙaton	2
ƙauna	85
ƙaunace	20
ƙaunaci	39
ƙaunar	79
ƙaunarka	2
ƙaunarku	11
ƙaunarmu	2
ƙaunarsa	9
ƙaunata	14
ƙaunatacce	3
ƙaunataccen	10
ƙaunataccena	12
ƙaunatacciya	1
ƙaunatattu	11
ƙaunatattun	4
ƙaunatattuna	19
ƙaunatattunmu	1
ƙaunatattunsa	1
ƙaunatatuna	1
ƙaura	4
ƙaurace	3
ƙauracewata	2
ƙaurar	1
ƙauye	12
ƙauyen	10
ƙauyuka	8
ƙauyukan	2
ƙawa	4
ƙawai	1
ƙawanya	2
ƙawar	1
ƙawata	5
ƙawatacce	2
ƙawatar	1
ƙawayenta	1
ƙaya	14
ƙayar	3
ƙayatar	4
ƙayatarwa	1
ƙayyade	3
ƙazafi	1
ƙazamar	3
ƙazamin	1
ƙazanta	12
ƙazantar	12
ƙazantarwa	1
ƙazantu	3
ƙazantuwa	1
ƙaƙa	35
ƙaƙƙarfa	3
ƙaƙƙarfan	10
ƙaƙƙarfar	2
ƙera	4
ƙeta	7
ƙetare	3
ƙetaren	3
ƙetarewa	1
ƙetaro	2
ƙeƙasasshe	1
ƙeƙasasshiyar	1
ƙi	127
ƙibiritu	2
ƙidaya	1
ƙidaye	2
ƙididdiga	1
ƙididdigar	4
ƙididdige	1
ƙididdiguwa	1
ƙin	12
ƙina	1
ƙinku	3
ƙirare	1
ƙirga	1
ƙirge	1
ƙirgen	1
ƙirin	1
ƙirjinsa	2
ƙirjinsu	2
ƙishingiɗa	1
ƙishirwa	16
ƙofa	30
ƙofar	24
ƙofarsa	1
ƙofofi	3
ƙofofin	9
ƙofofinsa	1
ƙona	13
ƙonawa	2
ƙone	16
ƙone-ƙone	1
ƙonewa	3
ƙore	1
ƙosa	1
ƙosar	3
ƙosassu	1
ƙoshi	12
ƙoƙari	6
ƙoƙarin	12
ƙoƙarinku	1
ƙoƙarinta	1
ƙoƙo	4
ƙoƙon	13
ƙoƙona	1
ƙoƙwan	1
ƙuanataccena	1
ƙudura	9
ƙugin	4
ƙulla	15
ƙulle	1
ƙullewa	2
ƙulluwa	1
ƙumi	1
ƙuna	1
ƙunarsa	1
ƙunarta	2
ƙunci	6
ƙuncin	3
ƙungiya	4
ƙungiyar	9
ƙungiyarsu	1
ƙunshe	2
ƙunshi	1
ƙuntata	6
ƙuntatarsu	1
ƙuntatata	1
ƙuntatattu	1
ƙunƙuni	2
ƙunƙunta	1
ƙunƙuntar	2
ƙura	1
ƙurar	5
ƙurashe	1
ƙure	6
ƙurmus	1
ƙuruciya	9
ƙuruciyarka	1
ƙuruciyata	3
ƙurun	1
ƙusa	1
ƙusoshi	1
ƙusoshin	2
ƙuƙumi	1
ƙwace	12
ƙwai	1
ƙwala	6
ƙwallafa	9
ƙwance	1
ƙwanƙwasa	5
ƙwanƙwasawa	4
ƙwar	1
ƙwarai	155
ƙware	2
ƙwaro	1
ƙwaron	2
ƙwarya	3
ƙwaryar	1
ƙwato	2
ƙwauron	2
ƙwaya	5
ƙwayar	6
ƙwayoyi	4
ƙwazo	3
ƙwazonku	1
ƙwaƙule	4
ƙwaƙƙwaran	1
ƙwaƙƙwarar	2
ƙwaɗayi	1
ƙyale	9
ƙyalle	3
ƙyallen	2
ƙyalli	1
ƙyalƙyali	2
ƙyama	8
ƙyamar	5
ƙyar	11
ƙyashi	4
ƙyashin	1
ƙyastu	1
ƙyauren	2
ƙyiftawar	2
ƙāwa	1
ɓace	8
ɓacin	3
ɓad	22
ɓalle	4
ɓamɓare	9
ɓarawo	10
ɓarawon	1
ɓarayi	3
ɓarayin	1
ɓargo	1
ɓarna	4
ɓata	23
ɓatacce	1
ɓataccen	2
ɓatan	2
ɓatar	2
ɓatattun	1
ɓatawa	1
ɓaure	15
ɓauren	6
ɓawo	1
ɓaɓɓata	1
ɓoyayyiya	1
ɓoyayyiyar	1
ɓoye	33
ɓoye-ɓoye	1
ɓoyuwa	2
ɓullo	4
ɓuntun	2
ɓuya	5
ɓuyar	1
ɓuɓɓugowa	2
ɓāci	2
ɓācin	2
ɓāta	4
ɓăce	3
ɓăcewa	1
ɓăta	1
ɗa	33
ɗa'a	1
ɗabi'a	5
ɗabi'ar	9
ɗabi'arku	1
ɗabi'arsa	1
ɗabi'arsu	1
ɗaci	5
ɗacin	3
ɗacinsa	1
ɗafa	1
ɗafe	3
ɗaga	77
ɗaki	2
ɗakin	13
ɗamara	17
ɗamarar	3
ɗamararku	3
ɗamararsu	1
ɗan	285
ɗan'awanka	1
ɗan'uwa	19
ɗan'uwan	12
ɗan'uwana	13
ɗan'uwanka	21
ɗan'uwanku	4
ɗan'uwanmu	10
ɗan'uwansa	48
ɗan'uwansu	1
ɗan'uwanta	1
ɗan'wanku	1
ɗana	18
ɗanka	3
ɗankaka	1
ɗanki	1
ɗanku	1
ɗanmu	1
ɗansa	18
ɗanta	7
ɗanuwanmu	1
ɗanyar	3
ɗanye	1
ɗanyun	1
ɗanɗana	6
ɗari	32
ɗariƙa	1
ɗariƙar	8
ɗarsashin	1
ɗau	14
ɗauka	30
ɗaukacin	4
ɗaukacinku	1
ɗaukacinmu	1
ɗaukaka	145
ɗaukakakke	3
ɗaukakaku	1
ɗaukakar	38
ɗaukakarka	1
ɗaukakarku	1
ɗaukakarmu	1
ɗaukakarsa	22
ɗaukakarsu	2
ɗaukakarta	1
ɗaukakata	2
ɗaukakawa	1
ɗaukakke	1
ɗaukar	23
ɗaukarsu	2
ɗaukarta	1
ɗauke	91
ɗauki	119
ɗauko	10
ɗaura	9
ɗaurarre	4
ɗaurarru	2
ɗaure	51
ɗauri	6
ɗaurin	1
ɗaurina	8
ɗaurinsa	1
ɗawainiya	3
ɗawainiyarku	1
ɗaya	366
ɗayan	24
ɗayanku	9
ɗayanmu	1
ɗayansu	12
ɗayantuwar	1
ɗayarsu	4
ɗazu	1
ɗaɗɗauko	2
ɗaɗɗaura	1
ɗaɗɗaure	3
ɗaɗɗora	1
ɗebe	10
ɗebi	1
ɗebo	10
ɗiba	3
ɗiban	3
ɗibi	7
ɗigo	2
ɗin	94
ɗingishi	1
ɗinka	3
ɗinki	1
ɗiɗɗiga	1
ɗokanta	6
ɗoki	2
ɗokin	15
ɗora	71
ɗorar	1
ɗorawa	1
ɗore	8
ɗorewa	2
ɗori	1
ɗoyi	1
ɗoɗar	1
ɗumbun	10
ɗungum	5
ɗunguma	1
ɗungumawa	2
ɗunguminmu	1
ɗunguminsu	1
ɗungumo	3
ɗungumowa	1
ɗura	6
‘	373
’	366
“	1976
”	1886
