!	728
'	67
(	192
)	191
,	23542
-	3
.	15453
0	4
1,000	2
1,017	2
1,052	2
1,222	1
1,247	2
1,254	4
110	1
112	2
12	2
122	2
123	2
128	3
138	1
139	1
148	1
150	2
156	1
16	1
160	1
188	1
2	1
2,056	1
2,067	1
2,172	2
2,322	1
2,812	1
2,818	1
2,923	1
20	1
200	2
218	1
223	2
245	3
25100	1
270	1
28	1
29	1
3,215	1
3,630	1
3,930	1
30	1
300	1
32,200	2
320	2
323	1
324	1
328	1
337	2
345	2
35,400	2
372	2
392	1
40,500	2
41,500	2
410	1
42	2
42,360	2
435	2
45,650	2
454	1
46,500	2
5,400	1
50	2
52	2
53,400	2
530	1
54,400	2
56	1
57,400	2
59,300	2
6,720	2
60	1
62,700	2
621	2
623	1
628	1
642	1
648	1
652	2
655	1
666	1
667	1
67	1
7,337	2
7,500	1
70	2
721	1
725	1
736	2
74	2
74,600	2
743	2
760	2
77	1
775	1
80	1
845	1
945	1
95	2
96	1
973	2
98	2
:	726
;	567
?	922
A	193
AC	4
Aaron	326
AaronZaddok	1
Abagtha	1
Abana	1
Abarim	5
Abda	2
Abdi	3
Abdiel	1
Abdon	8
Abel	9
Abialbon	1
Abiasaph	1
Abiathar	27
Abib	5
Abida	1
Abidan	4
Abiel	3
Abiezer	10
Abigail	18
Abihail	6
Abihu	12
Abihud	1
Abijah	32
Abimael	1
Abimelech	43
Abinadab	11
Abinoam	3
Abiram	11
Abishag	5
Abishai	31
Abishua	4
Abishur	3
Abital	2
Abitub	1
Abner	61
Abraham	32
Abram	3
Abronah	1
Absalom	103
Ac	1080
Acacia	2
Acco	1
Achan	10
Achbor	3
Achish	18
Achsah	11
Achshaph	3
Achzib	3
Acn	142
Acna	1
Adadah	1
Adaiah	9
Adalia	1
Adam	2
Adamah	1
Adaminekeb	1
Adar	9
Adbeel	1
Addan	1
Addar	6
Addon	1
Adiel	3
Adin	4
Adina	1
Adithaim	1
Adlai	1
Admah	1
Admatha	1
Adna	2
Adnah	3
Adonibezek	2
Adonijah	28
Adonikam	3
Adoniram	5
Adonizedek	2
Adoraim	1
Adrammelech	2
Adriel	2
Adullam	7
Adummim	2
Af	2
Afinya	2
Afla	1
Afunla	1
Agag	12
Agee	1
Ah	1
Ahab	126
Aharah	1
Aharhel	1
Ahasbai	1
Ahasuerus	20
Ahava	3
Ahaz	37
Ahaziah	45
Ahban	1
Ahi	1
Ahiah	1
Ahiam	2
Ahian	1
Ahiezer	5
Ahihud	2
Ahijah	24
Ahikam	4
Ahilud	5
Ahimaaz	16
Ahiman	4
Ahimelech	21
Ahimoth	2
Ahinadab	1
Ahinoam	7
Ahio	6
Ahira	4
Ahiram	1
Ahisamach	3
Ahishahar	1
Ahishar	1
Ahithophel	19
Ahitub	11
Ahlab	1
Ahlai	2
Ahoah	1
Ahoh	4
Ahohi	1
Ahumai	1
Ahuzzam	1
Ahzai	1
Ai	35
Aiah	4
Aijalon	10
Aiken	1
Ain	5
Akakosr	3
Akeu	2
Akfalye	4
Akfu-latye	1
Akfulat	1
Akfulatye	5
Akfulatyeyuk	1
Akilenya	1
Akinsewowoye	2
Akinsewowoyeyuk	1
Akitkosr	2
Akkalemye	3
Akkeok	1
Akkeye	1
Akkeyeyukla	1
Akkohsyeyuk	1
Akkub	8
Aklimekosr	3
Aklohya	1
AklongouI	1
Aklongoul	4
Akluo	12
Akmolyela	1
Akmusra	2
Akmutalye	1
Akmutalyeyukla	1
Aknasnasye	1
Ako	1
Akoalkosr	2
Akoela	3
Akoeyukla	1
Akola	5
Akonkosr	3
Akos	21
Akosyu	1
Akpulol	9
Akrabbim	3
Aksaye	4
Aksingoul	11
Aksingoulluo	1
Aksingoulsie	1
Aksol	1
Aktolu	4
Aktuktuk	15
Akul	2
Akuran	2
Alemeth	4
Allam	1
Allon	1
Almodad	1
Almon	2
Alu	4
Alukela	42
Alush	1
Alu­kela	1
Alvah	1
Alvan	1
Amad	1
Amal	1
Amala	1
Amalek	50
Amam	1
Amariah	13
Amasa	14
Amasai	5
Amashsai	1
Amasiah	1
Amaw	1
Amaziah	46
Amei	1
Amein	1
Amen	16
Ami	1
Amittai	1
Ammah	1
Ammiel	5
Ammihud	9
Amminadab	10
Ammishaddai	4
Ammizabad	1
Ammon	93
Amnon	28
Amok	2
Amon	16
Amor	77
Amoz	5
Amram	15
Amzi	2
An	1
Anab	2
Anah	3
Anaharath	1
Anaiah	3
Anak	11
Anakim	4
Anam	1
Anammelech	1
Anan	1
Anani	1
Ananiah	1
Anath	2
Anathoth	12
Anem	1
Aner	1
Angfoko	2
Aniam	1
Anim	1
Anthothijah	1
Anub	1
Anwuki	3
Aok	59
Aolla	1
Apat	1
Aphek	9
Aphekah	1
Aphiah	1
Apkuran	3
Apkuranme	1
Appaim	2
Ar	7
Ara	1
Arab	4
Arabah	3
Arabia	6
Arad	5
Arah	4
Aram	5
Aramaic	2
Aran	1
Ararat	1
Araunah	13
Arba	7
Arbah	1
Arch	3
Ard	1
Ardon	1
Areli	1
Argob	5
Aridai	1
Aridatha	1
Arieh	1
Ariel	2
Arisai	1
Ark	1
Armoni	1
Arnan	1
Arnon	24
Arod	1
Aroer	15
Arpachshad	3
Arpad	2
Artaxerxes	16
Arubboth	1
Arulana	23
Arumah	2
Aruruma	2
Arvad	1
Arza	1
Asa	57
Asahel	18
Asaiah	9
Asang	1
Asaph	31
Asarel	1
Ase	12
Ashan	4
Asharelah	1
Ashbea	1
Ashbel	2
Ashdod	15
Asher	36
Asherah	36
Ashhur	2
Ashima	1
Ashkelon	5
Ashkenaz	1
Ashnah	2
Ashtaroth	6
Ashterah	1
Ashurbanipal	1
Ashvath	1
Asiel	1
Asnah	1
Asor	1
Aspatha	1
Asriel	2
Asroela	1
Asshur	1
Assir	4
Assyria	60
Astarte	9
Atal	1
Atarah	1
Ataroth	6
Ater	5
Athach	1
Athaiah	1
Athaliah	19
Atharim	1
Athlai	1
Atronmutal	1
Atroth	2
Attai	5
Aunsifal	2
Aunsifen	1
Avith	1
Avvim	3
Ayyah	1
Azaliah	2
Azaniah	1
Azarel	6
Azariah	29
Azariahu	1
Azaz	1
Azazel	5
Azaziah	3
Azbuk	1
Azekah	5
Azel	5
Azgad	4
Aziza	1
Azmaveth	9
Azmon	2
Aznoth	1
Azriel	2
Azrikam	6
Azubah	4
Azzan	1
Azzur	1
Baal	80
Baal-lun-Wuleang	3
Baalah	6
Baalath	5
Baalgad	3
Baalmeon	1
Baaltamar	1
Baalzebub	4
Baana	3
Baanah	9
Baara	1
Baaseiah	1
Baasha	26
Babylon	23
Babylonia	44
Bahurim	6
Bahurum	1
Bakbakkar	1
Bakbuk	2
Bakbukiah	3
Balaam	64
Baladan	2
Balah	1
Balak	38
Bamoth	4
Bani	15
Barak	16
Barakel	1
Bariah	1
Barkos	2
Barnea	10
Baruch	3
Barzillai	14
Basemath	1
Bashan	38
Basshebeth	1
Bathsheba	19
Bathshua	1
Bavvai	1
Bazlith	1
Bazluth	1
Bealiah	1
Bealoth	2
Bear	1
Bebai	6
Becher	3
Becorath	1
Bedad	1
Bedan	1
Bedeiah	1
Beeliada	1
Beer	2
Beer-sheba	1
Beera	1
Beerah	2
Beeroth	8
Beersheba	14
Beeshterah	1
Behemoth	1
Bela	9
Benabinadab	1
Benaiah	42
Bendeker	1
Bene	1
Beneberak	1
Bengeber	1
Benhadad	34
Benhail	1
Benhanan	1
Benhesed	1
Benhur	1
Beninu	1
Benjamin	138
BenjaminJaasiel	1
Benoth	1
Benzoheth	1
Beon	1
Beor	8
Beracah	3
Beraiah	1
Berechiah	9
Bered	1
Beri	1
Beriah	9
Berothai	1
Besai	2
Besalel	1
Besodeiah	1
Besor	2
Betah	1
Beten	1
Beth	70
Bethanath	2
Bethanoth	1
Bethaven	4
Bethbarah	2
Bethbiri	1
Bethcar	1
Bethdagon	2
Betheden	1
Bethel	50
Bethemek	1
Bethgader	1
Bethgilgal	1
Bethlehem	35
Bethle­hem	1
Bethmillo	3
Bethnimrah	1
Bethpazzez	1
Bethpelet	2
Bethpeor	4
Bethrapha	1
Bethrehob	2
Bethuel	1
Bethul	1
Bethzur	4
Beth­lehem	2
Betonim	1
BezaIel	1
Bezai	3
Bezalel	15
Bezek	2
Bezer	5
Bidkar	1
Bigtha	1
Bigthana	2
Bigvai	6
Bikri	3
Bildad	6
Bileam	1
Bilgah	3
Bilgai	1
Bilhah	2
Bilhan	3
Bilshan	2
Bimhal	1
Binea	2
Binnui	8
Birzaith	1
Bishlam	1
Bithiah	2
Biziothiah	1
Biztha	1
Boaz	37
Bocheru	2
Bochim	2
Bohan	2
Book	13
Borashan	1
Box	2
Bozenai	3
Bozez	1
Bozkath	2
Bozrah	1
Bread	10
Bronze	1
Bui	1
Bukki	4
Bukkiah	2
Bunah	1
Bunni	3
Buz	2
Cabbon	1
Cabul	2
Calcol	2
Caleb	49
Camel	2
Canaan	96
Captain	7
Carchemish	1
Carkas	1
Carmel	20
Carmi	7
Carshena	1
Casiphia	1
Casluh	1
Ca­naan	1
Chaldea	2
Chariot	1
Chelal	1
Chelub	1
Cheluhi	1
Chemosh	5
Chenaanah	3
Chenani	1
Chenaniah	3
Chepharammoni	1
Chephirah	4
Cheran	1
Chereth	1
Cherith	2
Cherub	10
Chesalon	1
Chesil	1
Chesulloth	1
ChiIeab	1
Chidon	1
Chilion	3
Chimham	2
Chinnereth	1
Chislon	1
Chisloth	1
Chitlish	1
Cilicia	2
Colhozeh	2
Conaniah	2
Cow	12
Cozbi	2
Cozeba	1
Crete	3
Cup	2
Cush	4
Cushan	1
Cuth	2
Cutlass	6
Cyprus	2
Cyrus	15
Dabbesheth	1
Daberath	3
Dagon	6
Dalphon	1
Damascus	18
Dammim	2
Dan	60
Daniel	3
Dannah	1
Darda	2
Darius	10
Darkon	2
Dathan	10
David	959
Debir	12
Deborah	10
Dedan	2
Delaiah	5
Delilah	12
Deuel	4
Diblathaim	1
Dibon	7
Dibri	1
Diklah	1
Dilean	1
Dimnah	1
Dimonah	1
Dinhabah	1
Dishan	2
Dishon	3
Dizahab	1
Dodai	1
Dodavahu	1
Dodo	5
Doeg	5
Donkey	6
Dophkah	1
Dor	7
Dothan	1
Dragon	1
Dumah	2
E	5
EI	10
EIeazar	1
EIisha	1
EIos	4
EL	2
ELOS	2
Eagle	1
Ebal	7
Ebed	3
Ebenezer	3
Eber	8
Ebez	1
Ebiasaph	3
Ebron	1
Ecbatana	1
Eden	2
Eder	4
Edom	93
Edrei	8
Eela	2
Efu	138
Eglah	2
Eglon	15
Egypt	403
Egyptah	1
Ehud	15
Eis	30
Eisal	3
Eisalang	2
Eisani	4
Eisla	4
Eker	1
Ekron	17
Ekulla	1
El	3653
Ela	1
Elah	17
Elam	13
Elan	146
Elasah	1
Elath	7
Eldaah	1
Eldad	2
Elead	1
Eleadah	1
Elealeh	2
Eleasah	4
Eleazar	74
Eleoenai	1
Elezar	1
Elhanan	4
Eli	43
Eliab	17
Eliada	4
Eliahba	2
Eliakim	8
Eliam	2
Eliasaph	5
Eliashib	15
Eliathah	2
Elidad	1
Eliehoenai	2
Eliel	10
Elienai	1
Eliezer	14
Elihoreph	1
Elihu	11
Elijah	90
Elika	1
Elim	5
Elimelech	6
Elioenai	6
Eliphal	1
Eliphaz	8
Eliphelehu	2
Eliphelet	7
Elisha	138
Elishah	1
Elishama	12
Elishaphat	1
Elisheba	1
Elishua	3
Elizaphan	4
Elizur	4
Elkanah	24
Elnaam	1
Elnathan	4
Elon	6
Elos	757
Elpaal	3
Elpelet	2
EltaI	1
Eltal	45
Eltekeh	2
Eltekon	1
Eltolad	2
Elul	1
Eluzai	1
Elya	1
Elzabad	2
Elzaphan	2
Emah	1
Emek	1
Emim	3
En-Hakkore	1
Enam	1
Enan	6
Endor	2
Eneneyuk	1
Enenu	16
Enenuyuk	1
Eng	6
Engankin	1
Engannim	3
Engedi	4
Enhaddah	1
Enhazor	1
Enoch	1
Enosh	2
Enrimmon	1
Enrogel	4
Enshemesh	2
Entappuah	1
Eol	28
Eot	18
Epang	6
Epasr	1
Ephah	3
Epher	3
Ephes	1
Ephlal	1
Ephod	1
Ephraim	104
EphraimHoshea	1
Ephrath	6
Ephrathah	1
Ephron	2
Epusak	1
Epusang	1
Er	4
Eran	1
Erech	1
Eri	1
Esam	44
Esamak	1
Esamna	1
Esamul	1
Esamya	3
Esarhaddon	2
Esau	9
Eshan	1
Eshban	1
Eshcol	4
Eshek	1
Eshtaol	8
Eshtemoa	6
Eshton	2
Esmakin	1
Esther	51
Esukak	4
Etam	5
Etauk	1
Eteyuk	1
Etham	2
Ethan	8
Ethanim	1
Ethbaal	1
Ether	2
Ethiopia	12
Ethkazin	1
Ethnan	1
Ethni	1
Etoak	4
Euphrates	20
Eu­phrates	1
Evi	2
Evilmerodach	2
Ezbai	1
Ezbon	1
Ezem	3
Ezer	9
Ezion	1
Eziongeber	5
Ezra	29
Ezrah	2
Ezri	1
Fa	2
Facl	11
Faclu	10
Facsin	1
Faesak	1
Faf	1
Fahk	34
Fahkak	6
Fahkang	18
Fahkelik	1
Fahkma	11
Fahla	57
Fahsr	19
Fahsrot	12
Fahsru	38
Faht	3
Fah­srot	1
Faisak	2
Fal	14
Falyang	2
Fanyak	5
Filikutla	1
Filiya	13
Filiyana	1
Fin	163
Fineol	93
Finne	57
Finsrak	11
Fintokol	1
Firir	2
Fisrak	4
Fi­neol	1
Flag	1
Flarar	1
Flax	1
Flebron	1
Fokin	1
Foko	2
Folokin	1
Folokla	13
Foloko	1
Folokonla	1
Folokot	7
Folokunla	4
Folokunulma	1
Folokyang	16
Fong	2
Forla	2
Foroti	1
Foulin	15
Frem	6
Friday	1
Frog	1
Fuhlela	7
Fuhlella	2
Fuhlelosi	1
Fuhlema	2
Fuka	10
Fukil	1
Fulahk	1
Fulat	124
Fulatan	1
Fulatlana	15
Fulungilya	1
Fulungya	1
Fungen	1
Fungin	2
Funu	8
Funyu	2
Fusrfusr	1
Fut	1
Fwackme	1
Fwackyang	7
Fwackyuk	1
Fwela	1
Fwil	13
Fwilin	8
G	1
GOD	3268
GODJ	1
Gaal	11
Gaash	4
Gabbai	1
Gad	73
Gaddah	1
Gaddi	1
Gaddiel	1
Gadi	2
Gahar	2
Galal	3
Galilee	13
Gallim	1
Gamaliel	4
Gamul	1
Gareb	2
Garm	1
Gatam	1
Gath	40
Gathrimmon	3
Gaza	13
Gazez	2
Gazzam	2
Geba	15
Gebal	2
Geber	2
Gedaliah	7
Geder	2
Gederah	3
Gederoth	2
Gederothaim	1
Gedor	6
Gehazi	20
Geliloth	3
Gemalli	1
Genubath	1
Gera	8
Gerar	4
Gerizim	4
Gershom	9
Gershon	30
Geshan	1
Geshem	4
Geshur	14
Gether	1
Geuel	1
Gezer	13
Giah	1
Gibbar	1
Gibbethon	5
Gibea	1
Gibeah	42
Gibeon	40
Giddalti	2
Giddel	4
Gideon	74
Gideoni	4
Gidom	1
Gihon	5
Gilalai	1
Gilboa	8
Gilead	97
Gilgal	32
Gilo	2
Giloh	1
Gimzo	1
Ginath	1
Ginnethoi	1
Ginnethon	2
Girgas	2
Girgash	3
Girzi	1
Gishpa	1
Gittaim	2
Gizon	1
Gob	2
God	969
Gog	1
Goiim	1
Golan	4
Gold	4
Goliath	30
Gomer	2
Gomorrah	2
Goshen	5
Governor	8
Gozan	4
Grape	1
Gudgodah	1
Gulloth	1
Guni	3
Gur	1
Gurbaal	1
Haahashtari	1
Habaiah	1
Habor	3
Hacaliah	2
Haccherem	1
Hachilah	3
Hachmon	1
Hachmoni	1
Hadad	15
Hadadezer	23
Hadashah	1
Hadassah	1
Hadattah	1
Hadid	3
Hadlai	1
Hadoram	1
Haeleph	1
Hagab	1
Hagaba	1
Hagabah	1
Hagar	4
Haggai	2
Haggan	1
Haggi	1
Haggiah	1
Haggidgad	1
Haggith	5
Hagri	1
Hahiroth	4
Hakkatan	1
Hakkoz	5
Hakupha	2
Halah	3
Halak	2
Halhul	1
Hali	1
Hallohesh	2
Ham	3
Haman	51
Hamath	21
Hammath	1
Hammedatha	5
Hammolecheth	1
Hammon	2
Hammoth	1
Hammuel	1
Hamor	2
Hamran	1
Hamul	2
Hamutal	2
Hanan	15
Hananel	2
Hanani	10
Hananiah	14
Hannah	24
Hannathon	1
Hanniel	2
Hanoch	4
Hanun	9
Hapharaim	1
Happizzez	1
Happuch	1
Hara	1
Haradah	1
Haram	1
Haran	5
Harar	4
Harbel	1
Harbona	2
Hareph	1
Harhaiah	1
Harhas	2
Harhur	2
Harim	11
Hariph	3
Harnepher	1
Harod	3
Haroeh	1
Harosheth-lun-mwet-Gentile	2
Haroshethlun-mwet-Gentile	1
Harsha	4
Harum	1
Harumaph	1
Haruz	1
Hasadiah	1
Hashabiah	14
Hashabnah	1
Hashabneiah	2
Hashbaddanah	1
Hashem	1
Hashmonah	1
Hashubah	1
Hashum	5
Hassenaah	1
Hassenuah	2
Hasshub	5
Hassophereth	1
Hasupha	2
Hataavah	1
Hathach	4
Hathath	1
Hatipha	2
Hatita	2
Hattaavah	2
Hattil	2
Hattush	5
Havilah	3
Hazael	23
Hazaiah	1
Hazar	7
Hazarmaveth	1
Hazarshual	2
Hazarsusim	1
Hazazon	1
Hazeroth	4
Haziel	1
Hazor	15
Hazzebaim	2
Hazzelelponi	1
Heber	9
Hebrew	28
Hebron	72
Hegai	4
Helah	2
Helam	2
Helbah	1
Heldai	1
Heleb	1
Heled	1
Helek	2
Heleph	1
Helez	4
Helkai	1
Helkath	2
Helon	4
Heman	16
Hena	2
Henadad	4
Hepher	11
Hephzibah	1
Heres	3
Heresh	1
Hereth	1
Hermon	12
Hesed	1
Heshbon	28
Heshmon	1
Heth	1
Hezekiah	87
Hezion	1
Hezir	2
Hezro	2
Hezron	15
Hiddai	1
Hiel	5
Hilen	1
Hilkiah	25
Hillel	1
Hinnom	8
Hiram	23
Hit	33
Hiv	22
Hizki	1
Hizkiah	1
Hobab	3
Hobaiah	1
Hod	1
Hodaviah	6
Hodesh	1
Hodiah	6
Hoglah	7
Hoham	1
Holon	2
Homam	1
Hophni	5
Hor	13
Horam	1
Horem	1
Horesh	3
Hori	2
Hormah	9
Horon	16
Horonaim	1
Horse	6
Hosah	5
Hosea	1
Hoshaiah	1
Hoshama	1
Hoshea	11
Hotham	3
Hothir	2
Hukkok	1
Hukok	1
Hul	1
Huldah	3
Humtah	1
Hupham	1
Huppah	1
Huppim	2
Hur	17
Hurai	1
Huram	12
Huri	1
Hushah	6
Hushai	11
Husham	2
Hushim	3
Huzoth	1
I	1
IIuram	1
Iaslasia	1
Ibhar	3
Ibleam	4
Ibneiah	1
Ibnijah	1
Ibri	1
Ibsam	1
Ibzan	3
Ichabod	2
Idalah	1
Idbash	1
Iddo	9
Iezer	1
Igal	3
Iim	1
Ijon	3
Ik	5
Ikasla	1
Ikkesh	3
Ikwa	4
Ikwen	1
Ilai	1
Illa	1
Ima	3
Imlah	2
Immer	9
Imna	1
Imnah	3
Imrah	1
Imri	2
In	447
In-fahlfal	1
India	2
Ine	13
Inek	12
Inel	16
Inelos	2
Ineltal	1
Inem	4
Inen	92
Infacl	231
Infahlfal	81
Infohk	1
Infukil	12
Infulwen	1
Inge	156
Ingela	3
Ingo	7
Iniwa	1
Iniwen	1
Inkacl	1
Inkaiyen	2
Inkanek	2
Inkwawal	1
Inmasrlon	15
Innek	17
Insac	1
Insak	5
Inse	1
Insewowo	3
Insien	1
Insiowos	1
Insiuk	3
Insrek	1
Insruwasrik	1
Inyoa	2
Ioeloes	1
Iohngol	1
Iosya	6
Ip	7
Iphdeiah	1
Iphtah	1
Iphtahel	2
Ipin	4
Ira	6
Iram	1
Iri	1
Irpeel	1
Irshemesh	1
Iru	1
Isaac	28
Isaiah	16
Ishbah	2
Ishbak	1
Ishbibenob	1
Ishbosheth	17
Ishi	5
Ishma	1
Ishmael	12
Ishmaiah	1
Ishmerai	1
Ishod	1
Ishpah	1
Ishpan	1
Ishvah	1
Ishvi	3
Ismachiah	1
Isongya	1
Israel	1799
Israelinge	1
Issachar	33
IssacharOmri	1
Isshiah	5
Isshijah	1
Is­rael	19
Ithai	1
Ithamar	20
Ithiel	1
Ithlah	1
Ithmah	1
Ithnan	1
Ithra	1
Ithran	2
Ithream	2
Ittai	7
Itu	1
Itukyang	6
Itulyukeni	1
Itungya	3
Iucng	1
Iulin	1
Iusen	1
Ivvah	4
Iwen	17
Izhar	15
Izliah	1
Izrahiah	2
Izri	1
Izziah	1
J	2
Jaakan	3
Jaakobah	1
Jaalah	2
Jaareshiah	1
Jaasiel	1
Jaasu	1
Jaaziah	2
Jaaziel	2
Jabbok	6
Jabesh	20
Jabez	4
Jabin	7
Jacan	1
Jachin	7
Jacob	51
Jada	2
Jaddai	1
Jaddua	3
Jadon	1
Jael	15
Jagur	1
Jahath	6
Jahaz	5
Jahaziel	6
Jahdai	1
Jahdiel	1
Jahdo	1
Jahleel	1
Jahmai	1
Jahzah	1
Jahzeel	1
Jahzeiah	1
Jahzerah	1
Jahziel	1
Jain	1
Jair	16
Jakim	2
Jalam	1
Jalon	1
Jamin	5
Jamlech	1
Jamnia	3
Janai	1
Janim	1
Janoah	3
Japheth	2
Japhia	5
Japhlet	5
Jarah	2
Jared	2
Jarha	2
Jarib	3
Jarmuth	7
Jaroah	1
Jashar	1
Jashen	1
Jashobeam	3
Jashub	3
Jathniel	1
Jattir	6
Javan	2
Jazer	9
Jaziz	1
Ja­cob	2
Jearim	19
Jeatherai	1
Jebus	38
Jecoliah	2
Jedaiah	11
Jediael	5
Jedidah	1
Jedidiah	1
Jeduthun	12
Jehallelel	2
Jehaziel	1
Jehdeiah	2
Jehezkel	1
Jehiah	1
Jehiel	13
Jehizkiah	1
Jehoaddah	2
Jehoaddin	2
Jehoahaz	10
Jehoash	23
Jehohanan	9
Jehoiachin	18
Jehoiada	41
Jehoiakim	16
Jehoiarib	2
Jehonathan	2
Jehoram	26
Jehoshaphat	75
Jehoshaphatlun	1
Jehosheba	4
Jehozabad	4
Jehozadak	6
Jehu	79
Jehubbah	1
Jehud	1
Jehuel	1
Jeiel	12
Jekabzeel	1
Jekameam	2
Jekamiah	2
Jekuthiel	1
Jemimah	1
Jemuel	1
Jephthah	27
Jephunneh	14
Jerah	1
Jerahmeel	9
Jered	1
Jeremai	1
Jeremiah	15
Jeremoth	7
Jeriah	4
Jeribai	1
Jericho	56
Jeriel	1
Jerimoth	5
Jerioth	1
Jeroboam	95
Jeroham	10
Jerubbaal	1
Jeruel	1
Jerusalem	381
Jerusha	1
Jerushah	1
Jesarelah	1
Jeshaiah	7
Jeshanah	3
Jeshebeab	1
Jesher	1
Jeshiah	1
Jeshimoth	3
Jeshishai	1
Jeshohaiah	1
Jeshua	18
Jesimiel	1
Jesse	35
Jether	8
Jetheth	1
Jethro	18
Jetur	2
Jeuel	3
Jeush	6
Jeuz	1
Jew	88
Jezaniah	1
Jezebel	25
Jezer	2
Jeziel	1
Jezrahiah	1
Jezreel	37
Jkulasr	1
Joab	151
Joah	8
Joahaz	10
Joash	49
Job	84
Jobab	6
Jochebed	3
Joed	1
Joel	19
Joelah	1
Joezer	1
Jogbehah	2
Jogli	1
Joha	2
Johanan	6
Johannan	1
Joiada	6
Joiakim	3
Joiarib	5
Jokdeam	1
Jokim	1
Jokmeam	2
Jokneam	3
Jokshan	2
Joktan	2
Joktheel	2
Jonadab	8
Jonah	1
Jonathan	116
Joppa	3
Jorah	1
Jorai	1
Joram	36
Jordan	188
Jorkeam	1
Joseph	31
Joshah	1
Joshaphat	2
Joshaviah	1
Joshbekashah	2
Josheb	1
Joshibiah	1
Joshua	230
Josiah	51
Josiphiah	1
Jotbah	1
Jotbathah	2
Jotham	25
Jozabad	10
Jozacar	1
Jo­seph	1
Judah	487
JudahElihu	1
Judea	4
Jushab	1
Juttah	2
KOWOS	2
KOwos	1
KaIuki	1
Kabzeel	3
Kacl	1
Kadesh	22
Kadmiel	8
Kahlilya	1
Kain	9
Kaing	1
Kaingyak	1
Kais	57
Kaiyuk	1
Kaksakin	25
Kaksakunul	3
Kalem	18
Kalkal	3
Kallai	1
Kalmac	2
Kalmen	3
Kalukot	1
Kalweni	1
Kalyei	1
Kalyeiyuk	1
Kamon	1
Kanah	3
Kang	3
Kapin	1
Kaprilya	1
Kapriya	4
Kareah	1
Karinganang	8
Karinganangna	1
Karingin	1
Karka	1
Karkor	1
Kartah	1
Kartan	1
Kas	29
Kaskas	8
Kasra	36
Kasre	1
Kasrekut	1
Kasrel	1
Kasrkusrak	7
Kasru	3
Kasrup	1
Katinmas	2
Kattath	1
Ke	1356
Kedar	1
Kedemah	1
Kedemoth	4
Kedesh	12
Kehelathah	1
Keilah	17
Kelaiah	1
Kelita	3
Kemuel	2
Ken	12
Kenan	2
Kenath	2
Kenaz	7
Keniz	2
Keok	1
Keramim	1
Keren	1
Kerioth	1
Keros	2
Keturah	1
Keziah	1
Keziz	1
Kibroth	3
Kibzaim	1
Kidron	10
Kiluki	1
Kinah	1
King	1
Kinkinisya	1
Kir	2
Kiriath	27
Kiriathaim	3
Kiriatharba	1
Kiris	4
Kisa	7
Kisaela	1
Kisakin	17
Kisakinyukyang	3
Kisakunma	1
Kish	18
Kishi	1
Kishion	2
Kishon	5
Kislev	1
Kitakat	6
Kitakatelik	3
Kitalik	3
Kite	1
Kitin	2
Kitron	1
Koac	5
Koanon	2
Koasrlong	1
Kof	17
Kohath	44
Kol	9
Kolaiah	1
Kolak	2
Kolia	1
Kolla	1
Kolo	5
Koluk	1
Kolya	3
Kolyawin	1
Kom	449
Komtak	1
Komtal	42
Korah	29
Kore	4
Korn	1
Kosrala	1
Kosrani	6
Kosro	11
Kowos	391
Koz	1
Ko­wos	1
Ku	161
Kuf	2
Kufwa	6
Kufwen	77
Kuhlasak	1
Kuhlma	1
Kui	1
Kuiyen	1
Kukakunla	2
Kukakunma	1
Kulana	38
Kulasr	3
Kulo	1
Kulyuk	1
Kun	1
Kunauselik	1
Kunausla	4
Kurrauk	1
Kushaiah	1
Kusrao	12
Kut	229
Kutangla	4
Kutasrik	1
Kutena	112
Kuter	1
Kutkut	4
Kutu	50
Kutulap	22
KutulapIddo	1
Kwafe	1
Kwal	6
Kwi	1
LELM	1
LEUM	3259
LEUMGOD	2
La	1
Laadah	1
Laban	1
Lac	2
Lachish	19
Ladan	6
Lael	1
Lah	2
Lahad	1
Lahmam	1
Lahmi	1
Lain	2
Lainul	1
Laish	11
Lakkum	1
Lal	4
Lale	2
Lalmwetmet	3
Lalos	1
Lam	2
Lamech	1
Lango	3
Lappidoth	1
Lasharon	1
Layen	3
LeIa	1
Leah	1
Lebana	1
Lebanah	1
Lebanon	28
Lebaoth	2
Lebonah	1
Lecah	1
Lehab	1
Lehi	6
Lela	132
Lemnak	1
Len	50
Leta	10
Leum	116
Leuwa	3
Levi	350
LeviHashabiah	1
Leviathan	4
Liaten	1
Libnah	14
Libnath	1
Libni	7
Libya	3
Likhi	1
Liki	33
Likilya	1
Likin	1
Likiya	3
Liksreni	1
Limekosr	1
Lion	2
Lipsre	1
Lipufan	11
Lisrlisr	1
Liyalwin	1
Liyaung	8
Liya­ung	1
Liye	48
Liyewin	2
Loa	1
Loang	12
Lod	4
Lodebar	3
Loes	1
Loh	1
Lohang	2
Lohm	276
Lohng	17
Lohngolos	1
Lohsr	2
Losya	1
Lot	2
Lotan	3
Lotu	1
Lotutang	9
Lucng	4
Lud	1
Luf	2
Lufin	3
Luin	3
Luk	1
Lukun	3
Lulalfongi	1
Lulap	2
Lullul	1
Lulu	7
Lumah	5
Luman	1
Lumngaul	1
Lumwani	2
Lun	49
Lungasyukla	1
Lungkinyuk	1
Lungse	7
Luo	1
Lupan	11
Lusa	1
Lusal	1
Lusen	5
Lusenna	2
Luti	4
Lutu	6
Lututang	6
Luwen	1
Luz	5
Lydia	1
MWet	1
Ma	398
Maaah	1
Maacah	31
Maacath	1
Maadai	1
Maadiah	1
Maai	1
Maarath	1
Maasai	1
Maaseiah	18
Maaz	1
Maaziah	2
Machbannai	1
Machbenah	1
Machi	1
Machir	21
Machnadebai	1
Madai	1
Madmannah	2
Madon	2
Magbish	1
Magdiel	1
Magog	1
Magpiash	1
Mah	1
Mahalab	1
Mahalalel	3
Mahalath	1
Mahanaim	12
Maharai	3
Mahath	3
Mahavah	1
Mahazioth	2
Mahlah	5
Mahli	14
Mahlon	4
Mahma	1
Mahol	1
Maim	2
Makaz	1
Makheloth	1
Makkedah	8
Malcam	1
Malchiel	3
Malchijah	13
Malchiram	1
Malchishua	5
Malem	15
Mallothi	2
Malluch	6
Malluchi	1
Manahath	3
Manasseh	137
Mani	5
Manna	1
Manoah	14
Manol	8
Mansis	2
Maoch	1
Maon	7
Marah	4
Marahr	1
Marcaboth	2
Mareal	1
Mareshah	8
Marsena	1
Mas	3
Mashal	1
Maspang	2
Masrekah	1
Masrinsral	1
Masrol	19
Massa	1
Massah	4
Matoltoliyen	1
Matred	2
Matri	2
Mattan	2
Mattanah	1
Mattaniah	17
Mattattah	1
Mattenai	3
Mattithiah	8
Matu	49
Mea	144
Mearah	1
Meawin	1
Mebunnai	1
Mecherah	1
Meconah	2
Medad	2
Medan	1
Medeba	4
Media	8
Mediteranean	1
Mediterranean	23
Meet	21
Megiddo	10
Mehetabel	2
Mehida	2
Mehir	1
Meholah	5
Mehuman	1
Mejarkon	1
Melah	2
Melatiah	1
Melech	4
Memucan	3
Menahem	8
Menuhoth	1
Meoa	61
Meon	2
Meonothai	2
Mephaath	3
Mephibosheth	21
Merab	4
Meraiah	1
Meraioth	6
Merari	36
Mered	3
Meremoth	6
Meres	1
Meribah	7
Merodach	1
Merom	2
Meron	1
Meronoth	2
Meroz	1
Mesha	5
Meshech	1
Meshek	1
Meshelemiah	3
Meshezabel	3
Meshillemith	1
Meshillemoth	2
Meshobab	1
Meshullam	25
Meshullemeth	1
Mesinge	1
Mesopotamia	6
Methuselah	2
Meunim	4
Meyen	1
Mezahab	1
Mibhar	1
Mibsam	2
Mibzar	1
Mica	5
Micah	31
Micaiah	33
Michael	9
Michal	21
Michmash	11
Michmethath	2
Michri	1
Middin	1
Midian	53
Migdalel	1
Migdalgad	1
Migdol	2
Migron	1
Mihsna	1
Mijamin	4
Mikloth	3
Mikneiah	2
Milalai	1
Milcah	4
Miniamin	3
Minnith	1
Miphkad	1
Miriam	14
Mirmah	1
Misa	16
Misenge	26
Mishael	3
Mishal	2
Misham	1
Mishma	2
Mishmannah	1
Mishra	1
Misla	6
Mispar	1
Mispereth	1
Misrephoth	2
Mithan	1
Mithkah	1
Mithredath	3
Miul	3
Mizpah	30
Mizpeh	1
Mizzah	1
Mo	40
Moab	115
Moadiah	1
Moladah	4
Molech	11
Molela	2
Molid	1
Molikutla	1
Molin	8
Momong	2
Mongla	1
Mongo	3
Mongoi	1
Mongoiwin	1
Mongol	1
Monin	2
Monuk	2
Mordecai	62
Moreh	2
Moriah	1
Moserah	1
Moseroth	1
Moses	732
Mosrwella	1
Moul	16
Moza	4
Mozah	1
Mo­ses	24
Mu	1
Mui	1
Mukul	43
Mulut	1
Musaela	1
Musaiyen	1
Mushi	10
Musri	2
Muta	7
Mutal	329
Mutan	61
Mutana	3
Mutanfahl	1
Mutawauk	9
Mutaweak	1
Mutawin	1
Mutuk	3
Mutun	1
Mutunfacl	7
Mutunoa	2
Mutunpot	42
Mu­tal	1
Mwatalos	1
Mwatan	2
Mwe	85
Mwen	1
Mwenmen	1
Mwesis	4
Mwesr	1
Mwet	1086
Mwetsac	2
Mweun	15
Mweunelos	1
Mweuni	1
Mweunkin	1
Mweyen	45
NGA	1
NU	1
Na	1740
Naam	1
Naamah	4
Naaman	21
Naarah	3
Naarai	1
Naaran	1
Nabal	25
Naboth	17
Nacon	1
Nadab	23
Nahalal	3
Nahaliel	2
Naham	1
Nahamani	1
Naharai	2
Nahash	11
Nahath	3
Nahbi	1
Nahor	2
Nahshon	6
Naioth	6
Nani	2
Naomi	29
Naphish	2
Naphtali	38
NaphtaliJerimoth	1
Naphtuh	1
Nashim	1
Nashon	2
Nasren	1
Nathan	39
Natu	1
Natul	2
Naweyuk	1
Naweyukla	1
Nazirite	16
Na­omi	6
Ne	11
Neah	1
Neariah	3
Nebai	1
Nebaioth	1
Neballat	1
Nebat	15
Nebo	9
Nebuchadnezzar	28
Nebuzaradan	4
Neco	9
Nedabiah	1
Nehemiah	9
Nehum	1
Nehushta	1
Nehushtan	1
Neiel	1
Nekoda	4
Nemuel	3
Nepheg	4
Nephilim	1
Nephisim	1
Nephtoah	2
Nephushesim	1
Ner	10
Nergal	1
Netaim	1
Nethan	1
Nethanel	12
Nethaniah	5
Netophah	10
Netophath	2
Neziah	2
Nezib	1
Nga	932
Ngal	2
Ngalngul	1
Ngan	3
Ngeta	1
Ngetak	2
Ngetla	4
Ngetma	4
Ngetnget	1
Ngoasrok	1
Ngoasrol	1
Ngun	10
Ngunin	2
Nial	1
Nibhaz	1
Nibshan	1
Nien	13
Nik	104
Nikmet	40
Nile	9
Nimet	121
Nimrah	2
Nimrod	1
Nimshi	4
Nina	35
Nineveh	1
Nisan	1
Nisroch	1
Noa	2
Noadiah	2
Noah	6
Nob	5
Nobah	3
Nodab	1
Nogah	2
Nohah	1
Nokmulang	2
Nokomang	1
Nokomla	2
Nokwal	1
Nophah	1
Nu	63
Nuknuk	273
Nuknukyang	1
Nuk­nuk	2
Nun	24
Nuna	2
Nunak	51
Nunku	3
Nunkuwin	1
Nununku	3
Nwakla	1
Nwe	6
O	105
OLEUM	2
OLeum	1
Oakiya	1
Oakla	4
Oakma	1
Oakwuk	20
Oak­wuk	1
Oan	1
Oana	40
Oanan	1
Oanna	1
Oaru	1
Oasr	311
Oasroasr	1
Oatui	1
Oatula	2
Oayapa	54
Obadiah	19
Obed	27
Obil	1
Oboth	2
Ochran	4
Oded	3
Oe	6
Oemeet	2
Og	22
Ohad	1
Ohel	1
Oholiab	5
Oholibamah	1
Oil	3
Oinge	1
Okah	3
Okoala	1
Okoaung	2
Okosra	1
Olive	2
Omar	1
Omri	15
Omunla	1
On	4
Onam	3
Onan	2
Onela	1
Onelosla	1
Oneltalu	1
Ongoiya	5
Ono	5
Ophel	5
Ophir	6
Ophni	1
Ophrah	8
OraIa	1
Orala	48
Orani	1
Oreb	5
Orek	3
Orekla	4
Orekma	15
Orekmakin	4
Orekmakinyukla	1
OrekmakunIa	1
Oren	1
Oriona	1
Orpah	2
Oru	75
Osra	1
Ostrich	1
Ota	1
Othni	1
Othniel	11
Otwela	1
Ou	1
Ouinge	450
Ouiya	9
Ouiyen	1
Ounce	1
Ounge	1
Oyeku	2
Ozem	2
Ozni	1
Pa	294
PaItiel	1
Paarai	1
Pacl	121
Padon	2
Pagiel	4
Pahath	6
Pahtpat	1
Paing	1
Paka	1
Pakela	1
Pakomuta	1
Palal	1
Palang	2
Pallu	4
Palm	1
Palmyra	1
Palti	2
Paltiel	3
Palu	8
Pan	1
Pangnolma	1
Pangoneni	4
Pangonma	1
Paol	2
Papa	38
Parah	1
Paran	8
Parmashta	1
Parnach	1
Parosh	6
Parshandatha	1
Paruah	1
Parvaim	1
Pas	1
Pasach	1
Paseah	4
Pashhur	6
Pathrus	1
Pau	1
Paun	2
Pedahel	1
Pedahzur	4
Pedaiah	8
Pekah	11
Pekahiah	6
Pelaiah	3
Pelaliah	1
Pelatiah	3
Peleg	2
Pelet	4
Peleth	2
Pelon	2
Peninnah	5
Penuel	6
Peor	8
Perazim	4
Peresh	2
Perez	16
Perida	1
Periz	19
Persia	28
Peruda	1
Pesin	2
Pethahiah	4
Pethor	2
Peullethai	1
Pharpar	1
Philistia	230
Phineas	1
Phinehas	23
Pi	4
Pia	11
Pig	1
Pikinya	1
Pileser	10
Pilha	1
Piltai	1
Pinon	1
Piram	1
Pirathon	5
Pisa	14
Pisalos	6
Pisen	52
Pisgah	8
Pispa	1
Pisr	1
Pithom	1
Pithon	2
Pleiades	1
Pochereth	2
Pol	1
Poratha	1
Porongalos	3
Porongekut	1
Porongeyu	5
Porongo	15
Posohksok	3
Pot	3
Pouk	1
Poum	1
Poun	1
Pre	6
Puah	4
Pukanak	1
Pukanten	7
Puknulosi	1
Pukpuki	1
Pukpukyak	1
Pukun	1
Pukunyeng	5
Pul	1
Pulahl	1
Pulaik	1
Pulal	1
Pungal	1
Punon	1
Puokya	1
Puokyuwi	1
Purah	2
Purim	5
Pus	6
Pusiyen	2
Pusla	1
Pusra	3
Pusrek	1
Pusren	5
Pusrukla	1
Putaka	2
Putatla	1
Puth	1
Putiel	1
Pwanang	4
Pwanulosla	1
Pwanuloswot	1
Pwapa	1
Pwaye	19
Pwayeiya	1
Pwayena	13
Pwelung	5
Pweng	7
Pwengpeng	3
Pwenyula	1
Quail	1
Raamah	2
Raamiah	1
Rabbah	12
Rabbith	1
Racal	1
Rachel	2
Raddai	1
Rahab	12
Raham	1
Rakem	1
Rakkath	1
Rakkon	1
Ram	8
Ramah	32
Ramath	2
Rameses	3
Ramiah	1
Ramoth	25
Ramses	1
Rapha	1
Raphah	1
Raphu	1
Rapku	1
Rarrar	2
Raunyak	1
Reaiah	4
Reba	2
Recah	1
Rechab	8
Reelaiah	1
Regem	1
Rehab	1
Rehabiah	4
Rehob	7
Rehoboam	50
Rehoboth	1
Rehum	8
Rei	1
Rekem	5
Remaliah	5
Remeth	1
Rephael	1
Rephah	2
Rephaiah	5
Rephaim	14
Rephidim	5
Resheph	1
Resin	1
Reu	1
Reuben	72
Reuel	3
Reu­ben	1
Rezeph	1
Rezin	4
Rezon	3
Rhodes	1
Ribai	2
Riblah	3
Rimmon	11
Rimmono	1
Ring	2
Rinnah	1
Riphath	1
Rishathaim	1
Rissah	1
Rithmah	1
Riti	1
Rizia	1
Rizpah	4
Rogelim	2
Rohgah	1
Romamti	2
Roto	8
Roto-in-Euphrates	15
RotoJoel	1
Rumah	1
Ruth	32
SU	9
SaIma	1
Sabbath	44
Sabea	1
Sabtah	1
Sabteca	1
Sab­bath	1
Sachar	2
Sachia	1
Sacn	1
Safla	6
Saflaiya	1
Saflaiyel	1
Sahp	29
Sak	9
Sala	1
Salecah	4
Sallai	2
Sallu	4
Salma	1
Salmon	3
Salu	1
Samaria	77
Samlah	2
Samson	64
Samuel	148
Sanballat	10
Sang	45
Sangeng	1
Sansannah	1
Saok	7
Sap	85
Saph	1
Sapkin	2
Sapmoulelosi	1
Saraph	1
Sarid	2
Sarom	3
Sarukla	2
Sasu	13
Satan	11
SauI	1
Saul	410
Sawalsrisr	1
Saya	1
Sayen	29
Se	2
Seba	1
Secacah	1
Secu	1
Segub	3
Seir	2
Seirah	1
Sela	3
Seled	2
Selnga	12
Selngawiya	2
Semachiah	2
Senaah	2
Seneh	1
Senir	2
Sennacherib	11
Seorim	1
Sepharvaim	4
Sepher	5
Serah	5
Seraiah	14
Sered	1
Serpent	1
Serug	1
Sessesla	1
Seth	3
Sethur	1
Seyal	6
Shaalbim	3
Shaalbon	2
Shaalim	1
Shaaph	2
Shaaraim	3
Shaashgaz	1
Shabbethai	3
Shagee	1
Shahar	1
Shaharaim	1
Shahazumah	1
Shalishah	2
Shallecheth	1
Shallum	22
Shalmai	1
Shalmaneser	5
Shamgar	2
Shamhuth	1
Shamir	4
Shamlai	1
Shamma	2
Shammah	12
Shammai	5
Shammoth	1
Shammua	5
Shamsherai	1
Shan	8
Shapham	1
Shaphan	13
Shaphat	6
Sharai	1
Sharar	1
Sharezer	1
Sharon	3
Sharuhen	1
Shashai	1
Shashak	2
Shaul	7
Sheal	1
Shealtiel	4
Sheariah	2
Sheba	25
Shebaniah	7
Sheber	1
Shebna	4
Shebuel	5
Shecaniah	11
Shechem	41
Shedeur	2
Shedur	2
Sheep	5
Sheerah	2
Shehariah	1
Shelah	8
Shelemiah	5
Sheleph	1
Shelesh	1
Shelomi	1
Shelomith	9
Shelomoth	1
Shelumiel	5
Shem	4
Shema	7
Shemaah	1
Shemaiah	36
Shemariah	4
Shemed	2
Shemer	3
Shemesh	19
Shemida	3
Shemiramoth	4
Shemuel	1
Shen	1
Shenazzar	1
Shepham	2
Shephatiah	11
Shephelah	1
Shepher	1
Shephi	1
Shephupham	1
Shephuphan	1
Sherebiah	8
Sheresh	1
Sheshai	3
Sheshan	5
Sheshbazzar	4
Shethar	4
Sheva	1
Shevah	1
Shibboleth	1
Shihor	2
Shikkeron	1
Shilhi	2
Shilhim	1
Shillem	1
Shiloh	32
Shilshah	1
Shimea	3
Shimeah	2
Shimeath	3
Shimei	40
Shimeon	1
Shimon	1
Shimrath	1
Shimri	3
Shimrith	1
Shimron	5
Shimshai	4
Shion	1
Shiphi	1
Shiphrah	1
Shiphtan	1
Shirnri	1
Shisha	1
Shishak	8
Shitrai	1
Shittah	1
Shittim	2
Shiza	1
Shobab	4
Shobach	4
Shobai	2
Shobal	6
Shobek	1
Shobi	1
Shoham	1
Shomer	3
Shophan	1
Shua	1
Shuah	2
Shual	4
Shubael	1
Shuhah	1
Shuham	1
Shumath	1
Shunem	10
Shuni	1
Shuppim	3
Shur	4
Shuthelah	5
Sia	1
Siaha	1
Sibbecai	4
Sibboleth	1
Sibmah	3
Sidon	22
Sie	223
Siefanna	1
Siena	2
Sifacna	1
Sifen	10
Sifilpa	10
Sihon	33
Sikal	1
Sikyak	3
Silla	1
Silver	3
Simeon	30
SimeonShephahatiah	1
Simisyukla	2
Simla	36
Simusla	6
Sin	14
Sinai	49
Singoul	7
Sinka	3
Siofok	1
Sion	1
Siphmoth	1
Sipikya	1
Sippai	1
Sirah	1
Sirion	1
Sisella	1
Sisera	29
Sisi	1
Siska	1
Sisken	1
Sisla	8
Sismai	1
Sisya	1
Sithri	1
Siti	73
Sivan	1
Siyuk	6
Sjn	1
So	1
Soakas	2
Soanekut	1
Soano	5
Soco	3
Socoh	5
Sodi	1
Sodom	2
Soenna	5
Sohl	5
Sokak	3
Sokma	1
Soko	6
Sokolak	1
Solalma	3
Solomon	281
Som	10
Sophereth	1
Sorek	1
Sotai	2
Sou	52
Spain	1
Sracl	1
Srah	8
Srakna	5
Sralak	3
Sralap	2
Sralapan	1
Sralik	1
Sram-sram	1
Sramsram	53
Srela	5
Srelosla	1
Srenenu	3
Sri	2
Srikasrak	1
Srike	6
Srikla	1
Srikowosla	1
Sringilya	1
Sripa	1
Sripe	1
Sripen	2
Sripisrya	1
Sripom	1
Srisrik	4
Sronot	1
Sru	10
Sruf	45
SrufMwet	1
Sruhk	2
Sruhu	2
Sruk	3
Srukak	3
Sruloala	1
Srumun	4
Srunga	1
Srungul	6
Sruokilya	2
Sruokya	6
Srupo	2
Srupsrulak	1
Srupusrak	1
Srusra	21
Sruwasrik	2
Step	1
Su	104
Suah	1
Sucath	1
Succoth	1
Sufa	1
Suk	2
Sukan	6
Sukkiim	1
Sukkoth	14
Sukok	2
Sulaklak	10
Sulallal	2
Sulela	7
Suliyuk	1
Sulkakinelik	2
Sulpa	2
Sun	1
Sunakin	2
Sunilya	1
Suph	1
Suphah	1
Supuseni	1
Supwala	2
Supwalma	2
Supwaltalma	1
Supwama	4
Sur	1
Susa	20
Susah	1
Susi	1
Susui	1
Sutuu	2
Suwohs	1
SuwoswosIana	1
Syria	118
Taanach	7
Taanath	1
Tabbaoth	2
Tabbath	1
Tabeel	1
Taberah	2
Tabor	9
Tabrimmon	1
Tachemon	1
Tacng	7
Taflela	2
Tafongla	3
Tafu	3
Tafun	12
Tah	4
Tahan	2
Tahath	5
Tahpenes	1
Takin	5
Takla	1
Takunla	1
Tal	4
Talmai	6
Talmon	5
Tamar	23
Tamtael	2
Tamulel	3
Tanglal	1
Tanhumeth	1
Taphath	1
Tappuah	9
Taralah	1
Taran	2
Taranna	1
Taranul	1
Tarea	2
Tari	16
Tarshish	2
Tartak	1
Tattenai	3
Tax	1
Tebaliah	1
Tebeth	1
Tehinnah	2
Tekoa	10
Tel	4
Telah	1
Telassar	1
Telem	3
Tem-pul	1
Tema	2
Temah	2
Teman	4
Temeni	1
Tempu	1
Tempul	476
Ten	5
Tepu	1
Terah	3
Teresh	2
Thebez	2
Thummim	8
Tia	58
Tiana	3
Tibhath	1
Tibni	2
Tiglath	10
Tikvah	3
Tilon	1
Timna	3
Timnah	8
Timnath	3
Tiok	4
Tiphsah	1
Tiras	1
Tirath	1
Tirhakah	1
Tirhanah	1
Tiria	1
Tirzah	16
Tishbe	3
Tiz	1
Toah	1
Toang	11
Toangna	8
Toasriyen	3
Tob	4
Tobadonijah	1
Tobiah	17
Tobijah	1
Tochen	1
Toeni	1
Togarmah	1
Tohu	1
Toi	4
Tok	23
Toko	36
Tokol	4
Tokosra	956
TokosraNahash	1
Tokosrai	8
Tol	33
Tola	6
Tolad	1
Tolngoul	14
Tolu	7
Tolulla	4
Top	4
Topang	1
Tophel	1
Topheth	1
Topkol	1
Topukyu	4
Torkaskas	1
Tower	6
To­kosra	1
Tron	1
Tu	5
Tubal	1
Tufahl	2
Tufahna	3
Tufoki	1
Tuh	100
Tuhn	1
Tuhnyohu	1
Tui	5
Tukakek	8
Tukeni	1
Tuktukya	1
Tukun	136
Tukunna	5
Tula	1
Tuleya	1
Tulik	37
Tulokinya	1
Tulokunak	2
Tuninfong	1
Tunyuna	3
Tup	3
Tuptup	176
Tusruk	16
Tusruktu	469
Tut	1
Tuyak	7
Tu­keni	1
Twani	2
Twenya	1
Tyre	13
U	12
Uel	1
Uh	2
Ukohkyak	1
Ukuiya	1
Ukwe	1
Ukweya	1
Ulam	4
Ulla	1
Ummah	1
Un	18
Unac	2
Unilya	4
Uniya	8
Unni	2
Unno	1
Unon	9
Upala	1
Ur	2
Uri	8
Uriah	30
Uriel	4
Urim	8
Us	13
Usal	1
Usalak	2
Usalla	3
Usalosme	1
Usalu	11
Usani	1
Use	22
Uskuteni	1
Usla	5
Usyula	1
Uthai	3
Utukelik	1
Utukla	3
Utyak	26
Uz	3
Uzai	1
Uzal	1
Uzza	5
Uzzah	12
Uzzen	1
Uzzi	10
Uzzia	1
Uzziah	33
Uzziel	19
Vaizatha	1
Vaniah	1
Vashti	11
Vophsi	1
Wacl	1
Wagon	1
Waheb	1
Wain	1
Wangin	189
Wanginla	4
Wanginna	22
We	5
Wek	1
Wen	77
Wet	1
Wheat	1
Wheel	2
Wi	6
Wik	1
Wikin	1
Wikwik	1
Wiyu	1
Wo	2
Wolana	3
Won	7
Wona	25
Wounse	4
Wowon	1
Wu-leang	2
Wuleang	149
Wulela	2
Ya	148
Yac	34
Yakang	1
Ye	10
Yen	10
Yiron	1
Yohk	5
Yoklana	3
Yokyokelikna	1
Yume	2
Yunela	1
Yuni	1
Yurin	1
Yuwot	1
Yuyu	2
Yuyula	1
Zaanannim	1
Zaavan	1
Zabad	7
Zabbai	2
Zabdi	7
Zabdiel	2
Zabud	1
Zaccai	2
Zaccur	10
Zadok	43
Zaham	1
Zair	1
Zalaph	1
Zalmon	2
Zalmonah	1
Zalmunna	8
Zamzummim	1
Zanannim	1
Zanoah	5
Zaphon	2
Zarephath	2
Zarethan	4
Zattu	5
Zaza	1
Zebadiah	9
Zebah	8
Zebidah	1
Zebina	1
Zeboiim	1
Zeboim	2
Zebul	6
Zebulun	35
ZebulunIshmaiah	1
Zechariah	45
Zedad	1
Zedekiah	19
Zeeb	5
Zela	2
Zelek	2
Zelophehad	10
Zelzah	1
Zemar	1
Zemaraim	2
Zemirah	1
Zenan	1
Zephaniah	2
Zephath	1
Zephathah	1
Zephi	1
Zephon	4
Zer	1
Zerah	20
Zerahiah	4
Zered	2
Zeredah	2
Zeresh	1
Zereth	2
Zeri	1
Zeror	1
Zeruah	1
Zerubbabel	12
Zeruiah	19
Zetham	2
Zethan	1
Zethar	1
Zia	1
Ziba	17
Zibeon	2
Zibia	1
Zibiah	2
Zichri	12
Ziddim	1
Ziha	3
Ziklag	14
Zillethai	2
Zimmah	3
Zimran	1
Zimri	16
Zin	10
Zina	1
Zion	5
Zior	1
Ziph	12
Ziphah	1
Ziphron	1
Zippor	4
Zipporah	5
Ziv	2
Ziz	1
Ziza	2
Zoan	1
Zoar	1
Zobah	11
Zobebah	1
Zohar	1
Zoheth	1
Zophah	2
Zophai	1
Zophar	7
Zophim	1
Zor	1
Zorah	12
Zuar	4
Zuph	3
Zur	5
Zuriel	1
Zurishaddai	4
[	9
]	9
a	321
aacnwuki	3
ac	15636
acHanun	1
acacia	24
acalu	1
aca­cia	4
acmwet	1
acn	3115
acnGezer	1
acni	1
acnu	9
acsom	1
aengani	4
aetui	2
aetuila	4
af	75
afi	3
afin	2
afinilya	1
afinkomi	1
afinkomla	1
afinya	36
afinyal	1
afinyom	1
afinyuwi	1
afla	6
afnulosla	2
afon	1
afunla	20
afyuf	32
afyufi	1
afyufla	4
agate	2
ah	1759
ahlu	41
ahlunsifal	4
ahng	5
ahya	2
ahyen	1
aikil	1
ainulos	1
ak-kalemye	1
akakosr	26
akangngaul	4
akasrui	1
akesmakinyal	1
akesmakinyalos	2
akesmakinye	7
akesmakye	1
aketeya	16
aketeyuki	2
akeu	9
ake­teya	1
akfahsrye	1
akfahsryekowoselik	6
akfahsryelik	2
akfahsryeloselik	1
akfalye	77
akfalyela	6
akfalyeyuk	2
akfatyeltal	1
akfisrasrye	3
akfisrasryela	1
akfohkfokyal	2
akfohkfokye	10
akfohkfokyela	8
akfohkfokyeyukla	1
akfohsyalak	1
akfohsyalos	1
akfohsyalosyak	3
akfohsyauk	3
akfohsyekowosyak	1
akfulat	21
akfulatya	1
akfulatyal	31
akfulatyalak	1
akfulatyalos	1
akfulatye	116
akfulatyelos	1
akfulatyeyu	9
akfulatyeyuk	13
akfusrasryela	1
akfusrfusryal	1
akfusrfusrye	1
akfu­latye	1
akfwelyeyuk	2
akfwelyeyukla	1
akiien	1
akilen	56
akilenak	17
akilenul	2
akilenulak	3
akilenya	7
akilenyen	6
akilenyu	1
akilenyuk	19
akin-sewowoye	1
akinsewowo	61
akinsewowoyal	20
akinsewowoyalos	14
akinsewowoyalosla	2
akinsewowoye	107
akinsewowoyekowos	1
akinsewowoyeyu	10
akinsewowoyeyuk	6
akinsewowoyuk	1
akisus	7
akisusye	1
akitakati	1
akitkosr	79
akkalemye	137
akkalemyela	1
akkalemyeyuk	17
akkalem­ye	1
akkapyauk	1
akkapye	1
akkapyeyuyak	1
akkasrkusrakyal	5
akkasrkusrakyalos	1
akkasrkusrakye	11
akkasrkusrakyeyu	4
akkasrupyal	1
akkasrupye	1
akka­lemye	1
akkemkatuye	1
akkeng	3
akkeok	3
akkeokyal	3
akkeokyalos	7
akkeokye	33
akkeokyeyen	1
akkeokyeyu	9
akkeokyeyuk	6
akketeya	1
akkeyal	8
akkeyala	13
akkeyalla	2
akkeyalos	3
akkeye	23
akkeyekomla	2
akkeyeyu	2
akkeyeyukla	5
akkeyeyula	2
akkihpye	1
akkihyela	1
akkklemyeyuk	1
akkohs	3
akkohsye	4
akkohsyel	2
akkohsyelos	5
akkohsyeyu	1
akkohsyeyuk	3
akkoluk	1
akkolukyal	7
akkolukyalla	2
akkolukye	28
akkolukyela	7
akkolukyeyu	4
akkolukyeyuk	2
akkolukyeyukla	1
akkunye	2
akkupatolye	1
akkwacoye	1
aklalfonyal	1
aklalfonye	3
aklalfonyeyu	2
akleumyal	3
akleumyalak	1
aklimekosr	15
akloesye	3
aklohsryela	1
aklohya	4
aklokoalokyal	2
aklokoalokyalos	3
aklokoalokye	13
aklokoalokyeyu	1
aklokoalokyeyuk	2
aklongoul	23
aklosrye	1
aklosye	1
aklukwa	9
aklumngaul	4
aklung	1
akluo	81
aklusrongtenyalos	2
aklusrongtenye	14
aklusrongtenyeyu	1
aklusrongten­ye	1
aklusrontenye	1
akmas	40
akmisye	4
akmisyela	1
akmisyelos	1
akmolye	2
akmolyela	4
akmolyeyuk	1
akmotulyal	1
akmoulyauk	5
akmoulyela	1
akmu-lalaye	1
akmulalaye	2
akmunasye	4
akmunasyekomla	1
akmunasyela	2
akmunasyeyula	1
akmunayalosla	1
akmuseltalu	1
akmuselya	1
akmuseya	3
akmuseyuki	4
akmusra	44
akmusrael	1
akmusraella	4
akmusraelosla	1
akmusraiyuk	1
akmusraiyukla	1
akmusrala	17
akmusralla	1
akmutalyal	1
akmutalyalos	7
akmutalye	11
akmutalyekowosla	1
akmutalyela	8
akmutalyeyuk	4
akmutalyeyukla	6
akmu­talye	1
akmwekin	3
akmwekinyal	1
akmwekinyala	1
akmwekinye	11
akmwekinyeyuk	2
akmwekinyeyukla	1
akmwenye	1
akmwetyalos	1
akna	1
aknasnas	38
aknasnasla	3
aknasnasyal	3
aknasnasyalla	3
aknasnasyalos	8
aknasnasyalosla	7
aknasnasyalostuh	1
aknasnasye	20
aknasnasyela	19
aknasnasyeyuk	6
aknasnasyeyukla	19
akngusrika	1
akngusrikya	1
aknunakyal	2
aknunakye	1
ako	11
akoac	1
akoalel	2
akoalkosr	22
akoekomla	1
akoela	31
akoella	1
akoeyen	2
akoeyuk	11
akoeyukla	9
akoia	1
akola	145
akongoiya	1
akonkosr	15
akoo	57
akorekmayalos	1
akos	179
akosak	32
akosma	1
akosr	221
akosten	4
akosyen	1
akosyu	14
akosyuk	1
akou	1
ako­la	1
akpah	1
akpahyeyu	1
akpaoyela	5
akpulaikye	1
akpulaikyeyu	1
akpulal	1
akpulol	4
akpusiselyal	3
akpusiselyalos	5
akpusiselye	9
akpusiselyeyuk	1
akpusye	4
akpusyekowoselik	1
akpwaryal	2
akpwaryalos	2
akpwaryaltal	1
akpwarye	2
akpwaye	11
akpwayei	8
akpwayeiyuk	1
akpwayeiyukla	1
akpwayeye	26
akpwayeyela	1
akpwayeyeyuk	1
akpwayeyuk	14
aksaf	1
aksaflayela	1
aksafye	4
aksafyela	33
aksafyeyukla	5
aksangeng	18
aksangengalos	1
aksangengyalos	4
aksangengye	6
aksangengyekutla	1
aksangengyeyu	8
aksaokye	1
aksaromromyeyukla	1
aksasuye	5
aksasuyela	2
aksasuyeyuk	1
aksaya	1
aksaye	5
aksingoul	87
aksol	27
aksororye	1
aksororyela	3
aksororyeyukla	1
aksrikye	1
aksrikyela	4
aksroksrokyauk	1
aksroksrokye	15
aksroksrokyeyuk	3
aksruksruk	4
aksruksrukel	2
aksruksrukelos	2
aksruksrukeyu	3
aksruksruki	3
aksruksrukye	1
aksuko-sokyeyukla	1
aksukosokyal	1
aksukosokyalla	3
aksukosokyalos	1
aksukosokyalosla	2
aksukosokye	4
aksukosokyekomla	1
aksukosokyekowos	1
aksukosokyekowosla	1
aksukosokyekutla	1
aksukosokyela	6
aksukosokyeyuk	1
aksukosokyeyukla	2
aksutueyela	1
aksuwos	2
aksuwosye	8
aksuwosyela	2
aktaekyala	3
aktaekye	2
aktafongyekomla	1
aktafongyekowosla	1
aktafongyela	1
aktalapyal	1
aktoasryal	1
aktoasryalos	1
aktoasrye	9
aktoasryela	1
aktoasryeyu	1
aktolkwe	2
aktolngoul	12
aktolu	47
akto­lu	1
aktuktuk	190
akukuin	5
akukuinla	3
akul	38
akupasri	3
akupaye	16
akura	1
akuran	13
akuranna	4
akutun	1
akwalomyalosla	1
akwalyalak	5
akwalyekomyak	1
akwoya	11
akwoyake	1
akwoyal	2
akwoyalla	1
akwoyalos	1
akwoye	18
akwoyela	17
akwoyeyen	1
akwoyeyu	3
akwoyeyukla	5
akyokye	6
akyokyela	2
akyokyelik	7
akyu	4
akyuye	8
ak­kalemye	2
ak­musra	2
ak­mutalyalos	1
alapelik	1
alapla	1
alein	18
alfokfoklana	1
aliki	7
alken	2
alko	3
alla	1
almond	5
aloes	1
alolo	4
alsrangesr	1
altal	1
altuk	1
alu	459
alukela	64
alukella	2
alukelosla	1
alukeot	4
alula	1
alullul	2
alullulkin	1
alut	12
alyalu	8
amai	1
amakin	3
amakinya	1
amakinyuk	1
amakinyukla	1
amakinyuyak	1
amakunla	2
amei	4
ameila	2
amein	11
amethyst	1
ame­thyst	1
amweuni	6
an	485
ana	2
ang	3
angan	3
ange	3
angetani	1
angfoko	27
angngaul	87
angnol	1
angokmwet	1
angon	3
angonkas	2
angyang	2
ang­ngaul	1
ani	2
aniya	3
aniyuki	1
antelope	4
anut	1
anwuk	28
anwuki	208
anwukkin	3
anwukla	11
ao	2
aok	21
aol	23
aolelik	1
aoliyen	1
aolla	26
aolul	55
aolulla	21
aolulos	5
aolulosla	3
aolyal	2
aolyen	3
aolyu	3
aolyula	1
ap	1
apat	21
apatla	1
apayuki	5
apinkutla	3
apinyula	1
apis	1
apisya	2
apkuran	196
apkuraneni	1
apkuranla	1
apkuranme	9
apkuranna	2
apkuranyang	9
apneni	2
apnulla	4
apunla	5
apusrali	1
apweni	1
ap­kuran	1
ari	1
arosrosak	1
arukak	3
arulaia	1
arulana	605
arula­na	1
aruruma	9
aru­lana	2
aryar	1
aryarak	3
aryur	2
aryurla	12
asang	12
ase	90
asiyuki	5
asla	1
asmakin	2
asmakla	1
asor	84
asorkin	1
asot	71
asr	1
asramsrami	1
asrasr	1
asrla	2
asrma	1
asroeang	1
asroela	16
asroelik	4
asroeot	1
asrosrelik	6
asrosrla	2
asrungai	2
asruoki	7
asruokpola	1
ass	1
asu	1
asupangi	2
atal	1
atla	7
atlana	1
atlol	8
atoatoai	1
atol	2
atro	5
atrol	1
atronmotowos	2
atronmuta	6
atronmutal	5
atronmutuk	2
atronmutun	1
atula	1
atulani	1
atupali	2
auli	4
auliyak	15
aunfong	11
aunfongputat	1
aunsifa	1
aunsifal	14
aunsifalos	1
aunsifen	1
aunsifuk	1
aunsuf	8
aupayela	1
aur	1
awuki	1
aya	5
ayaol	9
ayaolla	5
ayukla	2
b	1
badger	1
balsam	2
barley	32
bar­ley	1
bean	1
bear	6
bed	8
beryl	2
blanket	1
boel	1
book	49
bowl	1
box	13
brace	11
bread	107
brick	11
bronze	112
broom	1
bushel	7
business	1
buzzard	2
cake	15
camel	21
capital	1
captain	60
cassia	1
cedar	46
cement	1
chameleon	1
chariot	109
cha­riot	1
cheese	2
cherub	34
chisel	1
cinnemon	1
copper	2
cormorant	2
cow	311
cream	1
crocodile	1
crow	1
crystal	1
cucumber	1
cup	21
cutlass	73
cymbal	14
cypress	2
deer	9
demon	1
diamond	2
dmwet	1
donkey	95
donkeysoko	1
don­key	1
drum	3
dust	1
e	157
eagle	9
eela	15
ee­la	1
ef	1
efla	2
efu	63
eir	122
eis	405
eisal	10
eisalang	26
eisalla	1
eisalma	4
eisalos	3
eisaloseni	1
eisalosme	1
eisaloswot	4
eisalosyang	14
eisalot	4
eisaltalang	1
eisaltalelik	1
eisalu	1
eisang	1
eisani	17
eiskomla	3
eiskomme	3
eiskomyang	3
eiskowoseni	1
eiskowosyang	2
eiskutwot	1
eiskutyang	3
eisla	193
eisya	5
eisyen	1
eisyu	2
eisyuwot	2
eisyuyang	5
eiya	2
ek	1
eka	1
ekak	1
ekasr	29
ekasriana	1
ekasrna	1
ekea	2
ekela	62
ekin	11
ekla	40
eklulosyak	1
ekoslana	1
eku	37
ekulla	23
ekyek	3
el	7355
ela	1
elah	4
elahn	1
elakelik	2
elan	570
elang	1
elos	3796
elosak	7
eloskalukyang	1
elostuh	1
eltal	227
elucng	1
elya	13
elyala	1
ema	6
emah	1
eman	3
emeet	103
emerald	2
emwem	4
emyohu	1
enenal	1
eneneyuk	19
enenu	399
eng	32
enga	5
engan	115
enganak	7
engankin	13
engyeng	24
engyengu	2
enu	3
enum	2
eoa	42
eoksra	14
eol	135
eot	268
eoteot	2
epa	3
epan	1
epang	120
epasr	11
ephod	44
erarrar	1
es	1
esa	10
esalang	1
esam	31
esamak	5
esamna	2
esamul	4
esamulos	3
esamya	2
esamyu	6
esamyuk	2
esmak	1
esmakin	9
esmakinyen	1
esukak	113
esukla	2
esukulak	2
esukulosyak	1
esukultalak	1
etaelos	1
etai	8
etal	4
etala	3
etauk	25
etawelos	1
etekom	3
etekowosla	1
eteya	3
eteyu	6
eteyuk	9
eteyukyak	1
etoak	17
etoatyak	1
etok	6
etong	19
etongkin	2
etu	343
eu	34
eufoko	4
eungoul	9
eunuch	13
eya	1
eyeinse	12
f	1
fa	12
fac	140
facl	567
faclos	45
faclu	132
facsin	9
facsr	14
fact	9
factfat	1
fad	19
fadcl	1
faesla	2
faf	18
fafwak	3
fah	2823
fahanwuki	1
fahfahla	1
fahfahsru	5
fahk	2601
fahk-ang	1
fahkak	168
fahkang	88
fahkelik	2
fahkfuk	1
fahkkomyak	2
fahkkowosyak	1
fahkla	20
fahklana	1
fahkma	7
fahko	48
fahkot	16
fahkulak	4
fahkya	1
fahkyal	1
fahkyen	1
fahkyuyak	5
fahl	3
fahla	187
fahlana	3
fahlu	1
fahluk	17
fahlukyang	1
fahsr	433
fahsrelik	33
fahsreni	34
fahsri	1
fahsrkin	1
fahsrna	19
fahsrot	16
fahsru	56
fahsryak	30
fahsryang	4
fahsu	1
faht	43
fah­sru	1
fain	3
faisak	3
fak	2
fakfuk	21
fakis	1
fakisya	9
fakisyu	2
fakpap	1
faksel	2
fakselosi	1
faksilya	12
faksufi	21
faksulang	1
fal	380
falcon	1
falful	5
falfulayak	2
falfuluyak	1
falka	4
falkal	6
falkalos	1
falkeang	1
falken	3
falkin	4
falkuk	1
falyang	3
fan	9
fani	4
fanukya	1
fanyak	38
fareng	8
fas	14
faseni	1
faska	3
fasr	4
fasrfasr	14
fasrfasrla	13
fatelik	3
fiaya	1
fiayala	1
fifa	1
fifyak	3
fig	12
fihkala	1
fil	10
filang	1
filfilla	10
filfilyang	1
fili	2
filikomi	1
filikowosi	1
filikowosla	3
filikowosme	1
filikowosyang	1
filikuti	1
filikutla	2
filikutwot	1
fililya	4
filin	2
filiya	179
filiyana	1
filiye	2
filiyuki	9
filiyula	5
filiyuwi	2
filiyuwot	1
filma	26
fin	1682
fineol	115
finmes	8
finne	161
finpisa	9
finpisal	4
finpisalos	1
finpisalyak	2
finpisen	1
finpisowos	1
finpisuk	2
finsrak	38
finsroa	1
fintokol	4
fintokoltal	1
fintukun	4
fintukuwos	1
finyepal	4
finyepalos	3
firir	192
firirelik	1
firirla	7
firirrir	6
firiryak	14
firriyuk	1
firriyukyak	4
firsrasr	1
fiskilya	2
fiskiya	1
fisrak	5
fisrasr	15
fisrasr-srasr	1
fisrasrsrasr	20
fisrasryasr	1
fisrik	1
fit	74
fita	45
fiten	4
flag	13
flao	76
flax	3
flute	2
fo	4
fofosr	1
fofosrme	1
fofosryak	1
fohk	63
fohkfok	33
fohkfokla	6
fohkoltal	1
fohkon	6
fohlelana	1
fohlo	20
fohngfong	2
fohru	2
fohs	8
fohsak	16
foingyak	1
fokelik	9
fokfok	2
fokfoki	1
fokin	35
fokinsak	32
fokkakin	1
fokla	3
foklalik	2
foko	22
fokoko	21
fokokoi	1
fokolak	2
fol	18
folak	1
folfol	39
folfolla	1
folfolnem	5
folfolsra	4
foli	1
folia	1
folla	7
follana	1
folo	2
folo-kelik	1
folok	52
folokelik	6
folokeni	5
foloki	9
folokin	16
folokinkomla	1
folokinkomme	1
folokinkowosla	1
folokinkowosme	3
folokinyen	1
folokinyu	1
folokinyuk	2
folokinyukla	3
folokinyukme	5
folokinyula	1
folokinyume	2
folokla	216
foloko	134
folokonak	6
folokonang	11
folokoneni	1
folokonma	16
folokonot	9
folokot	5
foloksak	27
folokunang	1
folokunla	19
folokunulla	7
folokunulma	5
folokunulos	1
folokunulosla	4
folokunulosme	2
folokunulosyak	1
folokunultalma	2
folokyak	6
folokyang	15
folosuwosla	3
foloyak	17
folo­ko	1
folsani	1
fom	15
fon	22
fonani	1
fonfon	2
fonfonla	1
fong	142
fongeni	7
fonla	1
fonna	7
fonohl	1
fonosya	4
foot	1
forang	19
forani	4
forfor	41
fork	7
forla	98
form	1
forma	18
foroht	11
forot	1
foroti	4
fosla	1
fosr	2
fosrelana	1
fosrnga	33
fosrngakin	26
fosrngakinyu	1
fosrngakunma	1
fosrngakunul	1
fosrngala	3
fosrngalana	1
fosryak	5
foto	1
fotoh	16
fotongolosi	2
fototo	37
fototoeni	1
fotowa	1
foul	6
foulin	3
fowos	29
fox	3
franku	1
frem	62
frog	14
fu	6
fu-fahsryesr	1
fufahsryesr	24
fuhleak	7
fuhleang	1
fuhlela	55
fuhlelana	1
fuhlella	9
fuhlelosla	6
fuhlelosme	1
fuhlelosyang	1
fuhleltal	1
fuhleltalu	1
fuhle­la	1
fuht	7
fuk	9
fuka	102
fukil	18
fukul	1
fukulya	19
fukulyuki	2
fulack	2
fulahk	63
fulala	1
fulan	9
fulat	332
fulata	32
fulatak	4
fulatal	2
fulatan	5
fulatiyen	1
fulatlana	6
fulatyak	1
fulen	1
fuleya	1
fulful	1
fulfuleni	1
fulfuli	1
fulfulyang	1
fulu	3
fulungya	1
fulyang	3
fung	2
fungla	3
fungyang	3
funmwet	5
funmweti	2
funu	44
funyu	4
furae	2
furalakwawa	1
furarak	2
furarrar	6
furokak	1
furokang	1
furokla	6
furokma	1
furokolla	1
furokya	1
furreak	10
fusak	3
fusauk	1
fuskela	1
fusr	297
fusrfusr	3
fusrfusryak	2
fusri	1
fusulosyak	1
fut	2
futfutungya	1
futun	2
futung	1
futungya	1
futunla	1
fwacfa	1
fwack	12
fwackelik	1
fwackot	1
fwackyak	5
fwackyang	21
fwacla	1
fwaclos	1
fwafeyak	1
fwaluk	3
fweang	1
fwefela	5
fwel	3
fwela	17
fwella	1
fweni	4
fwikomla	2
fwil	207
fwilin	118
fwilma	1
galbanum	1
gallon	10
garlic	1
garnet	1
gar­net	1
gazelle	1
glass	1
goat	1
god	260
gold	301
government	2
governor	30
grape	78
hBehemoth	1
hammer	3
harp	24
hawk	4
heron	2
hinge	1
hippopotamus	1
honey	17
hoopoe	2
horse	93
hyssop	8
hys­sop	1
i	1
ibis	2
ice	3
ik	10
ikak	1
ikakelik	4
ikakla	2
ikasak	2
ikaselik	1
ikasla	18
ikasulla	2
ikikil	1
ikil	1
ikilyukla	3
ikla	1
ikok	1
ikol	4
ikolkomi	1
ikololosi	1
ikolya	3
ikolyu	1
ikolyuwi	5
ikomtalla	1
ikor	1
ikori	18
ikruiya	5
iktok	1
ikul	1
ikus	1
ikwa	66
ikwal	3
ikwe	1
ikwen	16
ikwikeni	1
ila	1
ilia	76
ilil	4
ililla	1
ililya	1
illa	43
ilme	18
iluhsya	1
ilul	2
iluseni	1
ilusyukyak	2
ilya	2
ilyak	29
ilyuki	1
ilyuwi	1
ima	170
imae	10
imaela	2
imah	1
imai	4
imaiyuk	2
imom	1
imyak	1
in	12147
in-sewowo	1
inalok	3
inch	28
ine	11
inek	8
inel	57
inelos	32
ineltal	1
inem	3
inen	122
ineol	1
infacl	91
infahlfal	48
infarol	1
infohk	85
infukil	54
infulan	29
infulwa	15
infulwal	4
infulwalos	3
infulwalosi	1
infulwasr	1
infulwen	50
infulwuk	1
infwacl	5
infwem	1
ingan	248
ingankunokon	1
inge	3677
ingela	7
ingena	14
inging	12
ingo	60
inima	21
inimae	18
iniwa	29
iniwal	4
iniwen	2
injashar	1
inkain	2
inkaiyalos	1
inkaiyen	2
inkalkal	4
inkanek	143
inkawal	1
inka­nek	1
inkelos	1
inken	5
inkof	15
inkofuh	1
inkul	144
inkulyuk	31
inkusrao	69
inkwawal	1
inkwawalos	1
inkwawen	3
inlohm	1
inlulu	2
inmaslon	1
inmasrlo	2
inmasrlok	8
inmasrloktal	4
inmasrlol	12
inmasrlolos	42
inmasrloltal	7
inmasrlom	2
inmasrlon	189
inmasrlosr	16
inmasrlowos	36
inmasrol	1
inmasr­lon	2
inmuta	6
innek	15
inpaol	38
inpaolos	4
inpaosr	7
inpouk	7
inpoum	15
inpoumtal	1
inpoun	39
inpouwos	13
inpucl	1
inpupowos	1
insac	13
insacn	10
insak	15
inse	100
insefulatak	1
insemowo	1
insese	51
insesela	9
insewowo	142
insewowokin	5
insial	34
insialos	16
insianaung	2
insiasr	1
insien	16
insifa	1
insifal	4
insifali	2
insifalos	1
insifasr	1
insifomtal	1
insifuk	3
insio-wos	1
insiom	8
insiowos	17
insiuk	7
insiyuk	1
insracl	2
insremtal	2
insren	1
insroa	2
insroan	2
insruwasrik	9
insuf	6
intoein	2
intoeinulos	1
intokosrai	1
intwel	4
inut	3
inutnut	20
inwalul	4
inyal	1
inyoa	4
in­kanek	1
in­masrlok	1
in­masrlon	2
in­sewowo	1
ip	143
ipatokla	1
ipeis	6
ipin	129
ipinsak	14
ipipme	1
irelik	1
iron	8
irong	1
irpit	1
isani	1
isasu	1
iseya	1
isik	1
isikkomyak	1
isis	1
isisyak	21
isongang	11
isongya	19
isongyuki	1
isosu	1
isosyang	1
israp	1
israpla	2
israsr	6
israsrinkusrael	1
isrun	11
isrunulos	2
isrunyu	6
isus	15
isusla	44
isusyang	1
isus­la	1
itangla	1
itat	2
itatu	1
itfoko	19
itkos	1
itkosr	266
itngoul	55
itnoul	1
itu	31
ituk	5
ituki	1
itukla	24
itukot	9
ituku	7
itukyang	127
itungulosi	2
itungya	6
itungyuki	3
itungyuwi	1
it­kosr	1
ivory	5
iwa	1
iwalla	2
iwen	23
iweyula	1
jasper	2
jehiel	1
jeremoth	1
joab	1
joash	1
jonadab	1
juniper	4
k	1
ka	3
kaSrkusrak	1
kac	792
kacl	143
kaclos	20
kacltal	1
kacsr	9
kacto	26
kael	4
kaelos	5
kafa	5
kafisak	1
kafiskowosyak	1
kafofo	5
kafofona	1
kafsalosyak	1
kafwe	1
kahkeni	1
kahki	2
kahkinya	1
kahkla	9
kahkma	1
kahkme	1
kahl	2
kahlilya	2
kahlimin	3
kahlya	4
kahlye	11
kahp	6
kahpu	1
kai	47
kain	121
kainfohko	3
kaing	73
kaingelik	6
kaingkin	2
kaingkinkomla	1
kaingkinyu	1
kaingkunla	8
kaingkunul	5
kaingkunulos	4
kaingla	119
kainglana	1
kaingyak	1
kainmongo	2
kais	352
kait	1
kaiyu	3
kaiyuk	38
kakaing	1
kakaingkunul	1
kakasrisrikla	1
kakasrisrikna	1
kakla	1
kako	1
kaksak	12
kaksakin	35
kaksakinyu	4
kaksakinyuk	5
kaksakunul	8
kal	4
kala	1
kalem	138
kalemla	1
kalilya	1
kaliya	16
kalkal	71
kalkalak	2
kalkalyak	3
kalkul	6
kalkulla	4
kalla	5
kalmac	13
kalmah	1
kalmelik	4
kalmen	26
kalmeya	2
kalngei	4
kalngeyuk	29
kalsalak	1
kalukla	2
kalukyak	4
kalukyang	30
kalweni	2
kalwenina	2
kalya	12
kalyael	1
kalyaelos	6
kalyei	25
kalyeiyuk	7
kamtu	5
kang	168
kangla	50
kanglana	2
kangulla	1
kangyula	1
kantekomi	1
kantelya	2
kanteya	5
kanteyuki	1
kanteyuwi	1
kaot	8
kap	9
kapak	39
kapin	50
kapinnial	1
kapir	15
kapiri	6
kapiryang	2
kapkapak	24
kapla	1
kapna	1
kaprelosi	2
kapreni	5
kaprikomi	3
kaprilya	10
kapriya	21
kapriyuwi	3
kapsreni	7
kaptelik	3
kapu	1
kapur	1
kapuri	1
karak	3
karinganang	68
karinganangna	1
karinganul	7
karinganulang	4
karinganulos	3
karinganulosyang	1
karingin	141
karinginkomyang	1
karinginkowosyang	1
karinginkutme	1
karinginna	2
karinginyal	9
karinginyen	3
karinginyu	7
karinginyuk	26
karinginyukyang	4
karingnalos	1
karingnalosyang	2
karkar	1
karkarak	2
karyak	13
kas	429
kasiki	4
kaskas	165
kaskaskin	2
kaskeang	3
kaskiya	2
kasla	9
kasluk	1
kasr-kusrak	1
kasra	19
kasrala	2
kasre	2
kasrekom	20
kasrekomtal	3
kasrekowos	9
kasrekut	10
kasrel	35
kasrelak	1
kasrelos	41
kasreltal	1
kasreyal	2
kasreyen	2
kasreyomtal	1
kasreyu	21
kasreyuk	9
kasri	1
kasrik	1
kasriki	1
kasrkusrak	120
kasrkusrakak	16
kasrla	1
kasrma	1
kasrpal	1
kasrpalos	3
kasrpowos	1
kasrpuk	1
kasru	164
kasrup	98
kasrupi	5
kasrusr	85
kasrusrsrusr	2
kasr­kusrak	1
katelya	1
kateya	1
katinmas	36
katinmasla	2
katiti	2
katitiyu	1
kato	14
katoiyal	1
katwen	1
kaul	6
kauli	11
kawia	1
kawil	13
kawiya	2
kawuk	53
ka­lem	1
ke	8441
keik	31
keiktal	1
keim	21
keimtal	3
kein	1
keiwos	16
keke	8
kekela	5
kemkatu	5
kemwet	1
ken	1
kena	38
keng	98
keok	79
keoki	2
keoklana	1
kewa	152
kewana	22
key	1
keyak	1
kia	9
kial	264
kialelan	1
kialos	15
kialtal	2
kiapu	4
kiapwekom	2
kiapwekomla	2
kiapwekomtal	1
kiapwekomtalla	1
kiapwekowos	2
kiapwekowosla	1
kiapwekut	3
kiapwekutla	1
kiapwel	1
kiapwela	1
kiapwella	7
kiapweyu	4
kiapweyukla	1
kiapweyula	2
kiasr	5
kidney	10
kien	42
kientop	3
kifasla	2
kifasulla	4
kifus	1
kifuskomla	2
kifuskowosla	2
kifusyu	1
kifusyukla	2
kifwaltal	1
kifwiyukla	1
kihl	6
kihling	3
kihlisya	4
kihlisyen	1
kihlisyukyak	1
kihlyak	16
kihmkim	2
kihp	3
kihpi	3
kikap	1
kikiap	37
kilkilukyakna	1
kilukeni	2
kiluku	1
kilukunak	1
kilukunulak	1
kilukunulosi	1
kilukyak	6
kilukyang	1
kin	1
kinala	1
kinauk	5
kinet	15
kineta	9
kinetneta	2
kinkin	1
kinkini	1
kinkinla	2
kinoul	1
kiom	32
kiomtal	1
kiowos	7
kipakin	1
kipakinyuwi	1
kipatla	1
kiris	65
kisa	771
kisa-kinyuk	1
kisaela	10
kisai	4
kisaiyang	1
kisaiyen	1
kisaiyuk	3
kisaiyukla	3
kisakin	141
kisakinyuk	59
kisakinyukla	16
kisakinyukme	2
kisakinyukyang	8
kisakunang	9
kisakunla	16
kisakunma	2
kisakunulang	4
kisakunulla	1
kisakunulos	1
kisakunuloswot	1
kisakunulosyang	1
kisakunulot	1
kisala	2
kisayang	3
kise	1
kisrik	5
kit	1
kitakat	1
kitakatelik	9
kitakatyang	1
kital	5
kitala	5
kitalik	44
kitalos	9
kitaung	1
kite	46
kiteya	4
kiteyen	1
kiteyu	2
kiteyuwi	2
kitin	48
kitinmah	1
kiuf	4
kiuk	23
kle	11
ko	1
ko-lolos	1
ko-wos	1
koa	2
koac	24
koala	2
koaneak	1
koanela	2
koaneyukla	4
koanfohko	1
koano	4
koanon	8
koanonsia	16
koanonsial	2
koanonsien	2
koekoela	3
koela	1
koella	1
koen	2
kof	263
kofelik	6
kofla	27
koflana	27
koflufol	4
koflufolla	3
kohlol	1
kohloli	3
kohn	1
kohs	110
koht	2
koko	19
kokola	1
kokul	10
kol	520
kolak	14
kolang	1
kolla	37
kollana	1
kolma	5
kolo	28
kolol	3
kololla	2
kololma	1
kololos	18
kololosla	7
kololosme	1
koluk	832
kolukiyen	2
kolukla	3
kolyasr	1
kolyuk	24
kom	2101
komsulela	1
komtal	172
komws	1
komyak	1
kom­tal	1
konalak	20
konalosyak	2
konaltalak	3
konaok	1
konauk	106
koneak	2
konekomyak	2
konekowosyak	1
konela	3
koneyukyak	30
koneyuk­yak	1
koneyuyak	2
koni	1
konkin	10
konoiak	1
kontini	11
kontonauk	1
kororyak	1
kosra	17
kosrala	26
kosralosla	3
kosran	2
kosrani	56
kosrani-tuh	1
kosrekomla	2
kosreyula	1
kosrkosr	3
kosrkosrla	3
kosrla	1
kosro	420
kosroh	6
kosrusru	2
kotala	1
kotalik	1
kotani	1
koteya	8
koteyuki	1
kotkot	2
kotkoteya	2
kou	6
kouyak	3
kowos	1497
kowosme	1
ko­nauk	1
ko­srani	1
ko­wos	3
ku	2313
ku-lansap	3
ku-nausya	1
ku-tena	1
kuelik	1
kuf	11
kufinne	4
kufinnia	1
kufinnial	1
kufinpaol	13
kufinpo	5
kufinpouk	1
kufinpoum	1
kufla	1
kuflap	4
kufwa	131
kufwen	46
kuhfla	32
kuhfwak	3
kuhlasak	14
kuhlasla	3
kuhlusya	22
kuhlusyen	1
kuhlusyuki	6
kuhlusyukla	1
kuhlusyukyak	11
kui	23
kuinsrim	1
kuiyal	9
kuiyalos	7
kuiyasr	3
kuiyen	3
kuiyom	6
kuiyuk	2
kuka	9
kukakin	12
kukakinkowosla	1
kukakinyuk	2
kukakinyukla	15
kukakunla	5
kukakunul	2
kukakunulang	2
kukakunulla	5
kukakunulosla	2
kukakunulot	1
kukala	6
kukin	2
kulakak	1
kulakelik	1
kulamisyak	4
kulamisyuk	1
kulana	25
kulang	52
kulansap	343
kulansapla	1
kulansapwal	1
kulansapwalos	1
kulansapwekom	1
kulansapweyu	2
kulansupal	7
kulansupu	41
kulansupwal	16
kulansupwalos	1
kulansupwekom	13
kulansupweyu	14
kulasak	1
kulasr	7
kulaus	1
kulawi	5
kulkul	23
kulo	22
kuloel	1
kulukyang	1
kulun	41
kulunsupu	1
kulusyukyak	1
kulweya	2
kulyuk	24
kumak	2
kumakin	2
kumakinyuk	2
kun	10
kunal	13
kunalos	42
kunaltal	1
kunanui	1
kunanula	1
kunaus	2
kunauselik	3
kunausella	1
kunauselosla	29
kunauskomla	4
kunauskowosla	10
kunauskutla	6
kunausla	165
kunausten	4
kunausulla	2
kunausya	19
kunausyukla	41
kunausyula	3
kuna­usla	1
kunen	35
kunesla	2
kuneya	1
kuneyuk	4
kuneyuki	2
kuniyukla	1
kunkun	2
kunkunausya	1
kunla	11
kunlana	1
kunokon	25
kunom	2
kunowos	6
kunuk	1
kupansuwol	5
kupasr	14
kupasreni	7
kupasryaij	1
kupasryang	5
kupatol	1
kupa­sreni	1
kupo	1
kurrauk	4
kuru	1
kuruweni	1
kusen	13
kusrao	23
kusrun	2
kusrusr	6
kusrusrsrusr	3
kusrusryak	4
kut	681
kuta	4
kutaepang	1
kutangkomla	6
kutangkowosla	4
kutangkutla	3
kutangla	184
kutangulla	19
kutangulosla	41
kutangyukla	20
kutangyula	3
kutanulla	1
kutap	1
kutasrik	16
kutena	580
kutepacna	11
kute­na	1
kuti	1
kutkut	25
kutnukewa	1
kutong	2
kutongilya	4
kutongol	3
kutongolosi	1
kutongoltal	1
kutongulosi	1
kutongya	6
kutongyuwi	1
kutu	407
kutulap	137
kutuna	2
kutusak	1
kuut	2
ku­lansap	1
ku­tena	1
kwacna	1
kwaco	1
kwafe	48
kwafeang	3
kwafel	3
kwakof	1
kwal	1
kwanon	1
kwase	12
kwaselos	4
kwaseyu	1
kwasrip	4
kwawa	3
kwawal	3
kwawalos	1
kwawen	4
kwawuk	3
kwela	26
kwi	9
kwikutla	1
kwos	1
kwot	1
la	80
lac	158
lacne	1
lacnen	2
laco	3
laesla	20
laesyen	1
laf	10
lafalyat	1
laflafyang	1
lafluf	3
lafusak	4
lafwekin	2
lah	1012
lahi	2
lahn	3
lain	314
lainang	6
lainul	85
lainulos	39
lainyen	2
lainyu	38
lak	1
lakelosi	1
laki	5
lakiya	4
laknelik	14
lal	2880
lale	2
lalela	2
lalfon	27
lalfonla	1
lalkung	1
lalmwetmet	93
lalmwet­met	1
lalna	2
lalo	19
lalos	967
laltal	26
laluh	1
lam	63
lango	2
langoelos	1
laong	1
lapak	2
lasa	14
laslasla	2
lasr	285
lawani	1
layen	185
layeno	4
layenu	1
layot	46
la­los	2
lead	2
leek	1
lefahl	11
lefahlo	4
lefahlyat	3
lei	2
lel	3
lela	238
lelu	1
lemlem	12
lemnak	31
lemta	7
lemtai	3
lemtulauk	1
lem­nak	1
len	808
lenelik	18
lepa	8
lepayak	1
leper	1
lesak	17
leta	37
leum	330
leumi	72
leyot	1
lia	2
liaten	2
liaung	1
lihs	1
lik	35
liki	1475
likilya	3
likin	66
likinima	1
likinsai	1
likinsraclyak	1
likintupa	1
likintupal	1
likintupowos	1
likintupuk	1
likinum	14
likinuma	5
likinu­ma	1
likiya	39
likiyu	39
likiyuki	3
liki­numa	1
likkeke	22
likkekelana	3
liklik	7
liksreni	6
liksrenina	1
liktitella	2
liktitla	2
lili	1
lillil	1
lillilla	4
lillilyak	2
lim	2
limekosr	194
limekosrnu	1
limekosryak	1
lime­kosr	2
limlim	5
linen	45
linpisalos	1
lion	41
lip	1
lipikya	3
lippisauk	2
lippise	1
lipsre	2
lipufan	70
liskowoselik	1
liskowosla	1
liskutla	1
lisr	3
lisringkuti	1
lisrlisr	76
lisyukla	6
lisyula	3
liwos	4
liyal	55
liyalak	19
liyalang	6
liyalos	6
liyalosyang	6
liyaltal	2
liyaltalak	2
liyaten	8
liyauk	24
liyaung	135
liya­ung	1
liye	428
liyekomyak	1
liyekomyang	2
liyekowosyang	3
liyel	2
liyeyu	15
liyeyuk	16
liyeyukyak	2
liyeyuyak	3
liyeyuyang	3
liye­yu	1
li­mekosr	2
ln	3
lnge	1
lnmasrlon	1
lo	1
lo-koalok	1
loa	5
loac	95
loal	20
loali	3
loalla	1
loallana	3
loang	421
loange	2
loangeak	3
loangekom	1
loangekutla	1
loangel	3
loangela	3
loangella	1
loangelos	5
loangelosla	2
loangeya	6
loangeyen	2
loangeyu	2
loangeyula	1
loanginyeir	1
loango	10
loangyak	1
loarig	1
locust	13
loe-loes	1
loeloes	38
loes	39
loeselik	1
loeska	2
loesla	15
loeslana	1
loeslca	1
loessula	17
loesula	2
loeyuk	49
loeyukla	2
lof	20
lofong	1
lofongla	2
loh	34
lohang	23
lohela	1
lohi	1
lohila	1
lohl	26
lohlla	2
lohlo	1
lohlpo	1
lohm	514
lohma	3
lohng	342
lohngak	48
lohngol	11
lohngolos	4
lohngyen	1
lohngyu	7
lohngyuk	11
lohngyukyak	1
lohsr	51
lohsrani	3
lohsrla	2
lohul	1
lohulos	3
lohwot	2
lokeni	2
lokoalok	278
lokoalokla	1
lokoaok	1
loksak	8
loksakeyuki	1
loksakla	1
lokwalok	1
lol	1
lolap	3
lolngok	18
loloik	1
lolongya	3
lolongyuki	2
lom	787
lomtal	30
longolosi	1
longoul	163
longoulyak	10
longya	4
long­oul	1
losani	1
loslos	1
losya	3
losyukeni	1
loteang	1
lotel	1
lotela	2
lotelos	2
lotu	25
lotutang	47
lou	1
louk	2
loul	4
loumtal	1
lovvos	1
lowos	626
lowosla	1
lo­cust	1
lo­ngoul	2
lo­tutang	1
lucng	92
lucngi	1
luf	52
lufin	20
luin	23
luk	709
lukel	97
lukelos	25
lukeltal	3
lukma	50
luku	2
lukukla	1
lukun	47
lukunna	1
lukwa	108
lul	11
lula	162
lulalfongel	4
lulalfongelos	1
lulalfongi	58
lulalfongiyu	2
lulalfongiyuk	5
lulal­fongi	1
lulap	452
lulik	1
lulin	3
lullul	1
lulu	6
lumah	52
lumahl	10
lumahla	4
lumahlos	1
lumai	1
luman	107
lumasr	1
lumayula	1
lumfoko	33
lumko	1
lumla	1
lumngaul	89
lumnga­ul	2
lumom	2
lumuk	4
lumwani	3
lumweyuk	15
lumweyukla	1
lum­ngaul	2
lun	3160
lung	37
lungasla	2
lungasyukla	1
lungkinyuk	1
lungkulang	10
lungse	360
lungseDavid	1
lungsena	2
lungseyak	1
lungsum	4
luo	614
luoelik	1
luofofco	1
luofoko	46
luoiyana	1
lupa	46
lupal	1
lupan	103
lupanna	1
lusa	44
lusak	31
lusala	3
luselosla	23
luselosyak	4
lusen	89
lusenna	29
luseya	3
lusla	41
lusrong	2
lusrongla	2
lusrongol	1
lusrongten	23
lusrongyukla	1
lusrungak	3
lusrungulosyak	1
lusulla	4
lusulld	1
lut	18
luti	76
lutiyu	1
lutiyuk	2
lutlut	15
lutu	43
lututang	15
luwa	2
luwen	3
lu­man	1
lu­tutang	1
lyre	5
ma	6811
mael	3
maelik	1
mah	41
mahi	2
mahla	6
mahlap	7
mahma	2
mahn	3
mahnum	4
mahsrik	11
mahsrikla	1
mahsrikyak	3
makoluk	1
malak	1
malalmwetmet	1
malem	184
malu	12
mangelik	3
mangol	3
mangon	28
mangosr	2
mangsrasra	1
mani	85
manman	25
manmanla	2
manna	10
mano	90
manol	78
manolos	15
manoltal	1
mansis	4
marble	3
marut	7
marutla	1
mas	119
masak	4
maskin	8
maskunak	1
maspang	8
maspangla	2
masrinsral	26
masrinsralla	3
masrlon	3
masrlowos	1
masrol	73
matkang	1
matol	7
matoltol	20
matu	314
matula	7
matuoh	22
matwa	60
matwal	3
matwalna	1
matwalos	14
matwayak	1
matwen	2
matwuk	1
mau	50
me	234
mea	110
meet	482
meeting	1
meeto	1
men	1
meoa	54
met	1
meun	1
meunelos	1
mi-senge	1
mihsalik	6
mihsasa	4
mihselik	1
mihsla	1
mihslana	2
mihsrisr	4
milk	4
million	3
minini	16
mininila	3
minit	1
mirangak	1
miraung	1
misa	684
misenge	162
mise­nge	1
misla	126
mislana	2
mislawin	1
mitmit	7
miul	9
mo	2
mokle	7
mokleak	1
moklela	9
moklema	1
mokleyuk	5
mokleyukla	3
mokleyukyak	1
mokukla	1
mokutkuti	8
mol	4
moleang	3
molel	1
molela	122
molella	21
molelos	2
molelosla	25
moli	131
molikomla	10
molikomtalla	3
molikowos	2
molikowosla	23
molikutla	16
molin	53
moliyuk	2
moliyukla	11
moliyula	24
molla	1
molo	13
momong	4
momoul	1
mong	2
mongfisrasr	3
mongi	2
mongin	2
mongla	53
mongo	426
mongoi	12
mongol	1
mongola	17
mongona	1
monin	27
moniyuk	2
monuk	11
monum	3
monuwos	6
mosroal	2
mosrwe	1
mosrwekomla	6
mosrwela	31
mosrwella	17
mosrwelosla	2
mosrweyuk	1
mosrweyukla	7
mosrweyula	1
motkwala	1
motkwe	1
motok	3
motom	12
motonsrol	6
motonsrum	1
motonsruwos	4
motowos	15
motul	48
motulla	29
motullana	2
moul	433
moulkin	11
moulla	14
moulna	4
moulyak	4
moulyang	1
mo­lela	1
mu	527
mu-salla	1
mu-tawauk	1
mu-tunfacl	1
mu-tunpot	2
mui	8
mukaimtal	20
mukaimtalla	1
mukefanna	6
mukelana	1
mukena	128
muke­na	1
muku	1
mukui	2
mukuikui	17
mukuila	12
mukuime	1
mukuiwot	1
mukuiyak	62
mukukla	3
mukul	806
mulac	1
mulala	2
mulat	18
muliplipi	1
mulkinyukla	2
mulkinyula	3
mulkunla	32
mulkunulla	1
multikin	3
mulut	18
muna	4
munan	3
munanak	3
munanla	6
munas	142
munasla	21
munaslana	2
munasna	1
musa	34
musaeak	20
musaela	139
musai	118
musaiak	2
musaiyen	4
musaiyuk	10
musaiyukla	6
musaiyukyak	4
musala	9
musalla	43
musalsalu	4
musen	10
musrasrla	1
musul	1
mut	18
muta	1057
mutal	348
mutala	2
mutaliya	1
mutallana	2
mutalos	21
mutaltal	3
mutan	767
mutana	106
mutanfahl	21
mutangal	1
mutangalos	1
mutangan	15
mutangla	2
mutani	1
mutansac	1
mutasr	2
mutawauk	255
mutaweyen	12
muta­na	1
muta­weyen	1
muteng	5
muti	1
mutkin	1
mutnfacl	1
mutuk	39
mutun	253
mutunfacl	180
mutunoa	39
mutunpot	108
mutunpotlun	1
mutwata	11
mutyak	3
mu­kena	1
mu­tal	1
mu­tana	1
mu­tawauk	1
mu­tuk	1
mu­tun	1
mw	1
mwaiok	3
mwalna	1
mwata	31
mwatal	24
mwatalos	3
mwatan	20
mwatum	1
mwatuwos	5
mwe	1922
mwe-yen	1
mwekin	19
mwekinla	2
mwekyekinyu	1
mwel	4
mwelalla	1
mwella	1
mweme	18
mwemelil	8
mwen	11
mwenmen	31
mwesas	3
mwesasla	1
mwesis	167
mwesisla	1
mwesr	1
mwesrem	2
mwesri	3
mwesrla	4
mwet	9722
mwetdtufahna	1
mwetetu	1
mwetik	8
mwetkeli	1
mwetkol	1
mwetsac	104
mweun	942
mweunel	15
mweunelos	34
mweuni	157
mweunimwet	1
mweuniyu	4
mweuniyuk	1
mweunul	1
mweyen	505
mwe­sis	1
mwtt	1
myrrh	2
myrtle	1
na	2672
na-tulos	1
nak	4
nal	12
nalos	10
naltal	1
nani	124
nanka	2
nankal	9
nankalos	2
nankan	1
nasnas	242
nasnasla	26
nasnasna	3
nasnasyeyukla	1
nasr	7
natu	30
natul	1838
natulos	173
natultal	24
natusr	46
natu­los	1
nawekowos	1
nawela	8
naweyuk	30
naweyukla	10
nawe­yuk	2
nawu	3
na­tulos	1
ne	29
nein	7
neinkomyak	1
neinya	1
neinyen	4
neinyuk	26
new	1
nga	1987
ngac	16
ngal	9
ngalkinyu	1
ngalngalisyu	1
ngalngul	20
ngalnguli	3
ngalselosi	1
ngal­ngul	1
ngan	117
ngarngar	2
nge	4
ngeng	2
nget	11
ngeta	5
ngetak	8
ngetalik	1
ngetang	26
ngetani	10
ngeti	9
ngetla	41
ngetma	5
ngetnget	21
ngetngetla	1
ngetot	7
ngi	1
ngia	77
nginna	1
ngirla	1
ngirngir	7
ngisrala	5
ngisre	11
ngisyak	6
ngoasro	1
ngoasron	3
ngoe	1
ngok	10
ngokak	1
ngokya	2
ngorla	1
ngosiyukla	1
ngosla	11
ngosyuk	1
ngoul	7
ngulngul	1
ngun	33
nguna	1
ngunal	7
ngunalos	2
ngunik	4
ngunin	10
ngunum	2
ngunuwos	3
ngusr	12
ngusrik	1
ngusrikyak	1
ngusrla	1
nguta-lik	1
ngutalik	13
ngutngut	1
ngutyak	1
nia	26
nial	32
nialos	11
nialtal	1
nien	413
nik	32
nikanla	1
nikaru	1
nikin	10
nikinyukla	1
nikinyula	2
nikmet	12
nim	85
nimal	3
nimalos	3
nimasr	2
nimen	6
nimet	78
nimkofi	3
nimmm	1
nimnim	18
nimom	1
nimowos	1
nimuk	4
nimya	3
nina	141
niom	2
niowos	1
niuk	4
noa	1
nokmani	2
nokmulang	6
nokmulla	1
nokmulosyang	2
nokmultalang	1
nokomang	22
nokomla	26
nom	6
nomtal	2
nowos	12
nu	9984
nu-kewa	6
nu-tuwos	1
nufon	428
nufonna	14
nuk	2
nuke-wa	4
nukemwa	1
nukewa	2745
nuke­wa	11
nukla	10
nukmewa	1
nuknuk	458
nuknukfon	2
nuknukuh	1
nuknukyang	2
nukum	45
nukumkowosyang	1
nukumyukla	8
nuk­nuk	3
numla	3
nun	20
nuna	56
nunak	189
nunka	1
nunkal	9
nunkala	2
nunkalos	3
nunkauk	13
nunkeak	1
nunkeya	1
nunkeyuk	3
nunku	161
nunkun	2
nunun-ku	1
nununkekom	1
nununkekut	4
nununkeyu	5
nununkeyuk	7
nununku	108
nut	1
nutella	3
nuti	1
nutik	126
nutiktal	1
nutin	157
nutum	131
nutumtal	1
nutuwos	114
nutu­wos	3
nu­fon	1
nu­kewa	13
nu­kum	1
nu­tin	2
nu­tum	2
nu­tuwos	1
nwakang	1
nwakla	31
nwakulla	2
nwanak	4
nwanala	9
nwanulak	1
nwauk	1
nwe	728
nwek	5
nweke	1
nweki	1
nwekkowosla	1
nwekla	1
nwekyula	1
o	2
oa	14
oa-yapa	2
oaclik	2
oai	2
oak	29
oakal	1
oakalos	1
oakalosla	2
oakasla	1
oakeang	8
oakelosi	17
oaki	5
oakikomi	2
oakikomtal	1
oakikowosi	2
oakilya	2
oakiya	86
oakiyen	1
oakiyuki	2
oakiyuwi	1
oakla	27
oakoaki	1
oaksalak	4
oakwuk	180
oakwuki	98
oakwukyang	4
oak­eang	1
oak­wuki	2
oal	9
oalal	4
oalalla	1
oalel	2
oaleum	2
oalfoko	6
oalik	9
oalin	8
oalkosr	70
oalla	1
oalngoul	29
oalul	10
oalum	1
oaluwos	1
oal­kosr	1
oan	671
oana	1059
oankiyuki	9
oanna	46
oaoa	40
oaoala	20
oaoayang	2
oapana	57
oapaya	1
oaru	52
oasku	12
oasr	847
oasri	2
oasriksrik	3
oasroasr	2
oatu	6
oatui	24
oatula	18
oatume	4
oawe	1
oaya	5
oayak	2
oayang	2
oayapa	609
oayuk	1
oa­pana	1
oe	31
oek	5
oekul	1
oekyuk	8
oekyukla	1
oela	6
oelucng	1
oelulos	1
oemeet	75
oemeeto	1
oeten	2
oetok	3
office	2
ofong	12
oh	2
ohi	7
ohk	1
ohkok	1
ohlla	44
ohu	2
ohula	3
oiI	1
oil	134
okah	3
okak	8
okaki	5
okan	2
okanla	21
okanlana	1
okanulla	9
okanulosla	1
okanultalla	1
okla	2
okoal	3
okoala	18
okoalos	3
okoaung	12
okomla	2
okomulosla	4
okulosla	2
okwal	3
okwok	2
okwoki	1
okwokla	2
okwokyang	3
ol	1
olak	1
olalik	1
olela	2
olive	111
olla	2
olo	1
ololak	1
omeet	7
omer	2
on	122
ona	22
onel	2
onela	52
onelosi	12
onelosla	39
oneltal	1
oneltalla	1
oneltalu	2
onfoko	39
ongla	8
ongoiya	75
onion	1
onkakin	13
onkin	2
onkosr	132
onngoul	30
ono	10
onon	3
onsrosro	10
onycha	1
onyx	7
on­kosr	1
orak	4
orakelik	5
orakla	1
orakrak	17
orak­rak	1
oral	3
orala	629
oralana	1
oralawin	1
oralik	1
oralla	3
oralos	1
oraloseni	1
oralosla	7
orani	54
oraru	1
orauk	4
ora­la	2
orek	522
orek-makinyuk	1
orekelik	1
orekeni	23
orekla	232
orekma	609
orekmak	1
orekmakin	72
orekmakinyen	4
orekmakinyu	3
orekmakinyuk	87
orekmakinyukla	1
orekmakunul	3
orekmakunulos	2
orekomla	1
orekowosla	1
orekut	3
orek­ma	3
orek­makin	3
oreya	1
oreyen	1
oreyu	5
oreyula	7
oru	2094
orunu	1
osprey	2
osra	171
osralik	5
osrela	4
osrokak	2
osrokang	5
osrokla	3
ostrich	5
osun	57
oswe	6
osweang	1
oswela	51
oswella	4
osweyukla	6
ota	14
otoh	4
otolyuk	1
otonmu	1
otwala	1
otwela	2
otweya	1
otwot	11
otwotla	4
otyak	3
ou	7
ouingan	18
ouinge	265
ouiya	161
ouiyal	2
ouiyen	26
ouiyom	3
ouiys	1
oul	2
oululla	1
ounce	6
owl	5
owo	1
owola	7
ox	7
oya	13
oyeku	1
oyohu	2
pa	1591
pac	776
pachna	1
pacl	1308
paclu	1
pacna	130
pad	15
pah	22
pahkin	1
pahkinyuk	1
pahla	1
pahlana	1
paht	45
paht-pat	1
pahtak	1
pahtkakinyukla	1
pahtkakunla	1
pahtkakunulosla	1
pahtlac	9
pahtle	1
pahtok	1
pahtpat	37
paing	11
painguk	1
paingul	8
paingulos	2
painmoul	1
painmoulla	10
pak	16
paka	9
pakala	1
pakela	17
paki	2
pakinyuk	1
pakiya	24
pakiyuki	2
pakomuta	15
pakomutal	4
pakomutalos	7
pakomutasr	1
pakomutom	1
pakomutomtal	2
pakomutowos	2
pakomutuk	3
pakomutun	1
pakoten	27
pakpakilya	1
pakpakiya	4
pakpuk	2
pakpuki	5
pakpukiya	1
pakpukla	1
palang	11
palm	16
palpal	1
palu	242
palye	9
palyeak	3
pan	27
pana	1
pang	46
pang-pang	2
pangla	3
pangnol	20
pangnolma	7
pangnolos	4
pangon	59
pangonak	2
pangoneni	48
pangonkomme	1
pangonma	16
pangonyu	9
pangonyukeni	2
pangpang	157
pangyak	1
pao	38
paol	73
paola	16
paolos	26
paoltal	3
papa	544
pas	1
paspasla	1
pasr	2
pasrkeya	1
pasrla	15
pasrlana	2
pat	4
patikya	3
patokak	1
patpat	1
patput	2
patun	15
patur	1
paul	1
paun	101
pauni	4
pauniya	5
pauniyu	1
pauniyuk	1
pauniyuki	1
paunyuki	1
payuk	88
payukna	1
payukyak	35
pe	59
pea	2
peacock	1
pegan	54
pekusra	1
pel	5
pelican	1
percent	8
pesin	26
pesinka	8
petsa	3
petsaela	1
pia	12
pianga	1
pig	2
pikin	9
pikinnia	1
pikinnien	2
pikinya	14
pikinyuwi	1
piknilya	17
pikpik	2
pilasr	10
pilasrla	1
pilesr	1
pilesral	1
pilesrala	14
pilesralana	1
pilesralla	1
pilesralos	1
pilesrekom	1
pilesrekut	1
pilesreyu	4
pilesreyuk	2
pilesru	25
pin	1
pine	6
pirak	2
pirakak	2
pirakela	1
pirakla	5
pirik	5
pirikkomyak	1
pirikyu	2
pirikyukyak	1
pisa	28
pisala	4
pisalos	20
pisen	64
pisin	3
pisinpo	6
pisr	53
pisrala	20
pisrapasr	12
pisrapasrla	6
pisra­la	1
pisre	9
pisrelik	1
pisreyuk	2
pisreyukla	1
pisrik	4
pisrikya	1
pisrikyuwi	1
pisrki	1
pisrkilya	1
pisrkiyuk	1
pisrkiyuki	2
pisrla	19
pisrme	1
pisrpisr	2
pisryak	1
pituki	4
pitutu	12
pitutuyak	3
plan	3
planet	1
plao	1
plate	2
plau	1
po	24
poel	2
poeleak	4
poeli	5
poelyak	2
pokla	1
pokolosla	1
pokwosr	1
pokyukla	1
pol	28
pola	40
polo	16
polong	1
polongya	1
polosak	7
pomegranate	15
pomegra­nate	1
pome­granate	1
porognal	1
porongal	2
porongalos	3
porongekom	1
porongekomtal	1
porongekowos	3
porongekut	1
porongel	1
porongelos	1
porongeyu	16
porongo	48
posohksok	17
pot	133
poti	7
potiyukla	1
potiyukyak	4
potyak	2
pouk	13
poum	17
poun	22
pouwos	4
powder	1
po­rongo	1
pre	192
presin	7
pu	14
puela	1
puelac	2
pueni	2
puk	10
pukanak	9
pukanla	1
pukanten	60
pukasr	2
pukinnia	1
pukinnien	1
pukmas	3
pukpuk	7
pukpuki	67
pukpukla	1
pukpukyak	4
pukulla	1
pukun	3
pukunyeng	69
pukun­yeng	3
pula	17
pulac	1
pulah	1
pulahl	17
pulaik	60
pulaikla	1
pulaiklana	1
pulaikna	6
pulakin	13
pulakunak	6
pulal	1
pulalos	1
pulamlam	2
pulamlamla	6
pulan	11
pulengfong	1
puleyuk	1
pulkulak	2
pulol	44
pulollol	1
pulun	5
pun	1
pungen	1
punla	2
puok	6
puokilya	3
puokla	1
puokol	1
puokolos	1
puokya	5
puokyu	1
puok­ya	1
pupal	3
pupalos	1
pupowos	1
purakak	13
purakul	1
purakulak	1
purim	2
pus	108
puselik	2
puseni	17
pusialos	1
pusisal	1
pusisel	11
pusisla	1
pusiyen	7
pusla	8
puslana	3
pusle	2
puspis	111
pusra	35
pusracl	6
pusracltal	1
pusral	11
pusralla	47
pusralos	2
pusralulla	1
pusralyukla	1
pusrapasr	1
pusrek	3
pusrem	2
pusren	76
pusrkala	3
pusrkaot	2
pusrla	1
pusrosrak	4
pusrukla	2
pus­pis	1
puta	1
putakusa	1
putala	5
putat	2
putati	31
putatla	29
putatme	1
putatyang	11
pu­kunyeng	1
pu­lun	1
pwa-nang	1
pwana	1
pwanak	3
pwanang	97
pwanla	9
pwanma	5
pwanul	7
pwanulak	5
pwanulla	3
pwanulos	3
pwanulosi	1
pwanulosla	5
pwanulosme	2
pwapa	160
pwapani	1
pwapu	1
pwar	6
pwarkin	1
pwasin	11
pwaye	245
pwayeiya	3
pwayena	36
pwa­nang	1
pwe	1
pwela	2
pwelah	2
pwelung	12
pwen	8
pweng	33
pweng-peng	1
pwengelik	1
pwengpeng	69
pwengpengelik	1
pweng­peng	1
pwenilya	2
pwenkowosla	3
pwenkowosme	1
pwenkutme	4
pwepenu	2
pwepu	3
pwesroul	1
pwesrouli	1
pwiyukla	1
quail	3
quart	9
raanmanyak	1
rabbit	3
raft	1
raisin	5
rakelik	1
raki	3
rakinya	5
rangrang	2
rangrangla	2
rapkui	4
rarak	2
rarala	1
raraun	3
rarauni	2
rarla	1
rarrar	20
rarrarlana	1
ratratla	1
rattle	1
rau-neak	1
rau-nela	1
raun	7
rauneak	50
raunela	87
raunella	11
raunelosla	12
rauni	9
raunikomla	2
raunikowosla	3
raunikutla	2
raunikutyak	1
rauniyukla	6
rauniyula	1
raunla	1
rau­neak	1
raven	5
resaela	10
resai	1
ring	42
rirme	1
rit	2
riteak	2
riti	15
ritiyuk	12
ritiyukla	1
rityak	1
ro	1
roebuck	1
ros	37
roso	2
roto	78
ru	1
ruby	3
ruf	4
rukruk	1
s	2
sa	39
sac	1957
sacla	1
sacn	81
sacna	41
safla	97
saflaiya	4
saflaiyal	2
saflaiyen	18
saful	8
saf­la	1
sahp	23
sainiya	2
sak	274
sakirik	6
sako	3
sakunla	5
sala	15
salik	7
salka	1
salkal	1
sang	1159
sangeng	170
sangengla	4
sangenu	1
sani	1
saok	56
saokiya	1
saoklana	1
sap	515
sap-kin	1
sapelik	1
sapkakin	6
sapkakinyuk	1
sapkin	394
sapkinyuk	11
sapla	45
saplakang	2
saplaki	1
saplakla	2
saplakot	1
saplakyang	1
sapma	2
sapmoulikuti	1
sapot	1
sapphire	4
sapsap	8
sarla	2
sarmelik	5
sarom	12
saromrom	21
saromromla	1
sarukla	19
sarukyukla	1
sasa	34
sasao	8
sasaolana	1
sasla	99
sasma	1
sasu	55
sawalsrisr	4
saya	398
sayal	20
sayalos	1
sayel	1
sayen	67
sayom	2
sayuk	7
scepter	5
scorpion	2
scu	1
se	3738
se-ngelik	1
seagull	2
seakos	35
seakosyu	2
seasmak	1
sefacna	1
sefanna	82
sefannala	2
sefan­na	1
sein	18
sekinyula	1
sekoeyuk	1
sel	2267
selAbiathar	1
sela	1
selalkung	1
selnga	37
selngawel	4
selngawelos	8
selngaweltal	1
selngawi	30
selngawikomi	2
selngawikowosi	1
selngawiya	3
selngawiyu	2
selngawiyuk	5
selngawiyuki	3
selngunkin	1
selos	868
seltal	47
semuteng	1
semutengla	2
sengelik	9
sensen	30
sensenak	1
sensenkakin	15
sensenkakinul	2
sensenkakinulos	4
sensenkakunul	1
sensenkinyuk	6
sensenkunul	1
sepulaikla	1
serpent	7
seseya	4
sesr	216
sessesla	33
sesseslana	2
sesuwos	12
seya	23
seyak	9
sheep	374
shepherd	6
si-musla	2
siakos	1
sial	3
sie	2630
siefanna	8
siena	48
sifa	20
sifacl	1
sifacna	464
sifacnala	1
sifac­na	1
sifaflos	1
sifal	57
sifalos	5
sifani	16
sifanna	3
sifasr	1
sifauk	1
sifen	85
sifeni	1
sifeyukeni	1
sifeyukyak	1
sifil	298
sifilpa	279
sifil­pa	1
sifom	3
sifuk	4
sik	522
sikal	50
sikalani	1
sikalkin	1
siki	2
sikikowosla	1
sikiyukla	8
sikme	12
sikukmutunte	7
sikukmutuntei	1
sikukmutunteyak	3
sikul	1
sikulkowosi	2
sikulya	6
sikulyen	1
sikulyukyak	1
sikwot	1
sikyak	215
sikyang	16
sik­yak	1
sil	5
siling	3
siliya	2
siliyuki	1
silver	179
sil­ver	1
sim	30
simis	4
simisyukla	1
simla	88
simusla	76
sin	3050
sinacla	2
singoul	354
sinka	18
sinkaeak	2
sinkayak	3
sinukla	1
sinukun	2
sinukunla	1
sinukunulla	3
sinukunulos	1
siofok	85
sipik	4
sipikilya	1
sipikya	2
sipsipi	1
sipsipikya	4
sis	36
sisak	3
sisalik	4
sisang	8
sisani	4
siselang	2
sisella	13
siselosla	11
siselosyang	1
siseltali	1
sisi	2
sisila	7
sisilya	1
sisiyang	2
siska	57
siskal	15
siskalos	1
sisken	158
siskomi	1
siskomla	4
siskowosla	5
siskuk	3
siskutla	3
sisla	86
sismouk	1
sisot	1
sissisyu	1
sisulla	1
sisya	10
sisyula	7
sisyume	1
sisyuwot	1
sisyuyang	1
siti	880
siu	1
siyuk	437
siyukyuk	2
siyukyukla	1
siyul	1
si­facna	1
si­filpa	2
si­ngoul	3
snow	9
soakas	5
soan	8
soanekom	1
soanekut	1
soanel	8
soanelos	3
soaneyu	5
soano	34
soap	1
soaru	2
soasr	1
soemoul	17
soenna	76
sohk	2
sohkelik	2
sohkla	4
sohkma	2
sohksok	10
sohl	11
sok	2
sokak	7
sokani	1
sokelik	1
soko	824
sokofanna	8
sokol	19
sokolak	1
sokoltal	2
sokona	2
solal	18
solalma	17
solalos	2
solama	3
solani	11
solla	18
solse	6
solsol	5
solyak	1
som	1090
somla	33
somsomla	1
somsomlana	1
sonang	1
sonol	34
sonolos	7
sonoltal	1
soror	13
sorori	1
sororla	6
sororma	4
sosou	1
sot	183
sou	672
sowak	1
so­ko	1
spis	1
square	2
sra	5
srac	6
sracl	14
sraclik	12
sraclos	1
sracsra	1
srah	103
srahfon	1
srahk	2
srahm	2
srahn	21
srahsra	3
srak	5
srakalosyak	1
srakalosyang	1
srakla	2
sraklalak	9
sraklalla	1
srakma	1
srakna	233
srakulak	1
sralak	8
sralap	30
sralapa	4
sralapan	1
sralapiyen	1
sralik	1
sralupa	2
sramsram	97
sramsramkin	7
sram­sram	1
sranga	1
srangesr	21
srangesroa	2
srasrapo	6
srasrelik	1
srel	5
srela	29
srella	9
srelos	1
srelosla	4
srem	1
sremla	3
sremsrem	11
srenenu	26
srengla	4
srenyuhu	1
sreya	2
sre­nenu	2
sri	20
srifeyu	1
srik	57
srikac	1
srikal	4
srikalos	3
srikasrak	42
srike	96
srikeni	2
srikeya	6
srikeyu	2
srikeyuki	1
srikla	9
srikowosla	3
sriksrikeni	2
srikutla	1
srila	1
srim	1
srimetak	1
srimi	12
srin	10
sring	8
sringil	11
sringilya	16
sringilyu	1
sringilyuwi	4
sringlilya	1
sringsring	14
sripa	86
sripal	11
sripalos	3
sripaltal	1
sripauk	2
sripe	1
sripen	291
sripin	2
sripisrya	4
sripom	3
sripomtal	1
sripowos	3
sripsn	1
sripsrip	6
sripsriplana	1
sripsripyak	11
sripuk	5
srisr	1
srisri	3
srisrik	171
srisrila	18
srisring	1
srisrngelosi	1
srisrngi	1
srisrngia	1
srisrngilya	3
srisrngiya	24
srisrngiyuk	2
srisrngiyuki	9
srisrngiyuwi	1
srisrsrisri	1
srital	29
sritalkin	1
sriyukla	30
sriyula	1
sriyulda	1
sro	3
sroak	6
sroal	1
sroalla	2
sroalsroal	1
sroalsroalla	2
sroang	14
sroani	1
sroano	10
sroanom	1
sroasr	15
sroasriya	1
sroksrok	2
sroksroki	1
sroksrokunulosyak	1
srola	15
srolot	1
sroma	2
sronin	10
sroninmotom	1
sroninmutal	1
sroninmutuk	23
sronin­mutuk	4
sronot	11
sronoti	2
srooht	1
srosro	2
srosrok	1
srosroyak	1
srou	1
srounfusryak	2
sro­ninmutuk	2
sru	141
srua	1
sruf	499
sruh	30
sruhf	9
sruhfla	3
sruhi	7
sruhila	4
sruhk	9
sruhsrui	1
sruhu	18
srui	4
sruinkuel	1
sruinkui	1
sruinkuilya	2
sruinkuiya	1
sruk	2
srukak	83
srukkomyak	1
srukkowosyak	1
srukoalela	1
srukwal	6
srukyuyak	2
sruloala	148
sruloela	2
srulukin	1
srulun	1
srumasriyen	1
srumasrla	4
srumasryukla	2
srumasryula	1
srumun	28
srumunelik	1
srumunna	1
srumunya	1
srumunyal	1
srumunyen	1
srumunyuk	2
srumunyukelik	1
srun	2
srunak	5
srunenyak	1
srunga	33
srungakom	2
srungakowos	2
srungakut	2
srungal	5
srungala	4
srungalla	7
srungalos	1
srungayu	7
srungayuk	17
srungekom	1
srunglul	2
srunglulosi	1
srungul	34
srungulsac	1
sruoala	1
sruoh	97
sruok	29
sruokani	7
sruokeni	2
sruokilya	37
sruokilyana	1
sruokkomi	3
sruokol	2
sruokolosi	12
sruokoltal	1
sruokya	175
sruokyana	10
sruokyuwi	8
srup	2
srupo	5
srupsralosyak	3
srupsrani	2
srupsrulak	3
srupusrak	8
srupusrang	1
srusra	44
srusrala	3
srusrayak	1
srusrngaung	1
srusrsrusra	3
sruwasrik	29
sru­sra	1
sru­wasrik	1
stacte	1
stami	1
stamiyuki	1
step	6
stork	3
stove	3
su	2635
suckak	2
sucl	22
sueltalu	1
suf	1
sufa	29
sufal	25
sufalla	8
sufan	1
sufas	1
suilya	2
suiya	5
suiyana	1
suiyuwi	2
suk	112
sukan	27
sukapas	3
sukapasla	4
sukasrup	47
sukasrupla	4
sukela	11
sukelosla	4
sukiyen	1
sukna	3
sukok	20
sukosok	8
sukosokla	14
suksuk	7
sukya	8
sukyu	7
sulaklak	39
sulal	8
sulalkung	1
sulallal	39
sule	1
sulekomla	5
sulekowosla	6
sulela	182
sulella	20
sulelosla	2
suleyukla	2
suleyula	3
sulfur	1
suli	20
sulikutme	1
suliyu	2
suliyukla	1
suliyukme	2
sulkakin	12
sulkakinelik	2
sulkakinyuk	6
sulkakinyukelik	4
sulohngkas	2
sulongunla	1
sulosolla	16
sulphur	1
sulung	1
sulungkin	1
sum	536
sumat	2
sumtal	25
sumui	2
sun	285
suna	2
sunak	3
sunakin	10
sunakinyal	1
sunakinyu	3
sunakinyuk	2
sunakunul	1
sunal	2
sunala	1
sunalos	7
sunasr	1
sungan	2
sunna	1
sunom	6
sunowos	16
sunuk	1
sunun	5
sununteiyuk	1
sunya	12
sunyu	6
sup	7
sup-wala	1
supah	8
supu	16
supukla	2
supus	4
supuseni	1
supusla	1
supwal	3
supwala	166
supwalik	31
supwalla	34
supwalma	4
supwalos	1
supwalosla	17
supwalosme	2
supwalot	1
supwaltalla	2
supwaltalma	2
supwama	53
supwaot	13
supwar	7
supwarla	1
supwekom	4
supwekomla	4
supwekomme	1
supwekomtal	1
supwekowosla	1
supwekut	2
supwekutme	2
supweya	8
supweyen	1
supweyu	5
supweyuk	7
supweyukelik	5
supweyukla	6
supweyula	2
supweyume	10
susakla	1
susfa	32
susu	9
susui	1
sutuela	3
sutuu	22
suwohs	107
suwoli	2
suwos	474
suwosang	1
suwosla	1
suwoslana	3
suwosma	2
suwosme	1
suwosna	7
suwoswos	16
suwoswosang	1
suwoswoslana	1
suwoswosna	1
suwosyang	2
suyak	1
su­wos	1
sycamore	4
ta	2
tacn	15
tacng	17
taek	1
taflela	8
tafleyuk	1
tafleyukla	5
tafongla	20
tafu	117
tafun	25
tafunkas	2
tafunna	1
tafunyen	10
tafweang	3
tafwekomla	1
tafwekut	2
tafwel	1
tafwela	17
tafwelana	5
tafwella	1
tafwelos	1
tah	6
tahta	3
tahtla	1
tak	16
takak	10
takin	18
takinyen	4
takinyukla	9
takla	33
takma	20
takme	1
takmwek	6
taknelik	4
takunang	1
takunla	5
takunma	1
takusla	1
takusrkasr	1
takusrkusr	2
tal	1
talap	5
talupal	11
talupan	1
talupom	3
talupuk	1
tamarisk	2
tambourine	4
tamla	1
tamtael	19
tamulel	139
tanak	3
tanglal	19
tanglalos	1
tanglaltal	2
tapkulosyak	1
tapukak	1
tapukyen	1
tapulla	5
tapweng	8
taran	33
taranna	6
taranul	1
taranulos	2
taranyen	1
taranyuk	4
tari	285
tasak	1
tatngal	7
tatu	1
tau-sin	1
tausin	339
tawi	6
tawin	1
tawiya	1
tax	12
tayak	8
tckosra	1
tefuro	13
telak	2
telani	13
tella	2
tem-pul	1
tempu	1
tempul	63
temti	1
ten	60
tenguna	1
tenyak	2
tepu	48
tete	3
tetela	1
tetelos	1
ti	7
tia	2005
tiana	434
tiepuseni	1
til	4
tila	41
tili	23
tilla	2
tilmakunulosi	1
tiltil	1
tilyang	1
timal	1
tin	1
tingilya	1
tingtingi	1
tipalla	4
tipenmarla	1
tipulyukla	1
titi	5
titila	1
tiyala	2
to	5
to-kosra	1
toanelosi	1
toang	11
toangna	3
toanilya	1
toankowosi	1
toanya	2
toanyuki	1
toanyuwi	1
toasr	48
toasran	1
toasriya	15
toasriyen	2
toasrkin	1
toasrla	6
toeni	52
togusra	1
toh	1
tohf	8
tohfla	1
tohktok	22
tok	266
toki	2
tokinpaol	1
tokla	2
toko	65
tokol	41
tokolos	17
tokoltal	2
tokosr	1
tokosra	1273
tokosrai	95
tokosrala	83
tokoyang	17
toko­sra	2
tokyak	1
tol	649
tolak	12
tolfoko	33
tolkwe	21
tolla	1
tolngoul	96
tolngoulyak	8
tolongla	1
tolu	285
tolula	1
toluyak	1
tolya	1
tol­ngoul	1
tomom	64
tomomtal	2
tomowos	43
ton	1
tonel	1
top	18
topang	65
topangi	2
topaz	3
topelik	1
topken	1
topkol	17
topkolla	1
topkolos	9
topla	6
topokla	3
topuk	322
topukyu	10
topukyuk	1
torkaskas	40
torkas­kas	1
totola	15
tou	5
touyak	2
tower	19
to­kosra	8
tron	27
trumpet	3
tu	192
tuc	1
tuelik	1
tueni	1
tufacna	1
tufah	40
tufahl	13
tufahla	3
tufahlla	7
tufahlosla	1
tufahna	44
tufal	1
tufoki	27
tufokla	12
tufokme	2
tufwacla	1
tuh	2889
tuhla	6
tuhlac	16
tuhme	2
tuhn	29
tuhna	2
tuhnala	1
tuhniyukla	1
tuhnla	1
tuhnyohu	16
tuhnyohula	1
tuhn­yohu	1
tuhtuh	2
tuhwi	3
tuhyak	5
tui	72
tuina	1
tuiwin	1
tuka	2
tukak	9
tukakek	35
tukakin	2
tukakinyu	1
tukakinyuyak	1
tukakyak	3
tukasru	1
tuke-ni	1
tukena	1
tukeni	140
tukenina	4
tuktuk	1
tuktuki	12
tuktukla	1
tuktukya	7
tuku	583
tukuk	9
tukulkul	7
tukulkulyak	2
tukum	5
tukumtal	1
tukun	175
tukunna	4
tukuwos	1
tukya	3
tula	4
tulakeni	3
tulakunla	6
tulakyak	1
tulala	6
tulalik	2
tulalla	1
tulan	19
tulanang	14
tulanangJericho	1
tulekowosla	1
tuleya	6
tuleyuki	2
tuleyukla	1
tuleyula	1
tulig	1
tulik	521
tulin	3
tulokinilya	1
tulokinya	33
tulokinyu	1
tulokinyuki	2
tulokinyukyak	5
tulokonak	1
tulokunak	67
tulokunul	1
tulokyak	3
tultul	3
tuma	5
tumal	299
tumalos	53
tumaltal	15
tumasr	21
tumuk	63
tumun	31
tun	6
tung	72
tungak	3
tungal	2
tungalilya	2
tungalya	1
tungalyu	2
tungalyuk	1
tungasla	1
tungi	3
tungla	1
tungyak	1
tuni	18
tuninfong	2
tuninfongla	7
tuninmihsrisrla	1
tunla	1
tunyuna	10
tup	21
tupalla	24
tupalot	1
tupan	11
tupanna	1
tupanul	1
tupasr-pasr	1
tupasrpasr	83
tupasr­pasr	3
tupa­srpasr	1
tuptup	9
tupwek	2
turangang	9
turangangla	2
turasis	2
turet	15
turquoise	2
turupweni	1
tusruk	18
tusruktu	191
tut	1
tutaf	1
tutafla	3
tutaflana	1
tutafme	2
tutafpo	6
tutafyang	1
tutwani	1
tuyak	109
tuyang	5
tu­mun	1
tu­sruktu	2
twacla	1
twani	3
twanla	2
twatala	1
twe	25
twek	12
twetekunulosla	2
u	168
uc	1
uh	3946
uhc	1
ui	1
uk	15
ukohk	1
ukohkyak	1
ukok	1
ukuiya	14
ukuiyuk	1
ukuiyuki	2
ukuk	80
ukukla	1
ukumkuti	1
ukumya	2
ukumyukla	1
ukwal	18
ukwala	2
ukwalla	3
ukwalos	18
ukwalosla	1
ukwalosyak	4
ukwaltal	1
ukwauk	6
ukwe	36
ukweak	2
ukwekowoswot	1
ukweyu	4
ukya	26
ukyen	1
ukyukla	1
ukyula	1
ul	7
ulac	2
ulauk	1
ulela	4
uli	7
ulla	6
ulun	6
um	2
umin	1
umla	6
umunla	1
un	232
unac	18
unen	48
ung	1
ungin	2
ungung	3
uni	10
unikomi	19
unikowosi	3
unikowosla	1
unikuti	12
unikutla	4
unilya	123
uniya	275
uniyu	1
uniyuwi	41
uni­ya	1
unon	25
unonak	2
unwela	3
uo	1
up	1
upa	162
upala	14
upana	3
us	250
usak	13
usal	5
usalak	8
usalik	4
usalla	40
usalos	6
usalosla	12
usalosme	17
usalosyak	1
usaltalla	2
usaltalu	1
usalu	27
usani	13
use	244
usekasrkusrak	1
uskomla	2
uskomme	4
uskomyak	1
uskowosla	6
uskowosme	27
usko­wosme	1
uskutla	2
uskutme	17
usla	133
uslalosla	1
usot	7
usren	1
usrnguk	46
usrnguklana	2
usrokya	1
usru	22
usrui	9
usruk	1
usrukya	4
usrusryak	3
uswanen	1
usya	6
usyen	4
usyula	4
usyume	1
ut	48
uten	8
utia	1
utiya	2
utuk	103
utukeni	7
utuki	1
utukla	36
utuku	31
utukyak	9
ututyak	1
utyak	366
uu	1
vir-gin	1
virgin	13
vulture	7
wa	1
wa-ngin	1
wacl	3
wacna	3
wagon	14
wain	108
waiok	4
wal	26
walil	6
walomla	3
walwal	3
wangin	484
wanginla	101
wanginna	60
wangm	1
wap	30
wapi	1
waten	1
watermelon	1
watwen	5
wa­ngin	1
wa­nginla	1
we	1171
weacn	10
weak	6
weang	94
weasel	1
wek	11
wekof	5
wel	9
wela	8
wella	4
welul	159
welulang	8
welulla	5
welulma	1
welulos	34
welulosyang	2
welultal	1
wen	1384
wet	15
wheat	186
wheel	5
wi	768
wial	44
wialos	36
wialtal	4
wiasr	12
wiawala	1
wien	12
wihs	8
wihsel	1
wihselos	1
wihsen	1
wihtacla	1
wik	8
wikinyukla	2
wikinyula	1
wikla	37
wiklana	1
wikomla	1
wikutyang	1
wikwik	38
wili	1
wilkas	4
willow	1
win	4
winto	15
winwin	7
wio-wos	1
wiom	19
wiomtal	1
wiowos	26
wiuk	6
wiwa	23
wiwi	3
wiwikas	2
wiwimwet	2
wiyu	47
wiyula	1
wiyuyang	1
wo	286
wohlak	1
wohn	1
wohtwot	1
woi	3
woiya	4
woiyen	2
wokin	1
wola	20
wolak	1
wolana	62
won	65
wona	20
wonak	1
wot	2
wotela	37
wotelik	1
wotla	3
wotwot	3
wotyalik	3
wotyang	1
wounse	45
wounsial	1
wounsien	11
woun­se	1
wowo	74
wowon	4
wowoyak	53
wo­woyak	1
wui	3
wule	12
wuleang	122
wulela	254
wulema	3
wuleoa	11
wuleot	11
wule­ang	2
wuli	1
wun	1
wut	2
wutiyukla	1
wu­lela	1
y	1
ya	57
yac	494
yact	29
yak	10
yal	9
yaring	8
yaringkin	1
ye	442
yen	485
yenu	11
yetun	1
yihla	22
yihlana	2
yihyih	4
yohk	292
yok	3
yokelik	22
yoki	9
yokiyal	1
yokiyen	2
yokla	8
yoklala	1
yoklana	10
yokna	7
yokyok	1
yokyokelik	9
yokyokelikna	1
yol	13
yolani	1
yolin	1
yolsani	2
yolyak	8
yorla	1
yoro	7
yorol	331
yorolos	39
yoroltal	10
yorosr	22
yu	5
yucukak	1
yuk	6
yukin	2
yukunul	1
yukwi	8
yukwiya	13
yukwiyuk	1
yula	7
yume	7
yun	28
yunela	4
yunikomla	1
yuniyukla	3
yunla	7
yurin	241
yuruk	66
yurum	40
yurumtal	1
yuruwos	20
yuwot	2
yuyak	4
yuyang	5
yuyu	2
—	443
‘	245
’	200
“	2842
”	2223
