!	13
"	94
"Akhid"	1
"Aseing	1
"Hau:	1
"Mangso	1
"Ngoo	1
"Nyang:	1
'	10
''	1
(	92
(Dougno:	1
)	78
*	1
,	8110
-	6294
.	11444
1	1
10	1
11Ngoonu"	1
12	1
120	1
1260	2
14	1
144	1
144000	3
15	1
19	1
2	2
2002	2
23000	1
29-8-2001	1
40	1
450	1
500	1
6	1
666	1
7Nanu"	1
9	1
90	1
9Jheddab	1
:	11
:-	1
;	214
=	5
?	21
A	4
Abadon	1
Abela	7
Abera	2
Abia	3
Abiatha	1
Abili	1
Abiu	2
Abraham	101
Abraham:	20
Aco'	1
Adam	7
Adam:	8
Ade:	2
Adeung	3
Adi	2
Admin	2
Adramuti	1
Agabu	1
Agam	2
Agapu	1
Age	6
Agripa	13
Agustu	1
Agyeing"	4
Agyeungshang:	1
Agyi:	1
Agyid	1
Agyug	4
Ahaza	2
Ahsen	1
Ainea	4
Akela-u	1
Akeladama	2
Akhaia	12
Akhaiaku	1
Akhang:	2
Akhe"	1
Akhid	1
Akhid"	172
Akhid'	1
Akhim	1
Akhui"	2
Akhyeing"	14
Akhyeing:	1
Akhyeung"	2
Akoo"	1
Akug	8
Akuid"	1
Akula	7
Akung:	1
Akyang"	1
Akyu	1
Akyu"	19
Alensandru	1
Alesandaru	2
Alesandru	1
Alexandru	7
Aliakim	2
Aliaza	1
Aloem	1
Aloem"	4
Alphe	5
Alu	4
Alu:	3
Amen	21
Aminada	2
Amo	2
Amon	2
Ampipholi	1
Ampliatu:	1
Amu:	2
Amyang	1
Amyang"	1
Amyeing"	7
Amyen	1
Amyheing	1
Amyoug	1
Amyoug:	2
Amyu"	4
Ana:	1
Anani	5
Anania	11
Ander-philib	1
Andre	9
Andre:	1
Androniku	1
Anei"	1
Anghoid	2
Anna	4
Anna:	2
Ano:	1
Anoo:	2
Antikhristu	1
Antiki	1
Antioki	21
Antipa	1
Antipatri	1
Anyhoin:	1
Apang"	1
Apele	1
Apho"	1
Aphoug"	1
Api:	1
Apoem:	1
Apolion	1
Apolo	10
Apoloni	1
Apolu	3
Apyaid	8
Apyaid'	10
Arabi	2
Arabia	1
Aram	2
Aramathi	2
Aripagu	2
Aristaku	4
Aristobulu	1
Arkhipo	1
Arkhripo	1
Armagedon	1
Armamathi	1
Armathi	1
Arni	2
Arphaza	1
Arphaza:	1
Artima	1
Arun	4
Asab	2
Ase	1
Ase'	1
Aseig	4
Aseing	519
Aseing"	2
Aseing:	546
Aseng:	3
Aseung	4
Aseung:	24
Asha	2
Asha'	1
Ashe	1
Ashe:	1
Ashi"	7
Ashid:	1
Ashu	1
Ashug"	1
Asi	2
Asia	14
Asing:	3
Asu	3
Asunkritu:	1
Asuya	6
Atali	1
Atemi	4
Athang	2
Athang:	5
Athen	6
Atho'	3
Ati	1
Aved	2
Axau"	1
Ayham"	2
Ayid	2
Ayo	16
Ayo"	1
Ayoo"	3
Azura	2
Azutu	1
Babelon	14
Babtisma	69
Bain	1
Bala	1
Balam	3
Banaba	2
Baptism	1
Baptisma	13
Bara:	1
Baraba	10
Barag	1
Barakhi	1
Barateme	1
Barba	1
Barnaba	36
Barsaba	1
Basaba	1
Batholume	3
Batholume-Mathe	1
Batisma	1
Bedlehem	11
Bedphage	2
Bedphagi	1
Bedsaida	4
Behtani	2
Being"	2
Ben	1
Ben-yamin	1
Benyamen	1
Benyamin	1
Beora	1
Beria	7
Bernike	3
Besaida	4
Bethani	12
Bethuni	1
Bezebula	8
Bible	1
Bid	10
Bid'	6
Bidnoem	1
Bidnyid	56
Bidvang	2
Bithuni	1
Blastu	1
Bo	1
Bobli	1
Bod	1
Boeb'	2
Boem	1
Boobug	1
Bougdung:	1
Bouggung	1
Bu	1
Bua	4
Buaenega	1
Bue"	1
Byeing"	1
Byen	1
Byi	2
Byi:	2
Byimi	1
Byini	1
Byixoug"	1
Byo	2
Byoug	1
Byu	351
Byumi"	1
Byumyu"	24
Ca"	1
Cang:	2
Cangzoo:	37
Cau:	1
Ce"	2
Ce:	17
Ceja:	2
Ci"	1
Ci:	9
Ciwim	8
Co	1
Coid	1
Cong:	1
Cougmoo"	2
Coung"	3
Cung"	1
Da	1
Dab	2
Dabe	3
Dadab	1
Dadei	2
Dageung:	1
Dagung	1
Dain"	3
Dain:	2
Daja:	1
Dakhyo"	2
Dalamanuta	1
Dalheing:	9
Dalheung:	1
Damari	1
Damasaku	1
Damasku	15
Damoin"	1
Damoug:	1
Damyid"	1
Dang:	15
Dangain"	4
Dangtu	1
Dangtu'	2
Daniela	1
Danyed"	2
Danyid"	7
Danyid:	1
Daso"	1
Daso'	1
Datid	1
Dato	1
David	69
Davidd	1
Davoo	2
Daxe:	2
Dayham	1
Dayham"	8
Dayo	4
Dayo'	1
Dayug	9
Debe	1
Dei	13
Deing	2
Deing"	18
Deing:	1
Deingbyeing"	1
Deingkhu:	2
Deingmain"	3
Dekapoli	2
Dema	2
Demetri	3
Denari	1
Deom	1
Derbe	1
Deung	7
Deung"	1
Deungmain"	4
Dingga"	1
Dionusi	1
Diotriphi	1
Do	2
Doctor	1
Doem	4
Doin:	1
Doo	2
Dorka	4
Doug	3
Dougn:	2
Dougno:	51
Drusila	1
E"	1
E-nug	1
Egu	3
Egutu	36
Eif'	1
Eig	8
Ein:	4
Elamadam	2
Elia	33
Eliakim	2
Eliaza	1
Elieza	2
Elisabed	14
Elisha	1
Eliu	2
Elo-i	2
Elo:	2
Eluma	2
Ema	1
Emanuela	1
Enon:	1
Enu	2
Enug	4
Eodia	1
Epaphra	3
Epaphrodi	2
Ephata	1
Ephesu	22
Ephrim	1
Epikuri	1
Eponetu	1
Era	2
Erastu	3
Esaia	26
Esali	2
Eso	1
Eso"	2
Etiopi	2
Eva	2
Fa"	1
Ga:	7
Gabatha	1
Gabriela	2
Gadare	1
Gaid	1
Gain:	1
Galati	5
Galile	79
Galio	3
Gam	2
Gamale	3
Gamgung	1
Gau	2
Gau:	1
Gauyi	1
Ge	12
Ge-u	3
Geda"	1
Gei	2
Genesared	2
Gerase	4
Geseman	1
Gi	1
Gi:	1
Gidon	1
Goem	1
Goga	1
Gola	2
Gola-ug	3
Golagotha	2
Golgotha	1
Gomora	3
Goo	4
Goo"	5
Goobang:	1
Gooki"	2
Goonham	5
Goonham'	2
Gootu:	25
Goug	1
Goug:	1
Gougnyhoug	1
Greed	3
Greed'	1
Greek	3
Grid	1
Grid"	11
Gu:	1
Gug	10
Gugyoo:	1
Gung	14
Gungdu:	1
Gungsho"	1
Gungshoo"	1
Gye"	4
Gyeing"	45
Gyeing:	2
Gyeung"	4
Gyeung:	1
Gyeungshang:	13
Gyi	1
Gyi:	3
Gyid	18
Gyidab	1
Gyimoo"	1
Gyipui"	2
Gyizoo	2
Gyizoo:	10
Gyizoug:	8
Gyo	2
Gyo:	1
Gyoo:	1
Gyoug	1
Gyung"	1
Gyung:	3
Hagara	3
Hamoora	1
Hang"	39
Haran	2
Hau	49
Hau"	54
Hau'	1
Hau:	1270
Hauda	1
Hauda"	1
Haug:	1
Haugsu"	1
He	13
He"	3
He:	299
Hebre	11
Hebre"	2
Heleni	4
Heli	2
Heramoge	1
Herapoli	1
Herea	1
Herma	2
Herod	60
Herodi	4
Herodia	2
Herodoin	1
Hesrum	2
Hesrun	2
Hezekia	2
Hid	2
Hid:	98
Hiddsu"	1
Hidsu"	25
Hkristu	1
Hosana	1
Hoshe	1
Hou	3
Hou:	3
Houg	34
Houg"	4
Houg:	1232
Houglang"	2
Hougsu	1
Hougsu"	277
Hougsu'	1
Hougsu:	2
Houlang"	1
Houyg:	1
Hparishe	1
Hpung	1
Hpung:	1
Humeni	1
Humeno	1
I	1
Idumia	1
Ikoni	6
Iluri	1
Isag	24
Isakarud	2
Iskarod	1
Iskarud	8
Israela	101
Itali	4
Ituri	1
Ja:	1
Jain"	2
Jam	2
Jang	1
Je	2
Je"	6
Jege	1
Jeju	1
Jeju"	18
Jen"	2
Jhab'	1
Jhakhyang	1
Jham"	1
Jhang	1
Jhau"	2
Jheddab	14
Jheom	1
Jhi:	1
Jhiddab	1
Jhoem	2
Jhoem:	75
Jhoug"	2
Jhoug:	1
Jhu	2
Jhung:	1
Jid:	4
Jikhoin"	1
Jo	5
Joeb	2
Joem	1
Joem:	3
Join	9
Jookhyang	1
Joyoo	4
Ju"	3
Ju:	1
Juang"	1
Ka"	1
Ka-in	4
Kahsu"	1
Kainam	2
Kainan	2
Kana	1
Kanan	1
Kang"	1
Kang:	1
Kangso	2
Kangso'	17
Kapadoki	1
Kapenaum	1
Kaperna-um	15
Kapernaum	1
Kareka	1
Karpena-um	2
Karu	1
Kasare	1
Kayapha	9
Kedron	1
Kenkhrea	1
Kepha	4
Kesare	10
Kesarea	1
Kesha	1
Ketha	8
Kha:	16
Khai	1
Khain:	6
Khainjung	45
Kham:	3
Khamyho	1
Khana	2
Khanan	1
Khang	1
Khang"	2
Khanham	11
Khanham"	1
Khasu	3
Khasu"	482
Khasu'	1
Khasumvimgari	1
Khasuwim	2
Khasuwimgar:	1
Khasuwimgari-khainjung	1
Khasuwimgari-myung	1
Khaswu"	1
Khau:	1
Khayug	3
Khe	1
Khe:	1
Kheing"	5
Kherubim	1
Khid"	1
Khin'	1
Khirstu	19
Khleopa	1
Kho"	7
Kho:	1
Khoem"	2
Khoin	1
Khokham"	66
Khoolhang	1
Khosen"	15
Khoug"	4
Khoug:	1
Khrisru	1
Khristain	52
Khristan	7
Khristan:	1
Khristu	528
Khritstu	3
Khrsitu	1
Khu:	2
Khung:	1
Khyag	1
Khyam:	10
Khyang:	1
Khyeing:	1
Khyen:	1
Khyid	1
Khyid:	7
Khyo	1
Khyo"	1
Khyoid	5
Khyoid'	2
Khyoo	1
Khyoo"	1
Khyoo:	29
Khyoolaid'	1
Khyoug:	1
Khyug	1
Ki	2
Kid"	3
Kiliki	5
Klemen	1
Klodia	1
Klopha	1
Ko	1
Ko"	2
Ko'	2
Koban	1
Koda	1
Koid:	1
Kolose	1
Koneli	4
Kongsi:	1
Koo"	1
Koreni	1
Korinhtu	1
Korinthu	7
Korinthu'	1
Koug	3
Koug:	1
Kreti	6
Krispu	1
Kuartu	1
Kuid:	2
Kupro	1
Kupru	4
Kurazin	2
Kureini	1
Kureni	3
Kurenni	1
Kusa	1
Kusam	2
Kutha	1
Kyang:	2
Kyed'	1
Kyi"	2
Kyi:	1
Kyo"	1
Kyu"	5
La	2
Labain	9
Laboo"	2
Ladoki	7
Ladu	1
Lafoem	7
Lagsama	1
Lagyo:	3
Lagyoo:	30
Lahung"	1
Lai	6
Lai:	1
Lain"	2
Lakhuid"	3
Laki	1
Lamasabagthani	1
Lang"	2
Lang:	3
Langda	1
Lape:	2
Lapi	5
Lapi:	88
Lasea	1
Latin	1
Laxoem"	1
Lazaru	23
Lemasabag	1
Lemed	2
Levi	19
Lhab	1
Lham"	6
Lhangmyu	2
Lhed"	2
Lhed:	2
Lhid	3
Lhid"	1
Lhid'	4
Lhid:	3
Lhoung	1
Lhu:	1
Libya"	1
Libyiya	1
Lid'	3
Linu	1
Lo	7
Lo"	17
Loeb	6
Loeb'	1
Loem	11
Loem"	38
Loem:	2
Loemloug	1
Loid"	1
Loo	3
Loo"	1
Loozei:	1
Lu	4
Lu-i	1
Luda	4
Ludaid	6
Ludaid'	9
Ludang	1
Ludang:	1
Ludi	2
Lug	9
Luka	2
Lukaoni	1
Luki	2
Lukoni	1
Lun	1
Lung:	1
Lusanu	1
Lusi	1
Lusi:	1
Lustra	7
Ma	1
Maad	2
Magadala	11
Magadan	1
Magoga	1
Magsoo	1
Mahalela	2
Mahoya:	2
Main	4
Makedoni	25
Malkhu	1
Mana	4
Mana'	1
Manase	2
Manashe	1
Manason	1
Mang	19
Mang"	4
Mang"Soo:	1
Mang:	29
MangSo	2
Manggam:	3
Mangmoo"	1
Mangnhung:	1
Mangoo	1
Mangsco	1
Mangso	855
Mangso:	144
Mangsoo	1020
Mangsoo:	270
Mansoo	1
Mara	1
Marhta	1
Mari	73
Marku	11
Martha	10
Matatha	2
Matathia	4
Matha	5
Mathaid	4
Mathan	2
Mathe	5
Mathia	1
Mau	2
Mau"	2
Mau:	1
Mauglagyo:	2
Mawkedoni	1
Me"	1
Medi	1
Media	1
Meing	2
Meing:	35
Meingbyu	2
Melia	2
Melikhizedeg	1
Meliti	1
Melitu	3
Melkhezedeg	1
Melkhi	2
Melkhizedeg	14
Mena	2
Mengbyu	1
Meshia	73
Mesopotemia	2
Methusala	2
Mhau	1
Mho'	5
Midian	1
Mikhaela	2
Milkhi	2
Minkaid	1
Mitulene	1
Mnagsoo	1
Mo	1
Moin:	1
Moleg	1
Moo	1
Moo"	2
Moocid"	1
Moozoo"	5
Moshe	138
Moshi	5
Moug	9
Moug:	72
Mougkhoug:	1
Mougkhung	2
Mougkhung:	73
Mouglagyoo:	42
Mougmyid	32
Mougmyid:	2
Mougsoug"	2
Moungkhoung:	1
Mung"	13
Mungdain	2
Mungdain:	33
Mungdan	1
Mungdang	2
Mungdang:	26
Musi	2
Myang:	3
Myangsoo:	1
Myaoug:	1
Myed	1
Myeing	2
Myen"	6
Myenjham"	5
Myenthang:	10
Myhang:	3
Myhed'	1
Myheug	1
Myhi	5
Myi	1
Myi:	10
Myibung:	2
Myid	7
Myid'	3
Myid:	1
Myidjang:	7
Myikug	1
Myiyi	2
Myiyi:	19
Myo	25
Myojid"	2
Myonhoo:	3
Myoo"	3
Myoug	4
Myoug:	2
Myu	2
Na	5
Nab	1
Nab'	3
Nabsoin:	4
Nabthali	3
Nagai	2
Nagathoi	1
Nahum	2
Nahura	2
Naman	1
Nang	215
Nangnu"	6
Nangnyang:	1
Nanu	3
Nanu"	615
Nanu'	6
Nanu:"	1
Nanya:	3
Nanyang:	5
Nardu	1
Narkiso	1
Nason	4
Natham	2
Nathanela	7
Nayi:	1
Nazared	29
Nazaret	1
Nazred	1
Neapoli	1
Nerea	1
Neri	2
Nga	1
Nga"	204
Nga'	1
Nga:	3
Ngarai	1
Ngau	3
Nge	4
Ngei	7
Ngeibu:	2
Ngeilang:	1
Nghain"	1
Nghang"	1
Nghi:	2
Nghizain	2
Nghoeb	2
Nghoid	448
Nghoidbye	2
Nghoidbye:	2
Nghoidga:	1
Nghoidloug	256
Nghoidloug:	1
Nghoidlug	1
Nghoidsho	1
Nghoidsho'	16
Nghoonu"	1
Ngo	2
Ngoid	1
Ngoid'	2
Ngoo	491
Ngoo:	2
Ngoodo'	2
Ngoonu"	263
Ngoonu'	3
Ngoonu:	2
Ngoonyang:	1
Ngoori	50
Ngoori:	2
Ngoug	1
Nhang:	1
Nhau:	1
Nheig	5
Nheing"	1
Nheugloem:	13
Nhgoid	6
Nhoid	1
Nhoid'	4
Nhou:	1
Ni	1
Nikanora	1
Nikapoli	1
Nikodi	6
Nikola	4
Nila	1
Nila:	1
Nineve	3
Nineve"	1
No	12
No'	13
No-a	2
Noa	7
Noku	25
Noo	6
Nookhyab	2
Noophyoo"	2
Noug"	2
Nu	1
Nu"	2
Nu:	3
Nujed	2
Nujung	1
Nukhyab	4
Nukhyab'	1
Nukyung	1
Numpha	1
Nung"	1
Nya	5
Nya:	275
Nyan	1
Nyang	22
Nyang:	674
Nyangnu	2
Nyangnu"	266
Nyangnu'	2
Nyanu"	28
Nyanu'	1
Nyau	1
Nyeigdain	1
Nyha"	1
Nyhang"	17
Nyhangnu"	1
Nyho:	1
Nyhoeb	3
Nyhoid'	1
Nyid	3
Nyid"	3
O	2
O"	18
Obed	4
Olumpa	1
Onesimo	3
Onesiphura	1
Onesiphuru	1
Orban	1
Oug"	2
Oung:	4
Pa:	1
Paid'	1
Paiddamya"	1
Paidmu	1
Pain"	1
Pakham:	1
Palhe"	6
Pamphuli	5
Panglai	15
Paphu	2
Pargamu	1
Parmena	1
Pasidi	1
Patara	1
Pathai	1
Patoleme	1
Patroba	1
Pedtori	1
Pegamu	1
Pentikoti	3
Perag	1
Perga	2
Persi	1
Pesidi	3
Pestu	1
Peteru	23
Petru	209
Phaga	1
Phain"	8
Phajhi"	11
Phanuela	1
Phara	2
Phara"	1
Phared	4
Pharishe	59
Pharishe"	29
Phau"	2
Phau:	2
Pheing"	1
Pheleg	2
Phelegu	1
Phestu	12
Philadephia	2
Philetu	1
Phili	1
Philib	31
Philid	4
Philid'	6
Philimon	2
Philip	1
Philipi	5
Philogu	1
Phiniki	1
Pho	9
Phoin:	2
Phonig	2
Phonisha	1
Phonishia	1
Phoo	66
Phooseig	2
Photunatu	1
Phoug"	1
Phoung:	2
Phugelu	1
Phung	10
Phung"	2
Phung:	13
Phyu:	1
Phyugi	1
Pilai	1
Pilaid	66
Pilaid'	3
Pilaida	1
Pokuphestu	1
Polu	272
Pontu	1
Potioli	1
Priska	3
Priskela	1
Priskila	3
Prokuru	1
Puden	1
Pui"	11
Puntu	1
Puntu:	1
Pya:	2
Pyaid'	1
Pyang"	7
Pyeung:	1
Pyi:	2
Rabai	3
Raboni	2
Ragu	1
Ragu:	1
Rahab	3
Rakhela	1
Rama	1
Re"	113
Re'	1
Rebedkha:	2
Regi	1
Rehoboam	2
Resa	2
Ri"	8
Ri:	2
Rodo	1
Roma	54
Rubin	1
Rui"	1
Ruphu	3
Rutha	1
Sa	1
Sa:	2
Saduke	11
Saduke"	2
Sagsi:	5
Said	4
Said'	2
Sain"	1
Sala	4
Salami	1
Salathila	4
Salem	1
Salim:	1
Salmon	1
Salmon:	1
Salmone	1
Salome	1
Samari	24
Samothrake	1
Samson	1
Samu	1
Samuela	3
Samurna	2
Sang	1
Saphira	1
Sara	11
Sara:	23
Sardi	3
Satan	3
Sathi"	7
Se	4
Sed	1
Segi	1
Seig	3
Sekundu	1
Seluki	1
Semai	2
Serug	2
Sham:	1
Shangei	1
Shau"	2
Shava	3
Sheba:	1
Sheing:	3
Shekhem:	1
Shem:	1
Shi"	1
Shid	3
Shid'	7
Shid:	18
Sho"	7
Sho:	1
Shoid	2
Shoid'	1
Shojhen:	1
Sholu	33
Sholumon	11
Sholumun	1
Shoo:	3
Shoobaid'	1
Shooyid	1
Shoug"	4
Shu"	1
Sidon	2
Sidun	8
Sila	28
Silas	1
Siloam	1
Silon	3
Silvanus	1
Simn	1
Simon	16
Simun	75
Sina	6
Sivanu	1
Siyoo	1
Skeva	1
So:	1
Sodam	1
Sodom	7
Soem"	11
Soid	1
Soidgain	1
Soin'	1
Solome	1
Soo"	4
Sopata:	1
Sosipata	1
Sosteni	2
Sping:	2
Staku	1
Stepain	1
Stephain	21
Stephan	1
Stephen	2
Su"	1
Su:	2
Sube"	5
Subi"	17
Sukha	1
Sung:	1
Suntuki	1
Surakusa	1
Suri	9
Susanna	1
TINGNAM	1
Tabitha	2
Talithakumi	1
Tam"	10
Tarha	1
Tarha"	100
Tarshu	4
Tarshu"	1
Teme	1
Tertiu	1
Tertulu	2
Tha	3
Thade	2
Thain:	1
Thama	1
Thang	1
Thang:	23
Thani	1
Thei:	1
Theing	2
Thera	2
Thesa	1
Thesaloni	9
Thia	1
Thitun	1
Tho"	1
Tho'	1
Thoma	9
Thophilu	2
Thu'	3
Thuathra	1
Thuatira	3
Thuda	1
Thui:	1
Thung	1
Thung:	7
Tiberi	2
Tiberu	1
Tid	1
Tid'	1
Timothi	27
Timothi'	1
Timun	1
Ting	1
Titu	17
To'	1
Tomothi	1
Too	1
Too"	1
Too'	2
Toung	1
Toung:	6
Trakuni	1
Troa	6
Trophimu	3
Truphena	1
Truphosa	1
Tukhiku	5
Tung:	3
Tungbau	23
Tungboug	1
Turanu	1
Turhu	2
Turu	10
U	2
U"	3
Ubulu	1
Ug	2
Uglid	2
Ung:	1
Uni	1
Upadi	1
Uphraid	1
Uphraid'	1
Uria	1
Utaphaya:	1
Utukhu"	3
Uzia	2
Vain	1
Vakintu:	1
Vang	2
Ve:	1
Venyi	181
Venyi:	84
Vha"	2
Vho:	1
Vhoeb	1
Vhoo"	2
Vhu"	5
Vhuloem	1
Voem:	3
Voo	5
Voobyu	1
Voogung	16
Voomoo"	3
Vu	3
We"	1
Wenyi:	1
Wigi	1
Wigi-Yohan	1
Wim:	3
Xam:	1
Xang"	1
Xang:	28
Xangshid"	1
Xangsu"	2
Xangsu:	12
Xi:	1
Xo	7
Xo'	1
Xoin"	1
Xoo"	2
Xung	1
Ya	1
Ya-I-ru	1
Ya-i-ru	5
Yab	2
Yaku	72
Yanbre	1
Yanbre"	1
Yang	19
Yang"	1
Yanna	2
Yanne	1
Yared	2
Yason	1
Yasun	3
Yau:	1
Yeesu	1
Yekhonia	2
Yen"	1
Yeremi	2
Yerikho	4
Yerikho"	2
Yerimi	1
Yerusalem	151
Yese	5
Yessu	1
Yesu	1844
Yesu'	4
Yesu:	1
Yesugi	1
Yesun	1
Yezebela	1
Yha"	11
Yhada"	1
Yhe:	1
Yhi:	3
Yhid:	4
Yhoem"	3
Yhoem:	37
Yhoemkhung:	2
Yhoo:	2
Yishakha	1
Yo"	3
Yo'	4
Yoana	1
Yoang	1
Yoba	1
Yoda	2
Yodan	15
Yoeb	2
Yoela	1
Yoem	1
Yoem:	6
Yohan	179
Yohana	1
Yona	10
Yonam	2
Yoo	5
Yoo"	9
Yoobo	2
Yooboo	24
Yoolid:	1
Yoomo	4
Yoothung"	4
Yopa	14
Yoram	2
Yorim	2
Yosaphaid	2
Yoseb	57
Yoshu	3
Yosia	2
Yotham	2
Youg:	6
Young"	3
Yu	25
Yu"	32
Yuda	393
Yuda"	1
Yug	5
Yuggi	9
Yuli	2
Yulia	1
Yung"	1
Yuni	1
Yustu	3
Yzheing:	1
Za:	1
Zabyid	2
Zadug	2
Zain'	2
Zake	4
Zakhari	18
Zaredtha	1
Zau:	1
Ze	1
Zebedi	11
Zebulon	3
Zeigne	1
Zeing:	1
Zerag	1
Zerubabela	4
Zhadan	1
Zhain	1
Zhainlun	4
Zheing:	2
Zhung:	5
Zi	1
Zion	4
Ziun	1
Ziyoo	3
Zo:	1
Zoo	2
Zoo:	21
Zoobui"	1
Zoobyo	1
Zoolu:	5
Zoonu"	6
Zooshang:	7
Zooxoin"	1
Zooyho'	4
Zoug:	6
Zu:	3
Zukyen:	1
Zung"	4
_	13
`	1
a	43
a"	6
a'	1
a-oung:	1
a:	11
ab	184
abaid	1
abain	4
abang	6
abang"	1
abe	8
abei	2
abei:	1
abeing:	2
abi:	1
abo	131
aboeb	5
aboin:	18
aboo	160
aboo"	3
aboo:	2
abue"	25
abug	1
abui"	29
abyang"	1
abye	2
abye:	152
abye:"	3
abyeung"	5
abyi	1
abyid	9
abyid'	2
abyid:	30
abyo	8
abyoo	3
abyu	1
abyug	4
aca"	22
aca:	1
acab	2
acang	40
acang:	11
aceig	1
aci	3
aci'	1
aci:	25
acid"	6
aco'	55
acoem'	1
acoung"	3
acoung:	5
adab	34
adain	2
adain:	1
adam:	3
adang	6
ade:	4
adei	10
adeing:	1
adeung	26
adi	1
adi"	1
ado	4
adoem	26
adoid	1
adoid'	1
adu	30
adu:	4
aeung	2
aeung:	4
afain"	2
afang:	10
afoem:	1
afoid	1
afoin:	10
afoo"	7
afu"	1
afu'	8
aga:	2
again	82
again'	1
agam	15
agang	1
agang:	1
agau	1
age	135
ageing:	3
agi	18
agi"	1
ago	67
ago"	1053
ago'	2
ago:	1
agoin	38
agoin:	4
agoo	6
agoo"	20
agoug	3
agu:	1
agung	17
agung"	1
agung:	1
agyau:	1
agyeing"	33
agyeung"	1
agyeung:	7
agyeungshang:	2
agyi	140
agyi:	12
agyid	30
agyikoid'	1
agyo"	1
agyo:	9
agyoo"	4
agyoo:	32
agyug	61
ahain:	2
ahe:	1
ahei"	1
ahi:	1
ahto'	3
aj"	1
aja"	12
aja:	78
ajab	9
ajain"	4
ajang	1
ajang"	3
aje	5
aje:	1
ajeig	1
ajen"	1
ajeung"	19
ajhab	1
ajhain"	1
ajham"	1
ajham"-su:	1
ajhau"	2
ajhed'	3
ajheddab	7
ajhen"	1
ajhen:	10
ajhloid	1
ajho	1
ajho:	1
ajhoeb'	1
ajhoid	44
ajhoid'	10
ajhoin:	2
ajhoo:	2
ajhoug"	1
ajhu	2
ajhung	1
ajhung:	2
aji	3
ajid"	1
ajo	67
ajoeb	6
ajoeb"	1
ajoeb'	1
ajoem	5
ajoem'	1
ajoem:	6
ajoid	1
ajoin	1
ajoo	3
aju"	30
aju:	1
akaid	9
akaid'	6
akang:	1
ake"	2
akha:	1
akhaid	1
akham	1
akham'	5
akham:	16
akhang	5
akhang"	184
akhang:	22
akhau:	6
akhayo	1
akhe:	1
akhed"	1
akhei	1
akhem'	1
akhi"	4
akhi:	4
akhid	1
akhid"	241
akhid:	1
akhimyen	1
akhinyid"	1
akho	7
akho"	10
akho'	1
akho:	8
akhoid	1
akhoid'	1
akhoin:	1
akhoo"	2
akhoo:	4
akhoug"	6
akhoug:	56
akhoyo	1
akhu:	9
akhuang	3
akhui"	3
akhuid	1
akhuid'	1
akhuyu"	1
akhyag	8
akhyag:	1
akhyang:	1
akhyeig	3
akhyeing	2
akhyeing"	78
akhyeing:	18
akhyen	1
akhyen:	9
akhyeng"	1
akhyeung"	79
akhyin:	1
akhyo	1
akhyoid	28
akhyoid'	13
akhyoin"	1
akhyoin'	1
akhyoo	1
akhyoo"	65
akhyoo'	1
akhyoo:	3
akhyoug	1
akhyoug:	2
akhyu:	2
aki	1
aki"	1
aklhyoo"	1
ako	3
ako'	11
ako'"	1
ako''	41
akoem:	21
akoid	68
akoid'	17
akoid:	8
akoin"	1
akoin:	1
akoo"	17
akoug:	1
akug	6
akung	2
akung:	61
akyang	2
akyang"	8
akyang:	1
akyi:	2
akyo'	1
akyoo"	1
akyoo:	1
akyu	5
akyu"	283
akyu'	3
alai	2
alailoo"	1
alain	1
alang"	2
alang:	1
alau"	2
aled:	1
alei	1
aleing	2
aleug	1
aleung	3
alhang"	1
alheing:	1
alheom:	3
alheug	1
alhid	2
alhid"	4
alhid'	1
alho	5
alhoem	1
alhoem:	15
alhoid	6
alhoid'	2
alhoin"	1
alhoo	3
alhoo:	86
alhoung	8
alhoung:	2
alhu	1
alhu"	1
alhu:	5
alhung:	2
alid	2
alid"	1
alid:	1
alo	2
alo"	2
aloeb	3
aloem	10
aloem"	76
aloem:	1
aloin:	1
aloo"	1
aloo:	1
alu	18
alu:	15
alug	9
alung"	2
am:	1
ama	1
amain	1
amain"	34
amain'	1
amau"	1
ameing	2
amhau	3
amho	11
amho'	3
amhoid"	1
amhoug	1
amhoug"	1
amoid	2
amoin	1
amoin"	9
amoin:	22
amoug"	2
amyaid	10
amyaid'	5
amyang	117
amyang"	19
amyang:	4
amyed	14
amyed'	1
amyed:	1
amyeidng"	1
amyein	1
amyeing	2
amyeing"	227
amyeing:	1
amyen	8
amyeng"	3
amyeung	1
amyeung"	20
amyeung:	1
amyheig	5
amyheing	2
amyheug	1
amyhi:	1
amyhid"	1
amyi"	1
amyib	3
amyid	21
amyid'	3
amyid:	3
amying"	1
amyo	1
amyo:	3
amyoo	1
amyoo:	7
amyoug	2
amyoug:	10
amyu	2
amyu"	10
amyug	2
amyung	3
ana:	3
anam	12
anau	23
andre	1
ang	1
ang:	2
ange	1
ange"	1
angei	26
angeig	2
angeug	2
anghab	6
anghab'	3
anghe'	1
anghe:	3
anghei'	2
angheing"	1
angheung"	1
anghod	1
anghoeb	3
anghoid	861
anghoid-i	1
angi	3
angoid	1
angoid'	1
angoug	3
angoug:	1
anham:	1
anhang:	9
anhe	1
anheug	1
anhi"	2
anhung	1
anhung"	1
anhyoin:	1
ani:	1
ano	3
ano"	1
ano'	2
anoeb	1
anoem:	1
anoku	1
anoo	3
anoo"	11
anoo:	11
anoug	24
anoug:	1
anya	1
anyang	1
anyau	1
anyed	4
anyheing	1
anyhen"	1
anyhoeb'	1
anyhoin:	12
anyi	1
anyi"	1
anyid	35
anyid:	1
anyinab	1
anyoin:	1
anyug	2
aoung:	2
ap	2
aphaid'	1
aphain"	12
aphang	2
aphang:	1
aphau"	3
aphau:	2
aphia	1
apho"	1
aphoid:	1
aphoo:	1
aphoug	8
aphoug"	73
aphougtu"	1
aphug	9
aphung:	1
aphyed	4
aphyed'	6
aphyo'	1
aphyoo"	3
apid'	1
apo"	1
apoem	1
apoem:	32
apoug	1
apu	1
apu'	1
apya	1
apyad'	2
apyadi	1
apyaid	55
apyaid'	74
apyang:	7
apyeug	1
apyeung:	1
apyo:	3
apyoid	5
apyoid'	3
apyoo:	7
aqei	2
aqei"	6
aqei:	22
ara:	1
are"	4
areta	1
ari"	3
arue"	2
asaid	4
asaid'	2
asain	3
asain"	8
asain'	1
asam"	43
asam'	1
asam:	1
asam:"	1
asan	2
asang:	3
ase	8
ase'	112
aseig	40
aseig:	1
aseing:	8
asen	6
asen"	3
asen:	23
aseng"	1
ashab	1
ashab'	1
ashaem:	1
ashai"	3
asham:	1
ashang"	1
ashang:	12
ashaoug"	1
ashau"	54
ashaug"	6
ashe:	8
ashed"	1
ashen	9
ashen"	4
ashi	6
ashi"	75
ashid"	1
ashid:	38
asho	5
asho"	14
asho'	18
asho:	1
ashoeb	70
ashoeb'	9
ashoem:	7
ashoid	11
ashoid'	2
ashoin"	4
ashoin:	4
ashoo	2
ashoo"	3
ashoo:	6
ashoug"	7
ashoung"	2
ashoung:	1
ashu"	2
ashu:	4
ashug	16
ashug"	32
asi	119
asi"	2
asi'	14
asi-gyoo:	1
asi:	1
aso	1
aso"	9
aso:	1
asoem"	7
asoin	1
asoin'	1
asoin:	10
asoo"	8
asoo:	29
asu	1
asu"	1
asuya'	1
atab	2
atain"	1
atam	1
atam"	44
atang:	2
atarha"	13
atau"	1
atei	1
atei"	5
atei:	3
ateung	3
athain:	2
atham	1
atham:	11
athang	37
athang:	27
athed	4
athed'	4
athei"	8
atheing:	11
athho	1
athi"	1
athid	4
athid'	2
atho	4
atho'	134
atho:	1
athoid	1
athoo:	5
athoug	2
athoug"	4
athoung"	18
athu	1
athu'	10
athu:	3
athung"	5
atid	52
atid'	10
ato"	9
ato'	5
ato:	55
atoKhain:	1
atoem	10
atoem:	1
atoin"	6
atoin:	6
atoo"	4
atoo:	61
atoug"	3
atoung"	9
atrha"	2
atu"	1
atu'	1
atu:	1
atuang	1
atug	1
atung:	2
au:	1
avang	21
aved	64
aved'	11
aveid	1
aveing"	15
aveing:	1
aveung"	1
avhang:	7
avho:	3
avhoo:	11
avhu	1
avhu"	1
avhu:	28
avim	1
avo	1
avoem	18
avoem"	17
avoid	24
avoid'	1
avoidd	1
avoin	5
avoingoo"	1
avoo	3
awed	1
awoem"	1
awoin	1
axab	1
axab'	1
axau"	1
axe:	1
axeig	1
axeing	1
axo	7
axo'	1
axoem"	5
axoug"	11
axue:	1
aya	16
aya:	30
ayab	8
ayam	29
ayan:	1
ayang	4
ayang"	1
ayang:	46
aye"	1
aye:	1
ayed	1
ayeig	1
ayham	1
ayham"	9
ayhe:	8
ayhen	1
ayhen:	1
ayhi:	7
ayhoeb	1
ayhoem"	1
ayhoug:	1
ayi	1
ayi"	4
ayid	12
ayo	327
ayo"	277
ayo'	18
ayo:	1
ayoeb	7
ayoeb'	1
ayoid	8
ayoin"	9
ayoo	6
ayoo"	43
ayoo"-ga:	1
ayou	1
ayoug	3
ayoug:	5
ayoung:	1
ayu	11
ayu"	15
ayu'	1
ayu:	7
ayung"	8
azang"	5
azau"	1
aze"	7
aze:	1
azei:	17
azeing	6
azeing:	1
azeung	1
azeung:	1
azhang	13
azhang"	2
azhei:	1
azheing:	5
azheung:	5
azhoo	1
azhoo"	2
azhoo:	1
azhoung"	4
azhoung:	2
azhug	2
azhung"	7
azi	2
azid"	1
azo:	4
azoem"	8
azoo"	3
azoo:	18
azoug"	2
azoung"	3
azuang	2
azug	2
azung"	2
b	1
ba	53
ba"	20
ba'	3
ba-Moshe	1
ba:	10
ba:-akhid"	1
ba:-he:	1
ba:-ngoo	1
babtisma	16
bai	2
baid	97
baid'	38
baidzi	1
bain	251
bain"	7
bain'	54
bain:	23
bainsho'	1
bainthu	1
baja	2
baja"	427
baja"-ga:	1
baja"-nanu"	1
baja"-ngoonu"	1
baja-ga:	1
baja:	1
bala'	1
balam:	1
bam	1
bang	219
bang"	29
bang:	980
banhg:	1
baptisma	8
barnaba	1
bau	11
bdem	1
be	4
be"	7
be:	4
bei	1
bei:	20
beig	2
being	1
being"	46
being:	15
beom	8
beug	1
beung	4
beung"	4
beung:	3
bi	3
bi"	2
bi:	5
bian	1
bicu"	1
bid	42
bidbang	76
bidkyu"	1
bidmug	20
bidnoem	65
bidnyid	248
bidnyid"	7
bidnyid'	2
bidthu	3
bidvang	12
bidxain"	2
bigi	1
biri	2
bo	662
bo"	7
bo-bid	1
bo-zain	1
bobli	1
boda"	1
boe	1
boe"	1
boeb	6
boeb'	5
boem	3119
boem"	7
boem'	7
boem-khasu"	1
boem:	9
boi"	1
boid	5
boid:	1
boin	10
boin"	11
boin:	144
boin:"	1
bojo	1
bolo	1
bom	1
bom:	1
bonheung"	1
boo	204
boo"	11
boo:	6
booboo	1
boobug	12
boomo	1
boomoo"	1
boopyug	2
bopang"	1
bopyug	1
bose'	1
bothoug	2
boug	43
boug"	3
boug:	6
bougdung:	1
bouggung	5
boung	1
boung:	3
bu	36
bu:	100
bue	1
bue"	545
bue'	1
bug	35
bui	8
bui"	172
bui'	4
bui:	3
bung	4
bung:	8
bya:	2
byab	9
byam	14
byam"	1
byamphoug	1
byang	2
byang"	3
byang:	3
byau"	1
byaug	1
bydi:	1
bye	1857
bye"	61
bye-"	1
bye-hau:	1
bye-houg:	1
bye-nanu"	1
bye-nyang:	1
bye:	836
bye:-tho'	1
bye:-yu"	1
byed	21
byed'	5
byed:	1
byeing	5
byeing:	1
byen	75
byen-ya	2
byencang"	2
byeng"	1
byenyang:	1
byeug	4
byeugng"	1
byeung	4
byeung"	305
byeung:	4
byi	11
byi"	8
byi:	47
byid	167
byid"	1
byid'	9
byid:	2124
byid:-Yesu	1
byidsheing:	1
byime	2
byimi	51
byimi:	1
byin	1
byini	1
byiphyu:	3
byisheing:	15
byisheung:	1
byixoug"	1
byo	128
byo"	2
byoin	53
byoo	9
byoo:	3
byou	1
byoug	3
byoung:	2
byu	1739
byu"	1
byu:	1
byud	1
byudajhi	1
byue"	1
byug	197
byug:	2
byugang:	5
byugi	4
byugung	4
byugyeing"	1
byui"	3
byui:	1
byuko'	1
byukung:	3
byukyang:	1
byumi	1
byumyu"	479
byumyu"'	1
byumyu":	1
byunoo	1
byunyed	1
byunyu"	1
byuphung:	4
byushid:	2
byuxeig	7
byuxoug"	2
byuyab	1
ca	47
ca"	315
ca"-ga:	1
ca'	1
ca:	47
cab	50
cab'	5
cae:	1
cam"	4
cang	573
cang"	246
cang:	27
canglho:	1
cangv	1
cangzoo:	363
cau	1
cau"	4
cau:	5
caung"	1
ce	2
ce"	93
ce:	180
ced	1
ced"	59
ced'	2
ceig	2
ceing	2
ceing:	1
ceja"	1
ceja:	2
cekhyo"	1
cen	8
cen"	1
cen:	17
cenoem	15
ceug	8
cewim	1
ci	49
ci"	61
ci'	6
ci:	609
cibue"	2
cibui"	2
cid"	56
cid:	1
cidoid'	1
ciga:	1
cikoid	13
cikoid:	6
cilang"	1
cin:	1
cinoug	1
ciri"	1
cisen:	4
cishau"	1
cishu"	1
cishu:	5
cishug	1
cisu"	1
cite"	3
citham:	1
citid'	1
civoid	2
ciwigi	1
ciwim	59
ciwimwigi	2
ciyhe:	1
ciyo"	1
ciyoomo	2
cizi	1
cizoo:	2
co	4
co"	1
co'	7
co:	2
coeb	1
coeb'	2
coem	37
coem"	2
coem'	4
coid	48
coid'	27
coin"	3
coo"	6
coo:	4
coug	1
coug"	5
coug:	3
cougmoo"	30
coung	6
coung"	242
coung:	42
cu"	23
cu'	10
cu:	8
cuang	6
cvoo:	1
d	8
d"	3
da	662
da"	11445
da"-apoem:	1
da"-cangzoo:	1
da"-deingmain"	1
da"-gyeungshang:	1
da"-khyoo:	1
da"-lug	1
da"-yoem:	1
da"-yooboo	1
da"-zhang	1
da":	5
da"Aseing:	1
da"Kangso	1
da"Khristain	1
da"Khristu	1
da"Mangsoo	1
da"Venyi	1
da'	62
da''	1
da-Jhoem:	1
da-Yuda	1
da-gye"	1
da-hau:	1
da-nanu"	1
da-nya:	1
da-sham:	1
da:	152
da:-ga:	1
da:-khasuwimgari-nang	1
da:-nanu"	1
da:-nyangnu"	1
dab	183
dabain	2
dabang	1
dabo	24
daboem	28
daboem:	2
daboin:	25
daboo	1
daboung"	1
dabu"	1
dabue"	1
dabung:	1
dabyeung"	2
dabyid:	12
dacab	8
dacam"	4
dacang	1
daceung	1
daci:	4
dacoung"	1
dacu	1
dadab	3
dadam	7
dadei	31
dadeing:	57
dadeung	4
dadeung"	1
dadeung:	3
dadoem	3
dadu	8
dadu"	1
dadu:	23
daduang:	3
dae"	2
dae:	1
daeung:	1
dafoem:	2
daga:	1
dagam	2
dagam'	1
dagang	3
dagau	2
dage	9
dage"	430
dage'	3
dage:	1
dagei	1
dageing:	2
dageung"	1
dageung:	9
dago"	4
dagoem	4
dagoug	1
dagung	19
dagyab	1
dagyug	3
dahau	1
daid'	4
dain	30
dain"	33
dain'	22
dain:	33
daingbyeing"	1
daja	6
daja"	7
daja:	115
dajaja:	2
daje	7
dajha"	3
dajhi	9
dajhi'	60
dajhoin:	1
dajhoug"	5
dajid"	4
dajo	43
dajoem	2
dajoyoo	1
daju"	1
dakaid	4
dakaid'	1
dakhaid	29
dakham	1
dakham:	1
dakhe:	1
dakhi	1
dakho	1
dakho"	5
dakhoin"	32
dakhu	1
dakhu:	2
dakhyab	12
dakhyam"	4
dakhyang"	2
dakhyeing"	10
dakhyen:	1
dakhyeung"	2
dakhyi	6
dakhyo"	2
dakhyo":	1
dakhyoo	27
dakhyoo"	494
dakhyoo"-dain"	1
dakhyoo:	8
dakhyooti	2
dakhyooti"	1
dakhyoug	2
dakhyung:	1
dako'	1
dakoi	1
dakoid	17
dakoid'	1
dakoid:	2
dakung:	1
dakyab	13
dakyab'	1
dakyang:	2
dakyoo"	3
dalamati	1
dalang	1
dalang"	19
daleing	1
daleing:	2
daleom:	4
daleung	1
dalheing	4
dalheing"	2
dalheing:	79
dalheung:	7
dalhoem:	1
dalhoid	1
dalhoung	1
dalhoung:	1
dalhung	1
dalo	1
dalo"	2
daloem	13
daloem"	2
daloem:	210
daloid	1
daloo	2
daloo"	3
daloung"	5
dalung:	1
dam	144
dam'	3
dam:	8
damain:	1
damasku	1
damho	8
damho'	2
daminid'	1
damoin	1
damoin"	2
damoo"	1
damoug	1
damoug:	3
damung"	3
damya"	1
damyang	1
damyed	1
damyeig	1
damyeing"	1
damyen	7
damyeung	1
damyheing	1
damyid	4
damyid'	1
damyo:	1
damyoo:	1
damyoug	1
damyoung	1
damyu	2
damyu"	8
dana:	4
danayi	1
danayi:	3
daneung"	1
dang	56
dang"	3
dang:	1261
dang:-xei	1
dangaid'	1
dangain	6
dangain"	892
dangain'	2
dangain''	1
dangain:	2
dangan"	1
dange"	1
dangei"	1
danggain	1
danggain"	1
danghe:	1
danghoeb	1
danghoid	129
danghoid:	1
dangid	1
dangkang	1
dangkang:	37
dangoid	1
dangsoo"	5
dangtheung	1
dangtu	1
dangtu'	35
dangyi	1
dangzuang	6
danhang:	1
danhei:	1
dano"	1
dano'	1
danoeb	1
danyed	1
danyed"	2
danyhoo:	1
danyid	57
danyid"	23
dao	1
daphain"	1
daphoung:	1
daphu"	2
daphug	1
daphung	3
daphung:	10
daphung:-doem	1
daphyed	1
daphyed'	1
dapug	1
dapyaid'	3
dapyam:	4
daqei"	1
dara	3
dare	3
dare"	3
dari"	3
das"	1
dasaid	1
dase	1
dase'	6
dasen:	1
daseung:	2
dashau"	4
dashi"	1
dasho:	4
dashoid	13
dashoid'	2
dashoo"	7
dashoo'	1
dashoo:	12
dashu"	1
dashug	5
dashug"	2
daso	4
daso"	5
daso'	35
dasoin	1
datam"	2
datam:	1
date:	67
datei"	1
datei:	1
datham:	1
dathang	1
dathang:	2
dathei"	2
datheung	1
dathoung"	2
dathu'	1
dathui:	1
dathung"	1
datid	1
dato'	4
datoin"	1
datu:	1
dau	2
dau'	1
dau:	1
davang	1
daveing"	1
davhoeb	2
davhu"	1
davi	2
davoo	15
daxe	2
daxe":	1
daxe:	76
daxi	1
daxi:	32
daxo	4
daxo'	1
daxoo:	1
dayab	6
dayam	9
dayam'	1
dayham	2
dayham"	264
dayham:	2
dayhang:	1
dayhangti"	2
dayhe:	3
dayhoem:	8
dayi"	3
dayo	18
dayo"	27
dayo'	1
dayoo	1
dayoo:	8
dayoug	28
dayoung	1
dayoung:	1
dayu	3
dayu"	3
dayug	831
dayug-hau:	1
dayug-nya:	1
dayugnghoid	1
dayugza:	1
dayung	1
dazain	5
dazain'	1
dazain:	1
daze:	1
dazei:	6
dazeig	1
dazheung"	1
dazheung:	1
dazhoung:	4
dazid	2
dazid'	27
dazig	2
dazo	1
dazo:	2
dazoem"	4
dazoem:	2
dazoung"	1
de	10
de"	19
de:	1
ded"	2
dei	564
dei:	6
deig	20
deing	133
deing"	28
deing:	31
deingbyeing	1
deingbyeing"	42
deingbyeung"	1
deingmain	1
deingmain"	139
deingmain:	1
deingman"	1
deizoo	2
deizoo:	43
dem	1
den"	3
deom	9
deom:	2
dete:	1
deug	19
deug:	1
deugmain"	1
deung	137
deung"	28
deung:	22
deungbyeung"	1
deungkhu:	38
deungmain"	40
di	60
di"	3
di:	7
dibu:	1
did"	3
did'	1
didu	6
din"	1
ding	1
dingga"	1
dioem	1
diri	1
diricen:	1
do	117
do'	19
do:	6
doctor	1
doeb'	1
doem	936
doem"	1
doem'	6
doem:	106
doemtau"	1
doid	24
doid'	12
doidloo	1
doin	1
doin"	1
doin:	29
doo	15
doo"	18
doo'	1
doocid"	4
doug	64
doug:	11
dougnoo:	1
doung:	2
du	162
du"	56
du:	151
duang	3
duang"	1
duang:	66
dug	16
dumoo"	1
dung	8
dung"	3
dung:	14
e"	38
e:	1
eavoid	1
ei:	2
eig	634
eig"	1
eig:	1
eigi	1
eigkoo	1
eigsoem"	1
eigxe:	1
eigyug	3
ein	6
ein:	600
ein:-hau:	1
ein:-yoem:	1
eing:	3
emyed	1
emyid	47
en	1
eung:	61
fa"	3
fain	1
fain"	43
fang	25
fang:	5
fe:	5
feing	1
feing"	1
fi	1
fid"	1
fo	2
fo'	1
fo:	3
foeb	5
foem	6
foem:	48
foid	41
foid'	3
foin	7
foin"	4
foin:	136
foo"	2
foo:	1
form	1
fu	3
fu"	90
fu:	12
g	1
g"	1
gI	1
ga	100
ga"	16
ga:	2971
ga:"	1
ga:-Mangso	1
ga:-dang:	1
ga:-eig	1
ga:-soin'	1
ga:Mangsoo	1
gab'	1
gabyam:	2
gai	1
gaid	1
gain	19
gain'	6
gain:	3
gaintho'	1
galain	1
galile	2
gam	168
gam:	4
gamgung	3
gang	37
gang"	4
gang:	48
gari	376
gari"	1
gari-Polu	1
gari-akhid"	1
gari-join	1
gari-ngoonu"	1
gari-re"	1
garihau:	2
garinushain:	1
garizhung:	1
gau	149
gau"	31
gau'	1
gau:	7
gaung:	1
gauyi	1
gaza:	1
gazi:	1
ge	421
ge"	106
ge"-byu	1
ge"-ga:	1
ge"-hau:	1
ge"-hid:	1
ge"-ngoo	1
ge"-ngoonu"	1
ge'	807
ge'-thei"	1
ge-Mangso	1
ge-he:	1
ge:	4
geda"	1
gei	71
geig	1
geing	3
geing"	3
geing:	63
geisang:	1
gelha	1
geng	1
genyid	1
gethang	1
geug	3
geung"	2
geung:	60
gi	10903
gi"	26
gi'	1
gi-Bedsaida	1
gi-Bid'	1
gi-Byu	1
gi-Genesared	1
gi-Gesemane	1
gi-He:	1
gi-Khokham"	1
gi-Khristu	1
gi-Kyu"	1
gi-Mangso	2
gi-Meing:	1
gi-Moug	1
gi-Nga"	1
gi-Nyang:	1
gi-Nyangnu"	1
gi-Petru	3
gi-Shem:	1
gi-Sodam	1
gi-Yerusalem	1
gi-Yesu	7
gi-akoem:	1
gi-aphyoo"	1
gi-apyaid	1
gi-ayam	1
gi-boug	1
gi-cangzoo:	1
gi-ce:	2
gi-deing	1
gi-deungmain"	1
gi-gamboem	1
gi-gootu:	1
gi-gye"	3
gi-hang"	1
gi-hau	1
gi-hau:	6
gi-he:	4
gi-hidsu"	1
gi-jam	1
gi-khanham	1
gi-khoug"	1
gi-krewti	1
gi-lagyoo:	1
gi-mang	1
gi-mau"	1
gi-mo	1
gi-moug:	2
gi-myo	2
gi-nanu"	7
gi-nge"	1
gi-ngoo	3
gi-ngoonu"	2
gi-nheig	1
gi-nya	1
gi-nya:	5
gi-nyang:	5
gi-nyangnu"	4
gi-nyid	1
gi-phang:	1
gi-phau:	1
gi-re"	2
gi-satan	1
gi-se'	1
gi-shen"	1
gi-shid:	1
gi-sooyo	1
gi-subi"	1
gi-tarha"	2
gi-xang:	2
gi-xangsu:	1
gi-yhoeb	1
gi-yoeb	1
gi-yoem:	1
gi-young"	1
gi-zang:	1
gi:	4
gi:-loem	1
giBaptisma	1
giKhristu	1
giMangso	2
giMangsoo	1
giathang:	1
gice"	1
gidagung	1
gidei	1
gideing	1
gideung	1
gidoem	1
gieig	1
gigoo"	1
gihang"	1
gikha:	1
gikhanham	1
gikyed	1
gilaboo"	1
giloem"	1
gimeingbyu	1
gimo	1
gimoin:	1
gimoug:	3
ginga"	2
ginghab	1
ginheig	2
gino	1
ginyang:	6
ginyid	1
ginyid"	1
gishoid	2
gitarha"	1
gitarha:	1
giyug	1
gizhung:	1
go	98
go"	713
go'	8
go:	2
goeb	40
goeb'	6
goem	75
goem'	2
goem-oug"	1
goem:	30
goemloem	3
goemlu	2
goid"	1
goin	56
goin"	174
goin'	9
goin:	3
gola-ug	1
gomora	1
goo	115
goo"	739
goo"-zed"	1
goo'	3
goo:	5
gooco	2
gooco'	1
gooja:	1
gooje	2
gooji	36
gooji"	1
gooki"	24
goola	1
goolho:	1
goolhoo"	1
goolhoo:	16
gooloo	1
goonhaam	1
goonham	14
goonham:	1
goonhung:	5
goonu"	1
gootu	20
gootu:	265
goozu:	4
goug	22
goug"	2
goug:	19
gougnyhoug	83
goung	6
gu	62
gu"	2
gu'	1
gu:	166
gug	49
gugyoo:	26
guid"	2
gukhuang"	1
gung	576
gung"	3
gung:	4
gungdau:	1
gungdoem:	5
gungdu	3
gungdu"	2
gungdu:	37
gunggau"	1
gunggoin"	2
gunggoug"	1
gungkhoo:	1
gunglau	1
gunglau"	3
gungleig	1
gunglid:	1
gungri	2
gungsho"	5
gungshoo"	16
gungshoo:	1
gungt'	2
gungtu:	1
gungxung	1
gya	1
gyab	32
gyab'	4
gyag	1
gyaing"	1
gyam	10
gyam:	8
gyang	2
gyang:	3
gyau:	6
gye	53
gye"	266
gye'	1
gye:	4
gyed	3
gyed"	3
gyeig	2
gyeig:	1
gyeing	7
gyeing"	197
gyeing:	26
gyen	1
gyen:	43
gyeng"	2
gyeung	3
gyeung"	33
gyeung:	21
gyeungshang:	252
gyi	79
gyi"	26
gyi:	276
gyid	282
gyid"	5
gyid'	8
gyid:	10
gyidab	13
gyidab:	1
gyiddab	1
gyidlang	5
gyidyam	1
gyidzoo:	1
gyidzoug:	1
gyikhin"	1
gyikhin'	2
gyikhoo:	4
gyikhyoo:	1
gyikoid	19
gyimi	1
gyiphung	1
gyiphung:	3
gyipui"	10
gyisho'	2
gyivo	2
gyivo:	1
gyivoo	52
gyizi	5
gyizo	1
gyizoo	3
gyizoo:	59
gyizoug:	44
gyo	48
gyo"	101
gyo'	2
gyo:	441
gyo:-Khasu"	1
gyoeb	4
gyoeb'	1
gyoem	8
gyoem:	2
gyoid	2
gyoin	61
gyoin"	1
gyoin'	6
gyoin:	14
gyon	1
gyoo	9
gyoo"	186
gyoo:	361
gyoo:-ga:	1
gyoonoug	1
gyoug	154
gyoug:	6
gyougboem	1
gyu:	4
gyung	1
gyung"	1
gyung:	36
hain	2
hain"	4
hain:	9
hang	8
hang"	462
hang:	4
hau	61
hau"	114
hau'	8
hau:	1391
haug	1
haug:	1
haugsu"	1
hauzi	1
he	12
he"	3
he:	560
hei"	1
herodia	1
hi:	3
hid	11
hid'	1
hid:	217
hidau"	1
hidmoo	1
hidsu"	39
hkyoo:	1
ho	3
ho:	1
hoeb'	1
hoem:	1
hoo"	1
houg	25
houg"	1
houg:	509
hougbang:	1
hougmoo	1
hougsu"	92
hpang	1
hparishe	1
hpyid	1
htang:	1
htid	1
htid'	1
hto'	5
hug:	3
husub	1
i	5
i"	1
i:	1
ideung	1
igi	1
ikoin	33
in	1
in:	1
ja	6
ja"	32
ja-moung:	1
ja:	276
jab	10
jab'	1
jag	1
jain	1
jain"	26
jam	42
jamjau	29
jamkhi"	1
jan"	3
jang	38
jang"	849
jang:	136
jangcoo"	8
janggyoin:	1
japhue:	1
jare"	1
jarung:	1
jau	29
jaung"	1
je	224
je"	129
je"`wigi	1
je:	10
jed	23
jed"	6
jed'	7
jegi	1
jegyi:	1
jeing	6
jeing"	227
jeing:	1
jeje	1
jeju	4
jeju"	318
jeju'	1
jen	2
jen"	148
jeom	2
jeom:	1
jeug	2
jeung	23
jeung"	417
jeyang:	2
jha"	10
jhab	2
jhab'	3
jhag	1
jhakhyang	2
jham	19
jham"	44
jham'	4
jhang	399
jhang"	4
jhang:	3
jhangk	1
jhangloo	1
jhangmoo	3
jhau	3
jhau"	88
jhe"	1
jhed	8
jhed'	20
jhedab	2
jheddab	319
jhen	13
jhen"	17
jhen'	1
jhen:	78
jheom"	1
jheung:	1
jhi	5
jhi"	1
jhi'	1
jhi:	7
jhid"	7
jhin"	1
jhing	1
jhing"	1
jho:	30
jhoeb	6
jhoeb'	1
jhoem	6
jhoem"	18
jhoem'	1
jhoem:	132
jhoeom:	1
jhoid	4
jhoid"	2
jhoid'	1
jhoin	2
jhoin"	12
jhoin:	9
jhoo:	12
jhoug	21
jhoug"	198
jhu	26
jhu"	17
jhu'	6
jhu:	2
jhuang"	1
jhuang:	2
jhug	40
jhug"	3
jhung	6
jhung"	3
jhung:	141
jhungshug	2
jhuong:	1
ji	17
ji:	2
jid	6
jid"	17
jid'	1
jid:	18
jidmoo"	1
jihkoin"	2
jikhoin"	13
jo	996
jo"	1
jo'	2
jo:	3
joeb	144
joeb"	2
joeb'	5
joed	1
joem	938
joem"	2
joem'	1
joem:	82
joemmoo	1
joid	20
joid"	3
joid'	2
join	102
join'	8
join:	10
joing	1
jom	1
jonu"	26
joo	9
jookhyang	2
jooyu"	4
joto'	13
joug	18
joung	2
joung"	2
joung:	1
joyoo	296
joyoo:	4
joyoomoo	1
jozi	1
ju	14
ju"	877
ju'	1
ju:	7
juang"	74
juang:	1
jui:	3
juid"	2
jung	85
jung"	2
jung:	18
jure	2
jure"	31
juri"	15
juyhi:	5
juyi:	6
ka	1
kadi'	3
kadug	1
kai	1
kaid	909
kaid"	1
kaid'	470
kaid:	2
kain"	8
kain:	2
kalodi	1
kandake	1
kang	14
kang"	32
kang:	142
kangso	55
kangso'	286
kapadokia	1
katu:	1
kau"	1
kau:	8
kayapha	1
ke	1
ke"	21
ke'	15
keing"	8
keing:	3
kenkrea	1
kesare	7
keug	5
keung"	2
keung:	1
kha	15
kha"	4
kha:	125
khab	9
khaid	120
khain"	1
khain:	6
khainjkung	1
khainjung	124
khakhyeing:	1
khakhyi	1
khakhyo"	10
khakhyoo:	5
khalhang	2
khaloem:	2
kham	199
kham"	10
kham'	49
kham:	539
khamoo	1
khamyang	1
khamyhang	11
khamyhoo	5
khamyhoo'	1
khamyoo	3
khana	1
khanan	3
khang	11
khang"	398
khang:	4
khang:'	1
khanham	194
khanham"	1
khanheig	1
khare"	70
khari"	36
khari:	1
khasu	3
khasu"	253
khasu'	1
khasu:	1
khasunwim	1
khasuwim	2
khate"	7
khate'	1
khathang	2
khau	12
khau"	13
khau:	115
khaug"	1
khaung	1
khavoo:	2
khayang:	1
khayhang:	9
khayhi	2
khayhi'	74
khayo	16
khayoo"	1
khayoo:	18
khayoug	1
khayug	15
khayug:	1
khazi	1
khe	7
khe"	40
khe:	200
kheing	1
kheing"	22
khen:	2
kheung"	4
khhaid'	1
khi	3
khi"	2
khi:	20
khid"	5
khin'	4
khing	1
khloe	1
khloem"	1
khmyhoo	1
kho	21
kho"	337
kho'	117
kho''	1
kho':	1
kho:	20
khoem	11
khoem"	100
khoem'	1
khoem:	3
khoen"	1
khohkam"	1
khoin	1
khoin"	407
khoin:	2
khokham	7
khokham"	193
khon"	1
khoo	30
khoo"	50
khoo'	13
khoo:	27
khoofoo:	1
khook	1
khoomyen	1
khooshid:	2
khoovoo:	2
khosen"	3
khosen:	2
khou	1
khoug	21
khoug"	20
khoug:	454
khoung	1
khoung:	3
khoyhi	1
khre"	1
khristain	3
khristan	1
khristu	10
khrsitu	1
khu	19
khu"	3
khu'	2
khu:	142
khuang	79
khuang"	19
khuang:	3
khug	6
khug:	1
khugsu:	1
khuid"	8
khung	4
khung"	4
khung:	167
khyab	39
khyab'	3
khyag	27
khyag"	1
khyalhang"	13
khyalhang"-ayo"	1
khyam	7
khyam"	12
khyam:	92
khyang	3
khyang"	43
khyang:	7
khyangtoug:	15
khyare"	1
khyau"	25
khyau:	1
khyayoo:	1
khye:	1
khyeig	57
khyeing"	35
khyeing:	16
khyen	6
khyen'	1
khyen:	133
khyeug	137
khyeung	5
khyeung"	6
khyi	54
khyi"	1
khyi'	1
khyi:	13
khyid	5
khyid:	124
khyidbaid	1
khyidmyo	1
khyidvoo:	1
khyien:	1
khyikhang"	1
khyo	98
khyo"	934
khyo"-hau:	1
khyo"-mau"	1
khyo"-nanu"	1
khyo"-nheung"	1
khyo'	63
khyo:	20
khyoeb	1
khyoem	9
khyoid	297
khyoid'	46
khyoid:	1
khyoo	176
khyoo"	56
khyoo'	2
khyoo-sagsi:	1
khyoo:	3884
khyoo:-da	1
khyoo:-gu:	1
khyoo:-nu"	1
khyookhaid	1
khyoolaid'	2
khyoolhang"	1
khyooshed'	1
khyooxoug"	1
khyooyam	1
khyoug	3
khyoug"	9
khyoug:	49
khyu	4
khyu"	1
khyu:	39
khyug	24
khyug"	1
khyung"	3
khyung:	7
ki	2
ki"	27
ki'	1
kid	1
kid"	15
kidu	1
kilik	1
kiliki	2
kin-yu	1
kkyoo:	1
klhyoo:	3
ko	4
ko"	10
ko'	9
ko:	6
koeb	2
koem	177
koem"	13
koem'	12
koem:	11
koid	665
koid'	81
koid-yooboo	1
koid:	197
koin	6
koin"	3
koin'	1
koin:	1
koinsu	1
kolodi	2
koluni	1
koneli	8
kongsi	1
kongsi:	5
koo	8
koo"	7
koo:	65
kooki"	1
koopyoid'	1
kootho'	1
koug	45
koug"	1
koug:	1
kougshu:	8
koung	5
koung"	14
koung:	2
kreti	1
ku	1
ku"	39
kuang	19
kued"	1
kug	15
kuid"	1
kuid:	6
kung	5
kung:	38
kupru	3
kureni	2
kyab	45
kyam	3
kyang	5
kyang"	1
kyang:	10
kyed	7
kyed'	4
kyeig	8
kyeing	9
kyeing"	81
kyen	2
kyen"	1
kyen:	4
kyeug	4
kyeung	20
kyeung"	26
kyi	4
kyi"	80
kyi:	34
kyid	2
kyid:	5
kyileing"	1
kyimeing:	1
kyiyang	6
kyizeing	2
kyo	85
kyo"	363
kyo":	1
kyo'	9
kyo:	13
kyoeb	2
kyoem	1
kyoem"	2
kyoem:	1
kyoid	1
kyoo	22
kyoo"	285
kyoo:	8
kyoug	17
kyoug"	8
kyoug:	2
kyoung"	3
kyoung:	1
kyu	1
kyu"	5
kyug	3
kyung	4
kyung"	1
kyung:	2
l	2
l:	1
la	12
la"	504
la'	17
la'-khanham	1
la:	1
laang"	1
lab	6
lab'	1
labain	9
labain'	1
laban	1
laboo"	17
ladoo"	2
ladu	4
lafoem	16
lag	1
laga'	1
lagnag	1
lagsama	1
lagyo	1
lagyo:	12
lagyoo	4
lagyoo"	1
lagyoo:	269
lahung"	1
lai	11
laid	10
laid'	11
lailo	1
lailo"	1
lailoo	2
lain	2
lain"	5
lain'	1
lake	1
lakhau:	2
lakhoug:	9
lakhuid"	6
laki	8
laki'	3
laleig	17
laleug	1
laloem	11
lam"	18
lam'	1
lam:	7
lamang:	1
lan	1
lang	56
lang"	1321
lang"-Magadala	1
lang"-Noku	1
lang"-Yesu	1
lang"-Yoseb	1
lang"-ayam	1
lang"-byini	1
lang"-cangzoo:	1
lang"-gyoo:	1
lang"-lug	1
lang"-noo	1
lang"-nya:	1
lang"-nyang:	1
lang"-nyangnu"	1
lang"-soo"	1
lang":	1
lang"Yesu	1
lang"Yohan	1
lang-loem''	1
lang:	69
lang:"	1
langjhang	1
lanyham"	2
lape:	2
lapi	4
lapi:	94
lase'	1
lasi	21
latoo	1
latoo:	18
lau"	2
laxoem"	8
layung	2
lboem	1
ldd:	1
led	20
led'	4
led:	16
legio	1
lehing	1
lei	13
lei:	3
leig	33
leingzeing:	3
leleig	1
leom	10
leom"	4
leug	12
leung	50
leung"	4
leung:	5
lha	8
lha"	434
lha:	4
lhab	17
lhab'	2
lhai	1
lhai:	10
lham	1
lham"	23
lham:	14
lhang	4
lhang"	27
lhang:	16
lhe"	4
lhed	8
lhed"	1
lhed'	10
lhed:	15
lhei	4
lhei"	16
lheig	14
lheig:	1
lheing	20
lheing"	1
lheing:	104
lheng:	1
lheom:	6
lheug	11
lheung	12
lheung"	1
lheung:	64
lheungkhoem:	1
lhid	32
lhid"	254
lhid'	90
lhid:	14
lho	84
lho"	14
lho'	20
lho-Herod	1
lho-Makedoni	1
lho-Mangsoo	1
lho-byu	1
lho-ci"	1
lho-deing	1
lho-ge	1
lho-hau:	1
lho-he:	1
lho-khyo	1
lho-loem"	1
lho-nyang:	1
lho-pilaid	1
lho-yoem:	1
lho:	2716
lho:"	3
lho:-Byu	1
lho:-Khainjung	1
lho:-Mangsoo	1
lho:-Yesu	3
lho:-byaid	1
lho:-byi:	1
lho:-ci:	1
lho:-dain"	1
lho:-ge	1
lho:-gootu:	2
lho:-gung	1
lho:-gyid	1
lho:-joyoo	1
lho:-kyug	1
lho:-lug	1
lho:-m	1
lho:-nang	2
lho:-ngoonu"	1
lho:-nya	1
lho:-nya:	3
lho:-nyang	1
lho:-nyang"	1
lho:-nyang:	1
lho:-re"	1
lho:-said'	1
lho:-so"	1
lho:-teung	1
lho:-tid	1
lho:-xoin"	1
lho:-zau"	1
lho:-zeung:	1
lho:-zu:	1
lhoem	10
lhoem"	4
lhoem:	139
lhoi	1
lhoid	63
lhoid'	13
lhoin"	4
lhoo	41
lhoo"	2
lhoo'	5
lhoo:	17
lhoug	7
lhoug:	12
lhoung	67
lhoung:	14
lhu"	5
lhu:	89
lhueung:	1
lhufu	1
lhug	39
lhug:	4
lhung	10
lhung:	4
lhupyo	2
lhupyo'	1
lid	189
lid"	1
lid'	55
lid:	48
lieng	1
lig	1
lklham	1
lo	1795
lo"	1533
lo'	6
lo:	66
loboem	1
loeb	58
loeb'	12
loem	167
loem"	585
loem'	6
loem-yooboo	1
loem:	203
loem:"	1
loemkhau:	1
loemloug	2
loemlug	1
logoo"	1
loid	81
loid"	1
loid'	4
loin	1
loin"	5
loin:	1
lol	1
long"	1
loni	1
lonyid	1
loo	1382
loo"	1015
loo'	2
loo-gootu:	1
loo:	556
loo:-Mangso	1
looboug	1
looge'	1
loogoo	1
looza	3
looza:	12
loozei:	29
los	1
loug	1221
loug-shoid'	1
loug:	1
lougwe	1
loung	3
loung"	48
loung:	26
loxo'	40
lu	149
lu:	23
luang	1
luang:	2
ludaid	17
ludaid'	37
ludang	1
ludang"	1
ludang:	61
ludi	2
lug	120
lugboem	1
luggo	11
luggo'	1
lugloem:	17
lugmoo"	2
lugpyo	1
lugyhoem:	2
lugzeing	1
lugzeung:	1
luki	1
lun	3
lun:	1
lung	21
lung"	10
lung:	26
lungloem:	1
luwim	1
luxoem"	1
luzoem"	4
m	1
ma	2
mahtang:	1
main	26
main"	70
main'	2
main:	20
mainkaid	62
maintain	1
maintain:	3
makedoni	1
makhyeung"	1
mala	1
man'	1
mang	99
mang"	4
mang:	177
manggam	3
manggam:	7
manggung	5
mangnhhung"	1
mangnhung"	8
mangsoo	23
mangsoo:	5
mangzoo:	1
manu"	2
mari	1
matoo"	2
mau	9
mau"	154
mau:	14
mauglagyo:	11
maya"	4
mayoo"	3
me	1
me"	11
mei:	2
meiloem:	1
meing	14
meing"	2
meing:	72
men	4
meng:	1
meung	1
mhai"	1
mhain	1
mhain"	9
mhain:	1
mhang	1
mhang"	3
mhau	10
mhau'	80
mhau:	1
mhe	6
mhe'	1
mhed"	2
mheing"	4
mheug	1
mhid"	1
mho'	467
mhoid	14
mhoid"	8
mhoid'	3
mhoin	1
mhoin"	3
mhoin'	11
mhoo	27
mhoo:	8
mhoomyid:	1
mhoug	34
mhoug:	1
mhug	5
mhung	1
mi	20
mi"	17
mi:	4
mibyi:	1
mid	1
mid'	6
midcoo:	2
middeom:	1
mitang:	1
mo	4282
mo"	36
mo'	4
mo-Khainjung	1
mo-Nyang:	1
mo-dei	1
mo-doemtau"	1
mo-he:	2
mo-khyoid	1
mo-mau"	1
mo-nanu"	2
mo-noo	1
mo-nya:	1
mo-tid	1
mo-vhang:	1
mo-yo"	1
mo:	18
mod	1
moid	22
moid'	4
moid:	1
moin	6
moin"	8
moin:	76
mojain"	1
molang"	1
moo	5013
moo"	1175
moo"'	5
moo"-myhi	1
moo":	9
moo'	7
moo-Nyang:	1
moo-Yuda	1
moo-ab	1
moo-ayo"	1
moo-bo	1
moo-byu	1
moo-hau:	1
moo-je"	2
moo-ju"	1
moo-khanham	1
moo-laleig	1
moo-lheung:	1
moo-myang"	1
moo-nanu"	2
moo-nga"	1
moo-ngoo	1
moo-ngoonu"	3
moo-nheugloem:	1
moo-pang	1
moo-tei"	1
moo-xang:	1
moo-yoem:	1
moo-yoobo	1
moo-zo:	1
moo-zoo:	1
moo-zoonu"	1
moo:	241
moo:-noo	1
mooAseing:	1
mooYodan	1
moobyu	1
moocang	1
mooce"	1
moocid"	5
moodabo	1
moodei	1
moodoem	1
moodu"	1
moogi-khyam"	1
moogyo"	1
moohe:	1
mooje"	1
moojhoug"	1
moojo	1
mooju"	1
mookang:	1
mooleung	1
moolo"	1
moomeing:	1
moomyed:	1
moomyo	1
moonga"	1
moongoonu"	1
moonyain:	1
moonyang:	1
moopyeung:	1
moora:	6
moore"	1
moosa"	1
mooseom"	1
mooshid:	1
mooshu"	1
mooso"	1
moovo	6
mooyab	1
mooyo"	1
moozei:	1
moozo"	2
moozoo"	352
moozu:	1
mothei"	1
mou:	1
moug	108
moug"	29
moug:	493
mougcoid	1
mougdi	6
mougkhoung:	13
mougkhung	1
mougkhung:	31
mougkyoo"	1
mouglagyoo:	8
mougmyid	171
mougmyid'	21
mougmyid:	2
mougsoug"	168
mougtho	1
mougtho'	1
mougvo	3
mougvoo	2
mougzhung:	1
mu"	1
mug	8
mug"	1
mugbyam"	1
mugdang:	1
mugdara	1
muid"	1
muid'	1
mung	7
mung"	474
mungda	1
mungdain	72
mungdain'	1
mungdain:	92
mungdan	4
mungdang	12
mungdang"	1
mungdang:	414
mungdang:"	1
mura	1
my	1
mya	1
mya'	1
myab	63
myab"	1
myad	2
myaid'	1
myang	758
myang"	71
myang-houg:	1
myang:	95
myangboem	1
myau"	1
myed	185
myed:	100
myedoem'	1
myedsoin'	1
myeig	4
myeing	189
myeing"	132
myeing:	7
myeingkhyang"	1
myen	39
myen"	63
myen:	25
myeng	1
myeng:	1
myenjham"	46
myenthang:	13
myeug	10
myeug"	1
myeung	39
myeung"	8
myeung:	1
myhang	23
myhang:	40
myhau:	6
myhed	12
myhed"	14
myhed'	12
myheig	33
myheig"	1
myheig:	1
myheing	37
myheing:	2
myheug	49
myheung	30
myhi	157
myhi"	2
myhi'	161
myhi:	10
myhid	4
myhid"	6
myhid'	4
myho	6
myho'	1
myhoeb	30
myhoeb'	1
myhoo	9
myhoo'	2
myhoo:	5
myhoug	2
myhu"	13
myhu:	4
myhug	2
myhung	1
myi	14
myi"	2
myi:	175
myiboung:	1
myibung	1
myibung:	20
myid	657
myid'	54
myid:	306
myidjang	2
myidjang:	60
myidmo	1
myidoem	1
myidsoin:	1
myidvho:	1
myidxi:	1
myidyi:	1
myidzhoo"	1
myigyu:	1
myikhoug"	13
myikhyoem	6
myikhyoem'	2
myikug	3
myimi:	4
myimoeb	1
mying	1
mying"	1
mying:	1
myinghi	1
myiso'	3
myithoem"	1
myiyab	1
myiyham:	13
myiyi	6
myiyi"	1
myiyi:	200
myizeing	1
myne	1
myo	233
myo"	12
myo'	1
myo:	67
myojid"	57
myojid'	1
myonho:	1
myonhoo:	260
myono	3
myoo	7
myoo"	277
myoo:	51
myoono	1
myoosho'	1
myooung:	1
myoug	8
myoug:	30
myoung	3
myoung:	2
myu	14
myu"	8
myu:	9
myung	1
myung:	3
myuno	1
n	1
na	10
na:	12
naakhoomyen	1
nab	23
nab'	2
nabkyoo	1
nabkyoo'	1
nabsoin:	5
nadu:	1
nain"	20
nakhyab	2
nakhyab'	1
nam	76
nam"	3
nam'	1
nam:	1
namman"	1
nammugdara	1
nampyo"	1
nampyo:	1
namtain"	1
nanU"	1
nang	786
nang:	24
nangca"	1
nanu	7
nanu"	2287
nanu"'	1
nanu'	35
nanu:	2
nanung"	2
nanya	3
nanya:	20
nanyang:	19
nanyang:-re"	1
nasnu"	1
natang:	2
nau	239
nau"	6
nau:	6
nayi	6
nayi:	15
ne	10
ne"	1
ne:	1
nei	4
nei"	7
neig	5
neing"	1
neing:	13
neom	2
neug	2
neung"	1
neung:	10
nga	5
nga"	615
nga:	2
ngab	5
ngaid	8
ngaid'	3
ngalang"	1
ngam	3
ngam"	9
ngam'	1
nganu'	1
ngaoo	1
ngarai	11
ngarai"	7
ngau	42
ngaug	2
nge	37
nge"	30
nge'	1
ngei	511
ngei"	34
ngei'	2
ngei:	6
ngeib:	1
ngeibu	5
ngeibu:	35
ngeig	42
ngeig:	1
ngeilang	2
ngeilang:	18
ngeilho	1
ngeiloug	1
ngeipyo:	6
ngeo	1
ngeug	68
ngeug"	1
ngeug:	1
ngeung	1
nghab	46
nghab'	8
nghain"	12
ngham"	8
nghang	6
nghang"	10
nghe	32
nghe"	1
nghe'	3
nghe:	56
nghei	153
nghei"	11
ngheig	1
ngheing"	24
ngheizain	1
ngheung"	3
nghi	4
nghi"	1
nghi:	20
nghin"	1
nghizain	3
nghizain'	1
nghizain:	1
nghloid	1
ngho"	8
ngho'	24
nghodi	1
nghoe"	1
nghoeb	56
nghoeb'	4
nghoed	1
nghoi"	1
nghoid	5100
nghoid-Hougsu"	1
nghoid-byu	1
nghoid-ga:	4
nghoid-hau:	1
nghoid-khasu"	1
nghoid-nanu"	1
nghoid-zoug:	1
nghoid:	2
nghoidloug	1
nghoo"	13
nghoo:	1
nghue"	4
nghui"	12
ngi	74
ngi"	4
ngi:	7
ngibu:	1
ngilang	1
ngilang:	7
ngilho	1
ngilho'	14
ngilhoo	1
ngisu:	1
ngo	13
ngoid	3
ngoid'	1
ngonu"	3
ngoo	1772
ngoo:	38
ngoodo	4
ngoodo'	5
ngoogi	1
ngoonanu"	2
ngoongoug	1
ngoonu	5
ngoonu"	1189
ngoonu'	8
ngoonu:	2
ngoonug	1
ngoonung"	1
ngoonya:	3
ngoonyang:	2
ngooo	1
ngoori	458
ngoori:	9
ngoorinanu"	1
ngoorire"	1
ngooritid	2
ngoose	1
ngoose'	1
ngori	1
ngoug	31
ngougmyeing"	5
ngu	3
ngu:	1
ngueg	1
ngui"	1
ngyeing"	1
nhab	4
nhab'	2
nhae	1
nhain	3
nhain'	2
nham	48
nham"	11
nham'	4
nham:	6
nhami	1
nhang	61
nhang"	18
nhang":	1
nhang:	1047
nhau	3
nhau"	9
nhau:	2
nhaung	1
nhaung"	1
nhe	2
nhe"	4
nhe'	1
nheg	1
nhei:	10
nheig	432
nheig"	2
nheig:	1
nheigboo	1
nheigbyu	1
nheigkhoo"	1
nheigloem:	615
nheigloem:"	2
nheing	8
nheing"	24
nheug	22
nheugloem:	29
nheung	10
nheung"	23
nheung:	2
nhghoid	1
nhgoid	3
nhgoid'	1
nhi"	2
nhid	1
nho:	4
nhoid	77
nhoid'	15
nhoin	6
nhoin:	3
nhoo	1
nhoo"	2
nhoo:	29
nhoug	7
nhoug"	2
nhoung	4
nhoung"	9
nhoung:	1
nhug	2
nhung	32
nhung"	265
nhung:	49
ni	32
ni"	1
nid	2
nila	1
nmyid	1
no	219
no"	34
no'	15
no:	28
noeb	7
noem	242
noem'	1
noem:	2
noin"	4
noku	171
noo	180
noo"	13
noo:	18
nooboug:	6
noodam	1
noodam'	1
noogyoin	14
noogyoin'	2
nookhyab	1
nookyeing"	3
nookyeung"	1
noophu"	1
noophyoo"	24
nooyoem"	2
nooyoo	1
noug	124
noug"	9
noug:	10
nougsu:	2
noung"	9
nozo:	1
nu	11
nu"	353
nu":	1
nu'	4
nu:	38
nug	11
nujed	1
nujed'	1
nujung	9
nujung:	2
nukhyab	8
nukhyab'	15
nukhyung:	1
nulei:	1
nung	15
nung"	20
nushain:	1
nuyoem"	3
nya	36
nya"	1
nya:	2402
nya:Meshia	1
nya:Yesu	1
nyab	2
nyada"	1
nyag:	1
nyain	2
nyain:	8
nyam	13
nyam'	1
nyamyid	1
nyan	2
nyan:	4
nyang	211
nyang"	6
nyang:	2610
nyang:-Mangso	1
nyang:-myid	1
nyangnu	4
nyangnu"	1339
nyangnu'	4
nyangnung"	1
nyangnya:	1
nyangtang	1
nyanhung"	1
nyanu"	56
nyau	1
nyazoo:	1
nyed	1
nyed'	1
nyeig	1
nyeigdain	8
nyeing	3
nyeing"	12
nyen"	2
nyeung	13
nyeung"	4
nyha"	3
nyhab	2
nyham"	1
nyhang	2
nyhang"	55
nyhang:	4
nyhangnu"	1
nyhau	1
nyhau"	9
nyhed	102
nyhed:	17
nyhedxe:	1
nyheig	2
nyheing	61
nyhen	1
nyhen"	8
nyheun"	1
nyheung	91
nyheung"	1
nyheung:	3
nyhi	1
nyho	2
nyho'	1
nyho:	79
nyhoed	1
nyhoem	1
nyhoem"	1
nyhoem:	44
nyhoin"	1
nyhongau	1
nyhoo:	6
nyhou	1
nyhoug	9
nyhoug"	2
nyhoug:	1
nyi	2
nyid	5505
nyid"	243
nyid'	12
nyid-Nyang:	1
nyid-akhuid"	1
nyid-houg:	1
nyid-nanu"	1
nyid:	9
nyida"	1
nyidda"	1
nyidge'	1
nyidkhyoo:	1
nyng:	1
nynhoeb	1
nyoeb	6
nyoug	21
nyoug"	2
nyu:	2
o	2
o"	119
o"-ga	1
o"-nga"	1
o'	1
oeb	1
oh"	1
ohoo	1
ong:	1
oo"	1
oug	2
oug"	9
oug:	3
oung	2
oung"	24
oung:	77
ovoo	1
pa	1
pa:	1
pagyoem	1
pai	2
paid'	3
pain	13
pain"	42
pain'	5
pain:	13
paindu	1
pakham:	1
palhe"	3
pang	50
pang"	166
pang:	3
panglai	26
parheing"	1
pe	1
pe:	13
ped'	3
pei"	1
pei:	3
peid	1
peig	2
peug	4
pha	1
phab'	2
phaga	6
phaga"	1
phaga:	7
phain	1
phain"	82
phajed	2
phajed'	3
phajhi	1
phajhi"	145
phajhi'	2
phala	2
phalhoug:	1
pham"	1
phan"	1
phang	62
phang"	15
phang:	73
phara	1
phara"	42
pharadisu	2
pharan	2
pharishe	9
pharishe"	4
pharishe:	1
phau	4
phau"	105
phau:	85
phaug	3
phe	14
phe:	2
phed	1
phed:	2
phei"	16
pheilhoug:	2
pheing"	17
phestu	2
pheung"	3
phgung	1
phi	1
phi"	3
phi'	2
phi:	1
phibu	3
phid:	2
philib	5
philid	1
philid'	1
philipi	1
pho	139
pho"	96
pho:	3
phobe:	1
phoid	7
phoid'	5
phoid:	69
phoin	4
phoin:	34
phonisha	1
phoo	643
phoo"	10
phoo'-Epaphra	1
phoo:	3
phoojhung:	1
phoojoid	2
phoophoo	1
phoug	117
phoug"	140
phoug:	5
phougdab	1
phougtid	2
phougtid'	1
phougtu	10
phougtu"	42
phoung	24
phoung"	2
phoung:	10
phrugi	2
phu"	3
phue	1
phue:	6
phug	38
phuid	1
phuid:	2
phun:	1
phung	159
phung"	164
phung:	278
phungbyu	2
phungtau	3
phyang"	85
phyang:	2
phyed	76
phyed"	3
phyed'	176
phyed:	1
phyeda"	1
phyeig	1
phyeing"	1
phyeug	2
phyi:	1
phyid	3
phyid"	68
phyid'	1
phyiri	1
phyiri:	1
phyo	5
phyo"	1
phyo'	121
phyoid:	1
phyoo	1
phyoo"	56
phyoo:	2
phyoug	4
phyoug"	1
phyu	1
phyu:	39
phyug	2
pi:	3
pid	14
pid'	29
pid:	1
pilaid	2
pilaid'	1
po"	6
po:	4
poem:	6
poid	11
poid'	7
poid:	1
poin	1
poin"	62
poin'	1
poin:	3
poind'	2
polu	9
pontu	1
poo"	2
poug	17
poung"	2
pu	2
pu"	3
pu'	2
pu:	1
pue"	2
pue:	3
pug	26
pui	1
pui"	112
pui:	5
pung	5
pung"	1
puntu	1
puru	1
pya	7
pya:	3
pyada:	4
pyai"	2
pyaid	103
pyaid'	1
pyam	882
pyam"	2
pyam'	411
pyam:	14
pyamsho'	1
pyang	2
pyang"	74
pyang:	9
pye	1
pye"	1
pye:	1
pyeig	3
pyein:	1
pyeing	27
pyeing"	10
pyeing:	6
pyeing:"	4
pyeug	4
pyeung	19
pyeung"	3
pyeung:	35
pyi"	4
pyi:	24
pyid'	1
pyid:	1
pyishoo:	1
pyo	5
pyo:	155
pyoeb	1
pyoid	32
pyoid'	6
pyoin	26
pyoin'	4
pyoin:	1
pyoo	4
pyoo"	5
pyoo:	60
pyoug	1
pyoung"	1
pyu	5
pyug	4
pyyeung:	1
qei	40
qei"	39
qei:	2
qi:	2
r	2
ra	2
ra:	5
re	97
re"	2313
re"-lhid'	1
re"-lhid:	1
re"-noku	1
re"-nya:	2
re"-nyang:	1
re"-nyangnu"	1
re"-nyid"	1
re"-shu"	1
re"-zed"	1
re'	13
re-cangzoo:	1
re-goo"	1
re-lo	1
re-mau:	1
re-mougmyid	1
re:	11
reng:	5
rephain:	1
reung	1
reung:	5
rhe	3
rhe"	29
rheing"	6
rheing:	1
rheng"	1
rhi	3
rhoi	1
rhoid	1
rhue	6
rhui	1
ri	11461
ri"	202
ri'	1
ri-Bid	1
ri-Golgotha	1
ri-Magadala	1
ri-Nga"	1
ri-Nyang:	1
ri-Sara	1
ri-Yesu	4
ri-Zion	1
ri-angzoo:	1
ri-ayung"	1
ri-bo	3
ri-boem	1
ri-byimi	1
ri-damya	1
ri-gau	1
ri-goo"	1
ri-gyo	1
ri-hau:	1
ri-he:	1
ri-houg:	2
ri-hougsu"	1
ri-khainjung	1
ri-khanham	1
ri-lazoem"	1
ri-meing:	1
ri-mung	1
ri-myoo"	1
ri-nang	2
ri-nanu"	4
ri-nanu'	1
ri-ngei	1
ri-ngeibu:	1
ri-ngoo	1
ri-ngoonu"	2
ri-no	1
ri-nya:	2
ri-nyang:	2
ri-nyangnu"	3
ri-oung:	1
ri-re"	2
ri-se'	1
ri-tam"	1
ri-ung:	1
ri-yo"	1
ri-yu"	2
ri-zhandan	1
ri70	1
ri:	5
riAdain	1
riAloem	1
riYesu	1
riab	1
riamyang	1
riamyheig	1
ribo	1
ribyid:	1
ricang	1
ricangzoo:	1
rici:	1
ricoung	1
ricoung"	1
rida	1
ridangain"	1
rigau	1
rigi	749
rigi-"	1
rigi-cangzoo:	1
rigi-hau:	1
rigi-luggo	1
rigi-nyangnu"	2
rigi-re"	1
rigi-satan	1
rigi-ziyoo	1
rigi:	24
rigiakhuid"	1
rigibyu	1
rigye"	1
rijeju"	1
rijheddab	2
rijoin	1
riju"	1
rikham:	2
rikhyag	1
rikhyo	1
rikhyoid	1
rikhyoo:	1
rikoem	2
rikoid	2
rilaboo"	2
rilang"	6
rilhab	1
rilheung	1
rilhid"	1
rilo"	1
riloem"	1
rimau:	2
rimhau	1
rimho'	1
rimoug:	1
rimyang	3
rimyen	1
rimyen"	1
rimyhed"	1
rimyid	1
rimyoo"	1
rin"	1
rinanu"	1
ringeug	1
ringhe	2
ringoo	4
rino"	1
rinoku	1
rinoung"	1
rinung	1
rinyang:	2
rinyheing	1
rioung:	1
ripanglai	1
ripei:	1
riphang:	1
riphau"	1
riphoug"	1
riqei	1
rire"	1
rishau"	1
rishe	1
rishen"	1
rishi"	2
rishid:	2
rithain:	1
ritid	3
ritoin"	1
riwe	1
riwe'	2
rixoin"	1
riyhang:	1
riyhe:	1
riyo"	5
riyu	2
riyu"	1
riza:	14
rizei:	1
rizhoung"	1
rizo:	1
rizoo:	1
rizoug"	1
roi"	2
ru	2
ru:	1
ruL	1
rua	3
rua:	1
rue	2
rue"	9
rue'	1
rui"	3
ruri	1
s	4
sa	5
sa"	1
sa:	4
sadeig	3
sadi	3
saduke	1
sag	23
sagse	1
sagse:	2
sagsi	7
sagsi"	2
sagsi:	127
sahu"	1
said	172
said'	114
saida"	1
sain	9
sain"	72
sain'	7
sain:	2
sakarud	1
sakhyoo"	1
salau"	1
salem	1
sam	2
sam"	35
sam":	1
sam:	12
sama	1
san	10
sang	30
sang"	4
sang:	54
sangpho	2
sangphoo	1
sangphoo'	24
sara	45
sara"	3
sara:	111
sarhi'	9
satan	50
satan:	17
sathe"	1
sathi	1
sathi"	7
sau:	1
se	57
se"	2
se'	617
se:	7
seem"	1
sei	1
sei:	2
seig	101
seigcu	1
seigri	1
seing	2
seing"	31
seing:	259
seing:"	1
sen	4
sen"	5
sen:	214
seng:	1
seom"	3
seung	1
seung:	19
sevoid	1
shab	38
shabain	1
shad:	1
shafoid"	1
shai	1
shai"	13
shaid	1
shain:	3
shakoid	2
sham	8
sham"	1
sham:	74
shamain"	1
shang	120
shang"	38
shang-Elia	1
shang:	59
shangei	2
shangphoo'	1
shaoo"	1
shapyoo:	3
sharon	1
shau	10
shau"	1226
shau":"	1
shau'	3
shau:	5
shaug"	115
shava	16
she	27
she"	2
she'	22
she-hau:	1
she:	155
shed	49
shed"	120
shed'	42
shed:	1
sheda"	1
shedphyang"	2
sheig	1
sheing	3
sheing"	19
sheing:	109
sheing:'	1
shen"	96
shendam	1
sheud'	1
sheug	1
sheung	4
sheung"	1
sheung:	68
sheung:"	1
shi	58
shi"	565
shi"-khainjung	1
shi":	2
shi'	5
shi:	18
shicab'	1
shid	1352
shid"	109
shid'	840
shid:	577
shidkhoin"	3
shidre	1
shidre"	2
shig	4
shigi	1
shigo"	2
shigoo"	1
shigre"	1
shigyang:	1
shikaim"	1
shikain"	6
shikain:	1
shilhang"	1
shiloem	3
shin"	1
shivoo:	7
sho	39
sho"	107
sho'	997
sho'-ajo	1
sho'-akhyeing"	1
sho'-cang	1
sho'-houg:	1
sho-zain	1
sho-zei:	1
sho:	137
shod	1
shoeb	9
shoem	6
shoem"	28
shoem'	1
shoem:	31
shog	1
shoid	313
shoid'	74
shoig	1
shoin	32
shoin"	67
shoin'	13
shoin:	28
shojhen	3
shojhen:	7
sholu	15
shoo	2
shoo"	117
shoo:	75
shoobaid	1
shoobaid'	2
shoocen:	1
shoolhoo	1
shooloem	1
shoomyen:	1
shoomyi:	1
shoovoo:	1
shooxu:	1
shooyid	15
shooyid'	7
shou"	1
shoug	18
shoug"	33
shoung	2
shoung"	3
shoung:	30
shu	2
shu"	284
shu'	1
shu:	38
shu:"	1
shug	343
shug"	7
shug:	3
shui:	1
shung:	8
shuog	1
si	45
si"	1
si'	153
si:	22
sid	1
sila	1
sisu:	1
siyo	1
siyoo	13
snyid	1
so	11
so"	167
so'	280
so:	19
sociaty	1
soeb	4
soeb'	1
soem	3
soem"	193
soem'	1
soem:	6
soem:"	1
soi	1
soi:	1
soid	32
soid'	11
soidgain	18
soidgain'	4
soig"	1
soin	36
soin"	6
soin'	97
soin:	104
som"	2
soo	11
soo"	168
soo'	2
soo:	14
soobi"	1
soobyo	1
soobyoo	2
soobyoo:	1
soodeug	2
soogam	1
soogam:	2
soolho:	1
soolhoo	4
soolhoo:	48
sooyen"	3
soozoo:	7
soso'	1
soug	3
soug"	16
soung	6
soungboo	1
spin:	1
ss	1
stephain	2
su	125
su"	598
su"Galile	1
su'	1
su:	1472
sube"	41
sube'	1
subi	1
subi"	63
sudgain'	1
sugab	1
sugi	7
suid	2
suid"	92
sulhoo:	2
sung	1
sung:	10
sungsoo:	3
suoug"	1
suri	1
sushid:	1
syhe:	1
t	1
tab	85
tab'	32
taha"	2
tahra"	1
tain	2
tain"	55
tain:	2
tali	1
tam	9
tam"	189
tam'	2
tam:	5
tang	75
tang"	14
tang:	83
tara"	1
taraha"	1
tarha	1
tarha"	612
tarha'	1
tarha:	3
tau	37
tau"	80
tau'	1
tau:	6
taung:	1
te"	137
te:	76
tei	2
tei"	95
teig	1
teikhuang	1
teing	102
teing"	3
teing:	7
ten"	2
teug	2
teung	63
teung"	1
teung:	1
tha:	1
thain	2
thain"	1
thain:	46
tham:	18
thang	321
thang"	40
thang:	797
thang:Peteru	1
thangcab	1
thangda"	1
thangsu:	1
thau"	13
the	5
the"	1
the'	1
thed	9
thed'	25
thei	8
thei"	31
thei'	1
thei:	29
theing	37
theing"	7
theing:	14
theug	1
theug:	1
theung	28
theung"	1
theung:	37
thhug	1
thi"	4
thid	13
thid'	37
tho	18
tho"	3
tho'	714
tho':	1
tho:	4
thoe:	1
thoeb	12
thoeb'	2
thoem	1
thoem"	87
thoem:	4
thoid	21
thoid'	10
thoin	1
thoin"	23
thoin:	6
thoma	2
thou'	1
thoug	170
thoug"	10
thougtheung	5
thougyu	1
thoung	5
thoung"	96
thoung:	4
thoutheung	10
thu	103
thu'	581
thu:	6
thue:	2
thug	45
thug"	1
thui"	1
thui'	1
thui:	233
thung	10
thung"	90
thung:	123
ti	10
ti"	761
ti"-byu	1
ti"-zoolu:	1
ti":	1
ti-Yuda	1
ti-houg:	1
ti-yhid:	1
ti:	10
tid	3098
tidboem	1
tidfu"	1
tidpoin"	2
tigyid	3
tigyid'	1
to	177
to"	1162
to":	1
to'	311
to'"	1
to''	81
to-ga:	1
to:	2
toem	27
toem"	1
toem'	1
toid	3
toid'	1
toin	4
toin"	192
toin'	3
toin:	7
too	23
too"	640
too":	2
too'	14
too:	10
tootu:	2
toug	1
toug"	11
toung	1
toung"	17
toung:	55
tr"	1
tri"	1
tru	1
tu	64
tu"	49
tu'	2
tu:	195
tukhu"	1
tung	19
tung"	46
tung:	37
tungbau	97
tungboug	4
tungbug	1
tungpain:	3
tutab	1
tuto'	1
u	12
u"	50
u:	2
ug	28
ug'	1
uglid	6
uglid'	1
ung	1
ung"	15
ung:	105
ungkhoug	1
ungkhoug:	1
ungloug	1
ungloug:	1
ure	2
uri	618
uri"	1
uri-Khainjung	1
uri-Ya-i-ru	1
uri-Yesu	1
uri-Yesu:	1
uri-ce"	1
uri-dalheing:	1
uri-moozoo:	1
uri-nya:	1
uri-nyangnu"	1
uri-phajhi"	1
uri:	11
uriMangso	1
uringhoid	2
va	2
va:	2
van	1
vang	421
vang"	22
vang:	3
vangyhi:	1
ve	8
ve'	1
ve:	21
ved	9
ved'	2
veddu	1
veing"	21
venyi	104
venyi:	14
veung"	16
vha"	2
vhang	7
vhang"	4
vhang":	1
vhang:	110
vheung"	1
vho	8
vho"	18
vho'	1
vho:	252
vho:-gyeung"	1
vhoeb	134
vhoeb'	13
vhoem"	1
vhoem:	1
vhoib	1
vhoid	3
vhoid'	2
vhoin	1
vhongei	1
vhoo	7
vhoo"	82
vhoo:	89
vhooloo	1
vhooo:	1
vhu	2
vhu"	183
vhu'	1
vhu:	4
vhudi	2
vhui"	2
vhukung:	4
vhuloem	70
vhuzung	2
vi	3
vi"	13
vi:	20
vigi	3
vim	1
ving"	1
vo	23
vo:	1
voem	9
voem"	13
voem:	48
voemkhuid"	1
voen	1
vogung	2
void	95
void'	4
void:	1
voidmi	1
voin	151
voin"	1
voin'	1
voin:	11
voinvu	6
voo	300
voo:	9
voobyu	20
voogam	1
voogoung	10
voogung	285
voogung:	2
voolang	8
voolid	1
voomo	1
voomo"	3
voomoo	1
voomoo"	101
voomoo'	1
vooqei	1
voosi"	5
voothoem"	1
vooyam	6
vooyoem:	1
voozung:	2
vu	122
vufu"	2
wa	4376
wa"	73
wa"-ga:	4
wa-being"	1
wa-ga:	4
wa-houg:	1
wa:	4
wa_Khasu"	1
wakhyoo"	1
wam	18
wam:	54
wang	1
we	182
we"	586
we"-Nga"	1
we"-Ngoonu"	1
we"-kang:	1
we"-mhau'	1
we"-nang	2
we"-tam"	1
we'	4178
we''	1
we'-Khristain	1
we'-Mangsoo	1
we'-Yesu	1
we'-deing	1
we'-hau:	1
we'-jheddab	1
we'-khyamsa:	1
we'-mo	1
we'-nanu"	5
we'-nghoid	1
we'-nya:	2
we-Tiberi	1
we-Yesu	3
we-dang:	1
we-ga:	2
we-goo	1
we-hang"	1
we-moug	1
we-nanu"	2
we-nga"	1
we-nghoid	1
we-ngoonu"	1
we-nya:	1
we-nyangnu"	1
we-re"	1
we-said	1
we-shau"	1
we-shid:	1
we-vi"	1
we:	7
who:	1
whoo:	1
wi	44
wige	1
wigi	2213
wigi"	1
wigi-Hau:	1
wigi-Khristu	1
wigi-Ngoo	2
wigi-Nyang:	2
wigi-Polu	1
wigi-Thui:	1
wigi-Yesu	1
wigi-boo"	1
wigi-cangzoo:	1
wigi-dain"	1
wigi-dang:	1
wigi-deung	1
wigi-doem	1
wigi-ge	1
wigi-hau:	1
wigi-jid:	1
wigi-khakhyo"	1
wigi-mau"	1
wigi-moug	1
wigi-moug:	1
wigi-myi	1
wigi-nga"	1
wigi-nghoid	1
wigi-ngoonu"	1
wigi-ngoug	1
wigi-nheig	1
wigi-nya:	1
wigi-nyang:	3
wigi-nyangnu"	2
wigi-said	1
wigi-shai"	1
wigi-thang:	1
wigi-xoin"	1
wigi-yang	1
wigi:	61
wigicoung"	1
wiginhang:	1
wigiyu	1
wim	621
wim"	1
wim:	57
wimg	1
wimgari	7
woendong:	1
wogi	1
wu	4
wu:	4
wum	1
xab	5
xab'	11
xain"	2
xam:	21
xang	9
xang"	3
xang:	182
xangshid"	6
xangsu	4
xangsu"	1
xangsu:	77
xau	1
xe	2
xe:	17
xei	2
xei"	2
xeig	11
xeigju"	1
xen	4
xen'	2
xen:	1
xeug	1
xeung	6
xi	1
xi"	2
xi:	43
xiyam	5
xlam	1
xo	5
xo'	112
xoem	1
xoem"	28
xoem:	3
xoin	2
xoin"	142
xoin":	1
xoin:	29
xoo"	12
xoo:	2
xoug	1
xoug"	17
xoung	1
xu:	36
xu:-lug	1
xue:	2
xuid"	1
xung"	4
y'	1
ya	7
ya:	2
yab	228
yab'	1
yabdo	4
yaboin:	1
yahg:	1
yain:	4
yam	53
yam"	3
yam:	14
yamin	1
yan	1
yang	127
yang"	30
yang:	48
yanggang	3
yangnu"	2
yangzain:	5
yanne"	1
yau	32
yau:	52
yaukhe"	9
ye	1
ye"	1
ye:	1
yeb	1
yed	22
yed"	1
yed'	1
yed:	2
yeid'	1
yeig	6
yeing	12
yeing"	1
yeing:	2
yem:	1
yen	22
yen"	171
yen:	8
yeom:	1
yesu	27
yeug	11
yeung	13
yeung:	2
yh:	1
yha"	41
yha:	1
yhag:	1
yham	2
yham"	78
yham:	2
yhang	9
yhang"	2
yhang":"	1
yhang:	347
yhangte"	6
yhangti"	94
yhangti"-vhuloem	1
yhangti"-xang	1
yhau:	1
yhaug:	2
yhe	13
yhe"	3
yhe:	658
yheb	1
yhed	8
yhed'	1
yhein:	1
yheing	1
yhen	96
yhen"	3
yhen'	1
yhen:	32
yheom	1
yheom"	2
yheom:	7
yhi	4
yhi'	42
yhi:	79
yhid	9
yhid"	2
yhid:	29
yhin	1
yho	1
yho'	26
yhoeb	38
yhoeb'	30
yhoebmo	1
yhoem	28
yhoem"	34
yhoem:	617
yhoemkhung:	8
yhoin"	13
yhoo	1
yhoo:	26
yhoug	5
yhoug:	29
yhouggyeing:	1
yhoung	13
yhoung"	3
yhoung:	17
yhui	4
yhung	6
yhung:	7
yi	3287
yi"	49
yi'	2
yi-Yesu	1
yi-byu	1
yi-eig	1
yi-ludaid'	1
yi-yo'	1
yi:	51
yid	28
yid'	4
yigi	13
yikhokham"	1
yimoo	1
yingei	1
yiri	13
yisoem"	1
yo	190
yo"	1994
yo"-eig	1
yo"-myeing	1
yo"-vhoeb	1
yo":	1
yo"Sidun:	1
yo'	2382
yo'"	1
yo''	1
yo'-Yuda	1
yo'-byu	1
yo'-zain	1
yo:	61
yo:'	1
yoe:	1
yoeb	217
yoeb'	21
yoem	14
yoem"	8
yoem:	512
yoemso'	2
yoga:	1
yohan	5
yoi	1
yoid	89
yoid'	1
yoid:	1
yoin	6
yoin"	96
yomo	4
yomoo	1
yoo	162
yoo"	227
yoo'	2
yoo:	31
yoobo	61
yooboin	1
yooboin:	1
yooboo	560
yooboom	1
yoogu	1
yookhoid	1
yookhuid"	1
yoolid	1
yoolid:	3
yoomo	1774
yoomo-Baraba	1
yoomo-Byu	1
yoomo-Polu	1
yoomo-Yesu	1
yoomo-ashi"	1
yoomo-bo	1
yoomo-boin:	1
yoomo-ca"	1
yoomo-he:	1
yoomo-ngilhoo	1
yoomo-ngoo	1
yoomo-ngoonu"	1
yoomo-nyang:	1
yoomo-nyangnu"	1
yoomo-nyhang"	1
yoomo-thang:	1
yoomo-yhoeb	1
yoomo:	5
yoomonyang	1
yoomoo	9
yoono	1
yooo	1
yooso"	3
yoosoo"	11
yoothung"	7
yooven	1
yoovoin	39
yoovoin'	1
yoozang	1
yoseb	1
you	2
youg	184
youg:	82
yougnoo	3
young	4
young"	56
young:	10
yu	2002
yu"	815
yu'	3
yu-hougsu"	1
yu:	32
yubag	1
yuda	7
yug	1157
yug:	2
yugge	3
yuggi	65
yuid	1
yung	2
yung"	67
yung:	2
yuwa	1
za	43
za"	4
za-hang"	1
za-lloem	1
za-nyang:	1
za-nyangnu"	1
za:	862
za:-nghoid	1
za:-ngoo	1
zab	1
zabyid	56
zabyidd"	22
zabyidd'	2
zain	80
zain"	5
zain'	22
zain:	59
zakhari	1
zam	1
zam:	1
zang	1
zang"	23
zari	1
zau	1
zau"	18
zau:	10
zaug:	1
zayam	1
ze	14
ze"	29
ze-u	1
ze:	20
zebi:	1
zed"	39
zed'	2
zehung"	1
zei	68
zei:	550
zeig	10
zeig:	1
zeigne	1
zeigni	2
zeing	300
zeing"	1
zeing:	79
zeing:-kyi"	1
zeiso'	1
zen'	1
zena	1
zeri	1
zeug	18
zeung	28
zeung"	3
zeung:	100
zewe'	1
zha:	1
zhabyid"	1
zhadain	3
zhadain:	1
zhaid'	2
zhain	3
zhain:	2
zhainlun	10
zhainlun:	8
zhang	16
zhang"	2
zhang:	6
zhayen"	18
zheig	1
zheing"	7
zheing:	51
zhen"	1
zheng:	1
zheung	6
zheung"	33
zheung:	233
zheyen"	1
zho	5
zho"	26
zho'	1
zho:	2
zhoeb	5
zhoem	4
zhoid'	1
zhong"	1
zhoo"	38
zhoo'	1
zhoo:	5
zhoogyi:	1
zhoug	26
zhoug"	1
zhoug:	8
zhoung	8
zhoung"	22
zhoung:	169
zhu"	1
zhu:	3
zhuang"	2
zhug	53
zhung	3
zhung"	12
zhung:	86
zhungtang	7
zi	2395
zi'	1
zi-nanu"	1
zi-thung"	1
zi:	13
ziasi	1
zibui"	1
zici:	1
zid"	17
zigi	678
zigi"	3
zigi-Antioki	1
zigi-Moug	1
zigi-Ngoo	1
zigi-Polu	1
zigi-akhyeing"	1
zigi-byu	1
zigi-dang:	1
zigi-shoeb'	1
zigi:	24
zigiLapi:	1
zigiMangso	1
zigieig	1
zigigoem	1
zigti	1
zigyo'	2
zijoem	1
zilang	1
zilang"	6
zing	3
zingna	1
zire:	2
ziri	707
ziri"	3
ziri-dayo'	1
ziri-nanu"	3
ziri-ngoo	1
ziri-phid	1
ziri-pyang"	1
ziri-shau"	1
ziri-shaug"	1
ziri:	33
ziriase'	1
zirilhid"	1
zirimyang	1
ziringoo	1
zirishu"	1
ziriwe'	1
zishau"	1
zishi"	1
ziyo	2
ziyo'	825
ziyo'-akhyeung"	1
ziyo'-aphoug"	1
ziyo'-coung"	1
ziyo'-khyi	1
ziyo'-moug:	1
ziyo'-vhu"	1
ziyo:	2
ziyoo	76
ziza:	4
zo	26
zo"	15
zo'	2
zo:	313
zoeb	20
zoem	5
zoem"	101
zoem:	10
zoid	4
zoid'	1
zoin	3
zoin:	2
zoo	75
zoo"	32
zoo"Yesu	1
zoo'	2
zoo:	1250
zoobue"	6
zoobui"	10
zoodu	1
zoogyeing"	1
zookhoo:	6
zookhu:	3
zoolu:	16
zoomi:	2
zoomyi:	22
zoonoem	7
zoonu"	42
zoonu'	1
zoore	14
zoore"	74
zoore"-"	1
zoore"-He:	1
zoore"-amyaid	1
zoore"-dayug	1
zoore"-tarha"	1
zoori	1
zoorre"	1
zooshang	4
zooshang:	62
zooshid"	3
zootang:	1
zooti"	12
zooxoin"	1
zooyam	5
zooyho	15
zooyho'	84
zooyi	17
zooyoid	27
zooyoid'	1
zoozoem	1
zoug	8
zoug"	2
zoug:	159
zu"	3
zu:	15
zuang	1
zucoin:	1
zug	23
zugam	1
zung	9
zung"	120
zung:	13
{	1
	494
	649
	218
	118
