!	61
"	3614
(	92
)	92
,	16255
-	5
.	6233
6	1
:	2235
;	2077
?	1024
Abaddun	1
Abba	3
Abia	1
Abiatar	1
Abihud	2
Abilene	1
Abir	1
Abiya	2
Ada	80
Ada-kah	41
Ada-lah	1
Adam	11
Addi	1
Adek-beradek	1
Adramute	1
Adriah	1
Adum	1
Agabus	2
Agama	1
Agrippa	11
Ah	2
Ahaz	2
Ain-Nun	1
Ainias	2
Akar	3
Akhayah	10
Akhayikus	1
Akhim	2
Akildama	1
Akula	6
Alam-maut	2
Alasan	1
Alfa	3
Alfius	2
Alkudus	92
Alkudus-nya	1
Allah	1399
Allah-kah	3
Almaseh	541
Almaseh-kah	1
Almaseh-lah	6
Almaseh-nya	4
Almudam	1
Ambil	4
Ambil-lah	3
Amfipolis	1
Amin	32
Amminadab	3
Ampat	1
Ampliatus	1
Amun	2
Amurah	4
Amus	1
Amwas	1
Anak	106
Anak-Allah	1
Anak-anak	2
Anak-domba	32
Anak-manusia	83
Anak-mu	1
Anak-murid	2
Anak-nya	26
Anak-sulong	2
Andrias	13
Andronikus	1
Angkat	2
Angkau	62
Angkau-kah	5
Angkau-lah	11
Anjing	1
Antakiah	18
Antakiah-lah	1
Antara	11
Antara-nya	1
Antipas	1
Antipatris	1
Anugrah	1
Anush	1
Apa	61
Apa-apa	10
Apa-kah	20
Apelles	1
Apolloniah	1
Apollos	11
Apolluon	1
Appia	1
Appius	1
Arab	3
Aram	2
Arimatiah	4
Ariopagus	3
Aristarkus	5
Aristobulus	1
Aritas	1
Arkhila’us	1
Arkhippus	2
Armia	3
Arni	1
Arpakshad	1
Artimas	1
Artimis	5
Asa	2
Ashir	2
Asiah	21
Asingkan	1
Assus	2
Asungkritus	1
Atas	3
Atau	29
Atin	6
Attaliah	1
Augustus	1
Ayub	1
Azotus	1
Azur	2
BABIL	1
BSAR	1
BUMI	1
Babi	1
Babil	11
Bagimana	20
Bagimana-kah	4
Bagus	1
Baik	21
Baik-kah	2
Baik-lah	5
Bait-Ani	12
Bait-Fagi	3
Bait-Hasda	1
Bait-Lahim	8
Bait-Saida	7
Balak	1
Balasan	2
Balaskan	1
Balek	2
Bali’al	1
Bangsa	2
Bangsa-asing	1
Bangun	10
Bangun-lah	9
Banyak	3
Bapa	317
Bapa-lah	4
Bapa-nya	7
Bar-Abbas	10
Bar-Abbas-kah	1
Bar-Tima’i	1
Bar-Tolmai	4
Bar-nabas	30
Bar-sabbas	2
Bar-yush’a	1
Barak	1
Barakhia	1
Barang	2
Barang-siapa	24
Barangkali	2
Batu	5
Bawa	5
Bawa-lah	1
Bayer	1
Bayer-lah	1
Ba’al	1
Ba’al-zabul	7
Ba’ur	1
Berdiri	2
Berjaga-lah	4
Berkat-lah	35
Berknan-lah	1
Bernike	3
Bersehkan	1
Bersru	1
Bersuka-lah	2
Bersuka-suka	1
Bersuka-suka-lah	1
Bertaubat-lah	1
Bertobat-lah	2
Besok	2
Besok-nya	11
Bgini	4
Bgini-lah	9
Bgitu	26
Bgitu-kah	1
Bgitu-lah	11
Bharu	2
Bharu-lah	4
Biar	13
Biar-lah	59
Biarkan	6
Biarkan-lah	1
Bijak	1
Bikinkan	1
Bila	238
Bilang	5
Bilang-lah	1
Bilangkan-lah	1
Bil’am	3
Bini	2
Binyamin	4
Biruya	3
Bituniah	2
Blajar-lah	1
Blastus	1
Bli-lah	1
Blum	5
Blum-kah	5
Blum-pernah	1
Bnar	3
Bnchi-lah	1
Bodoh	1
Boleh	2
Boleh-kah	12
Brani	1
Brapa	9
Brapa-lah	1
Bri	1
Bri-lah	4
Bsar	1
Bsar-lah	2
Btul	12
Btul-kah	2
Btul-lah	6
Btulkan	4
Buanargis	1
Buangkan	2
Buangkan-lah	2
Buat	3
Buat-lah	2
Buatkan	1
Buka-lah	1
Bukan	16
Bukan-kah	46
Bukan-nya	21
Bukit	11
Bunyi-nya	1
Buta	1
Bu’az	3
Charang-charang	1
Chlaka	1
Chlek-lah	1
Chpat-chpat	1
Chuacha	1
Chukop	1
Chukop-lah	1
Chuma	6
DAN	1
DAPAT	1
DATOK	1
DI	1
Dalam	70
Dalmanutah	1
Dalmatiah	1
Damaris	1
Damsek	16
Dan	2181
Dani’el	1
Darah	2
Darah-nya	1
Darbi	4
Datang	2
Datang-lah	2
Da’ud	59
Demas	3
Demetrius	2
Deri	41
Deri-hal	11
Deri-pada	44
Dewa-dewa	1
Dhulu	3
Di	50
Dia	170
Dia-lah	9
Dia-orang	98
Diam	3
Diamkan	4
Didumus	3
Dimitrius	1
Dionusius	1
Diotrifis	1
Dkapolis	3
Dkat	3
Dkat-dkat	1
Dmi	2
Dngan	89
Dngar	2
Dngar-lah	4
Doktor	3
Dorkas	2
Dosa-dosa	1
Drusilla	1
Dua-blas	1
Dua-dua	1
Dudok	1
Dudok-lah	7
Elok	2
Falig	1
Farisi	97
Farisi-kah	1
Fasal	7
Felek	10
Festus	15
Fibi	1
Fikir-lah	1
Filadelfiah	2
Filemon	1
Filetus	1
Filipi	5
Filipus	34
Filologus	1
Fira’un	5
Firdus	3
Fligun	1
Foinik	1
Foinike	3
Fortunatus	1
Frat	2
Frugiah	3
Fugilus	1
Gabbata	1
Gad	1
Gadara	1
Galatiah	7
Galil	71
Galil-kah	2
Gallio	3
Gamali’el	2
Garam	1
Garasa	3
Gatsemani	2
Gayus	5
Gidion	1
Gila	1
Gnesarat	3
Golgota	3
Gombala	2
Gombalakan	1
Gombalakan-lah	1
Grik	33
Gunong	1
Guru	26
Habil	4
Habis	43
Habshi	2
Hagar	2
Hal	1
Halfi	3
Halliluyah	4
Hamba	2
Hamba-hamba	1
Hamba-nya	1
Hamor	1
Hamparan	1
Hananiah	11
Hanna	4
Hannah	1
Hanok	1
Hanokh	1
Hantu	1
Hanuk	1
Har-Magaddun	1
Haran	2
Hari	3
Hari-bsar	1
Hari-hari	2
Hari-nya	2
Harun	5
Hasli	1
Hasrun	3
Hati	1
Hawa	2
Hei	206
Hermas	1
Hermes	1
Hermis	1
Hermogines	1
Herodiah	6
Herodion	1
Herodis	51
Hierapolis	1
Hikayat	1
Hili	1
Hizkiya	2
Hormat	1
Hormatkan	3
Hormatkan-lah	2
Hosanna	5
Hosia	1
Hujan	1
Hukum	3
Hukum-taurit	3
Hukuman-nya	1
Hulorkan	3
Hulubalang	1
Huminaius	2
I	1
IBU	1
INI-LAH	2
ISA	6
Ia’itu	12
Ia’itu-lah	1
Ibeh	4
Iblis	1
Ibrahim	80
Ibrahim-kah	1
Ibrahim-lah	1
Ibrani	13
Ibrani-kah	1
Iffata	1
Ifisus	21
Ifra’im	1
Ikat	2
Ikonium	6
Ikut	1
Ikut-lah	5
Ilam	1
Ili	2
Ilia	28
Ilihud	2
Ilirikum	1
Ilisa	1
Ilisabat	10
Ilui	2
Ilumas	1
Ilyakim	3
Il’azar	3
Imah	1
Imam	1
Imbu	1
Immanu’el	1
Inche’-inche	1
Ingat	28
Ingat-lah	16
Ingatkan	1
Ini	136
Ini-lah	68
Ini-tah	2
Injil	1
Ipafras	3
Ipafroditus	2
Ipainitus	1
Ipas	2
Ipikuri	1
Ir	1
Irastus	3
Isa	1451
Isa-lah	7
Isahak	19
Isahak-lah	1
Isi	1
Isikan	1
Iskandar	6
Iskandariah	4
Iskariot	11
Isra’el	78
Isra’el-kah	1
Istana	1
Isu	3
Itak	1
Itakkan	1
Itali	5
Itu	200
Itu-lah	6
Ituriah	1
Izibil	1
Jadi	205
Jadi-lah	5
Jaga	10
Jaga-lah	4
Jagakan	1
Jalan	8
Jangan	79
Jangan-lah	38
Jerki	1
Jibra’el	3
Jikalau	132
Jin-jin	1
Jiwa	3
Jman	1
Jualkan	1
Juru-Slamat	3
Juru-slamat	20
K-PADA	1
K-dalam	1
K-pada	18
KBNCHIAN	1
Kabil	3
Kafarnahum	16
Kaisar	30
Kaisariah	15
Kaisariah-Filipi	2
Kaki-nya	1
Kalau	64
Kami	1
Kamu	94
Kamu-lah	5
Kana	4
Kanani	2
Kana’an	3
Kandake	1
Kappadokiah	2
Karpus	1
Karun	1
Kasdim	1
Kaseh	6
Kaseh-lah	7
Kasehkan-lah	1
Kasi	39
Kasi-lah	5
Kata	2
Katakan	2
Kauda	1
Kayafa	8
Kayafa-lah	1
Kayu-pahit	2
Kbsaran	1
Kchla’an	1
Kdai	1
Kerna	579
Khabarkan	1
Khius	1
Khloe	1
Khuza	1
Kidrun	1
Kifas	7
Kilikiah	8
Kinan	2
Kingkriah	2
Kis	1
Kita	73
Kitab	5
Kjadian	1
Kkaseh	1
Kkuasa’an	1
Klaudiah	1
Klaudius	3
Klemin	1
Kliopas	1
Klopas	1
Kluar-lah	2
Kluarkan-lah	2
Kmatian	2
Kmdian	107
Kmudian	2
Knal-lah	1
Knapa	40
Knapa-kah	4
Knidus	1
Knyata’an	1
Kolosi	1
Korban	4
Korintus	8
Kornelius	8
Kpala	3
Kpala-kpala	5
Kpala-slamat	1
Kraja’an	9
Kreskens	1
Krispus	2
Kristen	4
Kriti	7
Krongkong-nya	1
Ksian-lah	1
Ksusahan-kah	1
Ktika	16
Ktua-ktua	1
Kturunan	1
Kuartus	1
Kuasa	4
Kudus	6
Kudus-mu	2
Kuduskan-lah	1
Kulzum	2
Kuprus	8
Kurazin	2
Kurenius	1
Kurini	7
Kus	1
Kusam	1
Kutok-lah	2
Labohan	1
Lagi	34
Lain	10
Lain-lain	2
Lalu	1
Lamik	1
Langit	3
Laodikiah	6
Lari-lah	2
Lasaya	1
Lawan-lah	1
Layak-lah	2
Lazarus	18
Lbeh	2
Libertini	1
Libuah	1
Ligion	2
Lihat	1
Lima	1
Linus	1
Liwi	13
Lkas	4
Lmbu-kah	1
Lois	1
Lpas	8
Lpaskan	3
Ludda	3
Ludia	2
Lukas	3
Luka’oniah	2
Lukiah	1
Lukius	2
Lurus	1
Lusanias	1
Lusias	2
Lustra	6
Lut	4
Madiah	1
Magadan	1
Magdala	11
Maha	10
Mahapkan	1
Mahlalel	1
Majuj	1
Majus	4
Makadoniah	27
Makanan	1
Malia	1
Malki	2
Malki-Sadak	10
Malkus	1
Mana	12
Manahim	1
Manasseh	3
Manna	4
Manusia	1
Mari	23
Mari-lah	13
Mariam	59
Mariam-lah	2
Markus	8
Marta	13
Marta-lah	1
Mas	1
Masiha	2
Masing-masing	2
Masir	29
Masok	1
Masok-lah	1
Masokkan	1
Masopotamiah	2
Mata	2
Mata-mata	1
Matahari	2
Matatia	2
Matius	5
Mattan	2
Mattat	2
Mattata	1
Mattias	2
Matushalah	1
Mau	8
Mau-kah	2
Maut	1
Mazmur	2
Ma’at	1
Midian	1
Mika’el	2
Miletus	3
Minta-lah	4
Mintakan	1
Mitulene	1
Mla’ikat-mla’ikat-nya	1
Mlita	1
Mnason	1
Mndrong	1
Mngerti	1
Molok	1
Mski-pun	1
Msti	1
Mula-mula	5
Mula’i	1
Mulia	3
Murah	1
Murid-murid	3
Murid-murid-nya	3
Musa	84
Musiah	2
NASARAT	1
Nabi-nabi	1
Nabuat-lah	1
Naftali	3
Naga’i	1
Nahor	1
Nahshun	3
Nahum	1
Nama	2
Nama-nya	1
Nampak-nya	1
Nanti	2
Narkissus	1
Nasarat	30
Natan	1
Natana’el	6
Na’aman	1
Na’in	1
Negri	2
Niapolis	1
Niger	1
Nikanor	1
Nikodimus	5
Nikolas	1
Nikola’i	2
Nikopolis	1
Ninaweh	3
Niri	1
Nirius	1
Noh	8
Nombor	4
Ntah	4
Numfas	1
Nyata-lah	1
Nyonya	8
ORANG	6
Oleh	20
Olumpas	1
Omega	3
Onesiforus	2
Onesimus	2
Orang	113
Orang-banyak	2
Orang-orang	8
Pada	4
Pafus	2
Pakai	1
Pakai-lah	2
Pamfuliah	5
Panggil	2
Panglima	1
Panu’el	1
Paris	3
Parminas	1
Partiah	1
Pasar	1
Paska	30
Pasokan	1
Patara	1
Patmos	1
Patrobas	1
Patut	2
Patut-kah	2
Patut-lah	2
Patut-nya	1
Patutkan-lah	1
Paulus	202
Pentekosta	3
Perchaya	3
Perchaya-kah	1
Perchaya-lah	1
Perga	3
Pergamun	2
Pergi	20
Pergi-lah	13
Perhatikan-lah	2
Perjamuan	1
Perjanjian	1
Perkara	2
Perkara-perkara	1
Perkata’an	3
Persahabatan	1
Persis	1
Petrus	180
Pilatus	62
Pindah	1
Pintu	2
Pisidiah	2
Pmbaptis	14
Pmbaptis-lah	1
Pnghabisan	5
Pnghibur	4
Pnghulu	1
Pngtahuan	1
Pnjadi	1
Pnjaga	1
Pnohkan-lah	1
Pnolong	4
Pokok	3
Pontius	3
Pontus	3
Porkius	1
Potioli	1
Preksa-lah	3
Prempuan	2
Prempuan-prempuan	1
Priska	3
Priskilla	3
Prokhorus	1
Ptolma’is	1
Publius	2
Pudens	1
Puji-lah	1
Pujikan	1
Pulang	1
Pulau	3
Pungut	1
Purrus	1
RAJA	4
RUHSIA	1
Rabbi	21
Rabboni	1
Rahab	3
Rahab’am	2
Rahil	1
Raja	32
Raja-raja	2
Ramah	1
Rasul	1
Rasul-rasul	1
Ra’u	1
Ra’ubin	1
Region	1
Ribkah	2
Rifan	1
Risa	1
Rndahkan-lah	1
Roda	1
Rodus	1
Roh	229
Roh-nya	6
Rom	23
Rubohkan	1
Rufus	2
Rumah	3
Rumput	1
Rupa-nya	1
Rut	1
S-bagimana	2
S-batang	2
S-blum	7
S-brapa	4
S-chupak	1
S-gnap	1
S-hari-hari	2
S-kdar	1
S-lagi	4
S-malam	1
S-panjang	2
S-patut-nya	1
S-ratus	2
S-sunggoh-nya	1
S-tngah	3
SGALA	2
SUNDAL	1
Sabarakan-lah	1
Sadok	2
Sadom	9
Saduki	14
Safira	1
Sahya	259
Sahya-kah	1
Sahya-lah	20
Salamis	1
Salibkan	4
Salim	3
Salmone	1
Salmun	3
Salomi	2
Salukiah	1
Sama	11
Samariah	23
Sambil	7
Samotrake	1
Sampai	10
Sampaikan	2
Samus	1
Samu’el	3
Sangat-lah	1
Sarafat	1
Sarah	4
Sardis	3
Sarongkan	1
Sarug	1
Satu	33
Satu-negri	1
Sa’ul	26
Sbab	340
Sdang	9
Sdiakan	5
Sergius	1
Seri	1
Serta	2
Setan	38
Sgala	19
Shakim	2
Shalah	1
Sham	1
Sham’un	1
Sharon	1
Sha’alti’el	3
Shimson	1
Shimun	1
Shim’i	1
Shim’un	3
Shith	1
Shorga	1
Shorga-lah	1
Shukor-lah	1
Siapa	19
Siapa-kah	26
Siapa-siapa	4
Siapkan	1
Sidon	12
Sikit	2
Sikundus	1
Silas	14
Silkan	1
Siloam	3
Silwanus	4
Simion	1
Simon	77
Simpan-lah	1
Singa	1
Sion	7
Sjahtra	1
Sjahtra-lah	8
Skali-kali	9
Skarang	24
Skarang-lah	2
Skawa	1
Sklian-nya	1
Skuti	1
Slalu	2
Slamat	1
Slamat-lah	2
Slamatkan	1
Slamatkan-lah	1
Smbah-lah	2
Smbohkan	1
Smoa	28
Smoa-kah	1
Smoa-nya	9
Smurnah	2
Sohbat-sohbat	1
Soldado-soldado	1
Sopater	1
Sosipatrus	1
Sostines	2
Spanyol	2
Spaya	13
Sperti	27
Srigala	2
Stakhus	1
Stiawan	1
Stiawan-lah	2
Stifanus	13
Stoiki	1
Suara	4
Sudah	18
Sudah-kah	5
Sudah-lah	2
Sudara	2
Sudara-sudara	9
Sukhar	1
Sulaiman	12
Sunat	2
Sunggoh	2
Sunggoh-lah	2
Suntukhi	1
Surakusa	1
Suriah	9
Suro-Finiki	1
Suroh	2
Suroh-lah	2
Surohan	1
Surtis	1
Susah	5
Susah-lah	20
Susannah	1
TA	1
TAHU	1
TUHAN	1
Tabek	7
Tabita	4
Tabi’at	1
Tadius	2
Takhta-mu	1
Takot-lah	3
Talita	1
Tamar	1
Tambahkan-lah	1
Tanah	2
Tanya	1
Tarah	1
Taroh	1
Tarsus	5
Ta’boleh	2
Ta’tahu	1
Ta’usah	4
Tempo	3
Tengok	48
Tengok-lah	18
Terangkat-lah	2
Terbuka-lah	1
Terchabot-lah	1
Terdngar-lah	1
Terpuji-lah	1
Tertullus	2
Tiap-tiap	19
Tiba-tiba	1
Tibirias	3
Tibirius	1
Tidak	3
Tiga	4
Tima’i	1
Timbang-lah	1
Timon	1
Timotius	24
Timpakan	2
Tinggal	2
Tinggal-lah	3
Tinggalkan-lah	1
Tinggi	8
Tiofilus	2
Tirtius	1
Tisalonika	9
Titus	15
Tiudas	1
Tmpat	2
Tngah	2
Tngkorak	2
Tntu	1
Tntu-lah	4
Tolak-lah	1
Tomas	11
Trakhonitis	1
Trang	1
Trangkan	1
Trangkan-lah	1
Trima-lah	1
Troas	6
Trofimus	3
Trufainah	1
Trufosah	1
Ttapi	779
Ttapkan	4
Ttapkan-lah	1
Tuaian-nya	2
Tuan	53
Tuan-kah	3
Tuan-tuan	1
Tuateira	1
Tuatirah	3
Tuhan	804
Tuhan-kah	1
Tuhan-ku	4
Tuhan-lah	13
Tuhan-mu	4
Tuhan-nya	2
Tujoh	1
Tukang-kbun	1
Tukhikus	5
Tuladan	1
Tulis	2
Tulis-lah	1
Tunjokkan	3
Tuntut-lah	2
Tur	12
Tur-Sina	4
Turanus	1
Turut	1
Turut-lah	2
Tutopkan-lah	1
T’ada	29
T’ada-kah	21
T’ada-lah	4
Ubid	3
Undorkan	1
Urbanus	1
Uria	1
Usahakan	3
Usahakan-lah	1
Uzziya	2
Wah	2
Waktu	17
Waktu-nya	1
YAHUDI	4
YANG	2
Ya	117
Ya-kah	3
Yafa	10
Yahuda	14
Yahudi	200
Yahudi-kah	2
Yahudiah	44
Yahushafat	2
Yahya	146
Yajuj	1
Yakob	69
Yakunya	2
Yambris	1
Yang	28
Yanna	1
Yannis	1
Yarid	1
Yash’aya	22
Yason	5
Ya’ir	3
Yeriko	7
Yerusalim	140
Yerusalim-lah	1
Yesus	1
Yiftah	1
Yisakar	1
Yishai	5
Yoannah	1
Yohanna	1
Yordan	15
Yosis	3
Yo’el	1
Yuannah	1
Yubulus	1
Yuda	1
Yudas	36
Yulia	1
Yulius	2
Yunan	1
Yunias	1
Yuniki	1
Yunus	10
Yuodiah	1
Yurakulun	1
Yuram	2
Yurim	1
Yushiya	2
Yush’a	3
Yusik	1
Yusis	1
Yusof	35
Yustus	3
Yutam	2
Yutukus	1
Zabdi	12
Zabulun	3
Zaitun	12
Zakaria	13
Zakkai	3
Zarah	1
Zarubbabil	3
Zelotes	1
Zemas	1
Zilotis	1
Zius	3
abok	6
achuman	2
ada	2456
ada-kah	37
adakan	3
adas	1
adat	21
adat-adat	4
adat-chuchi	1
adat-nya	4
adek	5
adek-beradek	8
adek-nya	4
adil	15
agama	10
ajar	41
ajar-lah	1
ajaran	14
ajaran-nya	1
ajarkan	37
ajarkan-lah	1
ajat	5
akal	14
akal-nya	1
akar	13
akar-akar-nya	1
akar-nya	3
akek	4
akuan	1
akuan-nya	1
alam	11
alam-maut	3
alamat	3
alas	10
alas-nya	5
alasan	25
alat	1
alihah	2
ambil	158
ambil-lah	1
ampat	44
ampat-ampat	2
ampat-blas	7
ampat-kaki	2
ampat-puloh	16
ampat-puloh-ampat	4
ampat-puloh-anam	1
ampat-puloh-dua	2
ampat-ratus	4
ampat-ribu	5
ampun	7
ampunan	6
ampunkan	28
ampunkan-lah	3
ampunya	3
anak	322
anak-anak	114
anak-anak-dara	1
anak-anak-mu	1
anak-anak-nya	17
anak-anak-nya-kah	1
anak-angkat	3
anak-beranak	1
anak-bini	1
anak-bini-nya	1
anak-buah	2
anak-buah-nya	1
anak-chuchu	5
anak-dara	14
anak-dara-nya	3
anak-dlaki	1
anak-domba	3
anak-jantan	1
anak-kambing	2
anak-kchil	1
anak-kmbar-nya	1
anak-kunchi	2
anak-lmbu	5
anak-manusia	1
anak-murid	36
anak-murid-nya	7
anak-negri	2
anak-nya	19
anak-piatu	1
anak-prahu	1
anak-prempuan	7
anak-sndiri-nya	1
anak-sulong	3
anak-sungai	1
anam	18
anam-puloh	7
anam-puloh-anam	1
anam-ratus	1
anasir	2
angan-angan	23
anggor	23
anggor-nya	1
anggota	38
anggota-nya	3
angin	36
angin-kah	2
angin-ribot	2
angin-slatan	1
angkat	47
angkat-lah	1
angkatkan	10
angkau	1163
angkau-lah	4
aniaya	25
aniaya-kah	1
aniayakan	37
anjing	9
anjing-anjing	1
anjing-hutan	1
antara	360
antara-mu	1
antara-nya	6
anu	1
anugrah	114
anugrah-lah	2
anugrah-nya	12
anugrahkan	4
anyam	1
anyamkan	3
apa	310
apa-apa	276
apa-apa-kah	3
apa-kah	120
api	77
api-arang	1
api-lah	1
ara	20
arah	1
arang	1
ari	2
arti	7
arti-nya	23
artikan	10
aruda	1
asa	1
asal	15
asal-nya	22
asal-usul	1
asap	13
asin	4
asin-nya	1
asing	5
asingkan	10
atas	511
atas-nya	40
atau	369
aturan	18
aturan-nya	2
aturkan	2
awan	19
awan-awan	8
ayam	14
ayer	92
ayer-anggor	36
ayer-bah	4
ayer-mata	8
ayer-mata-nya	3
ayer-nya	2
babi	15
babi-babi	5
bacha	31
badan	163
badan-kah	4
badan-nya	27
bagai	2
bagimana	121
bagimana-kah	12
bagus	3
bagus-bagus	1
bah	4
bahtra	4
bahu	1
bahu-nya	1
bahya	10
bahya-kah	1
baik	593
baik-baik	71
baik-kah	2
baik-lah	24
baja	2
bajak	1
baju	31
baju-baju	1
baju-bsi	1
baju-dalam	1
baju-luar	1
baju-nya	11
baju-rantai	1
bakar	10
bakaran	3
bakarkan	6
bakong	2
bakti	1
bakul	8
bala-tntra	7
balai	2
balas	15
balasan	9
balaskan	15
balek	91
balek-balek	1
balek-balekkan	1
balekkan	16
bambu	8
banchi	4
banchikan	1
bandingkan	3
bangkai	2
bangkai-nya	1
bangkit	34
bangkit-lah	1
bangkitkan	46
bangsa	212
bangsa-asing	103
bangsa-bangsa	1
bangsa-kah	1
bangsa-nya	6
bangsal	1
bangsat	1
bangun	82
bangun-bangunan	2
bangun-lah	3
bangunan	7
bangunkan	14
bank	2
bantahkan	2
bantal	1
bantingkan	1
bantu	5
bantukan	1
banyak	433
banyak-banyak	20
banyak-lah	3
banyak-nya	4
banyakkan	3
bapa	71
bapa-bapa	3
bapa-nya	23
baptis	21
baptisan	19
baptiskan	31
bara-api	1
barang	30
barang-apa	3
barang-barang	7
barang-barang-nya	1
barang-siapa	110
barangkali	16
barat	5
baring	2
barutkan	1
basah	1
basahkan	2
batalkan	1
batang	1
batu	101
batu-batu	10
batu-karang	3
batu-lah	1
batu-nya	2
batu-terantok	1
bau	6
bau-bauan	5
bawa	384
bawa-lah	1
bawah	72
bawah-angin	2
bawakan	1
bayang	3
bayang-bayang	4
bayer	26
bayer-lah	4
bayeran	6
bayerkan	3
bbal	4
bbrapa	11
bdong-kan	1
bebas	26
bebas-lah	2
bebas-nya	2
bebaskan	4
beda-bedakan	1
bedakan	8
bengkok	3
beragama	1
berakal	7
berakar	1
beranak	20
beranakkan	62
berapi	2
berarak	1
berasap	1
berbahya	1
berbakti	10
berbalek	9
berbalut	1
berbangkit	10
berbantah	14
berbantah-bantah	3
berbaring	2
berbaris-baris	1
berbatu	5
berbau	1
berbhagi	3
berbichara	4
berbini	5
berblah	8
berblah-blah	1
berbuah	7
berbuat	8
berbunyi	5
berbusa-busa	3
berchabang	1
berchabol	1
berchachat	1
berchahya	8
berchahya-chahya	11
berchakap	144
berchakap-chakap	1
berchampur	2
berchla	8
berchrai	5
berdamai	7
berdarah	1
berdayong	2
berdiri	161
berdiri-lah	3
berdirikan	1
berdngki	2
berdosa	66
berdosa-kah	1
berdo’a	11
berdua	2
berfikir-fikir	1
berganda-ganda	4
bergantong	7
berglar	11
berglombang	1
bergmar	2
bergoyang	1
bergrak	4
bergumol	1
berguna	30
bergunakan	2
berherga	1
berhimpon	54
berhubong	12
berhubong-lah	1
berhutang	8
beridar	1
berikat	1
berikut	1
berimpit	2
beringin	1
berisi	5
berjaga	15
berjalan	152
berjalan-jalan	6
berjanji	2
berjman-jman	1
berjual	1
berjumpa	15
berkarat	1
berkat	37
berkat-lah	16
berkat-yang	1
berkata	4
berkatkan	15
berkchapi	1
berkilat	3
berkilat-kilat	2
berklahi	5
berkmban	1
berkmbar	1
berknan	70
berknankan	2
berkochak	1
berkokoh	1
berkokok	11
berkokok-kah	1
berkrumun	2
berksian	3
berkuasa	11
berkuda	4
berkumpol	8
berkutok	2
berlaga	1
berlaki	2
berlaksa-laksa	4
berlari	5
berlari-lari	3
berlawan	2
berlawan-lawan	1
berlayer	4
berlazat	3
berlbeh-lbeh	3
berlngkap	1
berlompat	4
berluka	1
berlumba	3
berlutut	30
berlutut-lah	1
bermgah-mgah	1
bermuka-muka	2
bermusoh	2
bernabuat	23
bernama	92
bernang	2
berniat	3
bernyala	2
bernyawa	4
berobah	1
berombak	1
berpakat	5
berpal-pal	1
berpangkat	4
berpchah	2
berpnat	11
berprang	13
berpuasa	3
berputek	1
berragi	3
berrambot	2
berrengek-rengek	1
berrias	8
berribu-ribu	1
berrnti-rnti	6
berrondeng	20
berrumah	2
bersaksi	72
bersaksi-lah	1
bersalah	5
bersalut	1
bersama-sama	50
bersambong	1
bersandar	1
bersangkal	8
bersatu	1
bersdia	6
berseh	22
bersehat	1
bersehkan	6
bersgi	1
bersiap	4
bersibok	1
berskutu	4
bersliseh	2
bersohbat	3
bersorak	1
bersorak-lah	1
bersorak-sorak	3
bersrah	1
berstuju	1
bersuara	1
bersuka	4
bersuka-hati	4
bersuka-suka	40
bersuka-suka-lah	4
bersumpah	28
bersunat	19
bersunat-kah	3
bersungut	8
bersungut-bersungut	2
bersungut-sungut	7
bersusun	4
bertaburan	4
bertahun-tahun	1
bertambah	3
bertambah-tambah	39
bertandak	5
bertaubat	1
bertdoh	1
bertmu	2
bertngkar	6
bertntang	1
bertobat	35
bertobat-lah	3
bertombak	1
bertriak	68
bertriak-triak	31
bertudong	5
bertumboh	18
bertumboh-tumboh	1
bertunang	2
berturut-turut	1
berubah	10
berundor	1
beruntong	5
berusaha	6
berzina	7
besok	16
besok-nya	14
bgini	146
bgini-lah	30
bgitu	279
bgitu-lah	40
bhagi	1
bhagi-bhagikan	3
bhagian	47
bhagian-nya	2
bhagikan	28
bharu	105
bharu-bharu	2
bharu-lah	33
bharukan	2
bhasa	43
bhasa-bhasa	7
bhasa-nya	2
biar	78
biar-lah	172
biarkan	17
biasa	14
biasa-nya	1
biasakan	3
bibir	2
bichara	80
bicharakan	9
bijak	1
bijaksana	86
bijaksana-nya	1
biji	27
bikin	47
bikinkan	1
bila	744
bila-bila	12
bila-kah	12
bilalang	5
bilang	205
bilangan	13
bilangan-nya	3
bilangkan	59
bilek	13
bimbang	18
bimbang-hati	2
binasa	63
binasa-lah	1
binasakan	35
binatang	66
binatang-nya	2
binatang-tunggangan	1
bingong	5
bini	58
bini-nya	27
bintang	23
bintang-bintang	6
biru	1
bisa	3
bisek	1
bishop	5
bisu	15
bkal	5
bkalkan	2
bkas	13
bkas-bkas	1
bkas-kaki	1
bkas-luka	1
bkas-tangan	1
bkerja	32
blah	5
blahkan	1
blajar	25
blajar-lah	3
blakang	38
blakang-nya	3
blanda	3
blanga	1
blanja	5
blanja-nya	2
blanjakan	5
blas	1
blas-hati	1
blayer	34
blerang	8
bli	25
bli-lah	1
blikan	1
blum	103
blum-kah	6
blum-lah	2
bnang	2
bnar	95
bnar-kah	1
bnar-lah	3
bnarkan	25
bnchana	1
bnchi	40
bnchikan	1
bnda	1
bndahara	1
bneh	38
bneh-lah	1
bneh-nya	1
bngis	1
bngkak	1
bntangkan	5
bodoh	28
bodoh-bodoh	1
bodoh-kah	1
bodohkan	1
bohong	42
boleh	871
boleh-kah	6
boleh-lah	2
bongkar	1
bongkok	1
bongkokkan-lah	1
bongsu	1
boroskan	2
botol	4
botol-kulit	3
brani	41
brani-hati	13
brani-kah	1
branikan	1
brapa	124
brapa-kah	1
bras	3
brat	29
bratkan	1
breng-breng	1
brenti	36
brenti-lah	1
brentikan	2
bri	18
bri-lah	1
bruang	1
bsar	269
bsar-bsar	16
bsar-bsar-nya	3
bsar-kah	3
bsar-lah	8
bsar-nya	1
bsarkan	13
bserta	12
bsi	6
bsi-nya	1
bsu	1
bsukan	1
btina	1
bting	1
btu-lah	1
btul	114
btul-btul	3
btul-kah	1
btul-lah	11
btulkan	12
btulkan-lah	1
buah	55
buah-buah	6
buah-buah-nya	1
buah-buahan	15
buah-buahan-nya	1
buah-bungaran	5
buah-nya	8
buang	30
buangkan	79
buangkan-lah	1
buas	4
buas-buas	1
buat	650
buat-buat	3
buat-lah	10
buatan-nya	1
buatkan	16
buatkan-lah	1
budak	58
budak-budak	26
budi	3
budi-bhasa-nya	1
budi-bichara	1
bujang	30
buka	27
bukakan	37
bukan	281
bukan-bukan	4
bukan-kah	48
bukan-lah	1
bukan-nya	239
bukit	4
bukit-bukit	1
buku	10
buku-buku	1
bulan	30
bulan-bulan	1
bulu	4
bulu-nya	1
bumi	164
bumi-lah	1
bunga	8
bunga-nya	3
bunoh	130
bunohkan	6
buntut	2
buntut-nya	2
buntut-nya-lah	1
bunyi	28
bunyi-bunyi	2
bunyi-bunyian	2
bunyi-nya	2
bunyikan	3
burok	4
burok-nya	1
burong	23
burong-burong	17
buru	1
busok	7
busokkan	1
buta	48
buta-kah	1
butakan	3
buyong	4
chabok	1
chabol	9
chabot	3
chabotkan	4
chachat	7
chahya	11
chahya-nya	3
chakap	204
chakap-chakap	2
chakap-lah	3
chakap-nya	1
chakapkan	41
champak	11
champakkan	16
champur	16
champur-mnyampurkan	1
champurkan	1
changkir	1
changkokkan	1
changkol	2
chantek	10
chantek-chantek	2
chantekkan	1
chap	9
chapai	1
chara	8
charang	5
charang-charang	3
charang-charang-nya	2
chari	140
chari-chari	2
chari-lah	6
chat	1
chawan	21
chawan-lah	1
chedok	1
chedokkan	1
cherdek	9
cherdek-nya	3
chermin	3
chikeweh	4
chikeweh-nya	1
chinchin	2
chinta	7
chium	15
chium-kah	1
chkekkan	1
chla	14
chla-nya	1
chlaka	39
chlakan	7
chlek	4
chlek-lah	1
chlekkan	9
chlop	1
chlopkan	4
chmburu	5
chmburuan	6
chmpaka	1
chngkram	3
choba	55
choba-lah	1
chochokkan	4
chondong	1
chongkak	3
chontoh	19
chpat	7
chpat-chpat	1
chrai	3
chrai-brai	6
chrai-braikan	4
chraian	1
chraikan	17
chrita	7
chritakan	15
chrok	1
chuchi	19
chuchikan	14
chuchu	1
chuka	6
chukai	30
chukop	33
chukop-lah	2
chukopkan	14
chukor	4
chuma	166
chupak	1
churahkan	5
churam	4
churaman	1
churi	16
churi-churi	3
dada	4
dada-nya	4
dagang	18
daging	16
daging-darah	6
daging-darah-nya	2
daging-nya	1
dahan-dahan	1
dahan-dahan-nya	2
dahi	1
dahi-nya	7
dalam	1958
dalam-dalam	3
dalam-nya	72
dalam-nya-lah	1
daleh	3
damai	3
damaikan	6
dan	7514
dana	2
dapat	434
dapur	6
dara	1
darah	90
darah-lah	1
darah-mu	1
darah-nya	9
darat	19
daratan	1
datang	813
datang-lah	4
datangkan	16
datok	34
datok-datok	6
daun	8
daun-daun	1
daun-nya	1
daya-upaya	3
derhaka	35
derhaka-nya	1
derham	3
deri	1000
deri-hal	350
deri-hal-nya	6
deri-mana	1
deri-pada	985
deri-pada-nya	16
dewa-dewa	3
dgil	1
dhulu	205
dhulu-dhulu	8
dhulu-kala	4
di	1939
di-ajar	1
di-ajarkan	4
di-akukan	1
di-ambil	6
di-ampunkan	23
di-antara	1
di-anugrah-kan	1
di-asingkan	4
di-asinkan	1
di-bacha	3
di-bangkitkan	32
di-bangunkan	1
di-baptiskan	26
di-bawa	12
di-bebaskan	2
di-beranakkan	30
di-berkatkan	2
di-bersehkan	2
di-bhagi-bhagikan	1
di-bhagikan-kah	1
di-bharukan	4
di-bicharakan	1
di-bikin	4
di-bilang	1
di-bilangkan	15
di-binasakan	1
di-bli	4
di-bnarkan	46
di-bratkan	1
di-bri	62
di-brikan	22
di-bsarkan	2
di-btulkan	4
di-buangkan	4
di-buat	7
di-buatkan	5
di-buka	5
di-bukakan	2
di-chakapkan	4
di-changkokkan	5
di-chlekkan	1
di-choba	3
di-chrai-braikan	1
di-chraikan	1
di-chuchikan	1
di-chukopkan	2
di-churahkan	5
di-damaikan	3
di-dapat	1
di-dngar	3
di-dngarkan	3
di-dudokkan	1
di-d’awa	2
di-fikirkan	1
di-gantongkan	3
di-glapkan	1
di-glarkan	6
di-gnapkan	4
di-gnggamkan	1
di-golekkan	1
di-gonchangkan	4
di-goyang	2
di-grakkan	4
di-gunting	1
di-hanchorkan	1
di-hantarkan	12
di-hapuskan	1
di-harapkan	1
di-hergakan	1
di-hiburkan	5
di-hidopkan	3
di-himponkan	1
di-hinakan	1
di-hitong	1
di-hitongkan	11
di-hubong	1
di-hubongkan	2
di-hukumkan	8
di-hukumkan-lah	1
di-hulorkan	2
di-ilhamkan	1
di-jadikan	44
di-jamah	2
di-janji	1
di-janjikan	6
di-jauhkan	1
di-jinakkan	2
di-jmlahkan	1
di-jmpot	3
di-jualkan	1
di-kaburkan	1
di-kahwinkan	6
di-kaseh	1
di-kasehkan	3
di-kasi	1
di-kasikan	5
di-kata	2
di-katakan	30
di-kayakan	1
di-kchap	1
di-kerjakan	1
di-khabarkan	16
di-kilatkan	2
di-kirimkan	1
di-kjotkan	1
di-kjut-kan	1
di-klilingkan	1
di-kluarkan	3
di-knal	2
di-knnyangkan	2
di-kraskan	2
di-kratkan	2
di-kuatkan	5
di-kuborkan	2
di-kuduskan	15
di-kurangkan	2
di-langgarkan	1
di-layankan	2
di-lngkapkan	4
di-lnyapkan	1
di-lpaskan	9
di-ltak	1
di-ltakkan	2
di-lupakan	3
di-mashhurkan	3
di-masokkan	1
di-matikan	1
di-muliakan	16
di-naikkan	3
di-namakan	8
di-nyatakan	58
di-olok-olokkan	1
di-padamkan	1
di-pahatkan	2
di-pakai	1
di-pakaikan	2
di-panggil	28
di-panggilkan	1
di-patahkan	4
di-patutkan	1
di-pegang	1
di-peranakkan	4
di-perchaya	1
di-perchek	1
di-persmbahkan	2
di-piarakan	1
di-pikul	1
di-pileh	4
di-pimpinkan	1
di-pindahkan	3
di-pinggang	1
di-pliharakan	4
di-pnohkan	6
di-prentahkan	1
di-psan	3
di-puji	5
di-pulangkan	1
di-rapatkan	1
di-rndahkan	5
di-rnjiskan	3
di-rubohkan	3
di-saksikan	8
di-salahkan	4
di-salibkan	6
di-samakan	11
di-sambar	2
di-sambongkan	1
di-sambotkan	1
di-sampaikan	9
di-sangkalkan	2
di-sblahkan	1
di-sbot	35
di-sbotkan	8
di-sdiakan	5
di-seksakan	1
di-sgarkan	2
di-silkan	5
di-simpan	1
di-slamatkan	10
di-smbah	1
di-smblehkan	2
di-smbohkan	19
di-smbunyikan	4
di-smpurnakan	14
di-srahkan	28
di-ssalkan	1
di-ssatkan	1
di-suchikan	12
di-sunatkan	6
di-suratkan	4
di-surohkan	3
di-susunkan	1
di-tabur	5
di-taburkan	7
di-tambahkan	5
di-tambakkan	1
di-tanamkan	3
di-tanggongkan	1
di-tarek	1
di-taroh	3
di-tarohkan	2
di-tbuskan	2
di-tgahkan	1
di-tgohkan	5
di-timbangkan	1
di-tinggalkan	3
di-tinggikan	12
di-tngglamkan	3
di-tntukan	23
di-tolakkan	1
di-tpikan	3
di-trangkan	8
di-trima	1
di-ttapkan	4
di-tuai	1
di-tuliskan	1
di-tumpahkan	2
di-tundokkan	4
di-tunjokkan	1
di-turunkan	2
di-tutop	1
di-tutopkan	1
di-ubahkan	4
di-uji	1
di-ujikan	2
di-ukir	1
di-undorkan	1
dia	5544
dia-ini	1
dia-itu	2
dia-kah	1
dia-lah	129
dia-orang	2511
dia-orang-lah	11
diakon	5
diam	19
diam-diam	13
diamkan	4
diglar	1
dinar	14
diri	285
diri-mu	3
diri-nya	201
diri-sndiri	1
dirikan	4
dkat	133
dkat-dkat	2
dkat-lah	1
dkatkan	1
dlaki	63
dlaki-lah	1
dlaki-nya	2
dmam	6
dmam-nya	3
dmi	27
dndam	2
dngan	1472
dngan-nya	1
dngar	424
dngar-dngar	1
dngar-lah	11
dngarkan	7
dngki	14
dngki-hati	2
dokong	3
doktor	4
doktor-doktor	1
domba	29
domba-domba	7
domba-nya	3
dosa	161
dosa-dosa	35
dosa-dosa-mu	1
dosa-dosa-nya	8
dosa-kah	1
dosa-lah	1
dosa-nya	5
do’a	133
dpa	3
dpan	242
dras	1
dua	227
dua-blas	82
dua-dua	56
dua-laksa	1
dua-orang	5
dua-puloh	2
dua-puloh-ampat	6
dua-ratus	8
dua-ribu	1
dua-tiga	1
dudok	178
dudok-lah	2
dudokkan	1
duga	3
duit	8
duit-nya	1
dulang	2
dunia	281
dunia-kah	1
duri	18
dusta	4
dusun	7
dusun-dusun	3
d’awa	41
d’awa-d’awi	1
d’awakan	2
d’awa’an	3
d’awa’an-nya	4
eklisia	114
ekor	27
fasal	160
fa’idah	9
fa’idah-nya	1
fikir	53
fikir-fikir	1
fikir-kah	1
fikiran	21
fikiran-nya	2
fikirkan	8
firman	4
firus	1
gading	1
gadoh	17
gadoh-gadoh	2
gagah	1
gagak	1
gaji	7
galakkan	2
gambar	3
ganda	12
gantang	4
ganti	11
ganti-ganti	1
gantian	1
gantikan	7
gantong	1
gantongkan	2
garam	7
garang	3
garang-garang	1
gatal	1
gerbang	1
gergaji	1
gertak	12
gertakkan	3
ggat	4
gharu	1
gigi	10
gigi-nya	2
gigit	1
gigit-gigit	1
gila	11
gila-babi	1
glap	49
glap-glap	1
glap-glita	2
glarkan	3
glojoh	4
glojoh-nya	1
glombang	1
gmar	1
gmok	5
gmpa	12
gmpa-bumi	1
gmpakan	1
gmpar	1
gmren-cheng	1
gnap	18
gnap-lah	1
gnapkan	6
gnapkan-lah	2
gnting	5
gnting-rata	5
goa	4
goa-goa	2
gobernor	31
golekkan	4
gombala	12
gombala-gombala	4
gombala-nya	3
gombalakan	2
gonchang	3
gonchang-gonchang	3
gonchangkan	2
gopoh	2
grak	3
gram	7
gudang	5
gudang-nya	1
gugor	2
gugur	3
guguran	1
gugurkan	1
gula-lbah	4
gulong	1
gulongan	1
gulongkan	4
gumpal	2
guna	8
guna-nya	4
gunakan	1
gunong	51
gunong-gunong	9
gunting	2
guntor	12
guru	68
guru-guru	7
guru-injil	3
guru-lah	2
guru-nya	2
guru-taurit	2
habis	78
habis-habis	1
habiskan	18
hablur	3
habok	7
habu	4
hadapan	7
hadlrat	1
hairan	90
hairan-lah	3
hairan-nya	1
hak	1
hakim	25
hakim-hakim	3
hakim-nya	1
hal	301
hal-kah	1
hal-lah	5
hal-nya	7
hal-susah	1
halal	25
halau	2
halaukan	8
haluan	2
halus	8
halus-halus	2
halus-halus-kah	2
hamba	161
hamba-hamba	25
hamba-hamba-mu	1
hamba-hamba-nya	7
hamba-nya	13
hamba-prempuan	4
hampir	19
hampir-hampir	3
hanchor	3
hanchur	1
hanchurkan	1
hangat	2
hangus	9
hanguskan	5
hantar	3
hantarkan	155
hantarkan-lah	1
hantu	3
hanyut	5
hapuskan	5
haram	4
haramkan	2
harap	96
harap-lah	1
harap-nya	2
harapan	2
harapkan	6
hari	356
hari-bsar	35
hari-kah	1
hari-nya	11
hari-perhentian	26
hari-puasa	1
hari-raya	1
hari-sdiakan	5
harimau	1
harukan	1
harus	2
harus-nya	1
hasil	9
hasta	1
hati	324
hati-bsar	3
hati-busok	1
hati-lah	2
hati-mu	3
hati-nya	49
haus	17
hawa-nafsu	4
hawa-nafsu-nya	1
hei	140
helakan	1
herga	15
herga-nya	6
hergakan	1
herta	26
herta-bnda	5
herta-bnda-nya	4
herta-nya	10
hibur	5
hiburan	1
hiburkan	14
hiburkan-lah	1
hidop	276
hidop-hidop	1
hidop-hidopan	19
hidop-lah	1
hidop-nya	3
hidopan	7
hidopan-nya	2
hidopkan	8
hijau	4
hikayat	1
hilang	69
hilang-lah	1
hilangkan	8
himponkan	10
hina	5
hina-hina	1
hinakan	10
hisap	3
hitam	3
hitong	10
hitongan	1
hitongkan	3
hitongkan-lah	1
hlaman	4
hmpdu	2
hntam	19
hobatan	3
hobatan-nya	1
hormat	45
hormatkan	17
hormatkan-lah	1
hosanna	1
hubongkan	1
hujan	17
hujan-api	1
hujat	8
hujat-nya	1
hujatan	2
hujatkan	4
hujong	12
hukum	145
hukum-hukum	23
hukum-hukum-nya	2
hukum-lah	1
hukum-nya	2
hukum-sunat	1
hukum-taurit	137
hukum-taurit-kah	2
hukum-taurit-lah	1
hukuman	58
hukuman-nya	3
hukumkan	42
hulorkan	16
hulu	1
hulubalang	25
huru-hara	6
huruf	1
hutan	5
hutang	16
hutang-hutang	1
hutang-nya	2
iau-kin	1
ia’itu	623
ia’itu-lah	7
ibarat	2
ibaratkan	1
iblis	36
ibu	1
ibu-ayam	1
ikan	33
ikan-ikan	2
ikat	18
ikat-pinggang	4
ikatan	5
ikatkan	16
ikut	184
ikut-ikut	2
ilmu	1
imam	92
imam-bsar	40
imam-bsar-kah	1
imam-imam	15
imam-imam-bsar	1
imam-nya	1
iman	33
impitkan	2
indah	14
indah-indah	5
indah-lah	1
indahkan	3
ingat	90
ingat-ingat	3
ingat-lah	12
ingatan	24
ingatan-mu	3
ingatan-nya	2
ingatkan	16
ingin	12
ingin-hati	1
ingin-lah	1
inginan	1
inginkan	1
ini	1791
ini-kah	5
ini-lah	115
ini-tah	4
injak	1
injil	106
injil-lah	1
intai	6
irek	1
irekan	6
isi	38
isi-nya	3
isi-rumah	10
isi-rumah-nya	7
isikan	5
istana	8
istana-nya	2
istri	4
istri-nya	1
itu	3963
itu-kah	2
itu-lah	80
itu-tah	1
izin	8
jadi	935
jadi-lah	13
jadi-nya	2
jadikan	49
jaga	47
jaga-lah	10
jagakan	8
jagakan-lah	1
jahat	143
jahat-jahat	1
jahat-kah	1
jahat-nya	1
jahatkan	3
jajahan	27
jala	1
jala-jaring-nya	4
jalan	172
jalan-jalan	8
jalan-jalan-nya	2
jalan-lah	2
jalan-nya	6
jalankan	17
jam	46
jam-kah	1
jam-nya	2
jamah	37
jamban	2
jamin	1
jangan	416
jangan-lah	64
janji	23
janjikan	2
jantan	34
jantan-nya	1
jantong	1
jari	3
jari-nya	6
jarom	3
jatoh	82
jatoh-kah	1
jatohkan	10
jauh	52
jauh-jauh	6
jauhkan	11
jauhkan-lah	4
jawab	267
jawab-nya	1
jel	64
jerki	2
jerki-nya	1
jerneh	5
jhannam	10
jikalau	347
jilat	1
jimat	2
jin	135
jinakkan	2
jintan	1
jiwa	30
jiwa-mu	3
jiwa-nya	1
jlak	2
jlak-jmu	1
jlma	1
jman	105
jman-jman	2
jman-nya	1
jmlahkan	1
jmpot	15
jmpotan	3
jndela	2
jnis	6
jnis-jnis	4
jodohkan	2
jrat	5
jratkan	2
jruju	1
jual	20
jual-bli	2
jualkan	9
juga	791
juga-lah	2
jumpa	82
juru-kunchi	17
juru-mudi	1
juru-tulis	1
k-Gaza	1
k-Masir	1
k-Yerusalim	1
k-bawah	1
k-dalam	7
k-dalam-nya	1
k-dpan	1
k-langit	12
k-langit-kah	1
k-lapan	2
k-laut	1
k-negri	4
k-pada	1217
k-pada-mu	7
k-pada-nya	18
k-sblah	1
k-shorga	2
k-smbohan	1
k-tanah	2
k-tmpat-nya	1
kabur	2
kacha	5
kachan	1
kachang	1
kachau	5
kachau-mngachau	3
kachaukan	3
kahandak	90
kahandak-mu	1
kahandak-nya	9
kahangatan	1
kahidopan	10
kahidopan-nya	2
kahina’an	1
kahina’an-nya	1
kahwin	50
kahwinkan	2
kain	32
kain-baju	1
kain-kain	1
kain-tampal	1
kain-tampalan	1
kaki	83
kaki-mu	4
kaki-nya	25
kaki-plita	11
kaki-tangan	1
kaki-tangan-nya	2
kaku	1
kala	6
kala-jngking	5
kalah	3
kalahkan	15
kalau	308
kaldai	15
kaldai-nya	1
kali	112
kali-kah	1
kalot	8
kalotkan	7
kalotkan-lah	1
kambing	24
kambing-kambing	5
kami	14
kampong	17
kampong-kampong	11
kampongan	7
kampongkan	4
kamu	3244
kamu-kah	3
kamu-lah	10
kana	1
kanan	37
kanan-nya	14
kandang	3
kandaskan	2
kandongan	1
kang	2
kapak	2
kapal	31
kapal-kapal	2
kapan	1
kapankan	2
kapitan	1
kapitan-kapal	1
kapur	1
karam	2
karang	9
karangan	1
karangkan	1
karat	3
karong	3
karub	1
kaseh	241
kaseh-lah	8
kaseh-mngaseh	1
kaseh-nya	2
kaseh-sayang	2
kasehan	1
kasehankan	1
kasehkan	5
kasi	685
kasi-kasi	1
kasi-lah	6
kasikan	9
kasut	11
kasut-nya	2
kata	1966
kata-lah	1
kata-nya	19
katakan	71
katakan-lah	1
kati	8
katib-katib	1
kaum	8
kawalan	2
kawan	28
kawan-domba	2
kawan-kawan	4
kawan-kawan-nya	2
kawan-murid-murid	1
kawan-nya	5
kaya	38
kaya-kaya	6
kaya-nya	3
kayu	31
ka’abah	109
ka’abah-nya	2
kbaikan	12
kbaikan-nya	1
kbajikan	1
kbaktian	29
kbangkitan	37
kbangkitan-nya	4
kbanyakan	19
kbanyakan-nya	1
kbaskan	6
kbebasan	10
kbinasa’an	22
kbinasa’an-nya	1
kbnaran	88
kbnaran-nya	2
kbnchian	11
kbodohan	15
kbsaran	4
kbsaran-nya	1
kbtulan	91
kbun	30
kbun-nya	2
kchap	4
kchapi	5
kchapi-nya	1
kchil	96
kchil-kchil	5
kchla’an	3
kchla’an-nya	1
kchmaran	1
kchubong	1
kdatangan	19
kdatangan-nya	5
kdiaman	2
kdngaran	1
kdua	2
kdua-nya	1
kdudokan	1
kdudokan-nya	1
kdukokkan-nya	1
kerja	75
kerja-lah	1
kerja-nya	5
kerjakan	16
kerna	1142
kerna-nya	11
kertas	2
kesah	3
kglapan	8
kgmaran	1
khabar	50
khabar-nya	1
khabaran	1
khabarkan	134
khabarkan-lah	1
khasah	10
khemah	25
khemah-nya	1
khuatir	26
khuatir-nya	1
khurma	3
kiamat	9
kilat	8
kira-kira	19
kirakan	1
kiri	10
kiri-nya	3
kirim	33
kiriman	3
kirimkan	2
kisaran	6
kita	1774
kita-kah	1
kita-lah	4
kita-orang	1
kitab	75
kitab-kitab	13
kjadian	30
kjadian-nya	1
kjahatan	38
kjahatan-nya	2
kjahatanmu	1
kjar	2
kkal	89
kkaseh	44
kkaseh-nya	1
kkaya’an	24
kkaya’an-nya	4
kkotoran	1
kkrasan	4
kkuatan	15
kkudusan	11
kkudusan-nya	1
kkurangan	14
kkurangan-nya	1
kkurangkan	1
klakuan	31
klakuan-nya	2
klam-kabot	2
klaparan	9
klaparan-kah	1
klasi-klasi	2
klbehan	3
klempahan	2
kliling	48
kliling-nya	5
klmahan	22
klmahan-nya	1
klmarin	1
klngkapan	2
klpasan	1
kluar	311
kluar-lah	5
kluaran	1
kluarkan	72
kluarkan-lah	2
kmantin	20
kmarau	1
kmaskan	2
kmatian	63
kmatian-kah	1
kmatian-nya	4
kmbali	1
kmbiri	3
kmbirikan	2
kmdian	151
kmewahan	6
kmewahan-nya	2
kmgahan	14
kmnangan	6
kmnangan-nya	1
kmnyan	1
kmnyian	1
kmudi	2
kmulia’an	120
kmulia’an-nya	17
kmunchak	3
kmurahan	12
kmurahan-nya	3
kna	517
kna-mngna	1
knakan	7
knakan-lah	2
knal	85
knalan	2
knan	1
knapa	38
knapa-kah	14
knchang	2
knnyang	14
knnyangkan	6
knyata’an	11
knyata’an-nya	1
kodok	1
kodong	3
kok	5
kolam	9
komba	10
kongsi	1
kopekkan	1
korban	47
korban-kah	1
korban-perdamaian	1
korek	6
kort	1
kosong	5
kosongkan	1
kota	7
kota-kota	1
kotor	9
kotor-kotor	1
kotoran	7
kotorkan	1
koyak	4
koyakkan	9
kpahitan	4
kpak	2
kpala	93
kpala-imam	15
kpala-kpala	64
kpala-kpala-imam	1
kpala-nya	30
kpala-perjamuan	2
kpala-pnjuru	2
kpala-rumah-smbahyang	2
kpala-tukang	1
kpalakan	1
kpandaian	3
kperchaya’an	20
kping	6
kpnatan	3
kpnatan-nya	1
kpnohan	1
kpong	1
kpongkan	3
kpujian	1
kputusan	1
kraja’an	149
kraja’an-mu	3
kraja’an-nya	6
kramat	1
kranjang	7
krap	12
krap-krap	2
kras	35
kras-hati	3
kras-kpala	1
kraskan	9
krat	1
kratkan	18
kreta	3
kreta-kreta	1
kreta-nya	1
kring	7
kroh	1
krosakan	1
krubohan	1
krubohan-nya	1
krugian	1
krumunkan	5
krusi	14
krusi-bichara	1
krut	1
ksakitan	1
ksaksian	45
ksaksian-nya	4
ksalahan	26
ksalahan-nya	3
ksian	57
ksian-nya	2
ksiankan	18
ksiankan-lah	9
ksiat-nya	2
ksmpurna’an	4
kssatan	2
ksuchian	10
ksudahan	24
ksudahan-nya	12
ksuka’an	67
ksusahan	57
ksusahan-nya	1
ktakotan	25
ktangan	1
ktiga	9
ktiga-nya	1
ktika	133
ktika-lah	2
ktika-nya	6
ktinggian	6
ktntuan	3
ktntuan-nya	1
ktok	5
ktok-ktok	1
ktok-lah	2
ktopong	2
ktrangan	5
ktrangan-nya	1
ktua	9
ktua-ktua	46
ktuhanan	1
ktuhanan-nya	3
kturunan	36
kturunan-nya	6
kuasa	272
kuasa-kuasa	2
kuasa-mu	1
kuasa-nya	11
kuat	38
kuat-kuasa	1
kuat-kuasa-nya	2
kuat-kuat	7
kuat-lah	1
kuat-nya	2
kuatkan	5
kubang	1
kubor	49
kubor-kubor	5
kubor-nya	2
kubu	1
kubur	1
kubur-kubur	1
kuda	14
kuda-kuda	3
kudong	4
kudus	132
kudus-lah	1
kudus-nya	1
kuduskan	8
kuduskan-lah	1
kulit	15
kumi	1
kumpol	5
kumpolan	6
kumpolkan	17
kunchi	4
kunchikan	1
kuning	2
kuntom	1
kuntum	1
kuping	42
kuping-nya	6
kurang	76
kurang-perchaya-nya	1
kurang-satu	1
kurangkan	2
kurnia	23
kurniakan	4
kurong	1
kurongkan	1
kurus	2
kusutkan	1
kutok	6
k’ada’an	6
k’ada’an-nya	1
k’adilan	1
k’ampunan	2
k’inginan	26
k’inginan-nya	7
labohan	2
ladang	32
ladang-ladang	1
ladang-nya	2
lagi	556
lagi-lagi	1
lagu	3
lagu-nya	1
lai	6
lain	372
lain-kah	1
lain-lain	45
lain-nya	1
laki	29
laki-nya	23
laksa	4
lalang	10
lalu	41
lalukan	2
lama	136
lama-kah	5
lama-lah	2
lama-nya	1
lambai	5
lambat	8
lambong	1
lampu	3
lampu-nya	2
lang	5
langgar	11
langgar-hukum	1
langit	111
langit-kah	1
langkahkan	1
langsong	2
lanjutkan	2
lantekkan	1
lanyakkan	1
lapan	8
lapan-blas	3
lapan-puloh	1
lapan-puloh-ampat	1
lapar	30
larang	2
larangan	1
larangkan	19
lari	50
lari-lah	3
lat	1
lauk	4
lauk-datok	7
laut	39
lautan	20
lawan	25
lawan-lawan	1
lawanan	5
layak	37
layankan	13
layer-tringkit-suai	1
layu	14
layukan	1
lazat	7
lazat-nya	1
la’anat	6
lbeh	335
lbeh-dhulu	1
lbeh-kurang	1
lbur	1
lebar	1
lebar-lah	1
lebar-nya	2
lebarkan	1
lehir	4
lehir-nya	3
lelehan	2
lempahkan	1
lempar	1
lemparan	1
lengah	9
lga	1
liar	1
liat	5
lichin	1
lidah	18
lidah-lidah	1
lidah-nya	5
ligion	2
lihat	8
lima	40
lima-blas	3
lima-laksa	1
lima-puloh	7
lima-puloh-tiga	1
lima-ratus	1
lima-ribu	8
lindong	1
lindongkan	6
linin	6
lipat	2
lkapkan	2
lkas	19
lkaskan	1
llap	2
llia-kah	1
lmah	31
lmah-lmahan	1
lmah-lmbot	13
lmas	6
lmaskan	5
lmbab	1
lmbah	1
lmbot	6
lmbot-hati	1
lmbu	12
lmbu-lmbu	2
lngan-nya	1
lngkap	6
lngkapkan	1
lnnyap	14
lnnyapkan	2
lnyap	5
lnyap-lah	1
lobang	14
lobang-lobang	2
lobang-nya	2
loh	1
lompat	1
lorong	1
lorong-lorong	2
lorong-lorong-nya	3
loteng	7
loyar	1
lpak	2
lpakkan	1
lpan	1
lpas	30
lpaskan	59
lpaskan-lah	2
lsa	1
ltak	9
ltakkan	27
lteh	2
luar	50
luar-dalam-nya	1
luchutkan	1
ludah	4
ludahkan	6
luka	3
luka-luka-nya	1
luka-nya	2
lukakan	4
lumpur	1
lumut	1
lumut-karang	2
lupa	7
lupakan	4
luroh	1
lurus	5
lusa	2
lusa-nya	4
lutut	4
lutut-nya	1
ma	1
mabok	13
macham	91
macham-kah	3
macham-lah	2
macham-macham	32
maha	13
maha-bsar	1
maha-mulia	2
mahap	3
mahapkan	4
main	2
main-main	1
majistret	6
majlis	23
maju	7
mak	58
mak-bapa	23
mak-bapa-nya	13
mak-nya	25
makan	234
makan-lah	5
makan-minum	16
makanan	36
makanan-nya	3
makankan	7
maki	13
makikan	1
makin	13
makota	22
makota-nya	2
maksud	29
maksud-nya	10
malam	65
malam-kah	1
malang	2
malas	5
malu	55
malu-nya	1
mamang	1
mampus	4
man	1
mana	160
mana-kah	26
mana-mana	20
mandi	3
mandikan	1
mandor	1
mandul	3
mangkok	21
mangkok-mangkok	1
manis	17
manna	1
manusia	189
manusia-kah	1
manusia-nya	1
marah	61
marah-kah	1
marah-nya	5
mari	22
mari-lah	8
marmar	1
mas	40
mas-perak	1
masa-nya	1
masak	3
mashhur	18
mashhurkan	11
masing-masing	104
masing-masing-nya	1
masok	386
masok-lah	3
masokkan	29
mata	103
mata-angin	1
mata-ayer	8
mata-bnda	1
mata-bnda-nya	4
mata-hati	1
mata-jahat	1
mata-kaki-nya	1
mata-mata	18
mata-nya	18
matahari	30
matahari-nya	1
mati	352
mati-lah	4
matikan	3
matikan-lah	1
matin	1
mau	809
mau-kah	5
maut	6
mayat	19
mayat-mayat	1
mayat-nya	3
mazmur	5
ma’ana	3
meja	19
meja-kah	1
meja-meja	2
meja-nya	1
memang	5
merah	10
merah-tua	1
mertua	6
mertua-nya	1
mewah	3
mewah-nya	1
mgahkan	49
mimpi	1
minggo	8
mingkin	5
minta	294
minta-lah	12
minta-sdkah	2
mintakan	6
minum	75
minum-lah	1
minum-minum	1
minuman	5
minyak	27
minyaki	1
minyakkan	12
miskin	36
mla'ikat	1
mlainkan	7
mlakukan	1
mlanggar	9
mlantek	1
mlawan	79
mlawan-lawan	1
mlawat	14
mlayan	11
mlayankan	12
mla’ikat	149
mla’ikat-mla’ikat	20
mla’ikat-mla’ikat-nya	2
mla’ikat-nya	6
mlempah	4
mlihat	2
mlompat-lompat	1
mluaskan	1
mmbacha	1
mmbajak	3
mmbantu	1
mmbawa	6
mmberi	1
mmbri	9
mmchah	2
mminta	2
mmuji	3
mnabur	21
mnafsu	1
mnahan	18
mnahan-diri	1
mnahankan	2
mnang	24
mnanggong	10
mnangis	41
mnangiskan	5
mnangkap	1
mnantikan	18
mnantu	3
mnarah	2
mnaroh	1
mnchari	5
mncharut	1
mndatang	17
mndatangkan	8
mndrong	1
mndru	3
mnd’awa	3
mngachum	1
mngadang	4
mngadu	8
mngadu-mngadu	1
mngadukan	1
mngajar	67
mngaku	39
mngaku-lah	1
mngalir	2
mngandong	17
mngantok	3
mngaum	2
mngerti	47
mngerti-kah	1
mngglitar	10
mngglitar-nya	1
mnghadap	17
mnghadapkan	11
mnghujat	10
mnghujatkan	1
mngikut	1
mngirek	4
mngisar	1
mngkin	1
mnglitar	1
mngolok	1
mngrang	9
mngtok	1
mnguchap	41
mnguchap-lah	1
mngumpat	4
mngumpat-umpat	1
mniaga	6
mniagakan	1
mniarap	1
mnimpi	6
mnimpi-nimpi	1
mnipu	3
mnitek	1
mnjadi	383
mnjadikan	5
mnjaga	2
mnjala	1
mnjalankan	2
mnjawab	1
mnngar	2
mnntang	1
mnuai	32
mnuju	4
mnumpah	1
mnumpang	12
mnunggang	3
mnurun	1
mnurut	21
mnyabit	1
mnyala	7
mnyala-nyala	1
mnyalakan	1
mnyanyi	5
mnyatakan	2
mnyblah	3
mnybrang	3
mnyempang	3
mnyinggah	1
mnymbah	2
mnymbohkan	1
mnysal	9
mnyusur	4
morong	1
mraba-raba	2
mradang	6
mrampas	2
mraong-lah	1
mrasa	19
mratap	19
mratapkan	4
mrayap	4
mrbot	1
mrnong	17
mski	16
mski-pun	9
msti	159
msti-kah	4
muat	1
muatan	3
muatan-nya	1
muda	17
muda-muda	13
muka	70
muka-bumi	1
muka-nya	15
mula	1
mula-mula	102
mula-nya	3
mulaikan	1
mula’i	94
mulia	36
mulia-lah	1
mulia-mulia	12
muliakan	47
muliakan-lah	4
mulut	66
mulut-nya	27
mungkiran	1
munkirkan	1
muntah	1
mur	4
murah	2
murah-hati	8
murah-hati-nya	1
muri	1
murid	16
murid-murid	150
murid-murid-nya	77
murid-nya	3
murtad	1
musim	22
musim-buah	1
musim-nya	2
musim-panas	1
musoh	18
musoh-kah	1
musoh-mu	1
musoh-musoh	9
musoh-musoh-mu	2
musoh-musoh-nya	4
musoh-nya	1
mutiara	10
mu’alaf	4
m’ana	1
m’ujizat	21
nabi	76
nabi-kah	2
nabi-nabi	85
nabi-nabi-nya	2
nabuat	17
nabuat-lah	2
nabuatan	2
nafas	4
nafsu	4
naga	13
naik	166
naik-lah	2
naikkan	32
najis	45
najiskan	16
nama	171
nama-mu	4
nama-nama	4
nama-nya	26
namakan	10
nampak	78
nampak-lah	1
nampak-nya	3
nanti	1592
nanti-kah	1
nanti-nantikan	5
nantikan	23
nasi	2
nasihat	16
nasihatkan	32
nasihatkan-lah	1
nawong-nya	1
negri	263
negri-negri	12
negri-nya	7
nenek-moyang	64
nenek-moyang-mu	1
ngchek-ngchek	2
niat	8
niat-nya	1
nilam	1
nombor	103
nraka	3
ntah	35
nyala	6
nyala-api	1
nyalakan	2
nyamok	1
nyanyi	4
nyanyi-lah	2
nyanyian	7
nyanyian-nya	1
nyanyikan	2
nyaringkan	1
nyata	35
nyata-lah	2
nyata-nyata	7
nyatakan	52
nyatakan-lah	1
nyawa	39
nyawa-nya	28
nyiru	2
nyonya	20
obat-guna	8
oleh	375
oleh-nya	16
olok-olok	3
olok-olok-nya	1
olok-olokkan	8
ombak	7
onak	2
onta	6
orang	4309
orang-bangsa-asing	1
orang-banyak	123
orang-berdosa	1
orang-dosa	1
orang-gaji	3
orang-jaga	1
orang-kah	2
orang-kudus	2
orang-kudus-nya	1
orang-ladang	5
orang-lah	4
orang-nya	3
orang-orang	330
orang-orang-banyak	4
orang-orang-kudus	1
orang-orang-nya	3
orang-sblah	2
orang-tngah	1
otak	1
otak-nya	2
pada	109
pada-nya	3
padam	4
padamkan	4
padan	15
padang	4
padi	1
pagar	3
pagar-nya	1
pagi	8
pagi-kah	1
pagi-pagi	12
paha-nya	1
pahala	27
pahala-nya	1
paham	3
pahatkan	1
pahit	4
pakai	85
pakai-lah	3
pakaian	68
pakaian-nya	14
pakaikan	7
pakat	8
pakatan	4
paksa	11
paksakan	7
paku	2
pakukan	1
palei	1
paling	3
palingkan	3
palongan	3
palsu	8
palsukan	1
palu	5
palukan	1
panah	2
panas	18
panas-nya	1
panas-trek	1
panaskan	7
panchar	1
pancharan	1
pancharkan	1
panching	1
pandai	2
pandang	15
panggang	1
panggil	105
panggil-panggil	1
panggilan	11
panggilan-nya	1
panggilkan	2
panggong-wayang	2
pangkat	12
pangkat-lah	1
pangkat-nya	3
pangkat-rasul	1
pangku	1
pangkuan	2
pangkuan-nya	1
panglima	16
panglima-panglima	1
panglima-panglima-nya	1
panjang	11
panjang-hati	8
panjang-nya	2
panjang-panjang	4
panjang-umor	1
panjangkan	3
panjat	2
pantai	6
pantas	2
pantun	1
papan	4
papan-papan	1
parah	2
parang	1
pasang	9
pasangkan	2
pasar	12
pasar-pasar	1
pasir	5
pasokan	7
pasong	27
pasongkan	1
pasu	1
patah	7
patah-patahkan	1
patahkan	3
patangkan	1
patong	14
patong-nya	1
patong-patong	1
patut	142
patut-kah	2
patut-lah	14
patutkan	3
pchah	12
pchah-lah	3
pchah-pchahan-nya	1
pchahkan	16
pdang	35
pdang-kah	1
pdang-nya	2
pduli	3
pdulikan	18
pegang	84
pegang-lah	4
pegangan	3
pen	1
pendek	4
pengsan	5
peraduan	1
perak	24
peranakan	7
perasapan	1
perasa’an	1
peraturan	1
peraturan-nya	1
perbantahan	16
perbuatan	115
perbuatan-kah	1
perbuatan-nya	18
perchabolan	24
perchabolan-nya	3
perchakapan	11
perchakapan-nya	1
perchaya	479
perchaya-kah	2
perchaya-lah	10
perchaya-nya	1
perchraian	6
perchuma	7
perdamaian	17
pergi	548
pergi-lah	18
perhamba’an	6
perhatikan	10
perhatikan-lah	1
perhentian	52
perhentian-nya	1
perhimponan	8
perhubongan	2
peringatan	8
perjalanan	5
perjalanan-nya	2
perjamuan	27
perjamuan-kaseh	1
perjamuan-kaseh-nya	1
perjamuan-malam	1
perjanjian	79
perjanjian-nya	5
perkakas	5
perkara	517
perkara-lah	1
perkara-nya	1
perkara-perkara	66
perkara-yang	1
perkataan	1
perkata’an	338
perkata’an-nya	10
perklahian	9
perkumpolan	8
perlawanan	3
perlumba’an	2
permainan	1
permata	5
perminta’an	16
perminta’an-nya	2
permula’an	8
permusohan	5
pernah	30
pernah-kah	2
perniaga’an-nya	2
perriasan	3
perriasan-nya	1
persahabatan	6
perskutuan	10
perskutuan-nya	1
perslisehan	6
persmbahan	35
persmbahkan	9
persundalan	12
persundalan-nya	2
pertama	34
pertngkaran	7
pertolongan	3
pertolongan-nya	1
perumpama’an	51
pgawai	2
piara	5
piarakan	4
piatu	1
pijak	1
pikul	14
pikulan	5
pileh	31
pilehan	14
pilehan-nya	2
pimpin	5
pimpinkan	2
pindah	13
pindahkan	6
pinggan	6
pinggan-mangkok	1
pinggang	9
pinggang-nya	4
pinjak	1
pinjakkan	3
pinjam	6
pintal	2
pintu	73
pintu-nya	1
pintu-pintu	5
pipi	3
pipit	4
pkak	5
pkerja’an	64
pkerja’an-nya	6
pkong	2
pkong-nya	2
pkong-pkong	1
plajaran	19
plajaran-nya	1
plan-plan	2
plangi	2
plawanan	1
playan	24
playan-kah	1
playan-nya	2
playanan	26
playanan-nya	1
playeran	3
plihara	1
pliharakan	15
pliharakan-lah	2
plikarakan	2
plita	17
ploh	1
plok	3
plpah	3
pmabok	2
pmaki	3
pmbalasan	5
pmbantah	1
pmbantu	1
pmbasohan	2
pmbelot	2
pmbohong	13
pmbrian	27
pmbrian-nya	2
pmbujokan	1
pmbunoh	10
pmbunohan	2
pmbunohan-nya	1
pmimpin	5
pnabur	5
pnakot	1
pnat	18
pnat-nya	2
pncharian	2
pncharian-lah	1
pncharian-nya	1
pnchium-nya	1
pnchoba	1
pnchoba’an	21
pnchraian	1
pnchuri	16
pnchurian-nya	1
pnd’awa	1
pngaduan	2
pngajar	4
pngajaran	73
pngajaran-nya	5
pngakuan	5
pnganiaya	1
pnganjur	1
pngantin	4
pngarang	1
pngasehan	2
pngertian	16
pngertian-nya	1
pnghabisan	28
pnghabisan-nya	3
pngharapan	9
pnghiburan	20
pnghiburan-nya	1
pnghulu	12
pnghulu-dunia	1
pnghulu-pnghulu	20
pnghulu-pnghulu-mu	1
pnghulu-pnghulu-nya	1
pngikat	1
pngintai	2
pnglihatan	18
pnglima	2
pngtahuan	36
pngtahuan-nya	1
pnguchapan	1
pngumpat	1
pnilek	1
pnipu	4
pnjara	1
pnjuru	9
pnngaran	2
pnngaran-nya	1
pnoh	56
pnoh-lah	9
pnohkan	9
pnolong	3
pnolong-nya	1
pnulis	61
pnunggu	4
pnunggu-pnunggu	2
pnyakit	13
pnyakit-nya	4
pnyamon	15
pnyuroh	1
pohon	1
pohon-slamat	1
pokok	79
pokok-nya	1
pokok-pokok	6
pondok	6
potong	2
potong-potongkan	1
potongkan	1
pprangan	4
prahu	54
prahu-nya	1
prais	1
prampas	3
prang	16
prangai	1
prangkap	2
preksa	28
preksa-lah	1
preman	3
prempuan	281
prempuan-nya	3
prempuan-prempuan	30
prempuan-prempuan-nya	1
prempuan-sundal	2
prentah	66
prentah-nya	10
prentahan	5
prentahkan	20
prigi	5
priok	5
prisai	2
prot	19
prot-nya	6
psaka	29
psaka-nya	9
psan	58
psan-lah	1
psanan	22
psanan-nya	1
psankan	2
psiangkan	1
psuroh	9
psuroh-nya	1
ptang	28
ptang-kah	1
ptek	6
pti	3
puas	7
puas-hati	1
puas-lah	1
puasa	20
puaskan	3
puchat	1
puchok	1
puji	30
puji-puji	2
puji-pujian	8
pujian	2
pujikan	10
pujok	11
pujok-mmujok	1
pukat	9
pukat-nya	1
pukol	54
pula	542
pulang	72
pulangkan	6
pulangkan-lah	1
pulau	18
puloh	1
pun	1473
puncha-nya	2
pundi	1
pundi-pundi	6
punggahkan	1
pungut	31
pungut-chukai	3
pungut-lah	1
punya	3432
punya-kurang	1
pura-pura	35
pusing	2
pusing-blit	1
pusingkan	1
putar-blit	1
puteh	31
putehkan	2
putri	1
putus	11
putus-lah	1
putusan-nya	1
putuskan	6
rabek	2
rabekkan	2
rachun	1
ragi	13
ragikan	2
rahim	2
raja	115
raja-lah	1
raja-nya	1
raja-raja	23
rajin	35
ramah	1
ramai	1
ramaskan	1
rambot	9
rambot-nya	6
rambu-rambu	1
rambut	1
rambut-nya	2
rami	1
rampas	7
rampasan	3
rampasan-nya	1
ranjang	2
rantai	12
rantai-nya	1
ranting	1
ranting-nya	2
rapat	4
rasa	32
rasa-nya	3
rasul	36
rasul-rasul	66
rata	6
rata-rata	1
ratakan	1
ratap	3
ratna	1
rbot	1
rbotkan	4
rdop	1
rengan	1
rengankan	1
rias	2
riaskan	5
ribot	7
ribu	17
rindu	11
rindu-hati	1
rindukan	3
ringan	6
ringankan	1
ringgit	2
rioh-rndah	1
rlong	1
rmok	4
rmokkan	1
rmpah-rmpah	5
rndah	12
rndah-hati	9
rndahkan	9
rndahkan-lah	1
rnjis	1
rnjiskan	3
roh	77
roh-nya	10
rohani	40
rondengan	3
rosak	5
rosak-lah	1
rosakkan	18
rotan-kah	1
roti	101
roti-hidop	1
ruboh	7
ruboh-lah	5
rubohkan	13
rugi	11
rugi-lah	1
rugikan	1
ruhsia	31
ruhsia-lah	1
ruhsia-ruhsia	1
rumah	227
rumah-berdo’a	1
rumah-datok	2
rumah-mu	1
rumah-nya	22
rumah-rumah	7
rumah-rumah-datok	1
rumah-rumah-nya	1
rumah-smbahyang	29
rumah-tangga	15
rumah-tangga-nya	3
rumah-tumpang	2
rumput	10
rumput-kring	1
rumput-rumput	1
rupa	40
rupa-nya	13
rusok	4
rusok-nya	1
r’ayat-r’ayat	1
s-bagai	2
s-bagai-nya	2
s-bagimana	23
s-banyak	1
s-barang	9
s-batang	7
s-bgini	1
s-bgitu	5
s-bhagian	11
s-biji	7
s-blas	7
s-blum	52
s-bnar-nya	1
s-bntok	1
s-boleh-boleh-nya	2
s-brapa	29
s-btul-nya	11
s-buah	7
s-buah-nya	1
s-bulat	2
s-bulat-bulat	4
s-changkir	1
s-chukop	8
s-chukop-nya	5
s-gnap	55
s-gumpal	3
s-habis-habis	9
s-hari-hari	21
s-hari-s-hari	1
s-jauh	1
s-kadar	1
s-kali	35
s-kampong	1
s-kata	2
s-kati	1
s-kawan	2
s-kdar	18
s-kdar-nya	1
s-kian	6
s-kjap	18
s-kjapan	7
s-klip	1
s-kping	5
s-ktika	1
s-kuat-kuasa-mu	1
s-kuat-kuat	2
s-lagi	24
s-lai	2
s-laksa	4
s-lama	5
s-lama-lama-nya	54
s-lama-nya	5
s-lbeh-lbeh-nya	1
s-lngkap	3
s-lngkap-nya	1
s-malam	2
s-mata-mata	1
s-minggo	1
s-muka	3
s-mula	34
s-negri	1
s-negri-nya	1
s-padan	4
s-panjang	6
s-pasang	2
s-patah	3
s-patut-nya	3
s-perpuloh	1
s-pertiga	15
s-pertiga-nya	1
s-pnoh-nya	1
s-pnoh-pnoh	3
s-pnoh-pnoh-nya	2
s-puloh	35
s-pupu	1
s-ratus	19
s-ribu	10
s-rupa	16
s-tahun	1
s-tara	1
s-tinggi	1
s-tmpat	1
s-tngah	31
s-tompok	4
s-tuju	19
s-tuju-nya	1
sabaktani	2
sabar	37
sabar-hati	6
sabar-hati-nya	1
sabar-lah	1
sabar-nya	4
sabarkan	17
sabarkan-lah	1
sabat	1
sabit	7
sabit-nya	1
sahaja	2
sahya	3428
sahya-kah	2
sahya-lah	19
sahya-sudah	1
saja	255
saja-lah	1
sakit	73
sakit-beranak	3
sakit-hati	3
saksi	41
saksi-nya	1
saksi-saksi	6
saksikan	21
salah	48
salahkan	40
salib	42
salib-nya	3
salibkan	24
salju	2
sama	3978
sama-nya	2
sama-sama	382
sama-waris	2
samak-kulit	3
samakan	7
sambarkan	1
sambil	53
sambot	71
sambot-lah	6
samon	3
sampah	2
sampai	446
sampaikan	97
sampan	3
sampar	2
sana	86
sana-lah	1
sana-sini	14
sandar	1
sangat	34
sangat-lah	18
sangat-sangat	1
sanggol	1
sanggop	1
sangka	18
sangka-hati	1
sangka-sangka	4
sangkakan	12
sangkalkan	30
sapu	5
sapu-tangan	3
sapukan	8
sarang-nya	2
sarong-nya	1
sat	1
satu	2002
satu-hati	1
satu-kah	1
satu-satu	4
sauh	4
sauh-sauh	1
saya	4
sayang	30
sayang-lah	1
sayangkan	9
sayap	1
sayap-nya	2
sayur	2
sayur-sayur	2
sayur-sayuran	1
sbab	876
sbab-lah	32
sbab-nya	19
sbat	1
sblah	119
sblah-mnyblah	14
sblah-mnyblah-nya	2
sblah-nya	3
sblahkan	4
sblahkan-lah	1
sbot	13
sbotkan	14
sbrang	29
sbrang-mnybrang	1
sdang	121
sdap	1
sdar	5
sdia	33
sdiakan	26
sdiakan-lah	1
sdikit	18
sdkah	18
sdkahkan	1
sehat	2
seksa	14
seksa-nya	1
seksakan	8
sempang-sempang	2
sen	1
serba-salah	1
serbu	5
seret	7
seretkan	2
serta	144
serta-merta	1
setan	1
sewa-nya	1
sewakan	4
sgala	475
sgar	1
sgarkan	2
sgarkan-lah	1
sgra	18
shak	1
shorga	167
shorga-kah	3
shukor	57
shukor-lah	3
shukor-nya	1
si	13
si-jahat	5
si-mletir	1
si-pnchoba	1
sia-sia	34
sia-sia-lah	3
sia-siakan	1
siang	34
siang-hari	2
siang-malam	8
siap	7
siapa	83
siapa-kah	44
siapa-siapa	30
siapkan	10
sibok	1
sida-sida	6
sihat	2
sihat-nya	1
sikit	80
sikit-lah	1
siku	1
sil	11
sil-nya	3
silap	1
silkan	5
simpan	33
simpankan	11
singa	8
singgah	9
sini	93
sini-lah	6
sini-sana	5
siram	3
sisa-sisa	12
sisek-sisek	1
situ	147
situ-lah	24
sjahtra	51
sjok	17
sjokkan	1
skali	265
skali-kali	79
skali-pun	3
skali-skali	1
skam	1
skam-nya	2
skarang	180
skarang-kah	1
skarang-lah	1
skatan	1
skatkan	2
sklian	51
sklian-nya	13
skola	1
slalu	66
slamat	91
slamat-lah	1
slamat-tinggal	4
slamatkan	55
slamatkan-lah	2
slampitan	1
slar	1
slaseh	2
slatan	7
slidek	1
slimut	3
sliseh	5
sliseh-nya	1
slsai	1
slsaikan	3
sluroh	40
smbab	1
smbah	54
smbah-lah	2
smbahkan	1
smbahkan-lah	1
smbahyang	82
smbahyang-nya	2
smbilan	6
smbilan-puloh-smbilan	4
smbleh	7
smbleh-lah	2
smblehan	1
smblehkan	3
smboh	4
smbohkan	49
smbunyi	14
smbunyikan	15
smburit	3
smburkan	4
smerbak	1
smoa	1284
smoa-kah	6
smoa-lah	11
smoa-nya	99
smoaa	1
smpadan	2
smpadan-nya	1
smpat	10
smpit	2
smpit-lah	1
smpurna	26
smpurna-nya	1
smpurnakan	10
snang	18
snangkan	4
sndi	3
sndiri	441
sndiri-buah-bungaran-nya	1
sndiri-kah	2
sndiri-lah	1
sndiri-nya	1
sngaja	3
sngat	4
sngsara	37
sngsara-kah	1
sngsara-nya	4
snjata	10
snnyap	2
snnyap-lah	1
snonoh	12
sntohan	1
sntosa	18
sohbat	15
sohbat-nya	1
sohbat-sohbat	14
sohbat-sohbat-handai	1
sohbat-sohbat-nya	1
soldado	23
soldado-soldado	15
sombong	11
sombong-hati	1
sorak	1
spak	1
sparoh	30
sparoh-nya	1
sparoh-sparoh	1
spaya	802
sperti	801
spertikan	20
srah	4
srahhan	1
srahkan	138
srahkan-lah	3
srambi	8
srigala	4
srunai	2
ssah	9
ssahkan	13
ssak	5
ssak-lah	1
ssat	40
ssatkah	1
ssatkan	17
ssawi	5
stanggi	3
stia	2
stiawan	35
stra	1
suam	1
suara	104
suara-nya	10
suara-suara	4
suchi	45
suchi-hati	1
suchikan	15
sudagar	2
sudagar-sudagar	2
sudah	3893
sudah-kah	9
sudah-lah	14
sudahkan	1
sudara	130
sudara-nya	31
sudara-prempuan-nya	1
sudara-sudara	185
sudara-sudara-mu	2
sudara-sudara-nya	13
sudara-susu	1
sudi	2
suka	107
suka-chita	1
suka-hati	40
suka-suka	6
sukakan	13
sukat	3
sukat-mnyukat	1
sukatan	6
sukatkan	3
suku	6
suku-bangsa	27
suling	5
suloh	2
sulong	9
sumbohkan	1
sumbu	1
sumpah	20
sumpahkan	7
sunat	26
sunat-nya	1
sunatkan	8
sundal	11
sungai	22
sungai-sungai	3
sunggoh	117
sunggoh-nya	2
sunggoh-pun	1
sunggoh-sunggoh	26
sunyi	52
sunyi-sunyi	3
surat	57
surat-chrai-an	1
surat-nya	5
surat-pujian	1
surat-surat	2
suratan	3
suratkan	1
suroh	141
suroh-lah	6
surohan	1
surohkan	1
susah	91
susah-hati	36
susah-lah	15
susah-punya	1
susahkan	2
susu	7
s’ekor	1
s’orang	5
s’orang-s’orang	20
s’orang-s’orang-kah	1
s’umor	1
tabek	72
tabek-lah	1
tabi’at	45
tabi’at-nya	1
tabur	7
taburkan	5
tadi	5
tahan	41
tahankan	34
tahu	519
tahu-kah	1
tahu-lah	2
tahun	66
tahun-tahun	2
tai-ko	13
tajam	8
tajamkan-lah	1
takhta	58
takhta-nya	3
takhta-takhta	1
takot	137
takot-lah	3
takotkan	1
takut	1
talanta	18
tali	11
tambah	2
tambah-tambah	5
tambahkan	9
tambat	1
tampalan	1
tampalkan	3
tampar	8
tampikan	3
tanah	227
tanah-ayer	1
tanah-nya	2
tanah-sunyi	3
tanah-tanah	2
tanam	14
tanam-mnanam	1
tanaman	1
tanamkan	13
tanda	52
tanda-nya	2
tanda-tanda	38
tandakan	3
tandok	10
tandok-tandok	1
tangan	163
tangan-nya	46
tangga	3
tangga-nya	1
tanggalkan	2
tanggoh	2
tanggong	20
tanggong-lah	1
tanggongan	9
tanggongkan	6
tangkai	3
tangkai-tangkai	2
tangkal-nya	1
tangkap	71
tanglong	1
tanya	102
tanya-lah	1
tanya-mnanya	7
tapak	1
tapak-kaki-nya	1
tapis	1
tarek	11
tarek-tarek	5
taroh	91
taroh-lah	1
tarohkan	17
tasek	45
tatang	2
taubat	1
taurit	25
taurit-nya	1
tawan	2
tawanan	3
tawankan	1
tawar	6
tawar-hati	4
ta’adil	1
ta’baik	12
ta’berakal	1
ta’berbuah	3
ta’berguna	4
ta’berragi	1
ta’berrnti-rnti	1
ta’bersunat	5
ta’bnar	7
ta’bnar-kah	1
ta’boleh	191
ta’boleh-lah	3
ta’brapa	2
ta’dapat	3
ta’dngar	1
ta’fa’idah	1
ta’guna	1
ta’kata	1
ta’knal	10
ta’ktahuan	1
ta’kuat	2
ta’makan	1
ta’mata	7
ta’mau	64
ta’mau-lah	1
ta’mngaku	1
ta’mngerti	4
ta’nampak	5
ta’nanti	12
ta’padan	1
ta’pakai	1
ta’patut	4
ta’pduli	1
ta’pdulikan	4
ta’perchaya	15
ta’pernah	6
ta’pernah-lah	1
ta’ragi	7
ta’rupa	2
ta’salah	1
ta’sangka	1
ta’sdar	1
ta’snonoh	3
ta’stujuan	1
ta’suchi	1
ta’sudah-sudah	1
ta’suka	1
ta’sunat	6
ta’tahan	1
ta’tahu	82
ta’takot	1
ta’terbilang	1
ta’terduga	2
ta’tgoh	1
ta’tiap	1
ta’tntu	4
ta’turut	1
ta’usah	18
ta’usah-lah	1
tbang	3
tbangkan	2
tbus	1
tbusan	13
tbusan-nya	1
tbuskan	7
tdoh	5
tdoh-lah	1
tebar	2
telur	1
tembok	11
tembok-nya	1
tempang	14
tempo	123
tempo-nya	6
tempo-smbahyang	1
tengkah-laku	5
tengkah-laku-nya	1
tengkat	1
tengok	566
tengok-lah	8
tengok-tengok	7
tengokkan	12
tepok	13
terangkat	2
terantok	56
terantokkan	1
terbalek	2
terbalekkan	2
terbang	5
terbaring	12
terbdong	1
terbilang	1
terblah	3
terbuang	3
terbuang-lah	1
terbuka	26
terbuka-lah	2
terchabot	1
terchampak-lah	2
terchari-chari	1
terchlek	1
terchngang	8
terchngang-chngang	7
terchrai-brai	1
terchurah	1
terdapat	4
terdhulu	1
terdiam	2
terdiri	2
terdiri-diri	2
terduga	5
terfikir-fikir	2
tergantong	1
tergolek	1
tergonchang	2
tergulong	1
terhanyut	3
terhanyut-hanyut	3
terhimpon	2
terhitong	3
terhormat	1
terhutang	1
terikat	21
teringat	6
terjual	1
terjumpa	7
terjun	6
terjunkan	1
terkachau	11
terkachau-lah	1
terkam	1
terkandas	3
terkata-kata	1
terkatakan	1
terkchil	1
terkjut	4
terkluar	37
terkluar-lah	2
terkmbang	2
terkna	45
terknang	1
terkumpol	1
terkunchi	1
terkurang	13
terkurong	2
terkutok	1
terlalu	25
terlalu-lah	3
terlambong	1
terlampon	4
terlbeh	32
terlipat	1
terlngkat	3
terlntang	1
terlpas	12
terlpas-lah	2
terltak	10
terluchut	2
terlupa	1
termakan	1
terminta-minta	5
termuat	1
ternampak	39
ternampak-lah	2
terpaksa	1
terpaksa-lah	1
terpanchar	1
terpasang	2
terpasong	2
terpchah-pchah	1
terpengsan	1
terpijak	1
terpileh	11
terplechok	1
terpranjat	14
terpuji	2
terpuji-lah	1
tersalib	4
tersalin	12
tersambot	1
tersandar	3
tersangat	1
tersangkot	3
tersbot	5
tersdar	1
tersdeh-sdeh	2
tersil	1
tersimpan	7
tersmbunyi	20
tersmpit	2
tersurat	87
tertabur	4
tertahan	1
tertambah-tambah	1
tertanam	2
tertanggong	3
tertangkap	1
tertawa	3
tertawakan	10
tertiarap	4
tertidor	17
tertikam	1
tertimbon	1
tertinggal	26
tertinggal-nya	1
tertudong	2
tertulis	24
tertumpah	1
terturun	1
tertutop	5
terukir	1
ter’ntak-’ntak	1
tetek	6
tgoh	14
tgoh-tgoh	2
tgohkan	26
tgohkan-lah	1
tguran	1
tgurkan	15
tiada	2
tiam	1
tiang	3
tiang-tiang	1
tiap-tiap	123
tiba-tiba	4
tidak	97
tidak-tidak	1
tidakkan	2
tidor	35
tidor-kah	1
tidor-lah	2
tidor-nya	2
tiga	116
tiga-puloh	9
tiga-puloh-lapan	1
tiga-ratus	2
tiga-ribu	1
tiga-tiga	2
tikam	3
tikamkan	2
tilam	1
tilek	1
timba	3
timbang	7
timbang-lah	2
timbangakan	1
timbangan	1
timbangkan	2
timbonkan	2
timbus	1
timor	8
timor-laut	1
timpa	6
timpakan	1
tinggal	240
tinggal-lah	5
tinggal-nya	1
tinggalan	1
tinggalkan	84
tinggi	11
tinggi-hati	1
tinggi-nya	1
tinggi-tinggi	1
tinggikan	13
tinta	3
tiop	20
tiopkan	1
tipu	20
tipu-daya	20
tipukan	13
tirai	6
titek	2
titek-titek	1
tkan	1
tkukor	1
tkun	3
tlan	4
tlanjang	13
tlanjang-kah	1
tlanjangkan	1
tlanju	2
tlankan	2
tlanta	1
tlok	1
tlor	1
tman	3
tma’a	16
tmbaga	8
tmbus	7
tmpat	236
tmpat-asap	2
tmpat-bichara	1
tmpat-korban	1
tmpat-kudus	1
tmpat-nya	6
tmpat-persmbahan	5
tmpat-tidor	8
tmpat-tidor-nya	4
tmpat-tinggal	1
tmpat-tmpat	6
tmpayan	3
tmpoh	7
tmpoh-mnmpoh	1
tndang	1
tngadah	5
tngadah-lah	1
tngah	39
tngah-tngah	44
tngah-tngah-nya	1
tnggara	1
tngglam	5
tngglamkan	1
tngkingkan	10
tngkorak	2
tngok	2
tntang	13
tntra	4
tntra-nya	1
tntu	32
tntu-lah	35
tntu-nya	1
tntukan	62
tnunan	1
tobat	16
tolak	18
tolakkan	33
tolakkan-lah	1
tolong	27
tolong-lah	4
tombak	1
tompok	1
tong	1
tongkat	16
tongkat-nya	1
tpi	34
tpi-nya	1
tpi-tpi	1
tpikan	6
tpok	1
tpok-tpok	2
tpong	7
trang	83
trang-nya	5
trang-trang	4
trangkan	28
trek	2
triak	37
trick	1
trigu	22
trigu-kah	1
trigu-nya	1
trima	245
trima-kaseh	8
trima-lah	3
trompet	20
trus	23
ttak	4
ttakkan	1
ttap	77
ttapi	1107
ttapkan	23
ttapkan-lah	2
tua	7
tua-tua	15
tuaian	3
tuaian-nya	2
tuala	2
tuan	152
tuan-kapal	1
tuan-kbun	3
tuan-ku	5
tuan-ladang	1
tuan-lah	1
tuan-nya	23
tuan-rumah	12
tuan-tuan	17
tuan-tuan-nya	1
tuangkan	4
tudong	3
tudong-muka	3
tudongan	3
tujoh	97
tujoh-puloh	4
tujoh-puloh-anam	1
tujoh-puloh-lima	1
tujoh-ribu	2
tujoh-tujoh	3
tuju	3
tukang	16
tukang-kbun	2
tukang-perak	1
tukang-tukang	3
tukang-tukang-nya	1
tukar	7
tukarkan	1
tuladan	24
tulang	4
tulang-nya	1
tulat-nya	1
tulis	75
tulis-lah	2
tulisan	1
tuliskan	7
tulus	12
tulus-hati	4
tumbok	4
tumit-nya	1
tumpah	3
tumpah-lah	1
tumpah-tumpah	3
tumpahkan	10
tumpang	21
tumpangan	2
tumpangkan	2
tunang	1
tunangkan	1
tundok	24
tundok-lah	8
tundokkan	13
tunggal	10
tunggang	8
tunggang-langgang	1
tunggu	1
tunggu-lah	2
tunjok	5
tunjokkan	53
tunjokkan-lah	5
tuntut	8
tuntut-lah	2
tuntutkan	1
turun	126
turun-lah	3
turunkan	12
turut	145
turut-hukum	1
turut-lah	5
turut-prentah	6
tutop	9
tutopkan	16
t’ada	1470
t’ada-kah	33
t’ada-lah	23
uang	2
ubahkan	5
udara	5
uji	9
uji-lah	2
ujian	1
ujikan	3
ukor	3
ukoran	5
ukorkan	5
ular	20
ulat	1
ulat-nya	1
umor	21
umor-nya	8
umpankan	2
umpat	12
umpat-umpat	1
umpatan	2
umpatkan	12
unam	1
undang-undang	3
undi	8
undor	37
undor-lah	1
undorkan	1
undur	11
undur-lah	1
ungu	11
unjok	1
unjokkan	2
untong	40
untong-nya	4
upah	11
upah-nya	4
upama-nya	1
urat-urat	1
usaha	8
usahakan	13
usahakan-lah	2
usutkan	11
utara	2
utusan	3
utusan-nya	1
waktu	220
waktu-jaga	1
waktu-kah	1
waktu-lah	1
waktu-nya	27
wang	59
wang-nya	3
wangi	13
wap	2
waris	14
waris-nya	3
wasiat	4
wayang	2
werna	6
ya	41
ya-kah	6
ya-ya	1
yakut	2
yang	6664
yashab	4
zaitun	4
zaitun-hutan	2
zamrud	2
zina	30
zufa	2
‘	427
’	392
