!	1369
"	4212
'	800
(	90
)	90
,	11997
--	135
.	11093
12.000	1
1260	2
144.000	4
15	1
2400	1
430	1
666	1
:	345
;	745
?	896
AKU	3
Abadon	1
Abaraham	1
Abia	3
Abihud	1
Abilene	1
Abraham	127
Abraham-kala	1
Abyatar	1
Ada	190
Adam	15
Adi	1
Adiau	1
Admin	1
Adramitium	1
Adria	1
Aduh	3
Aeropagus	1
Agabus	2
Agama	20
Agripa	13
Agustus	1
Ahas	1
Ahengku	2
Ahi	3
Ahinu	1
Ahirni	1
Ainon	1
Ajaib	1
Ajar	4
Ajaran	4
Akeldama	1
Akhaikus	1
Akhaya	12
Akhim	1
Akhirni	24
Aku	618
Akwila	8
Ala	9
Alah	1
Alakatantuluh	1
Alam	2
Alap	14
Alatalla	2934
Alatalla-atikala	1
Alatalla-hanyeyiru	1
Alatalla-hau	1
Alatallaku	8
Alatallaku-hanyeyiru	1
Alatallaku-sagar	1
Alatallani	1
Alatallanu	8
Aleksander	6
Aleksandria	4
Alfeus	5
Alur	1
Alut	2
Amalem	1
Amas	2
Ambah	281
Ambahku	43
Ambahni	10
Ambahnu	19
Ambau	3
Ambuan	17
Amen	25
Amfipolis	1
Ami	11
Amileh	1
Amin	3
Aminadab	2
Amon	1
Amos	1
Ampat	1
Ampiitung	1
Ampijaranis	1
Ampikansing	2
Ampimulia	2
Ampliatus	1
Ampun	6
Amun	401
Amunni	1
Anak	237
Anak-anakku	2
Anakku	17
Anakni	35
Anaknu	3
Anakuta	1
Ananias	17
Andi	1
Andreas	14
Andronikus	1
Aneh	1
Ang	1
Angaan	2
Anggap	2
Anggapleh	1
Anggur	5
Angkani	1
Angkatan	1
Angneh	51
Anrau	60
Anrei	5
Anri	131
Antahu	2
Antara	1
Antiokhia	29
Antipas	1
Antipatris	1
Apeles	1
Apfia	1
Apius	1
Apolion	1
Apolonia	1
Apolos	15
Apsintus	1
Apui	1
Apung	1
Arab	3
Arati	2
Aratini	1
Areopagus	2
Aretas	1
Ari	2
Arimatea	4
Aristarkhus	5
Aristobulus	1
Arkelaus	1
Arkhipus	2
Arni	1
Arpakhsad	1
Artemas	1
Artemis	5
Asa	1
Asal	2
Asalni	2
Asdod	1
Asia	20
Asinkritus	1
Asos	2
Asyer	2
Atalia	1
Atas	2
Atawa	20
Atei	7
Ateiku	7
Atena	6
Atikala	16
Atikalani	17
Atuk	2
Awas	1
Awat	2
Ayat	1
Ayub	1
Azur	1
Baal	1
Babel	12
Babilon	1
Babiri	39
Babiriku	1
Badagang	1
Badoa	8
Badoaleh	1
Bagawi	2
Baginda	15
Bahayani	1
Bahum	2
Bahumku	5
Bahumni	1
Bajaga-jagaleh	1
Bakahalaen	1
Balak	1
Balalu	699
Balasangar	9
Balau	1
Bangkai	1
Bangkaini	1
Bangsa	6
Bapa	2
Bapa-bapa	1
Bapak	6
Bapaner	1
Baptis	1
Baptisan	2
Bar	1
Barabas	12
Baragi	7
Barak	1
Barang	1
Barangkali	1
Barasis	173
Barat	1
Barhala	1
Baribu-ribu	1
Barnabas	44
Barsabas	2
Bartimeus	1
Bartolomeus	4
Basa	1
Basadia	1
Batantu	25
Batarima	2
Bataun-taun	3
Batindak	2
Batinku	1
Bauntung	2
Bawilah	3
Baya	1
Bayar	3
Bebas	1
Beelzebul	6
Benyamin	3
Beor	1
Berea	7
Berekia	1
Berkat	1
Bernike	3
Betania	13
Betesda	1
Betfage	3
Betlehem	9
Betsaida	7
Betseba	1
Beyamin	1
Biar	51
Biasani	1
Bileam	5
Bintang	1
Bitinia	2
Blastus	1
Boanerges	1
Boas	2
Brasis	1
Bu	1
Budas	11
Bujur	12
Bukan	1
Bukit	16
Buku	19
Bungas	3
Bungul	1
Butit	1
Catatan	2
Dada	1
Dahulu	16
Dalmanuta	1
Dalmatia	1
Damai	1
Damaris	1
Dami	133
Damsyik	16
Danau	15
Daniel	1
Daranganni	1
Darangannu	1
Datu	4
Daud	1
Dawaan	1
Dawid	74
Daya	862
Demas	3
Demetrius	3
Demi	4
Derbe	5
Dewa	2
Dewi	3
Die	7
Diki	3
Dime	4
Dina	1
Dinung	51
Dionisius	1
Diotrefes	1
Diwi	2
Doa	1
Doanu	1
Dokter	2
Dorkas	5
Dosa	5
Dosanu	2
Drusila	1
Dua	2
Duan	3
Duanni	1
Duit	2
Dunia	24
Eau	17
Eauleh	1
Eauni	5
Eber	1
Ebulus	1
Efata	1
Efraim	1
Efrat	2
Ekat	41
Ekatni	2
Ekum	1
Ekumni	1
Elah	3
Elahni	20
Elahnileh	1
Elam	1
Elat	1
Eleazar	1
Eli	3
Elia	31
Eliezer	1
Elimas	3
Elisa	1
Eliud	1
Elizabet	13
Elmadam	1
Eloi	1
Elyakim	2
Emaus	1
Enat	1
Eneas	5
Enem	3
Enos	1
Epafras	3
Epafroditus	2
Epat	7
Epenetus	1
Epesus	26
Epikuros	1
Er	1
Erang	78
Erastus	3
Esau	4
Etiopia	5
Eunike	1
Euodia	1
Euthikus	1
Fanuel	1
Farisi	49
Febe	1
Feliks	12
Fenesia	1
Feniks	2
Fenisia	3
Festus	16
Figelus	1
Filadelfia	2
Filemon	2
Filetus	1
Filipus	41
Filologus	1
Firaun	4
Firdaus	2
Firgia	1
Firman	6
Flegon	1
Fortunatus	1
Frigia	1
Gabata	1
Gabriel	3
Gad	1
Gadara	1
Gagudan	2
Gaha	2
Galatia	7
Galilea	79
Galio	4
Galumbang	1
Gamaliel	3
Gambar	3
Gana	12
Ganjah	12
Gayus	5
Gaza	1
Genesaret	3
Gerasa	3
Gere	3
Getsemani	2
Gideon	1
Godaan	1
Gog	1
Golgota	3
Gomora	4
Gubernur	12
Gugurungan	1
Gunung	5
Guru	80
Gurunu	2
Ha	2
Habel	6
Hadap	1
Hagar	2
Haha	1
Hakim	6
Hakun	2
Hal	22
Hala	1
Haluan	1
Hamen	1
Hampe	26
Hana	2
Hanang	1
Hanas	4
Hang	496
Hangkariwe	1
Hanrian	2
Hantamian	4
Hante	30
Hanye	551
Hanyeyiru	9
Hanyu	128
Hapus	2
Haraga	1
Haran	2
Harata	1
Hargai	2
Hari	11
Harmagedon	1
Harun	3
Harung	3
Hasil	1
Hasilni	1
Hati-hati	10
Hau	3
Haut	31
Hawa	2
Hawi	2
Hawuang	102
Hawuangni	3
Hayu	46
Hayuleh	1
Heei	1
Heh	1
Heheh	1
Helang	2
Hemor	1
Hengau	1
Hengka	9
Henokh	5
Hentek	3
Herau	3
Here	562
Hermas	1
Hermes	2
Hermogenes	1
Herodes	76
Herodias	9
Herodion	1
Hesli	1
Hewu	3
Hewuk	1
Hewukni	1
Hezron	2
Hi	340
Hiai	17
Hie	81
Hie-hie	4
Hiekah	2
Hierapolis	1
Himat	27
Himeneus	2
Hinang	4
Hinra	14
Hiskia	1
Hitam	1
Hormat	21
Hosea	1
Huan	13
Huang	1
Hubungan	1
Hukum	22
Hukuman	3
Hukumanni	1
Hulu	48
Hulung	2
Hungei	17
Hunien	1
Huwe	1
Huyu	9
Ibadat	1
Iblis	68
Ibrani	14
Ibu	1
Idar	2
Idumea	1
Ikat	2
Ikonium	6
Ilirikum	1
Ilmunu	1
Imam	32
Iman	1
Imbeni	1
Immanuel	2
Ineh	15
Inehni	4
Ingat	17
Inri	2
Insing	7
Inu	1
Inun	263
Inung	1
Inunleh	2
Ipanabe	1
Ira	4
Irani	1
Iru	1
Isa	12
Isai	4
Isakhar	1
Ishak	21
Isi	3
Iskariot	11
Israel	97
Istirahat	1
Italia	5
Itati	112
Itetei	15
Iti	51
Itun	1
Itung	46
Iturea	1
Iwek	1
Iya	9
Iyuh	5
Izabel	1
Jadi	22
Jaga	8
Jahat	12
Jaka	5
Jalan	1
Jamba	2
Jangkau	1
Janji	2
Jari	133
Jatuh	1
Jubah	2
Jukung	1
Jumahat	1
Jumalah	3
Jumpun	2
Juru	1
Jurung	1
Kaadaan	1
Kaadaani	1
Kaadaanni	3
Kaadilan	2
Kaajaiban	2
Kaanrau	8
Kaaraien	1
Kaaraienku	1
Kaayat	2
Kabahumen	1
Kabalikanni	58
Kabalikni	1
Kabalujuran	1
Kabar	171
Kabijaksanaan	2
Kabun	1
Kadadime	3
Kadinung	2
Kadua	1
Kadudukan	1
Kaegahenku	1
Kaeh	1
Kaelan	1
Kaenem	1
Kaepat	3
Kaesarea	3
Kahanangen	2
Kahansuren	1
Kaharapen	3
Kaharatien	1
Kain	4
Kaisar	37
Kaisarea	18
Kaiyat	7
Kajadian	5
Kajadianni	1
Kajahaten	3
Kajut	1
Kakali	3
Kakau	3
Kakuasaan	2
Kakuaten	4
Kala	83
Kalaawe	10
Kalakuan	1
Kalayiru	77
Kalayiti	7
Kaledai	1
Kalemah	1
Kaluar	4
Kama	1
Kamalem	2
Kamampuan	1
Kamelek	1
Kami	164
Kamulek	92
Kana	4
Kanaan	4
Kandake	1
Kapadokia	2
Kapak	2
Kapal	1
Kapala	7
Kaparisayaan	1
Kapernaum	17
Kapihuan	16
Kapihuanni	1
Kapintaren	2
Kapinuu	2
Kapinuu-nuuni	2
Kapinuuni	18
Kapitumpulu	1
Kapten	1
Karajaan	4
Karajaanku	1
Karajaanni	1
Karamaan	1
Karana	4
Kararueh	3
Kararuehni	3
Karawah	10
Karengei	14
Kariwe	2
Karpus	1
Karueh	7
Karuehni	1
Karunia	2
Kasaksian	2
Kasaksiannu	1
Kasalamatan	2
Kasanangen	2
Kasanangenku	1
Kasapuluh	1
Kasatiaanni	1
Kasawalas	1
Kasdim	1
Kasian	3
Kastor	1
Katantuluh	16
Katantuluhni	6
Kataru	1
Katatauen	1
Katatauenni	1
Katatelu	1
Katuluh	130
Katuluhni	22
Katurunan	2
Katurunannu	1
Kauda	1
Kauntungan	1
Kawan	393
Kawan-nabi	1
Kawawe	1
Kayafas	10
Keatuni	1
Kebas	1
Kefas	2
Kemah	12
Kembar	1
Kenan	2
Kengkrea	2
Kerub	1
Kewangun	20
Khios	1
Khuza	1
Kia	3
Kiamat	21
Kidron	1
Kilikia	8
Kirene	6
Kirenius	1
Kis	1
Kitab	1
Klaudia	1
Klaudius	3
Klemen	1
Kleopas	1
Klopas	1
KloÃ«	1
Knidus	1
Kolose	1
Komandan	6
Korah	1
Korazim	2
Korintus	12
Kornelius	15
Kos	1
Kosam	1
Krekes	1
Kreta	8
Krispus	2
Kristal	1
Kristen	78
Kristen-hanyeyiru	1
Kristus	693
Kristus-nganyak	1
Kuasa	6
Kuasani	3
Kuda	1
Kude	967
Kuman	1
Kumpul	2
Kumpulan	1
Kunsi	1
Kunu	1
Kurung	1
Kuruwangah	4
Kutaen	2
Kutaenku	1
Kwartus	1
Labak	1
Labis	29
Lagi	1
Lahikni	1
Lain	5
Laku	7
Lalan	5
Lalet	1
Lamekh	1
Lanani	1
Langit	7
Lantai	1
Laodikia	7
Lapas	1
Lasea	1
Latihan	1
Latin	1
Laut	5
Lawah	3
Lawan	1
Lawu	4
Lawulawini	1
Lazarus	27
Legiun	2
Leha	1
Lela	2
Lelo	1
Lengan	28
Lenganni	3
Lepuh	1
Leu	8
Lewi	18
Lewu	134
Lewuku	3
Lewunu	1
Libia	1
Lida	4
Lidia	3
Likan	31
Likaonia	2
Likia	1
Linus	1
Lisanias	1
Lisias	3
Listra	7
Litar	5
Lois	1
Lot	5
Luar	1
Lukas	3
Lukius	2
Lunta	1
Lurus	1
Luwang	1
Ma	80
Maaf	2
Maat	1
Maawe	1
Maeh	149
Maehleh	1
Magadan	1
Magdalena	14
Magin	1
Maginni	1
Magog	1
Magun	9
Mahadin	3
Mahalaleel	1
Maharung	4
Mahluk	1
Maisasaan	1
Majelis	1
Maka	28
Makai	42
Makedonia	26
Maksud	1
Maksudku	2
Maksudni	1
Maksudnu	1
Malekat	25
Malem	7
Malemni	1
Maling	1
Malkhi	2
Malkus	1
Malta	1
Mamaeh	3
Mamus	2
Manason	2
Manasye	2
Manurut	8
Manyangkul	1
Manyu	15
Mapait	1
Mara	5
Maraleh	1
Maranatha-Tuhan	1
Maria	85
Marikang	1
Markus	11
Marta	19
Masuk	4
Matan	1
Matat	2
Matata	1
Mate	4
Matei	2
Mateini	3
Matias	2
Matica	2
Matius	7
Matueh	5
Mauruh	2
Maut	2
Mawuang	1
Mayu	1
Mazmur	4
Media	1
Mehe	1
Meheni	6
Melea	1
Melkisedek	14
Menahem	1
Merah	3
Mesias	2
Mesir	38
Mesir-katuluhni	1
Mesopotamia	2
Metilene	1
Metusalah	1
Mezbah	2
Miandan	1
Midi	1
Midian	1
Miidar	1
Mikhael	4
Miletus	3
Mina	1
Minggu	6
Minri	1
Minyak	2
Mira	1
Misia	2
Mitah	3
Molokh	1
Moses	131
Mudah-mudahan	3
Mudahan	50
Mulai	6
Mulani	5
Mulia	8
Mulut	1
Mulutni	1
Muneng	1
Murunsia	104
Musuh	3
NAAN	3
Na	1
Naaman	1
Naan	113
Nabahumku	1
Naberkat	9
Nabi	29
Nadap	3
Nadinung	1
Naftali	3
Naga	4
Nagai	1
Nagara	2
Nah	71
Nahason	2
Nahor	1
Nahum	1
Nain	1
Nak	2
Nakakira	1
Nakarawah	1
Nampan	10
Narkisus	1
Nasarah	1
Nasaret	2
Nasehat	1
Nasehatku	1
Nasinrah	1
Nasunat	1
Natampalus	1
Natan	1
Natanael	6
Natawat	2
Naun	306
Naunleh	2
Nautus	1
Nawat	1
Nazaret	29
Neapolis	1
Negeri	2
Nelang	368
Neleng	1
Nenak	1
Nereus	1
Neri	1
Neu	37
Ngakali	1
Ngaran	9
Ngaranku	2
Ngaranni	10
Ngitung	1
Ngulah	2
Nikanor	1
Nikodemus	7
Nikolaus	3
Nikopolis	1
Nimfa	1
Niniwe	5
Nuah	12
Nuku	9
Nyalamat	2
Nyanyian	1
O	10
Obed	2
Olimpas	1
Onesiforus	3
Onesimus	4
Pabunat	1
Pada	12
Padadusan	1
Padahal	16
Padingian	4
Padudusan	1
Paenat	1
Pafos	2
Pagar	3
Pagawai	5
Pagawian	2
Pahapau	1
Pak	1
Pakai	13
Pakaian	6
Pakaianni	2
Pakaileh	2
Pakarajaan	1
Pakatik	5
Palabuhan	2
Palangaran	3
Palanungkai	1
Palayan	14
Palelo	1
Palelu	4
Palihara	4
Palumpunganni	1
Palus	7
Pama	1
Pamaahi	1
Pamalihara	1
Pamarentahan	2
Pamarentahanni	1
Pamarentahannu	1
Pambaptis	25
Pambebasan	1
Pamelum	6
Pamfilia	5
Pamimpin	5
Pamimpinnu	1
Pampatai	1
Pampatei	10
Pampateini	1
Pamuda	1
Panduduk	3
Panga	16
Pangaambau	3
Pangabarasis	1
Pangadilan	25
Pangajaranni	1
Pangakaehni	1
Pangantin	4
Pangarariu	1
Pangarasaen	2
Pangarasaenku	1
Pangarawah	5
Pangatahuanni	1
Panggapit	1
Panguasa	2
Paninungan	1
Pantaru	16
Panukuan	1
Panyaga	1
Panyakit	2
Panyakitni	2
Panyalamat	93
Panyalamatku	1
Panyalindung	1
Papire	45
Parahatan	11
Parapahni	1
Parasmian	1
Parayaan	8
Pardamaian	1
Parei	2
Parentah	6
Pargaulan	1
Paribasani	3
Pariksa	1
Paring	1
Parisaya	3
Parisayaleh	37
Parisi	58
Parjamuan	2
Parjanjian	1
Parmenas	1
Partia	1
Parwira	3
Pas	1
Pasanggarahan	1
Pasar	1
Pasaran	1
Paskah	36
Pasukan	2
Patara	2
Pati	4
Patmos	1
Patriot	4
Patrobas	1
Patut	9
Paulus	306
Paulus-nakuasa	1
Pauweng	1
Pee	1
Peleg	1
Penah	1
Pendekni	1
Pentakosta	3
Penu	1
Peres	2
Perga	3
Pergamus	2
Perisayaleh	1
Perkius	1
Persis	1
Perwira	1
Pesen	1
Pesta	2
Petrus	264
Piadil	1
Pidasaran	1
Pidian	1
Pidileh	1
Pihante	4
Pihawian	1
Pihawianni	1
Pijumpuhanni	5
Pikaehnu	1
Pikir	3
Pikiran	3
Pikirannu	2
Pilakuan	1
Pilatus	78
Pilipi	8
Pilipus	1
Pipakatan	1
Pipatutni	3
Pipik	1
Piraai	3
Pire	7
Pirus	1
Pisidia	4
Pitu	7
Piutul	1
Pokok	1
Poluks	1
Pontius	3
Pontus	3
Prigia	1
Priskila	7
Prokhorus	1
Ptolemais	1
Puang	203
Publius	1
Pudes	1
Pukul	3
Pulaksainaini	1
Pulaksanai	141
Pulaksanaikatuluh	1
Pulaksanaiku	10
Pulaksanainu	1
Putioli	1
Raan	1
Rabi	2
Rabuni	1
Ragi	2
Rahab	3
Rahat	8
Rahel	1
Raja	162
Raja-raja	1
Rajanu	1
Rakyat	2
Ram	1
Rama	48
Rangi	2
Ransana	1
Ransanani	1
Ranu	2
Rarapisan	1
Rasa	1
Rasanu	1
Rasia	2
Rasul	4
Ratu	2
Rawat	1
Rawen	1
Rawenni	1
Raya	11
Rebeka	3
Refan	1
Regium	1
Rehabeam	1
Rehu	1
Reken	1
Rengei	22
Resa	1
Resimen	1
Rikut	7
Rite	3
Riwut	3
Rode	2
Rodos	1
Roh	277
Rohani	1
Rohjahat	1
Rohku	3
Rohni	19
Rohnu	1
Roma	44
Romawi	2
Rote	8
Ruang	10
Ruangan	2
Ruben	1
Rueh	11
Rufus	3
Rut	1
Sa	81
Saawe	5
Sabab	1
Sababni	1
Sabar	1
Sabat	62
Sabujurni	20
Sadang	2
Sadi	2
Sadia	8
Saduki	15
Safira	1
Sagar	4
Saharusni	3
Sahaya	2
Sahuan	1
Saisa	1
Sakurang-kurangni	1
Sakuyan	1
Salain	3
Salamat	10
Salamis	1
Salawah	13
Salem	3
Salenga	14
Salmon	3
Salmone	1
Salome	2
Salomo	11
Salugup	1
Salumparau	1
Samalis	2
Samambatang	10
Samare	2
Samaria	26
Samawai	1
Sambah	3
Sameh	11
Samos	1
Samotrake	1
Samuel	3
Samula	54
Sanabahumku	1
Sanang	6
Sanasintaku	1
Sanawit	9
Sanepah	1
Sanggup	2
Sangkir	1
Sanrata	1
Sanrengei	1
Sanrite	1
Sanruntun	1
Sanuput	1
Sapersapuluh	1
Sapertiga	3
Sapi	3
Sapuluh	6
Sara	5
Sarah	5
Sarambi	1
Sarani	1
Saratang	2
Sardis	3
Sarfat	1
Sarigala	2
Sarita	1
Saron	1
Sarudung	1
Sarurui	1
Satia	1
Satiap	2
Satua	10
Saul	1
Saulus	41
Saulus-sa	1
Sawayan	1
Sealtiel	2
Seh	3
Sekundus	1
Seleukia	1
Sem	1
Sensus	1
Serambi	1
Sergius	1
Serug	1
Set	1
Setan	1
Sidon	11
Sikhar	2
Sikhem	2
Silaka	27
Silas	35
Siloam	4
Silu	2
Simei	1
Simeon	8
Simon	90
Simson	1
Simuh	2
Sinai	4
Sinai-sa	1
Singa	1
Sinrah	10
Sinta	12
Sintak	1
Sintaku	1
Sintike	1
Sion	7
Siprus	8
Sirakusa	1
Siria	10
Sirtis	1
Sitaitu	1
Skewa	1
Smirna	2
Sobat	3
Sodom	10
Sopater	1
Sosipater	1
Sostenes	2
Spanyol	3
Stakhis	1
Stefanus	23
Stoa	1
Suah	5
Sual	1
Suba	28
Subuh	1
Sukup	2
Sukupleh	1
Sumbayang	1
Suni	5
Suntu	1
Surat	170
Suratku	1
Surung	5
Susana	1
Syukur	1
Tabahleh	2
Tabe	19
Tabeku	3
Tabita	2
Tadeus	2
Taduh	2
Tahampe	3
Taharak	1
Takam	89
Takia	1
Takut	4
Takutuk	1
Talita	1
Talitik	1
Tamar	1
Tamasuk	2
Tampalus	9
Tampalusleh	1
Tamu	1
Tanan	3
Tane	10
Tangan	1
Tangar	1
Tanggar	1
Tangisleh	1
Tangke	2
Taniuh	4
Tanjung	1
Tanrikni	1
Tanrusak	1
Tantara	1
Tantarang	4
Tarang	1
Tarima	2
Tarime	8
Tarompet	1
Tarsus	5
Taru	3
Tatap	1
Tatapleh	1
Tatiap	5
Tau	14
Tauka	1
Tawat	21
Tawuk	335
Tegei	2
Teka	61
Telesonika	1
Telu	9
Tena	1
Tenda	3
Tenga	8
Tengani	1
Teofilus	2
Terah	1
Tertius	1
Tertulus	3
Tesalonika	9
Teudas	1
Teweng	1
Tiap	39
Tiatira	4
Tiberias	3
Tiberius	1
Tiga	1
Tikas	4
Tikhikus	7
Timbai	1
Timeus	1
Timon	1
Timotius	36
Timur	1
Tipu	1
Tiranus	1
Tirus	12
Titius	1
Titus	18
Titus-sa	1
Tomas	13
Trakhonitis	1
Trifena	1
Trifosa	1
Troas	7
Trofimus	2
Trofimusulun	1
Tuan	104
Tuan-tuan	8
Tuanku	3
Tugas	2
Tuhan	830
Tuhanku	7
Tuhannu	1
Tuing	4
Tuingnu	1
Tujuan	2
Tujuanku	1
Tujuanni	3
Tukang	1
Tulak	1
Tulisan	1
Tumpuk	12
Tunduk	1
Tunti	2
Tuntileh	1
Tunung	2
Turun-tamurun	1
Tutui	1
Tuu	64
Tuu-tuu	1
U	33
Udi	353
Udiyiru	71
Uka	5
Ukui	1
Ukuran	2
Ulah	16
Ulu	1
Ulun	335
Umba	4
Ume	1
Umpamani	9
Umpe	1
Umurni	1
Umurnu	1
Uneng	5
Unengan	2
Ungkup	5
Untung	1
Unur	2
Upani	1
Upu	2
Uran	1
Urbanus	1
Uria	1
Uruwawa	3
Uruwawani	3
Uut	1
Uweng	3
Uzia	1
Wahai	7
Walah	7
Walahni	1
Walaupun	1
Wanawang	5
Wangun	2
Wangunni	3
Wansit	1
Wara	11
Ware	107
Wasian	2
Wat	10
Watu	10
Wau	20
Wauh	1
Wawai	1
Wawei	18
Wayah	2
Wayahni	4
Weat	2
Wehei	1
Welum	14
Widi	2
Wila	1
Wini	15
Wisa	1
Wuah	133
Wui	1
Wulu	1
Wuluni	1
Wunu	6
Yahudi	419
Yahudi-balalu	1
Yahudi-daya	1
Yahudi-haut	1
Yahudi-kabar	1
Yairus	12
Yakobus	43
Yakub	26
Yakut	1
Yalah	7
Yambres	2
Yanai	1
Yanes	2
Yang	1
Yared	1
Yari	3
Yason	5
Yati	7
Yefta	1
Yehuda	7
Yehudi	3
Yekhonya	2
Yeremia	3
Yerikho	6
Yerusalem	157
Yesaya	24
Yesua	1
Yesus	2266
Yesus-teka	1
Yesuskarasukan	1
Yiru	147
Yirulah	1
Yiti	16
Yoda	1
Yohana	2
Yohanan	1
Yohanes	202
Yona	5
Yonam	1
Yope	12
Yoram	1
Yordan	15
Yorim	1
Yosafat	1
Yosef	56
Yosekh	1
Yoses	3
Yosia	1
Yosua	2
Yotam	1
YoÃ«l	1
Yudas	55
Yudea	54
Yulia	1
Yulius	2
Yunani	19
Yunias	1
Yunus	9
Yustus	3
Zadok	1
Zaitun	12
Zakaria	19
Zakheus	4
Zebedeus	10
Zebulon	3
Zenas	1
Zerah	1
Zerubabel	2
Zeus	2
[	22
]	22
ada	293
adas	1
adat	16
adil	32
adili	2
adilni	1
adonan	3
adu	1
agama	224
agama-nawunnu	1
agamani	1
agamanu	2
aheng	10
ahi	64
ahilelo	3
ahli	16
ajaib	25
ajar	17
ajaran	82
ajaranku	11
ajaranni	12
ajarannu	2
ajuk	1
akal	14
akalku	5
akalnu	1
akhir	2
akhirat	1
akhirni	8
akibatni	3
akrab	1
aku	2293
aku-aku	1
ala	165
alah	6
alakatantuluh	15
alakatantuluhni	3
alam	12
alap	5
alatalla	2
alep	5
alimangu	5
alimu	7
aliran	2
alun-alun	1
alut	2
amalem	11
aman	5
amangan	14
amanganni	1
amas	55
amasni	1
amba	2
ambah	72
ambahku	4
ambahni	27
ambahnu	1
ambai	1
ambau	275
ambau-ambau	2
ambauni	12
ambuan	53
ambun	1
ami	25
amiku	2
amileh	2
amini	1
amirue	9
amirueku	3
amirueni	1
amiruenu	5
ammahni	1
ampang	1
ampar	6
ampat	2
ampatbalas	3
ampatung	10
ampatungni	5
ampeng	1
ampi	1
ampiarai	1
ampikansing	4
ampu	3
ampulek	1
ampun	38
ampunan	1
ampungaran	2
amuan	1
amulean	8
amuleanni	3
amun	556
anak	285
anak-anakku	1
anakku	39
anakni	75
anaknu	3
anakuta	39
anawang	4
andak	1
andakku	1
andal	1
andini	2
andinu	2
ane	7
aneh-aneh	2
ang	5
angaan	15
anggap	1
anggapku	1
anggapleh	2
anggota	56
anggotani	2
anggur	92
anggur-hanyeyiru	1
anggurku	2
anggurni	5
angka	4
angkalap	7
angkarei	4
angkatan	5
angkeng	1
angkudi	1
angmaka	1
angneh	14
anipe	13
anrau	478
anrauni	15
anre	1
anrei	1
anri	2607
ansaman	3
antahu	7
antara	4
antelui	1
antuh	2
antuhan	1
anule	2
ape	3
aperu	1
apik	1
apui	83
apuini	2
ara	29
arai	117
araini	1
arariai	1
arati	16
aratini	31
areng	1
aret	1
ari	4
ariai	1
arinu	2
arit	4
aritni	1
aritnu	2
arni	1
artini	1
aru	1
aruai	5
aruangan	3
asa	8
asa-asaan	1
asal	20
asal-usul	1
asalku	2
asalni	58
asing	9
asli	4
asuk	2
atai	1
atas	2
atasan	1
atasanku	1
atawa	452
atei	427
atei-biar	1
ateiku	27
ateini	60
ateinu	18
ati	9
atiai	1
atikala	3
atikalani	2
atu	1
atuk	12
aturan	49
aturanni	1
aur	2
awak	1
awan	17
awap	1
awas	1
awat	4
awe	117
awe-awe	27
aweleh	1
awetan	1
ayat	25
baabad-abad	2
baagama	10
baah	11
baakal	1
baamal	1
baanak	2
baanggapan	1
baanrau-anrau	1
baapui	1
baarati	77
baasal	19
babadus	1
babagi	2
babahaya	3
babaju	1
babal	1
babalu	1
babaran	5
babat	1
babeda	1
babiri	50
babiriku	6
babirini	7
babudi	1
babuhan	11
babujur	1
babukti	1
babur	17
babutit	3
badadas	3
badagang	5
badahulu	6
badamai	6
badarangan	1
badaya	3
badina	1
badoa	150
badoaleh	1
badosa	119
badosa-daya	1
baegah-egah	2
baelat	1
bagabung	1
bagalumbang	6
bagamat	1
baganti	3
baganti-bagilir	1
bagantung	6
bagarak	6
bagaul	3
bagawi	124
bagenda	5
bagi	2
bagian	30
bagianku	1
bagianni	5
baginda	2
bagoreng	1
bagurayang	9
bahadapan	7
bahadat	1
bahahar	1
bahalangan	1
bahamuran	3
bahan	1
bahara	1
baharaga	24
baharap	7
bahasil	11
bahati-hati	2
bahaya	14
bahayal-hayal	1
bahewuk	1
bahimat	75
bahiri	7
bahubungan	4
bahum	6
bahumku	1
bahumni	3
bahumnu	2
bahuruk	1
baibadat	5
baidar	1
baidim	4
baiduri	5
bailmu	3
bajabat	1
bajaga	18
bajaga-jaga	6
bajanji	17
bajiwa	1
baju	18
bajuang	20
bajubah	1
bajuju	1
bajuni	1
bajunu	2
bajuta-juta	2
bakadan	2
bakah	2
bakahalaen	19
bakajadian	6
bakajal	6
bakakurangen	5
bakal	1
bakalabihan	3
bakalakuan	1
bakaliaran	2
bakaliling	4
bakalompok	3
bakam	4
bakaras	1
bakas	8
bakhotbah	8
baki	4
bakilah	2
bakuasa	71
bakuda	4
bakulalingni	1
bakumpul	77
bakumpul-naan	1
bakung	2
bakunsi	1
bakurang	1
bakurung	1
bakutuk	4
balabihan	6
balai	2
balain	4
balain-lain	2
balainan	1
balakang	1
balalu	1148
balanai	7
balanga	1
balas	4
balasan	2
balasangar	32
balasangarni	7
balawanan	11
balawuan	1
balayar	38
balee	1
balepet	1
balerang	6
balik	5
balirang	1
balisah	8
balok	3
baluk	3
balunggu	2
balungguni	1
bamaksud	3
bamatueh	1
bamusuh	3
bamusuhan	5
banda	15
banding	1
bangaran	73
bangat	16
bangkai	37
bangkaini	7
bangku	2
bangsa	202
bangsaku	5
bangsani	3
bangsanu	2
bangsawan	2
bangunan	13
bank	2
bantah	5
bantuan	9
baobat	1
bapakaian	15
bapandapat	4
bapandidikan	3
bapandirian	1
bapaner	223
bapangaruh	9
bapanyakit	1
bapanyangit	1
baparang	6
baparisaya	1
bapasar	1
bapaut	1
bapee	4
bapesta	3
bapidasan	1
bapidato	2
bapidi	5
bapihak-pihak	1
bapikir	15
bapindah	1
bapisah	5
bapondasi	1
baptisan	10
baptisanni	1
bapura-pura	16
bapusing	1
barabut	1
baragi	2
barajaki	1
baranai	5
barang	13
barangku	1
barangni	3
baransana	1
bararami	3
barare	1
barasis	101
barasun	1
barat	26
barat-hanyeyiru	1
barhala	35
baribu-ribu	5
barikatak	2
bariran	45
baris	2
barisan	1
bartindak	1
barueh-barueh	2
barunding	3
barunrui	13
barupa	1
barupit	1
basa	71
basabar	6
basadakah	1
basadia	11
basahaya	7
basalindung	1
basamangat	11
basampur	5
basanang-sanang	2
basanjata	1
basarah	1
basarita	1
basingkir	8
basinsi	1
basual	33
basuara	1
basumpah	29
basumpah-sumpah	1
basunat	5
basurak	4
basurung	2
basyukur	3
batabe	1
batahan	9
batambah	34
batambah-tambah	1
batan	6
batangan	1
batanggung	8
batanni	1
batanruk	5
batantu	40
batarima	23
batas	6
batas-batas	1
batasni	1
batatai	1
batataik	1
batatap	2
bataun-taun	2
batin	8
batindak	20
batingkah	1
batinnu	1
batitir	1
batobat	44
batu	11
batuah	1
batugas	4
batumbak	1
batunangan	2
batuyuk-tuyuk	1
baubah	17
baulu	2
baumur	10
bauntung	5
bautang	5
bawajib	1
bawarna	1
bawilah	43
bawisa	1
bawua	3
bawulu	1
baya	485
bayar	37
bayarni	4
bea	1
bebas	36
bedani	4
bela	7
belani	2
belerang	1
bembang	9
bemeh	1
bemehni	1
benar	5
benteng	1
bere	20
bere-murun	1
beres	7
berkat	52
berkatni	2
bertanggung	1
besar	1
betang	2
biadab	1
biar	92
biasa	49
biasani	7
biaya	3
biayaku	1
biayani	1
bijaksana	21
bilang	7
binasa	11
bingkas	2
bingung	11
bintang	11
bintangni	1
bintap	1
biru	1
bisara	2
bongkok	1
brasis	2
buas	2
bubuhan	1
budas	91
budi	4
budinu	1
budu	16
bujang	21
bujukan	1
bujur	142
bujurni	3
buka	2
bukan	6
bukang	1
bukani	2
bukit	28
bukti	23
buktini	7
buku	55
bukuku	2
bulat	9
bulu	1
bulus	1
bumi	15
bungani	2
bungas	8
bungasni	2
bungkuk	1
bunsu	2
bureh	1
bureng	2
buritan	1
buritanni	1
buruh	1
buruhni	2
buruk	13
burung	1
butit	51
cabul	4
cacat	7
cambuk	1
celani	1
cempaka	1
cerai	1
cukup	1
dada	3
dadani	1
dadupa	6
daerah	78
daerah-daerah	1
daftar	3
dagangan	2
daging	25
dagingku	6
dagingni	2
daharu	1
dahulu	144
dahuluni	3
dahuru	1
dalulu	1
damai	18
damainu	1
dami	35
dan	1
danau	49
dapa	9
dapur	3
dara	10
darajat	2
darangan	14
daranganku	1
daranganni	20
daras	1
dasak	1
dasar	3
datar	1
datu	62
datu-nini	4
datu-ninini	1
daur	1
dawaan	17
daya	2021
dayakawan	1
dayaku	11
dayani	30
dayanu	18
delima	2
demi	11
dendam	1
deruh	5
desa	15
dewa	15
dewasa	10
dewi	5
die	73
die-hau	1
dieni	1
diki	6
diluar	2
dime	44
dimem	2
dimempulu	7
dingin	3
dinung	77
dinungku	4
dinungleh	1
dinungni	2
dinungnu	9
dipen	4
dipenni	1
dirai	1
dirak	1
dirak-dirai	2
diri	112
diriku	31
dirini	89
dirinu	26
disentri	1
diungni	3
diwi	39
diwian	1
doa	20
doani	1
doanu	3
dokter	5
dompet	4
dongeng	1
dorongan	1
dosa	218
dosani	17
dosanu	6
dua	33
duan	5
duanni	3
dudup	2
duhu	4
duit	115
duitan	4
duitku	3
duitni	13
duitnu	1
dukun	2
dulang	3
dulu	1
duluni	8
dunia	356
duniawi	4
durhaka	4
durhakani	2
duruhaka	9
duta	1
eau	170
eauku	18
eauleh	1
eauni	38
eaunu	9
egah	1
egah-embung	1
eha	26
ekak	1
ekat	346
ekatni	2
ekumni	3
elah	4
elahni	22
elat	4
elatni	2
eleh	26
elep	1
eloi	1
eluk-ekul	1
embah	12
emung	2
enat	4
enem	10
enempulu	6
engken	1
enguh	23
enguhni	1
enteng	1
entu	3
epat	50
erai	1
erang	821
ereng	1
es	4
eter	4
firman	3
gading	1
gaer	14
gagada	5
gagah	1
gagal	2
gagampung	1
gagandak	1
gagaur	1
gagiret	1
gagudan	8
gagueng	3
gagunu	3
gaguruh	1
gaguwur	1
gaguyuh	5
gaha	27
gaib	3
gaibnu	1
gajehnu	1
gajir-gajar	2
galagat	1
galandangan	1
galar	1
galas	1
galis	29
galis-galisni	1
galisah	2
galumbang	13
gambar	3
gambaran	4
gamungan	2
gana	196
ganap	4
ganas	1
gandum	27
gandumni	1
gang	1
ganjah	30
gansang	9
ganta	16
gantang	4
ganti	2
gantungan	1
garagaji	1
garak	4
garis	1
garombolan	2
garu	2
garuit	3
gatap	1
gauh	1
gawi	7
gawian	17
gawianni	1
gawini	6
gedung	5
geger	4
gelisah	1
gempa	13
genda	15
gendani	1
gerakan	1
gerbang	12
gerbangni	3
gere	2
gerejaku	1
geung	1
geung-munggu	1
giat	2
giatni	2
gilang-gilup	1
gilingan	3
giliran	3
giliranni	1
giruh	1
golongan	12
gorombolan	1
gua	1
gubernur	20
gudang	1
gudangku	1
gugup	2
guha	3
guhup	1
gunani	8
gunung	25
gupuh	3
gurayang	2
gurayangku	1
gurayangni	1
guru	106
gurun	32
guruni	4
gurunu	1
gusung	2
gutur	1
gutus	1
guyang-gampah	1
haawe	2
haba	8
habaku	1
habani	3
habu	12
habuk	1
hadap	2
hadapan	194
hadapanku	4
hadapanni	9
hadat	7
hadiah	10
hadiahni	2
hadin	2
hadir-hi	1
haidni	3
hajatni	1
hak	41
hakim	16
hakimni	1
hakku	1
hakni	2
hakun	37
hal	503
hal-hal	1
hala	53
halal	5
halanganni	1
halni	9
haluan	4
hamen	402
hamituan	1
hampe	693
hampi	49
hampire	1
hampitu	1
hampitukali	1
hampitumpulu	1
hamui	1
hanai	6
hanaini	1
hanang	24
hanangni	1
handuk	2
hang	3018
hangat	2
hanggarak	1
hanggatuk	2
hangkamalem	1
hangkariwe	2
hangwuang	1
hanime	1
hanjabak	15
hanrabut	8
hanrampak	1
hanrampas	15
hanrantai	2
hanrantaini	1
hanrapak	25
hanrasuk	1
hanreken	4
hanrian	68
hanrianni	1
hanruap	3
hanrueh	2
hanrumbakni	1
hansur	32
hansurni	1
hantamian	16
hante	207
hantek	2
hantelu	7
hanteni	14
hanye	3422
hanyeyiru	546
hanyeyiti	3
hanyu	801
hanyut	3
hapau	7
hapus	2
hara	2
haraga	9
haragani	10
haram	6
harap	83
harapan	9
harata	19
harataku	1
haratani	11
haratanu	4
harek	1
hari	3
harta	1
hartani	2
hartanu	1
harui	3
harus	442
hasil	33
hasilni	10
hati-hati	17
hau	71
haut	1875
hawa	2
hawan	1
hawatir	1
hawenan	2
hawi	708
hawi-hanye	2
hawi-tau	1
hawileh	2
hawini	9
hawuang	588
hawuangni	23
hayu	24
hebu	2
heei	46
helang	17
hena	9
hene	4
heneng	37
hengai	2
hengau	38
hengauku	10
hengauni	21
hengaunu	5
henget	1
hengka	60
hengkang	1
hentek	5
herau	3
herauan	5
here	2847
hewu	1
hewuk	7
hewukku	3
hewukni	6
hi	1661
hiai	3
hie	252
hie-hie	68
hie-hieleh	1
hieleh	1
higa	2
higaku	1
higani	2
hilani	1
himat	203
hina	10
hinaan	2
hinang	57
hinra	67
hinut	1
hipit	4
hirut	2
hisop	1
homoseks	1
hormat	36
hormatku	2
huai	6
huan	133
huang	1
hubungan	30
hubunganni	5
hujung	11
hujungni	1
hukum	205
hukuman	61
hukumanni	2
hukumku	3
hulet	35
huletni	1
hulu	30
hulung	45
humur-humis	3
hungei	12
huni	4
hunien	6
hurap	9
huru	2
huru-hara	1
huruf	3
huruk	2
hurukan	6
hurup	2
hurut	1
hurutan	1
huwe	1
huyu	11
huyuan	1
huyuku	1
ialah	1
ibadat	1
ibarasis	3
ibaya	29
ibela	40
iblis	5
ibu	1
idapa	20
idarangan	2
iengen	1
igangulun	2
igauh	1
igutik	2
ijin	3
ijuku	22
ikaeh	41
ikakehet	4
ikalihik	5
ikangkewul	6
ikat	4
ikatan	1
ikeneh	1
ikhlas	2
ikule	1
ikulik	17
ikuruwundung	2
ikuta	27
ilah	1
ilahi	1
ilahini	1
ilaki	3
ilaki-wawei	1
ilaku	132
ilalunga	1
ilanga	1
ilansar	6
ileku	36
ilelap	3
ilewa	3
ilham	1
ilingkar	1
ilmu	3
imam	157
iman	8
imanku	1
imanni	1
imannu	2
imbe	31
imbeni	1
impeh	1
ina	2
inai	1
inamku	1
inau	3
inda	3
indaku	2
indanu	1
ineh	56
ineh-ambahni	6
inehku	5
inehni	32
inehnu	7
ingangaran	1
ingat	6
inggu	1
ingkam	2
ingkamku	2
insing	16
insingku	1
insingni	1
inti	2
inun	869
inun-inun	81
inunleh	4
ipaka	1
ipakaian	2
ipalu	1
ipamada	1
ipamada-pangampihala	1
ipamalelo	1
ipamanas	1
ipamipi	1
ipamui	1
ipamuntaka	1
ipamunu-ipanampatei	1
ipanabe	4
ipanagur	1
ipanangkansing	1
ipanarime	1
ipanawan	5
ipanawit	2
ipangajar	1
ipangajik	1
ipangaku	1
ipangami	3
ipangampihala	2
ipangampun	3
ipanganrei	1
ipangarawah	3
ipangatawani	1
ipangirim	1
ipaninung	1
ipanrigat-ipamuar	1
ipanrujung	1
ipansinta	1
ipanunti	5
ipapah	1
ipasinta	24
ipasusun	4
ipaulek	1
ipesen	5
ipulaksanai	15
ipusu	38
ira	56
irahinra	1
iraku	7
iraku-ira	1
irani	6
iraraat	1
irarah	4
irarami	1
irarereu	1
ireket	7
iriai	1
iring	24
iru	6
irura	2
isa	505
isamawai	1
isanawit	1
isani	2
isapa	1
isarat	1
isasakah	1
isi	15
isini	2
istana	17
istiadat	9
istimewa	2
istirahat	3
isuntu	9
isyarat	5
itak	1
itaknu	1
itamelum	1
itatamam	1
itatawat	2
itati	300
itegei	33
itetei	139
iti	11
ituhun	1
itun	1
itung	38
itungleh	1
itunti	11
iwada	2
iwakat	4
iwaleh	20
iwalehni	1
iwaleng	3
iwara	320
iwarani	1
iwawansit	9
iwawara	29
iwei	1
iweini	2
iwek	20
iweken	2
iwekni	1
iwidian	2
iwui	1
iwure	3
iya	153
iyani	3
iyanu	3
iyuh	153
iyuh-juatku	1
iyuhni	5
iyuhnu	1
izin	10
jabak	3
jabatanni	3
jabung	1
jadi	4
jaga	18
jahanam	2
jahat	253
jahatni	2
jahitanni	1
jajahan	1
jaka	12
jalan	2
jam	18
jaman	69
jaman-nelang	1
jambaku	1
jaminan	8
jamni	3
jangkar	6
jangkeng	2
jangkengni	3
janji	80
janjiku	1
janjini	17
janjinu	1
janrah	4
jaranih	1
jaranis	1
jari	718
jarini	1
jarum	1
jasa	3
jasmani	1
jatang	9
jatangnu	1
jatuh	30
jawab	17
jawaban	2
jawabni	1
jelas	1
jenisni	1
jintan-katumbar	1
jiru	1
jiwa	1
jua	29
juara	1
juat	1
jubah	27
jubahku	2
jubahni	16
jubahnu	4
jubung	8
jubut	8
juju	7
juju-lau	3
jujur	13
jukung	59
jukungni	1
jumalah	9
jumalahni	6
jumpuh	11
jumpun	5
jurumudi	1
jurusalamat	2
justru	3
juta	1
juwung	1
kaadaan	39
kaadaani	1
kaadaanku	3
kaadaanni	23
kaadilan	6
kaadilanku	1
kaadilanni	2
kaagamaan	1
kaajaiban	56
kaampat	1
kaampun	5
kaampunan	3
kaanrau	20
kaaraian	1
kaaraien	21
kaaraienku	2
kaayat	5
kabahirien	40
kabahirienni	2
kabahumen	126
kabahumenku	15
kabahumenni	30
kabahumennu	5
kabali	2
kabalikanni	7
kabanaran	7
kabar	184
kabaratan	6
kabaratanku	2
kabarni	1
kabebasan	7
kabebasanku	1
kabebasannu	1
kabembangen	1
kabenaranni	1
kabereen	1
kabesaran	1
kabesaranni	1
kabiasaan	7
kabiasaanni	1
kabidang	1
kabijaksanaan	21
kabijaksanaanni	1
kabinasaan	8
kabingungan	1
kabintap	1
kabuduen	1
kabulujuran	1
kabun	54
kabunni	4
kaburiat	1
kabus	3
kabut	1
kabutup	3
kacapi	1
kacau	1
kacau-balau	1
kacewa	1
kacubung	1
kadamaian	5
kadan	2
kadanen	6
kadangni	2
kadapan	1
kadapatan	3
kadiah	1
kadiawet	2
kadidit	2
kadiki	23
kadiki-inun	1
kadime	4
kadimuk	1
kadinung	505
kadua	27
kaduawalas	6
kadudukan	13
kadudukanni	5
kaealan	1
kaeau	1289
kaeaukalayiru	1
kaegahen	2
kaegahenku	1
kaeh	4
kaehni	19
kaelan	17
kaelanen	1
kaelanenni	1
kaenem	5
kaenguh	1
kaepat	25
kaetuni	1
kafan	5
kafanni	1
kafir	1
kagaeranni	1
kagalisan	1
kagiatan	2
kagiatanni	1
kagugupennu	1
kagumpal	1
kahaba	59
kahalaen	63
kahalaenku	1
kahalaenni	6
kahamenen	4
kahamenennu	1
kahanangen	141
kahanangenku	1
kahanangenni	1
kahansuren	3
kahapangni	1
kaharapen	34
kaharapenni	6
kaharatien	17
kaharatien-kataruen	1
kahatien	3
kaheeien	8
kaheeienku	1
kaheian	1
kahiris	1
kahormatan	4
kahumen	1
kai	43
kain	34
kaingkam	150
kainni	1
kaisar	2
kait	2
kait-kejang	1
kaitung	53
kaiyat	24
kaiyuh	428
kaiyuhenni	1
kajadian	66
kajahaten	40
kajahatenni	5
kajamba	1
kajawa	1
kajuaraan	1
kajuju	23
kajujuren	1
kajut	14
kaka	2
kakai	1
kakakau	2
kakal	1
kakala	12
kakali	2
kakan	2
kakansingen	2
kakansingenku	1
kakansingenni	1
kakarasen	7
kakatau	1
kakau	57
kakauni	6
kakete	4
kaketer	1
kakihi	9
kakiraan	1
kakiraku	1
kakuaren	2
kakuasaan	21
kakuasaanku	1
kakuasaanni	4
kakuaten	36
kakuatenni	1
kakuatennu	2
kakulek	1
kakulepan	1
kakulepanni	2
kakune	4
kakunus	7
kakurangen	12
kakuring	3
kala	837
kalaawe	47
kalaaweleh	4
kalabihan	14
kalabu	2
kalahie	1
kalahiran	2
kalahiranni	1
kalakuanni	1
kalalawah	87
kalalawahni	68
kalam	1
kalamahan	1
kalamar	12
kalangan	1
kalati	2
kalauan	2
kalawangun	2
kalayiru	385
kalayiti	122
kaledai	18
kaledaini	2
kalemah	24
kalemeen	1
kalemeenku	4
kalewa	3
kali	48
kaliling	7
kalilingan	7
kalilinganni	1
kalilingni	3
kalima	1
kalini	15
kaliru	1
kalompok	11
kaluah	2
kaluar	153
kaluarga	13
kaluargaku	1
kaluargani	2
kalukup	1
kalumpuk	5
kalungaen	2
kaluwarga	1
kaluwargani	1
kamajuan	1
kamajuannu	1
kamalem	41
kamampuan	11
kamampuanni	1
kamanangen	12
kamanangenni	1
kamanyan	7
kamar	13
kamarau	3
kambang	3
kambing	6
kambut	6
kamelek	1
kamer	4
kamerdekaan	1
kametei	4
kami	832
kampung	1
kamuaren	1
kamudi	2
kamulek	191
kamuliaan	1
kamuliaanni	1
kamumu	1
kandang	3
kandi	2
kandini	1
kanker	1
kansing	21
kantor	2
kantorni	1
kantung	9
kantungni	1
kapaju	1
kapal	58
kapal-katuluhni	1
kapala	97
kapalasuan	1
kapalni	1
kapan	2
kapandaien	3
kapandaienku	1
kapandaienni	1
kapangitup	1
kapantingan	15
kapantinganku	2
kapantinganni	4
kapapitu	1
kapapituni	2
kaparisayaan	72
kaparisayaanni	8
kaparisayaannu	3
kaparluan	25
kaparluanni	2
kapas	1
kapasukan	1
kapatei	3
kapateiku	1
kapatuhen	1
kape	1
kapihuan	58
kapihuanni	2
kapintaren	19
kapintarenni	2
kapinuu	18
kapinuu-nuuni	1
kapinuuni	13
kapit	36
kapitu	40
kapribadian	2
kapten	2
kapungitup	1
kaputusan	16
kaputusanku	2
kaputusanni	2
kaputut	1
karadau	1
karajaan	16
karajaanku	3
karajaanni	2
karamaan	1
karana	1
karandahen	2
karang	5
karangkapen	5
karanjang	3
kararueh	21
kararuehni	15
karas	10
karasa	509
karasik	6
karasni	5
karasukan	16
karatas	2
karawah	11
karawahen	5
karawekan	6
karawen	1
kareh	1
karelaan	4
karengei	281
kareta	4
karetani	3
karikangen	5
karinah	1
karing	10
karinginan	1
kariwe	17
karombongan	1
karuampulu	4
karuan	2
karuanni	1
karueh	54
karugian	3
karukunen	2
karung	1
karunia	25
karusaken	1
karusi	5
karusuhan	1
kas	2
kasa	2
kasabaren	4
kasabarenni	3
kasai	1
kasakahen	3
kasaksian	54
kasaksianku	3
kasaksianni	7
kasaksiannu	2
kasalamatan	9
kasampat	1
kasampatan	34
kasanangen	50
kasanggupen	14
kasangiten	8
kasangitenni	5
kasangitennu	1
kasapi	5
kasapuluh	1
kasar	3
kasarakahen	3
kasasalen	2
kasasat	12
kasatiaan	4
kasawalas	5
kasayat	1
kasian	4
kasianni	2
kasih	88
kasimpulan	3
kasimpulanni	3
kasindien	2
kasindienku	2
kasiwa	9
kasuali	15
kasuei	1
kasukupen	1
kasulitan	2
kasungu	13
kasusahen	35
kasusahenku	2
kasusahenni	2
kasuwali	1
katabahan	1
katagihan	1
katakuten	2
katalauen	1
katambah	3
katantau	2
katantuan	1
katantuluh	165
katantuluhni	34
katapian	6
katarangan	8
kataranganku	1
kataranganni	1
katartiban	1
kataru	276
kataruen	4
katatauen	7
katatauenni	2
katatauennu	1
katateluni	2
katauen	1
kategasan	1
katekan	2
katelu	47
katimpulu	3
katingkasen	1
katingkasenni	1
katipak	9
katuju	38
katuju-nampan	1
katuju-nelang	1
katujuenku	1
katuluh	926
katuluh-hau	1
katuluhan	1
katuluhni	177
katulun	1
katulusen	2
katuruenni	1
katurunan	37
katurunanni	5
katurunannu	2
kauangan	7
kauanganku	1
kauanganni	1
kaukui	52
kaukui-inun	1
kaule	11
kaulu	2
kaulun	923
kaulun-sa	1
kaulun-ulun	1
kauni	6
kaunini	4
kauntungan	23
kauntunganni	2
kauyuhen	2
kauyuhenni	1
kawahaian	1
kawai	10
kawajiban	10
kawajibanku	1
kawajibanni	3
kawajibannu	1
kawalu	2
kawam	3
kawan	3798
kawan-hal	3
kawan-parentah	1
kawan-ulun	1
kawangunen	5
kawangunenni	1
kawanku	7
kawanni	8
kawannu	2
kawanulun	1
kawauhen	21
kawawaian	26
kawi	7
kawi-kawan	1
kawiku	1
kawila	9
kawin	44
kawini	5
kawua	11
kawuding	4
kawusi	2
kayaan	7
kayakinan	4
kayakinanni	4
kayem	1
kayu	48
kayu-kaya	2
keat	3
keatuni	5
keatunini	13
kebas	2
kebesaran	1
kehetni	1
kejadian	1
kejahatan	1
kejam	3
kekekeen	2
kekel	1
kelat	8
keledai	11
kemah	11
kenah	42
kenahni	1
kenalan	1
kepa	5
keperluanku	1
kerajaan	1
keras	3
kereta	1
kesalamatan	1
kete-kete	1
kewangun	82
khawatir	10
khawatirni	1
kia	9
kiak	2
kiak-tungkau	1
kiamat	8
kihi	1
kilo	1
kilogram	2
kilometer	7
kingkingku	1
kingkingni	5
kingkingnu	1
kira-kira	4
kirene	1
kirim	1
kitab	1
kokoh	3
kolam	2
komandan	21
komandanni	1
komplotan	3
korma	1
krisopras	1
kristal	2
kuasa	179
kuasaanni	1
kuasaku	1
kuasani	27
kuasanu	1
kuat	2
kuda	16
kudani	1
kudap	2
kude	624
kuilni	1
kuku	2
kukuh	6
kula	7
kulawaraga	10
kulawaragani	2
kulawaraganu	1
kulawarga	3
kulawargani	5
kulawarganu	2
kuliah	1
kulit	10
kum	1
kuman	102
kumat	7
kumpul	1
kumpulan	14
kumpulleh	1
kunsi	4
kunu	3
kunuan	31
kunuanni	1
kunuannu	2
kunuk	1
kurang	21
kurban	2
kuta	12
kutaen	85
kutaenni	3
kutak	1
kutaleh	2
laba	1
labak	12
labih	1
labis	256
laga	3
lagani	1
lagi	588
lagi-katuluhni	1
lagu	10
lagu-lampah	4
lahir	11
lahu	1
lain	462
lain-katuluh	1
lain-puang	1
laing	4
laingni	3
lainni	61
lainni-hanyeyiru	1
lainni-yiru	1
lajur	1
laku	97
lakuleh	1
lakunu	1
lalalem	1
lalan	119
lalanni	3
lalar	1
lalawit	1
lalea	14
lalem	15
lalem-lalem	1
lalemni	3
laligur	3
laluga	1
laluhur	4
lalui	1
lama	2
lamah	12
lambang	1
lambar	1
lampah	1
lana	1
lanani	5
langan	1
langit	96
langitni	1
langsung	1
lapas	22
lapik	1
lapisan	1
laporan	7
laporanni	1
lasi	4
latihan	2
lau	7
laut	61
lautan	1
lawah	95
lawahni	65
lawang	3
lawei	2
lawini	7
lawit	64
lawit-hanyeyiru	1
lawit-lawit	2
lawitni	8
lawu	60
lawulawini	1
laya	1
layanni	2
layar	3
layau	1
layu	7
lazuardi	1
leah	1
leba	4
lee	2
leeni	1
leh	1
leha	41
lela	9
lelaku	1
lelan	1
lelani	2
lelap	4
lelo	70
leloni	13
lelu	8
lemah	2
lembut	2
lempat	2
lena	9
lengan	341
lenganku	23
lenganni	25
lengannu	4
lengkap	1
lentah	9
lenuh	8
lepah	7
lepuh	99
letah	1
leteng	11
leu	26
lewa	1
lewat	2
lewu	274
lewu-hanyeyiru	1
lewuku	6
lewuni	46
lewunu	7
liang	4
liar	5
ligur	2
likan	76
limpar	5
limparni	1
lingkaran	1
lingkungan	4
lipat	10
lipet	4
litar	60
liter	6
liut	7
losmen	1
loteng	5
luang	1
luar	104
luarni	4
lujau	1
lulun	1
lumbah	1
lumpuh	34
lumpuhni	1
lundanni	2
lunga	17
lunta	15
luntani	2
luntanu	1
luput	14
luwang	15
luyak	1
ma	4625
maaf	5
maahi	1
maaku	6
maambau	1
maaru-maati	24
maasem	4
maawe	13
maawe-awe	11
maaweleh	1
mada	8
madak	1
madinei	2
madintang	2
maeau	1
maeh	459
maeh-maeh	4
maenguh	1
maerang	1
maeung	2
magi	8
magin	95
maginhie	1
magun	116
mahadapan	1
mahadin	15
mahak	3
mahakimi	7
mahalangi	1
maham	3
mahamui	14
mahanang	64
mahanye	6
mahanyu	1
maharati	17
maharek	2
mahargai	2
maharung	138
mahasil	1
mahawai	1
maheni	1
mahere	4
mahet	1
mahianat	7
mahias	5
mahie-hie	3
mahilak	28
mahina	29
mahinam	4
mahkota	14
mahluk	25
mahormat	31
mahormati	2
mahuang	9
maieng	26
maieng-ieng	1
maieng-maituk	3
maimbe	1
main	7
maintem	4
maintem-intem	4
maisasaan	32
mait	3
maituk	2
majikan	7
majikanni	2
maju	9
majukung	1
maka	52
makai	553
makaini	7
makalalawah	9
makalalawahni	1
makapan	1
makat	2
makatik	3
makeatunini	1
makhianat	18
makhluk	4
maksa	12
maksud	13
maksudku	1
maksudni	1
maksudnu	3
makuta	2
malabihi	1
maladar	34
maladarni	1
malah	15
malaing	3
malainkan	2
malamagan	4
malangar	22
malangarni	1
malapor	8
malasangar	3
malatih	1
malawas	2
malayanni	55
malayap	1
malee	2
malekat	185
malekatku	1
malekatni	20
malelap	17
malelo	6
malelu	3
malem	32
maleme	28
maleme-balalu	1
maleng	2
malengkan	83
malewu	3
malihara	22
maliharani	2
malindei	2
maling	13
malu	3
maluar	7
maluk	7
maluku	1
malun	1
malunggun	3
malunta	5
malupui	4
mamaeh	37
mamahamini	1
mamaksa	2
mamani	1
mamansing	1
mamarah	2
mamarlu	2
mamastikan	1
mambagi	6
mambagi-bagi	1
mambagi-katuluh	1
mambagini	4
mambahaya	2
mambai	35
mambanding	2
mambandingni	1
mambangun	13
mambantah	4
mambantang	1
mambanting	1
mambantu	3
mambaptis	35
mambarita	2
mambarontak	6
mambasa	22
mambasani	1
mambatal	3
mambatang	35
mambatangni	1
mambebas	11
mambeda	2
mambela	10
mamberkat	42
mambiah	3
mambiar	1
mambidik	2
mamborgol	1
mambukti	13
mambuktini	4
mamenting	2
mamentingkan	1
mamerlu	1
mamihak	1
mamikat	2
mamikir	19
mamikir-manimbang	1
mamikirni	1
mamilau	7
mamimpin	11
mamis	1
mampangaruhi	1
mamparhati	2
mamperkenal	2
mampu	1
mamus	5
mamusuhi	4
mamutus	3
manafsir	1
manalu	12
manang	16
mananggung	2
manantang	1
manara	4
manarang	27
manarangni	4
manatap	2
manaun	4
mandaftar	2
mandam	21
mandasak	6
mandawa	2
mander	2
mandurni	1
maneneng	9
maner	7
manerau	1
manga	2
mangacau	1
mangadap	25
mangadili	34
mangadu	12
mangaku	64
mangansam	1
mangatasi	1
mangaum	1
mangawasi	1
manggarak	1
manggiling	1
manggoda	1
manggugat	1
mangguna	1
manghakimi	2
mangikat	1
manginap	3
mangisa	6
mangkading	11
mangkaranah	1
mangkok	16
mangkokni	8
mangkoknu	1
mangkung	1
mangomel	6
mangusul	1
manimbang	3
manis	3
manjabat	1
manjajah	1
manjalan	1
manjamah	5
manjamin	2
manna	4
manonton	2
manre	32
manruk	1
manrus	1
mansah	1
mansing	66
mansinung	2
mansuba	9
mantane	2
mantarjemah	1
mantaru	31
mantaruni	3
mantel	1
manting	2
manu	14
manulak	1
manunga	1
manunjuk	1
manur	1
manurun	1
manurut	58
manyahanyang	3
manyaksi	6
manyamar	3
manyanyi	21
manyarah	13
manyarang	12
manyasal	8
manyiksa	4
manyimpang	1
manyinggung	1
manyisir	4
manyu	182
manyumbung	1
mapahe	5
mapait	5
mapakat	15
mapangari	1
mapas	1
mapau	1
mape	13
mapusu	10
mara	5
maraai	26
maraai-matalak	1
maraat	8
maradu	2
maraduli	1
maradulini	1
maraleh	1
maramal	5
maramalni	1
maransanani	1
marapuk	1
marasap	3
marasis	1
marauh	52
marawat	3
maraya	6
marebe	1
marede	1
mareh	5
marengen	8
marentah	136
marentahleh	1
maresmi	1
mariang	13
marikang	7
mariksa	14
mariksani	2
maringit	4
marintis	1
marisak	10
markas	7
marutad	3
masabarang	1
masam	75
masam-masam	3
masang	1
masar	13
masarni	2
masi	21
masini	1
masuk	194
masyarakat	9
mata	6
matai	1
matakut	2
matalak	10
matau	3
mate	31
matei	403
matei-kawan	1
matei-takam	1
mateiku	3
mateini	10
mateinu	17
mateuah	1
mati	29
matue	1
matueh	132
matuehni	8
matuhun	2
matuk	3
maume	1
maunengan	1
mauring	3
mauruh	1
mauruh-maukan	1
maut	1
mawah	1
mawak	9
maweat	21
mawitu	17
mawiwi	1
mawuang	190
mawuangni	1
mawule	8
mayari	1
mayaru	4
mazmur	2
meat	6
medak	11
mehe	8
mehei	1
meheni	22
mehet	88
mehewu	1
meja	12
mekum	4
melakat	2
meleme	1
melengkan	1
melep	2
memperkenal	1
mempertahan	1
mentahbis	1
menye-menye	1
mepai	2
mepet	1
merang	3
mesbah	1
mesra	3
metak	1
mete	1
meter	6
mewah	1
meweh	7
mezbah	17
miah	12
miahi	3
miamule	1
miamulean	2
miandan	16
miarian	2
midi	68
mihak	5
mihampas	1
mihampit	2
mihamur	1
mihanai	1
mihangut	16
mihanri	7
mihante	2
mihawuntung	10
mihembuk	5
mihemuk	1
mihewu	22
mihewu-miharui	2
mihuwuntung	3
miidar	2
mikul	4
milau-milau	1
milik	57
milikku	4
milikni	18
miliknu	7
minau	65
minda	40
mindah	1
minggu	8
minri	133
minrus	7
mintan	1
minuman	3
minyak	28
minyaknu	1
mipi	4
mira	88
mirabaya	1
misah	2
misalni	1
misuh	5
mitah	82
mitik	1
mitu	3
mitun	7
miubah	5
miuik	1
miulek	12
miumeh	4
miundan	1
miupang	2
modal	1
model	1
mua	31
muar	37
muar-marikang	1
muatan	3
muatanni	1
muau	13
muda	24
mudah-mudahan	1
mudahan	18
mudai	2
mudi	72
muhut	20
muhutni	1
mui	10
muka	5
mukah	2
mukani	1
mula	2
mulai	106
mulani	4
mulek	189
mulek-amun	1
mulia	68
muliani	9
mulianu	1
mulilit	1
mulur	16
mulut	5
mulutku	1
mulutni	3
mulutnu	1
mumpung	4
muna	12
munat	2
mundur	2
mundut	1
muneng	188
munenghang	1
mungkar	5
mungkir	3
mungkus	1
mungkusni	3
mungun	1
muntaka	8
munu	116
munuk	3
munyung	1
munyungni	1
mupakat	1
mur	4
murah	16
murang	1
muras	1
murbei	1
murija	6
murtad	7
murun	23
murunsia	351
murunsiani	2
musik	2
musim	13
musimni	1
musin	1
muslihat	1
mustahil	7
musti	7
mustini	1
musu	2
musuh	25
musuhku	2
musuhni	3
musuhnu	9
mutar	3
mutiara	11
mutik	5
mutus	3
muwur	1
na	21
naadili	30
naadiliku	1
naadu	1
naaheng	3
naahengku	2
naajar	38
naajarku	7
naajarni	4
naakui	3
naalap	20
naalut	2
naalutku	1
naambaini	1
naambuan	4
naameh	1
naami	209
naamiku	18
naamini	11
naaminu	1
naampahe	6
naampambau	6
naampanrus	1
naampeau	5
naampeauni	1
naampi	3
naampierang	3
naampihala	8
naampihansur	2
naampihante	3
naampikansing	4
naampikirum	1
naampilelap	1
naampinau	3
naampinauni	1
naampingaran	1
naampinri	3
naampiparuna	1
naampiraai	1
naampirandah	1
naampisegah	1
naampiwisingni	1
naampudi	3
naampun	31
naampun-aku	1
naampungaran	1
naampunku-amun	1
naamule	9
naan	1079
naandak	4
naanggap	38
naanggapku	2
naanggapni	1
naangkading	1
naangkat	15
naangkatni	2
naangkatnu	1
naangkirum	1
naaniaya	2
naanrei	4
naansam	1
naantara	7
naantilau	2
naantuh	90
naantuhku	3
naantuhni	2
naantuhnu	1
naapanrus	1
naapinri	4
naaret	1
naaretku	1
naaretni	1
naari	7
naasuk	7
naasukku	2
naasukni	1
naatu	1
naatur	3
naawet	3
naayak	6
naayakni	1
nababaran	2
nababatni	1
nabagi	5
nabagi-bagi	3
nabahum	15
nabahumku	4
nabahumni	1
nabalasangar	32
nabalunggu	1
nabanding	3
nabangun	4
nabantah	1
nabaptis	40
nabaptis-hau	1
nabarasis	13
nabarasisni	1
nabarita	1
nabasa	8
nabasani	1
nabatasi	1
nabatur	1
nabayar	5
nabe	4
nabebas	9
nabebasku	1
nabenarkan	1
nabentur	1
naberkat	15
nabi	139
nabinasa	3
nabini	6
nabinu	1
nabuang	5
nabuangan	1
nabuangku	1
nabujuk	1
nabukti	4
nabunat	4
nabungkar	1
nabungkus	1
nabungkusni	1
nacangkok	4
nacipta	1
nadaftar	4
nadani	1
nadap	115
nadawa	5
nadidik	1
nadina	1
nadinung	45
nadinungni	4
nadinungnu	1
nadudus	3
nadukung	1
naeau	88
naeauku	34
naeauni	16
naeaunu	3
naegah	1
naelah	9
naelahku	1
naelahni	1
naele	21
naempas	3
naempasku	1
naenat	11
naendei	2
nafakah	5
nafirman	1
nafsu	6
naga	15
nagagueng	3
nagagunsang	1
nagaguyuh	1
nagalar	3
naganta	1
naganti	5
nagantinu	1
nagantung	1
nagantungni	1
nagara	8
nagis	1
nagunsang	1
nagunting	3
nagur	9
nah	1
nahadap	4
nahakimi	3
nahalang	13
nahalang-halangi	1
nahalu	8
nahalui	6
nahaluini	3
nahambat	2
nahambur	1
nahan	23
nahanni	1
naharak	28
naharap	13
naharap-daya	1
naharapku	2
nahargai	4
nahebu	1
naherau	22
naherauku	1
naherauni	4
naheu	1
nahias	2
nahina	6
nahormat	41
nahormat-ma	1
nahormati	1
nahuang	1
nahukum	64
nahuluan	9
nahuruk	11
nahurup	1
nahuwe	3
nahuyu	25
nahuyuni	1
naiap	1
naidar	2
naidim	2
naidimnu	1
naihuwuntung	1
naiik	1
naijinni	1
naik	1
nailham	2
naimpeh	1
naimpehku	1
naingkam	22
naingkamku	2
naingkamni	2
nainrik	6
nainsing	58
naintur	2
nainun	1
nainunnu	1
naitah	1
naitung	3
najaga	10
najahit	1
najalanini	2
najamba	16
najamin	2
najanji	49
najanjiku	3
najanjini	10
najanjinu	1
najis	19
najujung	1
najujut	1
najumalah	1
nakaaraien	2
nakabahumen	17
nakabahumenku	3
nakabahumenni	1
nakabahumennu	2
nakadu	3
nakaeh	1
nakahamenen	2
nakahamenenku	1
nakahanangen	15
nakaharapen	1
nakakali	1
nakakalung	1
nakakasah	7
nakakira	1
nakaku	4
nakakuarenku	1
nakakuni	2
nakaliling	1
nakaluar	4
nakalukup	1
nakalut	2
nakama	1
nakampahe	1
nakamudi	1
nakansang	1
nakaraja	6
nakarang	1
nakarasa	1
nakarawah	7
nakarawahni	1
nakarubut	2
nakarut	2
nakasasah	1
nakasese	2
nakasinnien	6
nakasinnienku	2
nakasinnienni	1
nakasinniennu	1
nakatawani	2
nakatuju	1
nakatujuen	8
nakawitu	1
nakayaan	61
nakeat	1
nakebas	1
nakeneh	2
nakhianat	1
nakhoda	1
nakia	1
nakirim	6
nakirimni	1
nakuar	4
nakuasa	35
nakuasai	11
nakukur	2
nakumpul	13
nakumpulni	1
nakumpulnu	1
nakunsi	2
nakurung	1
nakuta	16
nakutip	1
nakutuk	1
nakutuknu	1
nalaku	21
nalakuku	2
nalakuni	1
nalakunu	1
nalalea	22
nalangar	1
nalapas	10
nalapasku	1
nalapis	1
nalaporni	2
nalatih	1
nalawan	6
nalayanni	9
nalayanniku	2
nalei	2
nalepetnu	1
nalewa	5
nalitik	7
naluaku	1
naluani	1
nalui	13
nam	1
namaksud	9
namaksudni	3
namam	3
namangking	1
namanuri	1
namasuk	22
namatan	1
namaterai	2
namaya	4
nambah	11
nambal	2
nambatang	2
nambik	1
nambur	1
namerdeka	1
namere	1
namiliki	2
namilikiku	1
namilikini	1
namilikinu	1
namiliku	1
nampak	1
nampalus	318
nampalusni	28
nampan	1152
nampanas	1
nampar	20
nampare	2
nampareni	1
namparing	3
nampas	1
nampatei	4
nampatuh	1
nampe	87
nampehe	1
nampek	4
nampeni	1
nampenu	2
nampi	1
nampik	10
nampisah	1
nampitik	1
nampitikni	1
nampuas	1
nampuh	7
nampung	1
nampur	1
namput	2
namu	9
namuan	1
namuku	1
namulat	3
namulia	24
namuni	2
namur	7
namusuhi	1
namusuk	1
nanam	5
nanamni	4
nanan	148
nananunengan	1
nandang	1
nangalis	5
nanggung	26
nangis	13
nangkaeh	6
nangkaehni	1
nangkah	2
nangkansing	3
nangkaring	1
nangke	1
nangkis	1
nangkurang	3
nangkurun	24
naniuh	11
nanrik	6
nanru	12
nanrusak	23
nanrusakni	3
nantalau	1
nantam	1
nantarang	109
nantarangni	4
nantau	11
nante	13
nante-ngambau	2
nanterau	26
nantiak	17
nantiak-tiak	1
nantiring	9
nantu	3
nantuhian	2
nantuhiani	1
nantulakan	1
nantuni	1
nanturak	3
nanturak-turak	1
nanturungan	1
nanyari	5
nanyu	11
naobatni	1
napaajar	2
napaduli	1
napahami	1
napakahni	1
napakai	48
napakaian	1
napakaini	1
napakainu	1
napakat	1
napaksa	3
napaksani	1
napaladar	5
napaladarni	1
napalihara	7
napalit	2
napalupui	1
napalupuinu	1
napaner	6
napanerku	1
napanerni	2
napania	1
napanjara	17
napantane	6
napantaneni	1
napantaru	7
napapah	1
naparentah	27
naparentahku	2
naparentahni	1
naparhati	1
napariksa	3
naparisaya	40
naparisayaku	2
naparisayani	1
naparisayanu	1
naparjuangku	1
naparlu	20
naparluku	2
napartahan	1
napas	34
napasang	1
napasar	16
napasarni	1
napedak	5
napedaknu	1
napepetni	2
napesen	2
napiah-piahku	1
napiahku	1
napidi	24
napidiku	4
napidini	3
napik	2
napikir	1
napikir-nakunu	1
napikirku	1
napimpin	6
napinda	2
napinda-pinda	4
napisah	1
napitah	1
napuau	8
napuhut	2
napulur	4
napumpung	1
napuntaka	5
napuntane	1
napurija	10
napusu	1
naputar	2
naputus	2
narabut	1
narabutni	1
naragu	1
narah	5
narairing	1
naraka	17
narampas	5
narangan	27
naransana	1
narantai	5
nararah	3
narariu	1
nararumuk	1
narasia	6
narasianu	1
narasuk	1
nareken	3
narengei	1
naresmi	2
nari	2
narik	8
narime	274
narimeni	17
naripi	5
narujung	1
naruk	3
narwastu	1
nasadakahku	1
nasadia	26
nasadiani	5
nasadianu	1
nasahkan	1
nasak	1
nasaksi	2
nasalamat	44
nasalamat-hanyu	1
nasalehup	3
nasalidik	1
nasalindung	2
nasamalah	9
nasamalis	6
nasamare	18
nasamau	2
nasamawai	9
nasamawaini	1
nasambah	10
nasambahku	2
nasamelum	52
nasamitus	1
nasanahu	1
nasanawit	1
nasanawu	5
nasanawunu	1
nasanenuh	2
nasanepah	8
nasaneteng	1
nasangit	1
nasangkeleh	1
nasangkulek	1
nasanrandah	2
nasanrata	2
nasanrengei	7
nasanrite	2
nasanrugi	1
nasansarak	1
nasansukup	2
nasantaduh	1
nasantalau	4
nasantalauku	1
nasantawang	1
nasantepu	1
nasantuhun	4
nasantumbang	3
nasanumus	1
nasanuput	3
nasanyari	21
nasapa	2
nasarah	65
nasarahku	3
nasarahni	3
nasarang	2
nasarita	4
nasarungan	2
nasarunganni	1
nasasah	5
nasatat	6
nasaurat	1
nasayangni	1
nasehat	38
nasehatku	4
nasewani	1
nasiai	2
nasib	1
nasibni	1
nasihat	1
nasiksa	17
nasilis	1
nasimpul	1
nasimuh	3
nasingaja	1
nasinrah	18
nasinsi	2
nasinta	49
nasintaku	18
nasintani	6
nasipi	1
nasiri	1
nasiukku	2
nasual	2
nasuduk	2
nasulup	1
nasulupku	1
nasumbang	1
nasumpah	1
nasunat	27
nasurak-surak	1
nasurat	185
nasuratku	12
nasuruk	1
nasurung	1
nasurungan	1
nasusuk	1
nasyah	2
natafsir	1
natagis	1
natagur	3
natagurku	1
natahalang	2
natahalu	1
natahampe	34
natahampeku	6
natahampeni	1
natahan	12
natahan-tahan	1
nataharak	3
natahayang	2
natai	1
nataini	1
natakar	1
natakut	2
nataliti	1
natamasuk	12
natamasukni	1
natamatu	1
natamaya	6
natambah	4
natamere	1
natamising	1
natampalus	35
natampalusku	9
natampalusni	6
natampareni	1
natampatei	1
natampatuh	3
natampenu	1
natampik	4
natampisah	5
natampitik	2
natampuh	5
natamu	1
natamulat	1
natanan	11
natananku	1
natanding	1
natanggung	3
natangkansing	2
natangkurang	2
natangkurun	2
natanrusak	3
natantarang	12
natantarangku	1
natantarangni	1
natantarangnu	1
natantiring	1
natantu	6
natanyari	2
natap	4
natapis	1
natarang	2
natarangku	1
natarik	2
natarime	56
natarimeku	3
natarimeni	4
natas	1
natat	11
natatai	1
natatap	2
natatean	1
natatni	6
natatnu	2
natawat	42
natawut	5
nateanni	1
nategei	5
nategeinu	1
natelen	2
natenun	1
naterau-terau	1
natetek	4
nateweng	3
natewuh	1
natimbai	1
natimbuk	1
natipuni	2
natuduh	1
natugas	8
natuing	1
natuju	13
natujum	9
natukas	27
natukasni	1
natuku	2
natunggang	2
natungkangni	1
natunjul	1
natunti	2
natunung	3
natunungni	1
natunungnu	1
natupangku	1
natutui	6
natutuiku	2
natutung	11
natutungni	2
natutup	10
nau	1
naua	1
naubah	3
nauji	8
nauka	8
naukir	1
naukur	1
naulah	230
naulahku	41
naulahni	40
naulahnu	9
naului	3
naumba	2
naumpama	1
naumpe	41
naumpeni	1
naun	3577
naun-asal	1
naun-haut	1
naundang	9
naundi	1
naundur	1
nauneng	3
naunur	2
naupuh	2
nauring	10
nauringnu	1
nausir	4
nausul	1
nautus	29
nautusku	2
nautusni	1
nauut	5
nauutku	3
nauutni	1
nawa	9
nawada	14
nawah	4
nawai	2
nawajib	2
nawalawas	4
nawaleh	2
nawalun	1
nawam	1
nawan	101
nawanni	1
nawara	87
nawaraku	26
nawaraku-Alatalla	1
nawarani	5
nawaranu	1
nawaris	1
nawariung	1
nawarku	1
nawasi	5
nawat	69
nawawanga	2
nawawara	2
nawawarah	3
nawawaraku	3
naweat	2
nawenan	3
nawenanni	1
naweweh	2
nawidi	4
nawidinu	1
nawui	4
nawunnu	3
nawunu	47
nawununu	2
nawut	3
nawutni	2
nawuwur	1
naya	1
nea	1
neau	1
neauku	2
nebu	2
nebus	1
negara	21
negei	45
negeri	19
negerini	2
nehek	3
nelalea	1
nelang	2740
nelen	2
nelenni	1
nempat	41
nenak	5
nengau	9
nenget	1
nengkan	32
nepe	1
nepus	1
neraka	1
nerau	119
nerime	1
netek	4
neter	8
neu	1007
neunapaner	1
newe	3
neweng	2
newengni	1
newuh	3
ngabahumen	7
ngabalain	1
ngabarasis	29
ngabarasisni	1
ngabaris	1
ngabawilah	1
ngabawilahni	1
ngabinasa	11
ngadadaur	1
ngadi	4
ngadidit	1
ngadili	1
ngaduh	1
ngaeh	1
ngaganyik	1
ngagueng	2
ngagunsang	2
ngahalaen	12
ngahanangen	16
ngahangan	1
ngaheng	18
ngait	1
ngaiyuh	9
ngajahujak	4
ngajar	137
ngajik	1
ngajuk	1
ngakal	10
ngakali	91
ngakalini	1
ngakarun	10
ngakasah	9
ngakatang	1
ngakau	1
ngakiek	7
ngakijak	1
ngakira	11
ngaku	2
ngalairi	2
ngalalea	19
ngalap	108
ngalapni	3
ngalat	16
ngalat-ngerut	1
ngalatni	2
ngalaulek	1
ngalaulekni	1
ngaligur	1
ngaliling	11
ngalilingni	2
ngalingkar	1
ngaluar	24
ngalungkung	2
ngaluntenga	1
ngalut	174
ngalutni	1
ngamangan	9
ngambuan	9
ngambuanni	5
ngameh	3
ngami	483
ngamini	10
ngampahe	17
ngampahe-ngawawarah	2
ngampambau	9
ngampar	1
ngampeau	13
ngampi	257
ngampinau	7
ngampinri	1
ngampitun	1
ngampu	2
ngampudi	2
ngampudini	3
ngampulek	1
ngampumu	5
ngampun	44
ngampuneng	1
ngampungaran	4
ngampungaranni	2
ngampuriran	1
ngamuan	3
ngamuanni	2
ngamudi	1
ngamuk	2
ngamule	14
nganauneh	1
ngancam	4
ngandak	8
ngandakni	1
nganggap	39
nganggapni	2
nganggu	2
nganggur	2
ngangkading	1
ngangkat	11
ngangkurun	1
ngannyak	1
nganrei	46
nganreini	1
ngansam	1
ngansang	1
ngantara	68
ngantara-tara	1
nganti	4
ngantilau	26
ngantini	1
ngantuh	105
ngantuhni	1
ngantung	11
nganue	2
nganupi	3
nganyak	13
ngapala	2
ngapimbe	2
ngapimulia	1
ngapinri	12
ngapuangen	1
ngapung	10
ngaraerai	12
ngarairing	2
ngaraja	14
ngarajani	3
ngaran	92
ngaranku	14
ngaranni	22
ngarannu	5
ngararapisan	2
ngararimuk	2
ngarariu	8
ngarasa	11
ngaraureh	1
ngarawah	94
ngarei	1
ngaret	33
ngaretni	1
ngari	11
ngarigama	1
ngarini	1
ngaruit	1
ngaruuh	1
ngasai	1
ngasasaur	5
ngasese	10
ngatara	1
ngatau	5
ngatawani	6
ngatei	4
ngatet	10
ngatule	1
ngatung	1
ngatur	8
ngawalawas	1
ngawariung	12
ngawariungni	1
ngawawarah	9
ngawet	1
ngawilanja	2
ngawing	1
ngawir	17
ngawuahan	1
ngawuriung	2
ngawurundung	1
ngawurunnung	1
ngayaan	14
ngayu	4
ngeat	1
ngeau	13
ngeauni	1
ngebas	3
ngelah	15
ngelahni	1
ngele	9
ngempas	1
ngenat	14
ngendei	9
ngiak	10
ngiak-nungkau	3
ngidar	5
ngidim	15
ngihau	3
ngihir	1
ngiik	4
ngikit	1
ngikup	1
ngimpeh	8
ngingkam	7
nginrik	4
nginsing	216
nginsingni	3
ngintur	15
nginturni	2
ngirah	4
ngirat	2
ngirep	1
ngirim	68
ngisi	4
ngising	3
ngitap	2
ngitung	25
ngongkos	1
nguasa	21
ngubah	11
nguji	8
nguka	52
ngukani	1
ngukur	3
ngukut	1
ngulaa	1
ngulagaling	1
ngulah	655
ngulahni	15
ngulek	3
ngului	6
ngumangan	5
ngumbung	1
ngumpe	22
ngumpul	28
ngundur	2
ngungkar	2
ngungkus	1
ngunsi	1
ngunu	71
ngunuanni	1
ngunur	1
ngurayang	3
ngurban	7
nguring	28
nguris	1
nguruk	1
ngurukusuk	1
ngurumilau	1
ngurus	12
ngurut	1
nguruwundung	3
ngusir	42
ngusuk	2
nguta	86
ngutama	1
ngutani	5
nguteh	2
ngutik	5
ngutuk	1
ngutus	84
ngutusni	1
nguut	72
nguut-balalu	1
nguutni	1
ni	6
niat	1
niatku	1
niatni	1
nibu	1
nigung	3
nilam	2
nilap	1
nimbai	3
nimbul	5
nina	4
ninani	1
nindas	2
nini	63
niniku	1
ninini	2
ninjek	1
ninung	73
ninungni	2
nipu	33
nipu-ngakal	1
nomor	1
nu	4
nua	2
nuang	1
nugas	3
nuhi	2
nuhun	1
nuing	276
nuingni	2
nuju	42
nujum	7
nukas	37
nukasni	2
nuku	54
nukum	30
nukumni	1
nulis	21
numba	4
numbuk	1
numpang	2
nunggang	3
nungkang	6
nungkangni	3
nungkau	41
nunjul	1
nunrak	4
nunti	180
nuntun	2
nuntut	5
nunung	293
nunup	2
nunup-nganrei	1
nunyu	167
nura	7
nuruk	12
nutui	27
nutuini	1
nutung	9
nutungni	1
nutup	28
nutupni	4
nuu	139
nuwe	9
nuyu	1
nuyuk	1
nyaawui	3
nyaawuini	1
nyabarang	9
nyadia	23
nyadiani	1
nyadina	1
nyaga	34
nyagani	2
nyahaya	15
nyalamat	73
nyalamatni	2
nyalehup	3
nyalenga	4
nyaleweng	1
nyalib	15
nyalidik	6
nyalindung	10
nyalumbu	2
nyamalah	2
nyamalis	4
nyamare	59
nyamareni	1
nyamau	1
nyamawai	6
nyamawaini	1
nyamba	51
nyambah	79
nyambar	2
nyambe	2
nyambeni	1
nyambung	1
nyambut	7
nyambutni	1
nyameat	3
nyamehu	2
nyamelum	42
nyamitus	3
nyampurni	1
nyamuah	1
nyanahu	1
nyanarai	1
nyanawit	7
nyanawu	16
nyaneah	1
nyanenuh	4
nyanepah	19
nyangit	8
nyangkapit	1
nyangkembah	1
nyangkilah	1
nyangkul	1
nyanitar	1
nyanji	2
nyanra	2
nyanraai	1
nyanrakit	6
nyanrandah	11
nyanrata	1
nyanrawek	1
nyanrengei	100
nyanrengeini	10
nyanrite	22
nyanriteni	1
nyanrugi	3
nyanruntun	2
nyansameh	1
nyansara	2
nyansarak	2
nyansitat	3
nyansukup	8
nyantaduh	4
nyantalau	27
nyantawang	12
nyantepu	4
nyantuhun	7
nyantumbang	4
nyanumus	2
nyanuput	7
nyanyari	9
nyanyarini	3
nyanyi	1
nyanyian	6
nyanyumpuh	6
nyapa	3
nyapa-nyumpah	2
nyarah	108
nyarahni	2
nyarandah	1
nyarang	3
nyarengei	4
nyarita	52
nyaritani	1
nyarungan	5
nyarupa	1
nyasah	3
nyasar	2
nyasia	1
nyatalau	1
nyatatni	1
nyatuk	1
nyauk	3
nyegel	1
nyegelni	1
nyelem	1
nyere	2
nyesep	2
nyiar	6
nyiar-maraai	1
nyiksa	15
nyilaka	2
nyimuh	7
nyimuhni	1
nyinggung	1
nyinrah	18
nyinsiukui	1
nyintak	4
nyipa	1
nyiram	2
nyiuk	6
nyiwui	1
nyual	2
nyudu	1
nyuduk	2
nyujut	8
nyukur	2
nyulup	1
nyunat	7
nyunri	3
nyunsung	1
nyurat	32
nyuratni	3
nyuruk	2
nyurung	10
nyurungni	1
nyusah	5
nyusun	2
nyusup	3
nyusupni	2
nyuun	4
nyuwuk	1
o	1
olah	1
ongkos	1
paadu	2
paaduan	1
paahi	2
paajar	13
paanrean	3
paanreanni	4
paanreannu	1
pada	1256
pada-tamput	1
padadusan	3
padagang	8
padagangnu	1
padahal	32
padalaman	1
padang	75
padangni	3
padangnu	1
padi	4
padina	7
padingian	8
padudusan	47
padudusanku	2
padudusanni	4
padudusannu	1
paduli	8
paenat	4
paetuk	1
pagar	11
pagawai	18
pagawaini	2
pagawian	104
pagawianku	16
pagawianni	26
pagawiannu	7
pagawianu	1
pagulang-galing	1
pagun	43
pagunungan	4
pahambur	1
pahamur	1
pahangku	1
pahantuk	2
paharungan	2
pahatu	2
pahawit	1
pahewukan	3
pahlawan	1
pahunu	4
paidar	2
paitah	11
paitni	1
pajabat	10
pajak	40
pajak-nyanrengei	1
pakai	152
pakaian	47
pakaianku	1
pakaianni	14
pakaiannu	2
pakaini	1
pakakas	1
pakakeneh	2
pakara	12
pakarajaan	4
pakaraku	3
pakarani	10
pakarusut	2
pakat	16
pakatik	19
pakatikni	1
pakerja	1
pakiaan	33
pakiaanku	7
pakiaanni	12
pakiaannu	2
paku	2
palabuhan	4
palacur	3
paladar	1
palajaran	1
palam	1
palangaran	9
palanungkai	59
palanungkaini	2
palapa	1
palasu	32
palat	3
palatik	2
palatikni	4
palayan	91
palayanan	6
palayanku	6
palayanni	22
palayannu	1
palayaran	2
palelo	10
palelu	5
palihara	3
palita	41
palitani	1
palus	594
pama	3
pamaahi	1
pamahamui	4
pamain	1
pamalelu	1
pamalihara	1
pamalu	1
pamarentah	19
pamarentah-puang	1
pamarentahan	8
pamarentahanni	1
pamariksaan	2
pambantu	1
pambantuni	1
pambaptis	1
pambarita	3
pambaritaan	1
pambaruntak	2
pambaruntakan	4
pambasa	2
pambasar	1
pambelaanku	4
pambelaanni	3
pambesar	4
pamelum	187
pamelum-welum	1
pamelumku	8
pamelumni	28
pamelumnu	5
pamerentah	1
pamiahi	1
pamikiran	1
pamilik	1
pamimpin	115
pamit	1
pampang	29
pampatei	149
pampatei-jari	1
pampateini	16
pampateinu	1
pamuda	7
pamuka	1
pamulaanni	4
pamunu	7
pana	1
panagis	10
panah	2
panakansing	1
panal	3
panalni	1
panalu	62
panambal	2
panampukenni	1
panampukni	1
panan	7
panananan	1
panangkis	1
panangkur	1
panante	1
panas	2
panasehatni	1
panatangke	2
panatau	9
panatauku	1
panatauni	5
panawa	2
pancaharian	1
pancaharianni	1
pancernaannu	1
panculik	1
pandai	16
pandaini	1
pandamai	2
pandan	4
pandang	1
pandangan	3
pandapat	15
pandapatku	6
pandapatnu	3
pandaritaan	1
pandatang	1
pandayangan	9
pandirian	2
pandirianku	1
pandirianni	2
panduduk	13
pandudukni	2
panduduknu	3
panegei	1
paner	9
paner-gamungan	1
panerni	1
panetekan	1
panga	48
pangaambau	2
pangaambauni	1
pangacara	1
pangacau	1
pangadahulu	3
pangadahuluni	6
pangadilan	39
pangaduan	15
pangah	1
pangahanrianni	9
pangahante	2
pangahanteni	1
pangahawading	2
pangajaran	21
pangajaranku	2
pangajaranni	1
pangakaehni	1
pangakuan	2
pangalaman	4
pangalamanni	1
pangalat	4
pangalawit	1
pangalima	1
pangalisan	6
pangalisanni	3
pangamaeh	3
pangamehan	3
pangamian	48
pangamianni	5
pangampeau	1
pangampi	1
pangampunan	8
pangamudi	1
pangangkatanni	1
panganrean	1
pangantar	2
panganti	2
pangantin	18
pangantinan	1
pangantinni	1
pangaraenni	1
pangaramut	1
pangarasa	1
pangarasaen	11
pangarasaenni	1
pangarasaku	1
pangarawahen	9
pangarawahenni	2
pangarawahennu	1
pangarawahku	1
pangari	2
pangarinah	1
pangaruh	1
pangaruhni	3
pangarumis	5
pangarumisni	4
pangarut	1
pangasigarni	1
pangatahuan	8
pangatamamni	2
pangataru	1
pangataruen	1
pangatueh	1
pangatuehni	1
pangatuhan	1
pangaturen	1
pangawal	25
pangawalni	3
pangenah	4
panggilan	1
panggilingan	2
panggoda	1
panghargaan	2
panghasilan	1
panghianat	4
panghinaan	3
panginapan	1
pangingkaman	9
pangingkamanku	2
panginjil	1
pangitungen	3
pangitungenku	1
pangkadinganni	1
pangkan	2
pangkhianat	2
panglima	1
panglimani	1
panguasa	54
panguasani	1
pangume	13
panguran	1
pangurus	1
panguta	1
pangutuhan	1
paninungan	26
paninungan-ekat	1
paninunganni	7
paninungen	2
paninungen-ekat	1
panipu	6
panipuan	1
panitera	2
panitian	1
panjaga	2
panjagaan	1
panjahat	11
panjangni	1
panjara	70
panjarani	1
panrape	8
panrengeian	1
panrusakni	1
pantai	12
pantaini	1
pantane	23
pantaneni	1
pantanenu	1
pantaru	4
pantas	3
panukuan	8
panukuanni	4
panumpang	1
panunga	1
panungkang	1
panuruk	1
panurup	2
panutup	8
panutupni	1
panyaga	2
panyair	1
panyakit	18
panyakitku	1
panyakitni	5
panyakitnu	1
panyalamat	7
panyangga	1
panyangit	2
panyangitan	1
panyangitni	3
panyanyi	1
panyarauan	1
panyarianni	4
panyiksaan	1
panyiwui	1
papaleni	1
papaluan	3
papan	1
papaneran	12
papaneranni	5
paparangan	13
papinit	1
papire	110
papura	1
parabot	1
parabotni	2
paradu	1
paraduli	6
parahatan	1
paraian	1
parajurit	21
parakaian	1
parakakas	1
parampok	11
paranan	1
parangai	5
parangkap	1
parapah	77
parariu	4
paraturan	2
parayaan	14
parbaikan	1
parbatasan	1
pare	9
parei	2
pareiku	1
pareini	1
parekenan	1
parentah	94
parentahku	11
parentahni	11
parentahnu	1
parhatian	4
parhiasan	4
paribasa	4
paribasani	3
paringatan	8
parintah	1
parisaya	560
parisayaleh	11
parisayani	3
parit	2
parjamuan	3
parjanjian	4
parjuangan	4
parjuanganku	2
parjuangannu	1
parkara	4
parkarani	3
parkaranu	1
parkawinanni	3
parlu	71
parmata	7
parsahabatan	1
parsualan	4
partampuran	2
partandingan	6
partanggungan	2
partemuan	1
partunangan	1
paruna	53
parupuk	1
paruuh	1
parwira	16
pas	13
pasadina	2
pasai	2
pasai-pau	5
pasalindung	2
pasambung	1
pasang	3
pasar	10
pasaran	66
pasaranni	1
pasasar	2
paserta	1
pasiar	2
pasir	1
pasukan	15
pasukanku	1
pasukanni	2
pasuruh	1
patah	5
patahni	5
patahnu	7
patampalus	2
patanan	3
patantarang	2
pataria	1
patariean	4
patataan	3
patataanku	3
patawut	1
pategeian	1
patei	11
pati	5
patitah	13
patugas	3
patuh	1
patuhi	5
patuk	2
patunjuk	1
patut	92
pau	1
paua	50
pauka	3
paulus	1
paunan	2
paunengan	11
paunenganni	3
paung	3
paut	5
paut-bantah	1
pautni	1
pauweng	1
pawai	1
pawalehu	1
pawawanga	1
pawelah	1
pawerang	1
payu	6
peda	4
pedaknu	1
pedang	21
pedangni	1
pedangnu	1
pee	40
peeku	9
peeni	16
peenu	6
pehe	56
peheni	1
pejabat	1
pemelum	1
pemerintah	1
pemuda	1
penah	186
penah-penah	17
pengertian	1
penghakiman	1
penjara	1
penting	14
penu	78
penu-jubung	1
perak	30
peranan	3
peranan-hanyeyiru	1
perang	5
perangni	1
perbatasan	1
perisaya	8
permata	1
pertahanan	1
pertama	4
pertempuran	1
perwira	11
pesen	32
pesenan	2
pesenni	2
pesta	51
pestaku	1
piala	3
piamaan	2
piayu	2
piayuni	1
pibaburan	4
pibahiri	2
pibalain	1
pibalainni	4
pibantahan	6
pibayaan	1
pibujur	1
pibungas	2
pidamai	7
pidamaian	1
pidasaran	43
pidasaranku	2
pidasaranni	5
pidewasa	1
pidi	3
pidian	34
pidianku	2
pidianni	8
piduduk	4
pigauran	1
pihak	8
pihansur	1
pihante	42
pihanteni	5
piharunganni	1
pihawian	16
pihawianku	1
pihawianni	9
pihawiannu	1
pihinaku	1
piieng	34
piiengni	1
piihau	6
pijumpuhan	22
pijumpuhanni	14
pikaeh	50
pikaehan	4
pikaehni	3
pikaehnu	2
pikapinuu	1
pikapinuuni	1
pikir	3
pikiran	66
pikiranku	3
pikiranni	10
pikirannu	1
pikirni	2
pikul	1
pikurun	1
pilakuan	14
pilakuanku	1
pilakuanni	2
pilapang	1
pilus	2
pimpinan	6
pimpinanni	3
pimurunsiani	1
pinajis	1
pindah	5
pinggang	5
pinggangni	4
pinggangnu	1
pinggir	8
pingir	7
pingirni	1
pintangan	3
pintar	22
pintu	15
pipakatan	1
piparunani	1
pipasahan	2
pipatut	1
pipatutni	17
pipatutui	1
pipauani	1
pipautan	3
pipi	1
pipik	1
pipura-pura	1
piraai	44
piraai-hanyeyiru	1
piraaini	2
pirarahan	1
pirawekan	15
pire	10
piring	4
piruntunanni	1
pirus	1
pisabuk	1
pisah	3
pisah-bansai	1
pisamehni	1
pisarakan	2
pisewa	1
pisit	2
pisuh	2
pitamam	1
pitamamnu	1
pitawangan	2
pitis	3
pitu	48
pitua	2
pitulakanku	1
pitumpulu	4
pitus	30
pitus-aku	1
pituu	1
piubahan	1
piwaraan	1
piweweh	1
piwinei	3
piwineinu	1
polisi	7
pondasi	10
pondasini	2
pondok	1
pot	3
prajurit	4
pribadi	7
pribadini	1
propinsi	9
puai	1
pualam	3
puang	3033
puangiyuh	1
puangkaiyuh	1
puas	3
puasa	21
puau	1
puhi	1
pujian	3
pukul	22
pulaksanai	176
pulaksanaiku	31
pulaksanaini	55
pulaksanainu	17
pulau	25
pulu	28
pulus	1
punah	7
punduk	2
punggung	6
punggungni	1
pungutan	1
punsak	3
puntaka	3
puntane	5
punte-walewe	1
pupuk	2
pura-pura	10
purak	1
purat	1
puratni	1
purija	11
pusing	5
pusingni	1
pusu	1
pusuan	2
putak	2
puteri	1
putes	2
putri	2
putus	7
putusanni	1
putut	17
puung	3
raai	12
raaini	2
raan	15
raan-jangkeng	1
raanni	4
rabi	1
raerai	446
raeraini	4
ragawan	1
ragi	12
ragu-ragu	5
rahasia	4
rahasiani	1
rahat	171
rahayu	2
rai	7
raini	2
raja	100
rajani	1
rajawali	3
rajin	9
rakai	1
rakit	7
rakun	14
rakyat	9
rakyatni	3
rama	401
rama-rama	1
ramah	2
ramani	9
ramanyi	1
rami	7
rami-rami	1
rampuk	1
ramuk	1
ramuk-rakai	1
ranai	5
ranang-ranang	1
randah	26
randuk	3
rangi	4
rangkit	1
ranjang	1
ransana	28
ransanani	10
rantai	10
rantep	5
ranu	111
ranuni	5
rapat	4
rapui	10
rara	6
rarampah	5
rarang	8
rarani	1
rarapisan	63
rarapisanni	1
rare	3
rareh	1
rarerat	1
rari	12
rariu	1
raruuk	1
rasa	15
rasaku	1
rasia	19
rasiani	2
rasul	114
rasulni	1
rasun	2
rasunni	1
rata	1
rateh	3
ratna	1
ratu	4
rauh	1
rawek	9
rawek-rukah	3
rawen	2
rawenni	5
rawis	1
raya	4
rean	2
reanni	5
receh	1
regu	2
rela	17
rengei	44
rengeiku	7
rengeileh	1
rengeini	4
rengeinu	2
rereu	1
riam	2
ribu	36
ridu	4
riet	8
rigat	2
rikut	36
rinanni	1
ripu	1
riranni	32
riring	1
riris	3
risak	1
rite	43
riu	11
riumi	2
riwut	41
riwut-barat	1
roh	171
roh-roh	1
rohani	28
rohanini	2
rohku	4
rohni	4
rohnu	1
rombongan	1
rote	102
roteni	1
ruampulu	6
ruang	6
ruangan	2
rueh	162
rugi	5
rugini	1
ruhui	3
ruing	5
rukah	4
rukun	4
rumah	1
rumanyi	2
rumbai	1
rume	1
rumis	40
rumisni	1
rungkap	2
runrui	1
runtun	4
rupak	9
ruruh	2
rurup	1
rusak	11
rusakni	1
rute	4
sa	7851
saanre	5
saat	1
saawe	10
saawui	2
sabab	68
sababni	108
sabagai	1
sabaharaga	1
sabak	1
sabakhtani	2
sabar	44
sabarang	24
sabarapa	1
sabarni	1
sabasapu	1
sabujurni	31
sabuk	1
sadakah	11
sadakahku	1
sadakan	1
sadang	1
sadar	2
sadi	38
sadia	29
saga	1
sagalis	28
sagalis-galisni	2
sagalisni	3
sagar	1725
sagaran	1
sagarwelum	1
sagi	1
sah	4
saharus	2
saharusni	10
sahaut	2
sahaya	28
sahayani	4
sahinraan	1
sahubungan	1
saisa	10
saiwara	1
sajati	71
sakah	26
sakahni	1
sakali	2
sakap	2
sakarasa	1
sakataru	1
sakit	62
sakit-sakitan	1
sakitar	5
sakitarni	5
sakoci	5
sakolah	1
saksi	25
saksiku	3
saksiku-daya	1
saksini	4
saksinu	1
salain	11
salainni	1
salalem-lalemni	3
salam	5
salamat	59
salamat-hau	1
salasih	2
salatan	3
salawah	58
salenga	31
salidik	1
salindungan	2
sama	2
samaeh-maehni	1
samalis	1
samambaptis	1
samambatang	17
samangat	21
samanyu	1
samare	2
samaringit	1
samasam	3
sambah	2
sambut	2
sameh	221
sameh-sameh	22
sameheleh	1
samehleh	2
samelum	1
samelumanni	1
samiding	5
sampar	3
sampat	3
sampur	5
sampuruna	4
samula	188
sana	1
sanaamuanni	1
sanaan	2
sanabahum	1
sanabahumku	1
sanaini	1
sanalaku	1
sanang	178
sanang-arai	1
sanang-puang	1
sanapasar	1
sanapindaku	1
sanasimuhni	1
sanasintani	1
sanasuratku	1
sanasurungni	1
sanatampalus	1
sanatukas	1
sanatumpangku	1
sanawara	2
sanawit	5
sanawitleh	1
sandal	1
sanepah	1
saneuen	1
sangaja	4
sangang	2
sanggup	37
sangit	38
sangkir	10
sangkirku	1
sangkum	2
sangkut	1
sangsara	2
sangulah	2
sani	1
sanimbul	1
sanina	5
sanjata	3
sanrandah	1
sanrata	3
sanrengei	10
sanringinen	3
sanringinenni	4
sanrite	1
sansameh	1
santar	8
santuhun	1
santurui	1
sanunuh	10
sanyarita	1
sanyumpuh	1
sapa	2
sapa-sumpah	2
sapanga	1
saparapat	1
saparjuangan	2
saparu	2
saparuna	1
sapatu	5
sapatuni	5
sapatunu	2
saperlu	2
sapersapuluh	8
sapersapuluhni	1
sapertiga	13
sapeser	1
sapi	20
sapiku	1
sapipatutni	1
sapu	2
sapuang	3
sapuluh	23
sara	67
saraang	1
saraba	6
sarah	9
sarahni	1
sarak	9
sarak-tuar	1
sarakah	2
sarambi	1
saramin	5
sarangan	1
sarani	17
saranihanye	1
sarat	1
saratang	164
sari	1
saribu	10
sarigala	5
sarit	1
sarita	9
saritaku	1
saritani	6
sarudung	7
saruhan	4
sarumpahni	1
sarupa	6
sasadang	1
sasameh	45
sasamehku	1
sasamehni	3
sasamehnu	4
sasawi	7
sasing	1
sasinrah	4
sasuai	2
satamam	1
satengah	9
satia	67
satiap	4
satida-tidani	1
satimpal	3
satinggi-tinggini	1
satu	1
satu-satuni	4
satua	52
satuju	22
satuuni	11
sawalas	1
sawayan	6
sayang	5
sayiru	4
sayur	1
sedih	1
segah	16
segel	15
segelni	1
segi	3
sehat	5
sehat-sehat	1
selatan	7
semangat	2
semesta	1
sensus	2
sepah	1
sepersapuluhni	1
serambi	1
serigala	2
setan	23
setiani	1
sewa	2
si	1
siap	2
sibabahum	1
sibuk	6
sibulut	2
sidahadani	1
sidang	11
sifat	1
sifatni	1
sigar	3
sihi	1
sihir	4
sihirni	2
sika	81
siksaan	3
silaka	17
silakani	5
silau	1
silu	38
siluni	4
simpuk	1
simuhku	1
simuhni	1
sinap	1
sindi	41
singa	7
singaja	1
sinrah	96
sinrah-sinrah	4
sinta	268
sintaku	1
sintani	5
sintanu	1
sipapuangni	1
siri	22
sirini	2
sirri	1
siruru	4
sirut-sirut	1
sitahantungni	1
sitaitu	7
sitat	7
sitatayuh	1
sitatni	2
situa	2
siuk	2
sobat	1
stadion	3
suah	140
sual	12
suara	3
suaranu	1
suba	9
subaan	6
subuh	8
subur	8
suei	14
sukai	2
sukat	6
suku	22
sukuni	1
sukup	35
sukup-ganap	1
sulas	5
suling	2
suluh	2
suluk	1
sulumparau	1
sumbangan	10
sumbayang	91
sumbayangni	1
sumbung	1
sumpah	17
sumpahni	5
sumsum	1
sumur	5
sunah	217
sunat	24
sunatni	1
sundal	2
sungkat	26
suni	41
suni-suni	21
suntu	23
surak	1
surak-layau	1
surat	75
suratku	8
suratni	3
surga	163
suriga	1
surungni	1
susah	5
susu	2
susuk	11
sutera	1
suwung	1
syafaat	1
syarat	3
syukur	6
syukurnu	1
taamule	1
taansam	1
taati	1
taatur	5
taawet	2
tabagi	4
tabagi-bagi	2
tabah	4
tabe	33
tabeku	6
tabentur	6
tabenu	1
tabiasa	1
tabiat	2
tabukti	2
tabunat	1
tabungkar	5
tabungkus	1
tadi	12
taduh	32
taduk	1
taenat	3
tagagunsang	2
taganggu	1
tagapit	1
tagar	3
tagarni	1
tagis	16
tagoda	9
tagur	3
taguran	1
tahalu	1
tahampe	1
tahan	24
tahanan	17
tahayul	1
tahormat	5
tahun	1
tahunni	1
tahuruk	1
taikat	8
tainsing	1
taisi	1
taitah	3
tajamba	1
takam	1147
takamuka	1
takaran	1
takhta	2
takia	87
takluk	3
takunsi	1
takut	152
takut-takut	1
takutuk	2
talak	1
talampas	1
talantar	1
talapas	1
talau	11
taliti	1
talitik	1
tamaga	6
tamah	1
tamam	65
tamamni	8
taman	5
tamanang	5
tamasuk	29
tamasukku	1
tamat	1
tambaga	4
tampalus	6
tampar	1
tampare	1
tamparing	1
tampawan	11
tampuh	2
tamput	7
tamu	13
tamu-tamuni	1
tamuni	2
tamuwe	3
tanaman	3
tanamanni	1
tanan	4
tananku	3
tanda	28
tanda-tanda	1
tandani	2
tane	222
taneku	1
taneni	6
tang	1
tangan	63
tangani	1
tanganku	7
tanganni	70
tangannu	14
tangar	1
tangga	1
tangguh	3
tanggung	4
tanggungan	2
tangis	3
tangkaini	2
tangke	1
taniuh	1
tanne	1
tanrik-tampak	1
tanrikni	1
tanruk	4
tanrukni	1
tantara	23
tantarang	3
tantarani	2
tantiak	1
tantiakni	1
tantiring	1
tanuhui	2
tanyuh	1
tapakai	2
tapaksa	8
tapalajar	2
tapalihara	1
tapangaruh	3
tapasar	1
tapidi	5
tapikat	1
tapikir	1
tapipis	1
tapisah	8
tapisah-pisah	2
tapitah	1
tapuau	3
tara	1
taraantuh	1
taraju	1
tarang	28
tarang-tarangan	3
tararah	1
tarareken-kala	1
tarariu	8
taratur	1
taraulu	14
tareh	1
tari	1
tariah	1
tarie	42
tarik	1
tarima	54
tarime	11
tarimeku	2
tarjadi	4
tarompet	11
tarompetni	8
tartip	1
taru	11
tarueh	2
taruh	3
taruku	1
tarus	35
tarus-tarusan	2
tasadia	1
tasadina	2
tasaleep	2
tasalindung	1
tasangkilah	1
tasapa	1
tasatat	1
tasiar	13
tasiksa	1
tasinggung	3
tasurat	2
tasusun	2
tatakut	2
tatamba	1
tatangga	1
tatanggani	4
tatangganu	1
tatap	117
tataria	1
tatau	52
tatauni	1
tatiap	7
tatindas	1
tatipu	8
tatuju	1
tatutup	2
tatuu	216
tatuu-hau	1
tau	568
tauka	13
taulang	4
taulangni	1
tauleh	1
taumpe	3
taun	70
taunni	2
taurat	1
tawada	1
tawanan	4
tawang	24
tawantar	10
tawaran	1
tawat	10
tawat-hurumat	2
tawuk	523
tawukni	9
tawurehan	1
tayap	5
tegas	6
teka	2045
telu	77
teluk	1
telumpulu	12
tembuk	5
tembukni	2
tempu	1
tena	4
tenagaku	1
tenak	2
tenda	3
tenga	202
tenga-sa	1
tengaku	16
tengani	59
tenganu	16
tepung	3
tereni	1
terhormat	2
terkemuka	3
tetek	5
tetekni	1
teun	2
tiap	124
tiba	53
tihang	1
tikas	14
tikasni	1
timbai	1
timbuk	1
timbul	11
timur	16
tindakan	5
tindakanni	2
tindakannu	2
tinduh	3
tinggi	6
tingkah	9
tingkas	14
tingkat	1
tinju	1
tintah	1
tipu	8
tipuan	1
tipuku	1
titik	1
titip-tarah	1
tokoh	5
tombak	1
topas	1
topi	1
trompet	1
tuan	38
tuan-tuan	3
tuani	1
tuanku	1
tuanni	29
tuannu	2
tudi	1
tugas	24
tugasku	5
tugasni	9
tugasnu	1
tugu	1
tuhan	1
tuhi	45
tuing	75
tuingku	1
tuingni	5
tuingnu	1
tujuan	43
tujum	7
tujuranni	1
tukang	61
tukat	2
tukui	4
tukuini	3
tukuinu	1
tulak	562
tulakni	1
tulang	2
tulis	3
tulisan	5
tulus	44
tumbai	2
tumbang	22
tumbu	14
tumpa	1
tumpang	1
tumpuk	288
tumpuknelang	1
tumpukni	3
tumpul	2
tumpulni	1
tunanganni	4
tunduk	18
tunggal	2
tungka	1
tungkan	15
tungkas	4
tungkau	4
tungkeh	13
tungkehni	1
tunrung	4
tunrungni	1
tunti	38
tuntian	15
tuntileh	1
tuntunan	2
tunuhui	1
tunung	6
turun	5
turunan	18
tutui	2
tutuinu	1
tutung	1
tutup	3
tuu	358
tuu-tuu	110
tuuni	3
u	19
uat	2
udara	2
udi	184
udiyati	2
udiyiru	26
uhang	20
uik	1
uji	2
uka	2
ukui	2
ukuini	3
ukuran	6
ulah	22
ulahan	21
ulahanni	2
ulahku	2
ulahni	1
ulang	2
ulek	1
ulet	3
ulu	46
ulualepnu	1
uluku	2
ulun	4386
ulun-hau	1
ulun-tamam	1
ulun-ulun	1
uluni	14
ulunni	7
ulunu	4
umak	37
umangan	17
umat	4
umatku	1
umatni	5
umatnu	1
umba	638
umbaku	1
umbean	3
umbung	2
ume	23
umeni	3
umme	1
umpamani	8
umpe	11
umpeku	1
umpu	1
umum	8
umur	3
umurni	5
umurnu	1
undan	3
undang	1
undangan	5
undangleh	1
undian	7
undur	2
uneng	7
unengan	233
unenganku	8
unenganni	17
unengannu	1
unengni	2
ungkan	1
ungkup	150
ungkupni	4
ungu	8
uni	7
unini	5
unta	6
unte	8
untung	3
untungni	10
upa	33
upaan	6
upaanni	1
upak	1
upaku	1
upani	9
upanu	1
upapanghianatanni	1
upasara	16
upi	6
upini	1
upu	138
upuni	23
upunu	5
uran	21
uras	71
urusan	6
urusanku	1
urusanni	1
urusannu	3
uruwawa	15
uruwawaku	1
uruwawani	11
uruwawanu	2
usah	22
usiat	1
usir	1
usu	1
usul	2
utang	11
utangku	2
utangni	6
utangnu	5
utara	2
utas	2
utul	5
utus	5
utusan	12
utusanku	5
utusanni	1
uut	5
uuten	8
uutennu	1
uweng	512
uyuh	5
uyuh-uyuh	1
wada	2
wadaan	1
wadaanni	5
wadai	1
wadan	1
wadik	1
wading	13
wadingni	1
wah	1
wahai	179
wahaini	7
waja	1
wajar	3
wajib	5
wakat	4
wakatni	6
waktu	11
waktuni	3
walah	108
walahku	3
walahni	10
walahnu	8
walang	1
walas	67
walaupun	3
walawas	1
waleh	2
walehan	4
walehanni	1
walengni	1
walenun	1
walo	4
walu	44
walu-randa	1
walumpulu	1
walunan	8
waluni	5
wanawang	40
wanawangni	2
wangkalung	1
wangun	71
wangunku	2
wangunni	18
wani	4
wansit	5
wara	37
waraga	6
waragani	2
waraganu	2
waraku	5
warana	2
waranani	1
waras	3
warat	1
ware	203
warga	11
waris	2
warisan	4
warisanni	2
warisni	5
warna	2
warnani	2
warung	1
wasi	6
waskum	1
waspada	1
wat	167
watku	15
watni	45
watnu	2
watu	116
watuni	1
wau	126
wau-wau	1
wauh	64
wawa	28
wawahiang	23
wawai	58
wawaku	3
wawanawang	5
wawanawangni	1
wawanga	4
wawangian	1
wawani	12
wawanu	1
wawara	1
wawauh	5
wawei	370
waweian	1
waweini	29
wawelang	3
wawerei	2
wawereu	5
wawitu	1
wawiur	1
wawuaan	1
wayah	53
wayahni	89
waye	1
wayuang	1
weat	2
weatni	2
welum	497
welum-welum	1
welumni	1
weru	2
weweanrau	2
wewung	3
wigas	7
wila	4
wilayah	9
winei	1
wini	39
winini	1
wirang	5
wisa	2
wising	9
witu	6
witus	5
witus-wuta	1
wiwi	5
wiwi-mulut	1
wua	37
wuah	218
wuang	68
wuangni	6
wuani	8
wuku	9
wukuku	2
wukuni	2
wulan	29
wule	1
wulu	14
wuluni	8
wulunu	1
wunge	18
wungeni	2
wungkur	1
wuntung	10
wuntungku	2
wuntungni	4
wuntungnu	1
wunu	3
wure	2
wurung	34
yakin	20
yalah	268
yanai	1
yari	9
yaru	184
yati	67
yena	14
yesus	2
yiru	5785
yiru-daya	1
yiru-erang	1
yiru-hau	1
yiru-inun	1
yiru-kala	1
yiru-kami	1
yiru-manyu	1
yiru-tau	1
yiruhanye	1
yiruleh	1
yiti	1157
yiti-hanyeyiru	1
yiti-nampan	1
yiti-pagawian	1
yitileh	1
yitu	1
zaitun	10
zaitun-hanyeyiru	1
zamrud	2
