!	1383
"	4160
'	796
(	94
)	94
,	24443
--	241
.	11130
12.000	1
1260	2
144.000	4
2400	1
430	1
450	1
6	1
666	1
:	362
;	777
?	898
ADEN	3
ADO	3
Abadon	1
Abia	3
Abihilah	1
Abihud	1
Abilene	1
Abuak-Nyo	1
Abuaknyo	1
Abyatar	1
Acok	1
Adam	15
Aden	83
Adenlah	12
Adi	1
Adiak	1
Adiaknyo	1
Admin	1
Ado	139
Adokoh	2
Adolah	12
Adramitium	1
Adria	1
Aduah	3
Agabus	2
Agak	1
Agamo	25
Agiah	4
Agiahkan	1
Agiahkanlah	3
Agiahlah	2
Agripa	13
Agustus	1
Ah	1
Ahas	1
Ainon	1
Ajakanlah	2
Ajalah	2
Akaik	5
Akau	1
Akeldama	1
Akhaikus	1
Akhaya	12
Akhim	1
Akibaiknyo	2
Akienyo	48
Akwila	12
Alah	12
Alaik	1
Alam	3
Alamaik	1
Alek	2
Aleksander	5
Aleksanderlah	1
Aleksandria	4
Alemu	1
Alfeus	5
Alkitab	166
Allah	2989
Allahlah	2
Allahnyo	4
Almasih	2239
Almasihlah	7
Alun	24
Amai	6
Aman	3
Ambiak	2
Ambiaklah	9
Ambo	1788
Ambolah	33
Ameh	2
Amfipolis	1
Amin	28
Aminadab	2
Amon	1
Amos	1
Ampek	6
Ampliatus	1
Ampunilah	3
Anak	290
Anak-Den	12
Anak-Nyo	42
Anak-anak	8
Anaknyo	1
Anam	3
Ananias	18
Andaklah	65
Andaknyo	29
Andokkanlah	1
Andreas	14
Andronikus	1
Angek	1
Anggap	1
Anggaplah	3
Anggota-anggota	2
Angguato	1
Angguato-angguato	1
Anggur	3
Angin	4
Angkau	304
Angkaulah	17
Angkeklah	1
Angkonyo	1
Angku	257
Angku-angku	272
Angku-angkulah	3
Anjakkanlah	1
Anjiang	3
Anoklah	1
Antah	3
Antaro	2
Antiokhia	29
Antipas	1
Antipatris	1
Antu	1
Apak	6
Apeles	1
Apfia	1
Api	1
Apius	1
Apo	134
Apokoh	111
Apolah	2
Apolai	1
Apolion	1
Apolonia	1
Apolos	15
Arab	3
Aragowilah	3
Arahkanlah	1
Arakuangannyo	1
Arati	1
Arato	1
Arato-bandonyo	1
Areopagus	3
Aretas	1
Ari	87
Arimatea	4
Aristarkhus	6
Aristobulus	1
Arkelaus	1
Arkhipus	2
Arni	1
Aromaik-ilah	4
Arpakhsad	1
Artemas	1
Artemis	5
Asa	3
Asakan	1
Asdod	1
Asia	20
Asie	1
Asienyo	1
Asinkritus	1
Asok	2
Asos	2
Assalamualaikum	9
Asyer	2
Atalia	1
Atau	13
Ataukoh	2
Ateh	10
Atena	7
Ati	10
Ati-ati	1
Ati-atilah	2
Atinyo	1
Awailah	1
Ayaik	1
Ayaik-ayaik	1
Ayie	3
Ayub	1
Ayunkanlah	2
Azur	1
Ba	16
Baa	112
Baal	1
Babahagialah	26
Babaliaklah	2
Babarapo	34
Babel	12
Babi	1
Babilon	1
Babuwek	2
Badannyo	1
Badasarkan	2
Badowa	2
Badowalah	8
Bagadang	1
Bagageh-gageh	1
Bagagehlah	1
Bagaua	1
Bagi	12
Bahayonyo	1
Baiak	10
Baiko	1
Baitu	158
Baitulah	7
Bajago-jagolah	6
Bajalanlah	1
Bajunyo	2
Bajuwanglah	2
Bakarajolah	3
Bakato	3
Bakatolah	12
Bakcando	41
Bakirok	1
Bakiroklah	3
Bala	1
Balak	1
Bali	2
Baliau	2458
Baliau-baliau	1
Baliaulah	66
Bamalam	1
Bana	2
Baniah	10
Banso	5
Banso-banso	2
Bantuak	1
Bantulah	1
Banyaklah	1
Bapaciklah	1
Bapak	334
Bapak-Nyo	4
Bapak-bapak	3
Bapaklah	5
Bapaknyo	3
Bara	5
Barabas	11
Barabaslah	2
Baragi	7
Barak	1
Barakaik-ilah	1
Baralah	25
Barando	2
Barang	2
Barangkali	2
Barangkeklah	1
Barani	2
Baranjaklah	1
Barasiahkanlah	1
Baraso	7
Barhalo	1
Baribu-ribu	1
Barilah	1
Baritawukanlah	2
Barito	6
Baritonyo	1
Barnabas	45
Barsabas	2
Bartimeus	4
Bartolomeus	4
Baru	40
Barulah	5
Baruntuang	1
Baruntuanglah	1
Baryesus	1
Basa	26
Basalam-salaman	2
Basalam-salamanlah	3
Basarulah	1
Basegeh-segehlah	1
Basibondek	1
Basicapek	1
Basigageh	1
Basituluih	1
Basiyap	1
Basuahlah	1
Basukocitolah	3
Basumpahlah	1
Basyukurlah	1
Batambah	1
Batang	3
Batanyolah	3
Batarimokasihlah	1
Batawun-tawun	2
Batekaiklah	1
Batin	1
Batindaklah	1
Batobaiklah	6
Batu	10
Batua	49
Batuakoh	1
Bawok	1
Bawoklah	7
Bayangkanlah	1
Bayielah	2
Bayierannyo	1
Bebas	1
Beelzebul	6
Benyamin	4
Beor	1
Berea	6
Berekia	1
Bernike	3
Betania	13
Betesda	1
Betfage	3
Betlehem	9
Betsaida	7
Bi	17
Biasonyo	2
Bijo	9
Bijo-bijo	1
Bilalang-bilalang	2
Bileam	5
Binatang	8
Binatang-binatang	1
Bini	1
Bininyo	2
Bintang	2
Bintang-bintang	4
Bisuak	28
Bisuaklah	1
Bisuaknyo	2
Bitinia	2
Biya	2
Biyai	5
Biyalah	15
Biyapun	61
Blastus	2
Boanerges	1
Boas	2
Budak	2
Budak-budak	2
Bukakkan	1
Bukaklah	5
Bukan	3
Bukankoh	1
Bukannyo	2
Bukik	14
Buliah	7
Buliahkoh	1
Buluah	1
Bumi	3
Bungo	1
Bungo-bungo	1
Bunuah	3
Bunuahlah	3
Bunyi	3
Buwanglah	1
Buwekkanlah	1
Buweklah	3
Cahayo	3
Cako	2
Caliak	1
Caliaklah	12
Calieklah	2
Cangok	2
Capek-capeklah	1
Capeklah	8
Carilah	1
Caro	3
Catatan	2
Cawan	1
Cegakkanlah	2
Cegaklah	1
Cilako	10
Cilakolah	21
Cinto	2
Cintoilah	2
Cito-cito	1
Ciyek	9
Ciyeknyo	1
Cubo	1
Cubolah	34
Cukuik	1
Cukuikkan	1
Cukuiklah	1
Dabiahlah	2
Dadonyo	1
Dagiang	1
Dakek	1
Dakek-ilah	1
Dalam	45
Dalmanuta	1
Dalmatia	1
Damaris	1
Damsyik	16
Danau	1
Dangakanlah	22
Daniel	1
Dapek	1
Dapekkoh	4
Darah	3
Darah-Nyo	1
Dari	53
Daripado	1
Daro	3
Datanglah	1
Daud	71
Daulaik	3
Daun	2
Daunnyo	1
Dawulu	21
Dawulunyo	1
Dayo	1
Dayo-dayoan	1
Dayuanglah	1
Dek	913
Demas	3
Demetrius	3
Demi	2
Den	97
Den-piliah	1
Derbe	5
Dewa	2
Dewa-dewa	1
Dewi	1
Di	237
Dibakeh	1
Dibarakaik-ilah	8
Dicaliak	1
Dijaman	1
Dijatuahkan	1
Dikami	1
Dikutiko	118
Dima	28
Dima-dimanyo	5
Dimakoh	1
Dimalam	4
Dimanyo	3
Dimaso-maso	1
Dionisius	1
Diotrefes	1
Diri	1
Dirinyo	1
Disabalun	1
Disakutiko	2
Disampiang	2
Disasanjo	1
Disatiyok	5
Disatiyok-tiyok	1
Disiko	2
Disinan	36
Disinanlah	15
Disunaikkan	1
Ditolong	1
Diwakatu	1
Domba	41
Domba-domba	2
Dorkas	6
Doso	7
Doso-doso	1
Dotor	1
Dowa	2
Dowakan	1
Dowakanlah	1
Drusila	1
Duduak	1
Duduaklah	6
Dukun-dukun	1
Dunia	5
Dunsanak	1
Duwo	9
Eber	1
Ebulus	1
Efata	1
Efesus	26
Efraim	1
Efrat	2
Eh	1
Elam	1
Eleazar	1
Eli	3
Elia	33
Eliezer	1
Elimas	3
Elisa	1
Elisabet	13
Eliud	1
Elmadam	1
Eloi	2
Eloklah	8
Elolah	1
Elyakim	2
Emaus	1
Eneas	5
Enos	1
Epafras	3
Epafroditus	2
Epenetus	1
Epikuros	1
Er	1
Erastus	3
Esau	4
Etiopia	5
Etonglah	1
Eunike	1
Euodia	1
Eutikhus	1
Fanuel	1
Farisi	114
Febe	1
Feliks	12
Feniks	2
Fenisia	4
Festus	16
Figelus	1
Filadelfia	2
Filemon	2
Filetus	1
Filipi	8
Filipus	43
Filipuslah	1
Filologus	1
Firaun	5
Firaunlah	1
Firdaus	2
Firman	18
Flegon	1
Fortunatus	1
Frigia	3
Gabata	1
Gad	1
Gadang	3
Gadara	1
Gadih-gadih	1
Galatia	7
Galilea	80
Galio	4
Gamaliel	3
Gambar	6
Gandun	1
Ganjie	1
Garam	2
Gayus	6
Gaza	1
Genesaret	3
Gerasa	3
Getsemani	2
Gideon	1
Gog	1
Golgota	3
Gomora	4
Gubalo	3
Gubalokanlah	3
Gubalonyo	1
Gubenur	21
Gunuang	5
Guru	62
Guru-guru	10
Habel	6
Hajar	2
Hakim	6
Hana	2
Hanas	4
Hanyo	28
Hanyolah	1
Haran	2
Harapan	3
Harmagedon	1
Harun	4
Hawa	2
Hemor	1
Henokh	5
Hermas	1
Hermes	2
Hermogenes	1
Herodes	74
Herodeslah	1
Herodias	8
Herodion	1
Hesli	1
Hezron	2
Hierapolis	1
Himeneus	2
Hizkia	1
Hosea	1
Ibadaik	2
Ibo	1
Iboilah	4
Ibrahim	126
Ibrahimlah	2
Ibrani	14
Iduik	8
Iduiklah	5
Idumea	1
Ijinkanlah	1
Ikan	1
Ikek	1
Iko	23
Ikolah	68
Ikonium	6
Ikonyo	2
Ikuanyo	1
Ikuik-ilah	2
Ikuiklah	2
Ilakkanlah	1
Ilalang	1
Ilirikum	1
Imam	39
Imam-imam	15
Iman	2
Imanuel	2
Imbaulah	1
Indah	1
Indak	284
Indakkan	1
Indakkoh	16
Indaknyo	2
Induak	4
Induak-angkang	1
Induak-induak	1
Ingek	2
Ingek-ingeklah	10
Ingekkanlah	1
Ingeklah	3
Inggan	1
Injil	148
Inok-manuangkanlah	1
Inyo	775
Inyolah	7
Inyopun	2
Isa	2268
Isai	4
Isakhar	1
Ishak	22
Isi	2
Isilah	2
Iskariot	12
Israel	109
Israellah	1
Isuak	37
Italia	5
Itam	1
Itu	75
Itukoh	1
Itulah	93
Itunyo	1
Itupun	1
Iturea	1
Iyo	53
Iyokanlah	2
Iyokoh	1
Iyolah	3
Izebel	1
Jaan	1
Jadi	154
Jadih	2
Jadihlah	2
Jagoilah	7
Jagolah	7
Jahek	13
Jajoklah	1
Jalan	5
Jalankanlah	1
Jalo	1
Jamaat	3
Jamaat-jamaat	1
Jan	102
Jan-jan	1
Janji	1
Janji-janji	1
Jankan	1
Janlah	99
Japuiklah	1
Jauah	1
Jauah-ilah	1
Jauahilah	8
Jawab	1
Jawaban	1
Jawablah	1
Jawabnyo	1
Jawi	2
Jibrail	3
Jiko	1
Jikok	446
Jo	151
Jubah	2
Jumaik	1
Juwalah	1
Ka	23
Kaba	11
Kabahagiaan	1
Kabaiakkan	1
Kabake	30
Kabakenyo	1
Kabanyakkan	1
Kabasaran	2
Kabatualan	1
Kabek	1
Kabeklah	1
Kabijaksanoan	5
Kaciyek-annyo	4
Kadang-kadang	2
Kadapatan	1
Kadatangan	1
Kadatangan-Nyo	1
Kaduwo	7
Kaduwo-duwonyo	3
Kaduwonyo	3
Kaganti	1
Kahidupan	6
Kain	4
Kaisar	32
Kaisarea	21
Kajadi	1
Kajadian	9
Kaka	1
Kakayoan	1
Kaki	1
Kakuatan	3
Kakuwasoan	3
Kaladai	1
Kalakuan	1
Kalian	14
Kalimo	3
Kaluwakanlah	2
Kaluwalah	3
Kamampuan	1
Kamarilah	18
Kamatian	3
Kamatian-Nyo	1
Kamba	4
Kami	147
Kampuangkanlah	2
Kamudian	28
Kamuliaan	1
Kan	6
Kana	6
Kana-i	1
Kana-ilah	42
Kanaan	4
Kanakkanlah	3
Kanalah	1
Kandake	1
Kanti	2
Kanti-kanti	2
Kanti-kantinyo	1
Kantinyo	1
Kapa	1
Kapado	3
Kapadokia	2
Kapak	2
Kapalo	14
Kapatang	1
Kapatuahan	1
Kapernaum	17
Kapiten	1
Kaputusan	1
Karajaan	88
Karajaan-Nyo	2
Karajo	3
Karajo-karajo	1
Karajokan	1
Karajokanlah	8
Karano	1
Karpus	1
Kasabaleh	1
Kasadiahan	1
Kasadonyo	183
Kasalamatan	3
Kasapuluah	2
Kasdim	1
Kasiah	4
Kasiahilah	7
Kasimpualannyo	1
Kastor	1
Kasudahannyo	2
Kasusahan	2
Katawui	1
Katawuilah	19
Katigo	1
Kato	1
Kato-kato	13
Katokan	4
Katokanlah	3
Katujuah	2
Katurunan	4
Kauda	1
Kayafas	10
Kayu	1
Kecek	2
Keceknyo	2
Kefas	2
Kemah	10
Kenan	2
Kengkrea	2
Kerub	1
Khios	1
Khuza	1
Kiamaik	12
Kidron	1
Kilikia	8
Kiniko	102
Kinikolah	2
Kinilah	1
Kirene	7
Kirenius	1
Kiro-kiro	7
Kis	1
Kitab	20
Kitab-kitab	1
Kito	90
Kiyamaik	8
Klaudia	1
Klaudius	3
Klemen	1
Kleopas	1
Kloe	1
Klopas	1
Knidus	1
Kok	46
Kolose	1
Konco	1
Korah	1
Korazim	2
Korintus	11
Kornelius	15
Kos	1
Kosam	1
Kota	7
Koto	3
Kreskes	1
Kreta	8
Krispus	2
Kristen	78
Kristus	1
Kubuaran	1
Kubuaran-kubuaran	1
Kudaraik	1
Kudian	168
Kudo	1
Kumandan	5
Kunci	1
Kurisi	2
Kutiko	294
Kuwaikkanlah	1
Kuwaso	3
Kwartus	1
Labiah	31
Labuah	2
Lagipulo	1
Lagu	1
Lagukanlah	1
Lah	70
Lai	1
Lain	1
Lakekkanlah	1
Laki	2
Laki-laki	3
Lalok	1
Lamekh	1
Lamo	3
Langik	7
Lansuang	4
Lantai	1
Laodikia	7
Lapeh	1
Lapehkanlah	2
Lasea	1
Laten	1
Latiahan	1
Lauik	4
Lauiktan	1
Lawanlah	1
Layi	30
Layikoh	2
Layilah	1
Lazarus	27
Legiun	2
Lewakanlah	1
Lewi	18
Libia	1
Lida	4
Lidah	2
Lidia	3
Likaonia	2
Likia	1
Limo	5
Linus	1
Lisanias	1
Lisias	3
Listra	7
Liyek	3
Liyeklah	29
Lois	1
Lubang	1
Lukas	3
Lukius	2
Luko-luko	1
Luruih	1
Lut	5
Ma	1
Maat	1
Magadan	1
Magdalena	13
Magog	1
Maha	1
Mahabasa	1
Mahabijaksano	1
Mahakuwaso	19
Mahalaleel	1
Mahamulia	1
Mahasuci	10
Mahatinggi	9
Mahkamah	22
Makan	1
Makanan	4
Makedonia	26
Mako	562
Malah	28
Malahan	15
Malalui	17
Malam	4
Malamnyo	2
Malekaik	27
Malekaik-malekaik	6
Malekaiknyo	1
Maliyek	2
Malkhi	2
Malkus	1
Malta	1
Mamangkua	1
Manason	2
Manasye	2
Manatap	1
Manataplah	1
Manayiak-i	1
Mancaliaklah	2
Mandanga	4
Mandangakan	8
Mandeh	2
Mandeh-Nyo	2
Mandehnyo	2
Manga	1
Mangasiahi	1
Mangecek	1
Mangeceklah	2
Manggalehlah	1
Mangko	7
Mangkonyo	35
Mangkuak	1
Manjadikan	6
Manjalang	2
Manjawablah	5
Manuruik	25
Manusia	110
Manyalamaikkan	2
Maoh	1
Maohkanlah	1
Maranatha	1
Marapulai	2
Maringanilah	1
Markus	12
Marta	17
Maryam	89
Maso	1
Maso-maso	1
Masokan	3
Masuakkanlah	2
Masuaklah	5
Masuaknyo	1
Matan	1
Matat	2
Matata	1
Matias	2
Matica	2
Matius	7
Mato	6
Mato-Nyo	2
Matoari	3
Matonyo	1
Mauik	11
Mayiknyo	2
Media	1
Meja-meja	1
Melea	1
Melkisedek	16
Menahem	1
Merah	3
Mesias	2
Mesir	37
Mesopotamia	2
Metilene	1
Metusalah	1
Midian	1
Mikhael	5
Miletus	3
Mina	1
Mintak	3
Mintaklah	7
Mintuo	1
Mintuwo	2
Minyak	2
Mira	1
Misia	2
Molah	30
Molokhlah	1
Mudah-mudahan	51
Mukaluak	1
Mukasuik	12
Mukasuiknyo	3
Mukjizat	1
Muko	1
Muko-Nyo	2
Mukonyo	2
Mulie	1
Muliekanlah	2
Mulo-mulo	7
Muloi	11
Muluiknyo	1
Muncuangnyo	1
Mungkin	19
Mungkinkoh	2
Murik	1
Musa	136
Musti	1
Musuah	7
Musuah-musuah	1
Naaman	1
Nabi	602
Nabi-nabi	10
Naftali	3
Nagai	1
Nagara	1
Nagari	2
Nago	4
Nah	67
Nahason	2
Nahor	1
Nahum	1
Nain	1
Nak	6
Nama	13
Namo	12
Namonyo	9
Nampaknyo	1
Nan	256
Nantikanlah	1
Napasu	1
Narkisus	1
Nasiyaik	1
Nasiyaik-ilah	1
Natan	1
Natanael	6
Nazaret	35
Ndeh	8
Neapolis	1
Nereus	1
Neri	1
Ngku	47
Nikanor	1
Nikodemus	7
Nikolaus	3
Nikopolis	1
Nimfa	1
Niniak	6
Niniwe	4
Nubuat	1
Nuh	12
Nyatolah	1
Nyawo-Nyo	1
Nyo	3
Obed	2
Oh	1
Oi	1
Oih	171
Olimpas	1
Ombak	1
Oncongkanlah	4
Onesiforus	3
Onesimus	4
Pa	1
Pabilo	3
Pabuwek	1
Pabuweklah	6
Pacahlah	2
Padiyakan	9
Padiyakanlah	3
Pado	62
Padohal	23
Padusi	8
Padusi-padusi	3
Pafos	2
Pagawai	2
Pagunokanlah	5
Paja	9
Paja-paja	1
Pajamuan	1
Pajanjian	4
Pak	7
Pakaian	6
Pakaian-Nyo	1
Pakailah	3
Palabuahan	2
Palanggaran	1
Palayan	9
Palayan-palayan	1
Palayannyo	1
Paliang	1
Paliang-paliang	1
Paliaro	1
Palimo	2
Palinduang	1
Paluah	1
Pamaliaro	1
Pamandian	2
Pamarentah	2
Pamarentahan	2
Pamarentahan-Nyo	1
Pambantu	2
Pambaptis	32
Pambarian	2
Pambela	1
Pambinaso	1
Pamfilia	5
Pamimpin	4
Pamimpin-pamimpin	2
Panah	2
Panampakkanlah	3
Pancilok	1
Pandamaian	1
Pandapek	1
Pandia	1
Panduduak	2
Pangadielan	6
Pangajaran	6
Pangakuan	1
Pangana	1
Pangananyo	1
Pangasiah	1
Pangatawuan	4
Pangatawuannyo	1
Pangawal	1
Pangawal-pangawal	1
Pangikuik	17
Pangikuik-Nyo	10
Pangikuik-pangikuik	25
Pangikuik-pangikuik-Nyo	5
Pangikuik-pangikuiknyo	1
Pangkaik	1
Pangkiyanaik	1
Pangliyatan	1
Panguwaso	4
Panguwaso-panguwaso	5
Paniliak	2
Panipuan	1
Panjabaik	3
Panjabaik-panjabaik	1
Panjago	1
Panolong	7
Panyakik	3
Panyakiknyo	4
Panyalamaik	100
Panyalamaiknyo	1
Panyalamatan	1
Panyaliban	1
Panyamun	1
Parajurik	2
Parajurik-parajurik	5
Paralu	1
Parantaro	2
Paratikanlah	23
Paratuaran	19
Paratuaran-paratuaran	1
Parawu	1
Parawu-parawu	1
Parentah	5
Parentah-parentah	1
Parentah-parentah-Nyo	1
Pareso	1
Paresolah	1
Pariuak	2
Parkaro	17
Parkaro-parkaro	5
Parmenas	1
Parsiyapan	1
Partia	1
Paruiknyo	1
Parwira	2
Pasa	1
Pasan	2
Pasan-pasan	1
Pasanggrahan	1
Paskah	37
Pasukan	3
Pasukannyo	1
Patamuan	1
Patang	2
Patangkaran	1
Patara	2
Patmos	1
Patriot	4
Patrobas	1
Patuahilah	2
Patuahlah	2
Paulus	346
Payi	6
Payik	1
Payilah	36
Pegawai	1
Peleg	1
Pentakosta	3
Peres	2
Perga	3
Pergamus	2
Perkius	1
Persis	1
Peti	5
Petrus	274
Petruslah	2
Picayo	2
Picayolah	38
Pikiekanlah	2
Pikieran	3
Pikierannyo	1
Pilatus	82
Piliahan	1
Piliahlah	1
Pindahlah	1
Pintu	5
Pirus	1
Pisidia	4
Pisuruah	9
Pisuruah-Nyo	2
Pisuruah-pisuruah	3
Pisuruahnyo	1
Pitih	1
Pokok	1
Poluks	1
Pondok	1
Pontius	3
Pontus	3
Priskila	9
Prokhorus	1
Ptolemais	1
Publius	1
Pudes	1
Pujilah	10
Pukua	3
Pulanglah	5
Punyo	1
Putioli	1
Rabi	3
Rabuni	1
Ragi	2
Rahab	3
Rahel	1
Rahmaik	1
Rajo	177
Rajo-rajo	6
Rakyaik	3
Ram	1
Rama	1
Rambuik	2
Rampah-rampah	1
Rancak	5
Rancaknyo	1
Rancana	2
Ranggaek	2
Rangik	1
Rantiang-rantiang	1
Rasiyo	2
Rasiyokanlah	1
Raso	2
Rasonyo	1
Rasul-rasul	11
Ratokanlah	1
Ratu	1
Rayo	26
Refan	1
Regium	1
Rehabeam	1
Rehu	1
Resa	1
Ribka	3
Rimbo	1
Rode	2
Rodos	1
Roh	293
Roh-Den	3
Roh-Nyo	21
Roh-roh	4
Roma	45
Romawi	2
Rombongan	1
Roti	12
Ruben	1
Rufus	3
Rumah	155
Rumah-Den	2
Rumpuik	2
Ruponyo	1
Rut	1
Ruwang	11
Sa	5
Sabagai	7
Sabagian	7
Sabalah	1
Sabaliaknyo	16
Sabalun	18
Sabalunnyo	1
Sabana	25
Sabana-bananyo	1
Sabananyo	27
Sabanta	2
Sabanyak	2
Sabarapo	1
Sabat	62
Sabuwah	2
Sacapeknyo	1
Sacaro	13
Sadang	1
Sadangkan	6
Sadapek	1
Sadiah	1
Sadiyokan	1
Sadiyokanlah	5
Sadonyo	11
Saduki	15
Safira	3
Sagalo	49
Sahari	2
Saincek	1
Sainggo	1
Sajak	19
Sakali	9
Sakalompok	2
Saketek	2
Sakurang-kurangnyo	1
Sakutiko	23
Salah	18
Salain	7
Salam	34
Salamaik	2
Salamis	1
Salamo	16
Salanjuiknyo	1
Salasaikanlah	1
Salatan	2
Salem	2
Salibkan	6
Salibkanlah	3
Salim	1
Saliter	1
Salmon	3
Salmone	1
Salome	2
Salubuang	1
Samak	4
Samangkin	4
Samantaro	76
Samaria	26
Sambahlah	4
Sambia	7
Sambuah	69
Sambuiklah	1
Samo	14
Samo-samo	12
Samos	1
Samotrake	1
Sampai	15
Sampaikan	5
Sampaikanlah	7
Sampailah	1
Samuel	3
Samulo	2
Samustinyo	5
Sanak	1
Sanang	6
Sanduangan	2
Sang	2
Sangaik	13
Sangek	1
Sangko	2
Sansaro	1
Santano	37
Santiang	3
Santoso	1
Sapakan	1
Sapanjang	2
Saparsapuluah	1
Sapatigo	4
Sapatuiknyo	1
Sapuluah	6
Saradadu	1
Sarah	6
Sarahkanlah	2
Sarancaknyo	1
Sarangkek	1
Sarato	17
Saratuih	1
Sardis	3
Sarfat	1
Saribu	1
Saroman	2
Saron	1
Sarugo	36
Sarupo	6
Sasi	1
Sasi-sasi	1
Sasudah	292
Sasuwai	2
Satantangan	1
Sataruihnyo	1
Satibo	1
Satibonyo	2
Satiya	1
Satiyok	64
Satiyok-tiyok	10
Sato	3
Satolah	1
Satu	3
Saul	2
Saulus	46
Saumpamo	1
Sawakatu	1
Sawok-ilah	1
Sayok	1
Sealtiel	2
Segehilah	1
Sekundus	1
Seleukia	1
Sem	1
Serakkanlah	1
Sergius	1
Serug	1
Set	1
Setan	1
Si	151
Siang	8
Siapokoh	1
Sidang	1
Sidon	11
Sikhar	2
Sikhem	2
Sikua	1
Silakan	1
Silas	40
Siloam	4
Simei	1
Simeon	8
Simon	93
Simson	1
Sinai	5
Singo	1
Sinjato-sinjato	1
Sintike	1
Sion	7
Siprus	8
Sirakusa	1
Siria	10
Sirtis	1
Siti	49
Siya	60
Siya-siya	4
Siyakoh	18
Siyalah	1
Siyanyo	2
Siyapokoh	6
Skewa	3
Smirna	2
Sodom	10
Sopater	1
Sosipater	1
Sostenes	2
Spanyol	3
Stakhis	1
Stefanus	27
Stoa	1
Subawo	2
Subuah-subuah	9
Suci	9
Sudah	263
Sudari	1
Sudaro	22
Sudaro-sudaro	71
Sukocito	2
Sulaiman	2
Sulaimanlah	1
Suleman	8
Sulik	1
Sungai	6
Sungguahpun	2
Supayo	16
Surambi	1
Surang	22
Surek	6
Surek-surek	1
Suruahlah	9
Susana	1
Suwarihnyo	1
Suwaro	8
Suwaro-Nyo	1
Suwaronyo	1
Syukurlah	1
TUHAN	1
Tabahlah	2
Tabang	1
Tabia	1
Tabie	2
Tabik	1
Tabita	2
Tabokeklah	1
Tabukaklah	1
Tadanganyo	1
Tadeus	2
Tadi	2
Tagak	2
Tagaklah	12
Tajadi	6
Tajadilah	1
Takuiklah	3
Takutuaklah	2
Talingo	1
Talita	1
Taman	1
Tamar	1
Tampaik	4
Tanah	8
Tananglah	3
Tandonyo	1
Tangah	1
Tangan	1
Tangannyo	1
Tangkoklah	2
Tangkurak	4
Tanjuang	1
Tantang	26
Tantu	38
Tanyato	3
Tanyokan	1
Tanyokanlah	1
Tapasolah	1
Tapek	4
Tapi	930
Tapiliah	1
Tapujilah	13
Taradok	10
Tarang	8
Tarimo	4
Tarimolah	6
Tarsus	5
Taruihlah	1
Tarumpik	1
Tasabab	1
Tatap	1
Tataplah	3
Taurat	4
Tawu	1
Tawukoh	1
Tembok	3
Teofilus	2
Terah	1
Tertius	1
Tertulus	3
Tesalonika	10
Teudas	1
Tiatira	4
Tiberias	3
Tiberius	1
Tibo	62
Tibo-tibo	1
Tibolah	10
Tigo	8
Tikhikus	7
Timbunilah	1
Timeus	1
Timon	1
Timotius	34
Timotiuslah	1
Timpolah	2
Timur	1
Tingga	2
Tinggakanlah	2
Tinggalah	1
Tinggi	2
Tingkah	1
Tipu	1
Tiranus	1
Tirulah	1
Tirus	13
Titius	1
Titus	20
Tiyok	1
Tiyok-tiyok	2
Tokoklah	1
Tolong	1
Tolonglah	9
Tomas	13
Trakhonitis	1
Trifena	1
Trifosa	1
Troas	7
Trofimus	4
Tuan	2
Tuanku	15
Tubuah	5
Tubuahnyo	1
Tuduahan	1
Tugeh	2
Tugehnyo	1
Tuhan	899
Tuhanlah	5
Tuhannyo	2
Tujuah	6
Tujuan	4
Tujuannyo	1
Tukang	11
Tukang-tukang	3
Tulihkanlah	5
Tulisan	1
Tunduaklah	1
Tungga	4
Tunggu	1
Tunggulah	1
Tunjuakkanlah	3
Turuikkanlah	2
Turuiklah	1
Turunkanlah	1
Tuwaian	1
Ubek-ilah	1
Ubilih	43
Ubilihlah	1
Ubuangan	1
Uda	4
Ujan	1
Ukuaran	3
Ukunan	2
Umaik	3
Umaik-Den	2
Umbuak	1
Umpamonyo	3
Umua	1
Umuanyo	1
Untuak	34
Untuang	2
Urang	395
Urang-Nyo	3
Urang-urang	333
Urangnyo	2
Urbanus	1
Uria	1
Usawo	1
Usielah	2
Utusan	1
Uzia	1
Wa-ang	24
Waden	4
Wakatunyo	1
Ya	5
Yahudi	476
Yahudilah	2
Yahya	203
Yairus	12
Yakobus	43
Yakub	27
Yambres	2
Yanai	1
Yanes	2
Yared	1
Yason	5
Yefta	1
Yehuda	9
Yekhonya	2
Yeremia	3
Yerikho	6
Yerusalem	159
Yesaya	24
Yesua	1
Yesus	4
Yoda	1
Yoel	1
Yohana	2
Yohanan	1
Yona	5
Yonam	1
Yope	13
Yoram	1
Yordan	15
Yorim	1
Yosafat	1
Yosekh	1
Yoses	3
Yosia	1
Yosua	2
Yotam	1
Yuang	1
Yudas	60
Yudea	52
Yulia	1
Yulius	2
Yunani	20
Yunias	1
Yunus	9
Yustus	3
Yusuf	58
Zabur	6
Zadok	1
Zaitun	12
Zakharia	20
Zakheus	4
Zebedeus	10
Zebulon	3
Zenas	1
Zerah	1
Zerubabel	2
Zeus	2
[	24
]	24
abaik-abaik	2
abih	32
abih-abihkan	3
abih-abihnyo	2
abihkan	6
abihlah	1
abu	11
abuak	4
abuaknyo	8
acok	33
acok-acok	1
acuahkan	5
acuahkannyo	1
adaan	56
adaan-Nyo	3
adaannyo	37
adaih	1
adaik	16
adang-adang	2
aden	9
adiak	1
adiak-ang	1
adiaknyo	9
adie	31
adiekoh	1
adielah	1
adielan	9
adielan-Den	1
adielan-Nyo	2
adieli	18
adienyo	2
adiyah	14
ado	1336
ado-ado	1
adok	10
adok-an	219
adok-an-Nyo	2
adok-annyo	8
adok-i	25
adokan	23
adokan-Nyo	1
adokanlah	1
adokkan	1
adokoh	14
adolah	673
adonyo	4
aduak	2
aduaknyo	2
agak	57
agak-agak	1
agak-agak-i	1
agak-agaknyo	2
agak-i	1
agakkan	1
agamo	251
agamonyo	2
agiah	204
agiahkan	55
agiahkanlah	11
agiahlah	4
ah	1
ahli	2
ahli-ahli	4
aja	106
aja-i	8
ajab	32
ajaib	4
ajaiban	7
ajaiban-ka	4
ajaibnyo	1
ajak	10
ajakan	73
ajakan-Nyo	1
ajakannyo	4
ajaklah	3
ajalah	1
ajanyo	2
ajaran	18
ajuak	2
aka	26
akanyo	1
akau	3
akibaik	2
akibaikkan	5
akibaiknyo	5
akie	20
akienyo	20
akiraik	1
akok	2
akui	39
akui-Nyo	1
akuinyo	2
ala	4
alah	15
alai	4
alaik	3
alaik-paragaik	2
alaik-paragaiknyo	1
alam	19
alamaik	2
alamaiknyo	1
alaman	12
alami	11
alang-alangi	1
alangi	2
alasan	17
alau	2
aleh	2
alehi	2
alehkan	1
alek	42
alek-alek	1
alemu	10
alemu-alemu	1
alemunyo	1
alieran	1
alimu	3
aliran	2
aluih	3
alun	143
amai	25
amakan	1
amalan	1
aman	44
amba	3
ambek	9
ambek-ambek	8
ambiak	111
ambiak-i	10
ambiaklah	8
ambiaknyo	1
ambo	2086
ambolah	8
ambua	3
ambuangkan	18
ambuangkanlah	1
ambuangkannyo	2
ambuih	20
ambuihkan	2
ameh	55
amehnyo	1
ampadu	1
ampai	1
ampeh	3
ampeh-ampeh	1
ampeh-ampehkannyo	1
ampehkan	3
ampehkannyo	1
ampek	83
ampek-ampek	1
ampia	45
ampia-ampia	1
ampok	2
ampun	3
ampuni	54
ampunilah	1
ampuninyo	3
anai-anai	4
anak	311
anak-Den	6
anak-Nyo	1
anak-anak	75
anak-anak-Den	2
anak-anak-Nyo	10
anak-anaknyo	24
anaknyo	44
anam	21
ancam	4
ancaman	3
ancua	1
ancuarannyo	1
andak	1
andaklah	101
andaknyo	108
andok	17
andok-andokkan	3
andokkan	4
andokkannyo	1
anduak	2
anduang	2
anduangnyo	1
angan	2
angan-angan	1
angek	7
angek-angek	1
angekkan	2
angeknyo	2
anggan	1
anggap	71
anggapan	2
anggaplah	3
anggapnyo	2
anggota	24
anggota-anggota	12
anggotanyo	1
angguato	21
angguato-angguato	3
angguatonyo	3
anggur	95
anggurnyo	5
angin	37
angkang	2
angkau	921
angkaulah	1
angkek	69
angkek-Nyo	1
angkeklah	3
angkeknyo	1
angkeknyolah	1
angko	4
angku	277
angku-angku	2888
angku-angkulah	11
angkuah	2
angkuik-angkuik	1
angok	14
angok-Nyo	3
angoknyo	6
anguih	1
anguihkan	6
anguihkannyo	1
aniayo	32
aniayoi	1
anjak	1
anjakkan	4
anjakkanlah	1
anjiang	14
anjiang-anjiang	1
anjuarannyo	1
anjurkan	1
anok	18
anok-anok	12
anoklah	2
ansik	1
anta	2
antah	10
antak	1
antakan	17
antakanlah	2
antam	1
antaro	220
antaronyo	7
anti-antinyo	3
antikan	6
antu	3
antuak	3
anu	1
anyuik	2
anyuikkannyo	1
apak	58
apak-Nyo	1
apak-apak	1
apaknyo	21
api	77
apinyo	3
apo	807
apo-apo	11
apo-aponyo	2
apokoh	76
apolah	7
apolai	2
apuang-apuang	2
apuih	6
apuihkan	11
arago	41
aragoi	4
aragoinyo	1
aragonyo	3
aragowi	13
arah	12
arahkan	4
arak-arak	1
arak-arakkan	1
arang	1
aranglah	1
arati	134
aratikan	1
aratinyo	56
arato	54
arato-bando	1
arato-bandonyo	2
aratonyo	21
arek	15
arek-arek	1
ari	380
ari-Nyo	1
ari-ari	13
ariak	23
ariak-ariak	11
ariak-ariakkan	2
ariakkan	10
ariaklah	2
arih	6
arilah	1
arimau	1
arinyo	40
aro	25
arok	3
arok-arokkan	6
arokkan	71
arokkannyo	1
aromaik	54
aromaik-aromaiknyo	2
aromaik-i	51
aromaik-ilah	5
aromaik-inyo	2
aromatan	3
aruah	1
arun	27
arun-arunan	1
asa	21
asa-Nyo	3
asa-usua	4
asa-usua-Nyo	2
asakan	16
asanyo	3
asiang	22
asiangkan	7
asie	32
asie-asie	1
asiekan	30
asienyo	10
asik	1
asin	2
asinkan	2
aso	11
asok	13
asuang	7
asuang-i	2
asuang-ilah	1
asuang-siasah	1
atau	360
ataukoh	1
ataupun	56
ateh	249
atehnyo	6
ati	514
ati-Den	5
ati-Nyo	5
ati-ati	2
atilah	4
atinyo	103
atok	9
atuaran	7
atuaran-Den	2
atuaran-atuaran	3
atur	11
auih	16
awa	15
awai	26
awailah	3
awainyo	1
awak	3
awan	22
awan-awan	1
awang-awang	4
ayaik	21
ayaik-ayaik	8
ayam	14
ayie	140
ayienyo	6
ayunkan	2
b	1
ba	782
ba-arati	1
ba-iman	3
ba-uruang	1
baa	194
baa-baa	3
baalah	1
bababan	1
babadak	1
babagai	2
babagai-bagai	24
babahagia	7
babahagialah	4
babahaso	6
babahayo	4
babaju	10
babaka	2
babalerang	3
babaliak	148
babaliaklah	10
baban	8
babanso	2
babantuak	1
babarapo	95
babasuah	1
babatu	1
babatu-batu	6
babaua	6
babayie	1
babeleng	2
babi	18
babicaro	13
babijaksano	1
babilang	8
babini	18
babintang	1
babisiak-bisiak	2
babiso	1
babondong-bondong	1
babondong-bondonglah	1
babudi	2
babukik	1
babungkuih	1
babunyi	3
babuwah	19
babuwek	72
babuyieh	3
bacabang	1
bacacaik	3
bacacek	16
bacahayo	23
bacakak	12
bacampua	7
bacarai	1
bacaruik-caruik	1
baceno	2
bacirabuik	1
baco	4
bacokanlah	1
bacolah	1
bacolok	3
bacurito	3
bacurito-curito	1
badabiah	2
badagiang	1
badamai	7
badan	43
badan-Nyo	2
badannyo	20
badantang	3
badarai	4
badariak-dariak	1
badasarkan	27
badatak	1
badayo	5
badebaik	6
badebaik-debaik	1
badia	1
badiri	6
badoso	107
badowa	132
badowalah	11
badunsanak	16
baduri	19
baduto	22
baduwo	72
baduwo-baduwo	2
bae	9
baekan	2
bagabuang	1
bagadang	47
bagageh	20
bagagehlah	3
bagai	86
bagak	1
bagaknyo	1
bagala	3
bagalak-galak	1
bagalau	4
bagalimang	2
bagalimpangan	1
bagalintin	1
bagalintinlah	2
bagamuruah	3
baganjua	5
baganti	1
bagantuang	14
bagantuangkan	2
bagaua	4
bagi	70
bagi-bagikan	1
bagi-bagikanlah	3
bagian	23
bagian-bagian	1
bagiannyo	5
bagolek	1
bagoreang	1
bagoyak	1
bagubalokan	2
baguliang-guliang	2
bagulimang	1
bagumpa-gumpa	1
baguncang	5
baguno	21
bahagia	2
bahagianyo	1
bahak	18
bahan	1
baharok	14
baharoklah	1
bahaso	54
bahaso-bahaso	11
bahayo	14
baiak	190
baiak-baiak	1
baiaklah	1
baiaknyo	3
baicak-icak	1
baiduri	5
baiko	17
baitu	401
baitulah	19
baiyo	1
baja	1
bajadi-jadi	1
bajadikan	3
bajago-jago	11
bajago-jagolah	6
bajajak	4
bajalan	102
bajalan-jalan	3
bajalanlah	10
bajanji	13
bajanjilah	1
bajauahan	5
bajelo-jelo	1
bajina	27
bajiwa	2
baju	39
baju-baju	1
bajubah	1
bajunyo	8
bajuta-juta	2
bajuwa	1
bajuwang	20
bak	2
baka	3
bakabatualan	1
bakabek	1
bakacukuik-an	5
bakailieran	4
bakain	4
bakaki	6
bakakurangan	13
bakalabiahan	2
bakalalaran	1
bakalimpahan	1
bakaliyaran	1
bakamungkinan	1
bakanti	9
bakapalo	1
bakapiciak	5
bakarajo	155
bakarajolah	1
bakarano	1
bakaruak	1
bakarumun	1
bakasalahan	1
bakasudahan	4
bakatantangan	1
bakatantuan	5
bakatawuan	25
bakato	694
bakato-kato	1
bakatolah	101
bakatubah	7
bakayakinan	3
bakcando	921
bakecai-kecai	1
bakeh	3
bakelok-kelok	1
baketek	2
bakilau-kilauan	1
bakilauan	8
bakilek	2
bakilok-an	1
bakirin	15
bakiroklah	1
bakiyanaik	3
bakuang	2
bakucak	2
bakudaraik	1
bakudo	4
bakukuak	10
bakukuaklah	2
bakuliliang	8
bakuliliang-kuliliang	1
bakumpua	64
bakumpua-kumpua	1
bakumpualah	1
bakunci	1
bakurang	2
bakurangi	1
bakuwaso	72
bakuwasolah	1
bala	13
balabiah	13
balabiah-labiah	5
balabo	2
balabolah	1
balabuah	5
baladang	1
balah	2
balah-balah	2
balah-balahlah	1
balai	1
balain	4
balain-lain	3
balakang	27
balakangnyo	2
balaki	26
balaku	14
balakuak-lakuak	1
balakulah	1
balalokkan	1
balam	1
balambin	2
balambinlah	1
balango	4
balanjo	2
balanyo	1
balapeh	21
balari	13
balari-lari	5
balari-larilah	1
balarilah	2
balasan	3
balatiah	1
balawan	7
balawan-lawanan	1
balawanan	14
balayie	39
balega-lega	4
baleh	85
balehkanlah	1
balehlah	1
balerang	4
bali	4
balia	2
baliak	426
baliakkan	3
baliakkanlah	1
baliau	12
baliau-baliau	1
balilah	2
balimau	1
balimo	1
balimpah	1
balimpah-limpah	8
balindak	1
balinduang	1
balipek	1
balok	7
baluka	4
bamabuak-mabuak	1
bamacam-macam	12
bamain	1
bamalam	14
bamaleh-maleh	3
bamato	8
bamewah-mewah	1
bamintak	3
bamukasuik	31
bamuko	1
bamulo	2
bamuluik	2
bamupakaik	5
bamurah	7
bamusuah	1
bamusuah-musuahan	1
bamusuahan	6
bana	240
banajih	8
banalah	12
banamo	91
banapasu	1
bancando	4
bancano	11
banci	10
banci-i	2
banci-ilah	2
banda	2
bandiang	1
bando	10
bandonyo	2
baneneng	1
bangga	6
bangih	40
bangih-Nyo	5
bangihi	1
bangihlah	3
bangihnyo	5
bangkai	5
bangkak-bangkak	1
bangku	1
bangku-bangku	1
bangunan	8
bangunlah	1
baniah	41
banikah	1
baniyaik	28
banjir	2
bansaik	50
bansaik-Nyo	1
banso	190
banso-Nyo	1
banso-banso	25
bansonyo	3
banta	1
bantahan	1
bantai	2
bantiang	6
bantu	1
bantuak	8
bantuaknyo	4
bantuan	15
banubuat	3
banyak	368
banyaknyo	18
banyalo	1
banyalo-nyalo	5
banyawo	1
bapaadok	2
bapacah-pacah	1
bapacik	23
bapaciklah	1
bapaidah	5
bapak	37
bapak-bapak	2
bapakaian	7
bapaknyo	11
bapaliang	1
bapaluik	1
bapandapek	11
bapandirian	1
bapangalaman	9
bapangatawuan	1
bapangkaik	4
bapanyakik	10
baparak	1
baparang	16
baparangai	2
baparuik	9
bapasan	3
bapatikan	1
bapayidah	1
bapayilah	1
bapidato	2
bapihak	11
bapijak	1
bapikie	13
bapikie-pikie	1
bapilanggu	1
bapiliah	1
bapindah-pindah	1
bapisah	2
bapitih	1
baputa	1
baputuih	3
bapuwaso	20
bara	44
baracun	1
baradaik	1
baradiak	3
barado	41
baragi	1
baragiah	1
baraik	2
baraja	11
barajalah	1
baraka	3
barakaik	39
barakaik-Nyo	1
barakaik-barakaik	14
barakaik-i	2
barakaiknyo	2
baralah	36
baralek	19
baraliah	1
barambuih	4
barampek	2
barampiang	1
baranak	6
baranam	1
baranang	3
barandamkan	2
barando	2
barando-barando	1
barang	18
barang-barang	9
barang-barangnyo	1
barangah	1
barangkek	100
barangkeklah	21
barangnyo	2
barani	34
baranjak	5
baranti	42
baranti-rantinyo	1
barantilah	2
barapek	1
barapi	4
barapo	1
barasa	54
barasiah	34
barasiahkan	1
barasil	12
barasillah	1
barasiyan	2
baraso	841
bareh	4
barehnyo	1
barek	29
bareklah	1
bareknyo	4
barhalo	33
barhalo-barhalo	1
bari	3
baribu	2
baribu-ribu	4
barikan	49
barikanlah	8
barisi	18
barisuak	3
barisuaknyo	2
baritawu	1
baritawukan	6
baritawukanlah	1
barito	114
barito-barito	1
baritokan	29
baritokanlah	1
baritonyo	1
baro	2
barono	1
baru	134
baruak	8
barubah	17
baruikkan	1
barulah	55
barulang	1
barumah	21
barundiang	10
barundianglah	1
baruntuang	7
baruntuanglah	1
baruntuangnyo	3
barupo	3
basa	68
basaba	6
basabab	4
basabalah	1
basadiah	4
basadiyo	11
basadiyolah	2
basagi	1
basah	1
basakanlah	1
basalah	39
basalam	1
basalam-salaman	1
basalingkik	1
basalingkik-salingkik	3
basalisiah	1
basamo	3
basamo-samo	22
basanang	1
basanang-sanang	9
basanda	4
basandaran	1
basandi	1
basangai	5
basangajo	1
basangkan	2
basangkuik	2
basanyo	2
basarato	3
basaru	21
basaru-saru	3
basasak-sasak	3
basasak-sasak-an	1
basatu	119
basawok	1
basawok-i	2
basayok	1
basegeh	1
basegeh-segeh	5
basegehi	1
baserak	3
baserak-serak	7
basi	11
basiansik	2
basiarak	1
basibegak-sibegak	1
basibondek	3
basicapek	1
basidakah	1
basielok	1
basigadu	1
basikap	13
basikareh	7
basikola	6
basilunak	1
basinjato	2
basipaik	1
basirinsau	1
basirusuah	1
basisalak	1
basitakun	1
basitungkin	5
basitungkinnyo	2
basiuju	1
basiyansik	1
basiyap	14
basiyap-siyap	2
basobok	1
basoboklah	2
basopan	1
basorak	3
basorak-sorailah	1
basorak-sorak	3
basuah	4
basuahlah	2
basudaro	4
basugiro	2
basukocito	40
basukocitolah	3
basumangaik	15
basumangaiklah	1
basumarak	2
basumpah	31
basumpah-sumpah	2
basumpah-sumpahlah	1
basunaik	41
basunaikkan	1
basungguah-sungguah	10
basupakaik	1
basusah	1
basusah-susah	1
basuwaraik	1
basuwaro	1
basuwo	96
basuwoan	6
basuwoanlah	23
basuwolah	3
basyukur	17
basyukurlah	2
basyukurnyo	1
batabiyaik	1
batagah	1
batahan	15
batalingo	9
batambah	79
batambah-tambah	1
batambahlah	1
batamu	15
batandiang	4
batang	54
batang-batang	8
batangan	4
batangguang	9
batangguangjawab	1
batangka	27
batangkai	1
batangnyo	6
batantangan	3
batantukan	1
batanyo	187
batanyo-tanyo	7
batanyolah	26
bataratik	11
batarimo	50
bataruih	4
batatantukan	2
batawun-tawun	3
bateh	7
bateh-bateh	3
batekaik	1
batele-tele	1
batigo	9
batikuluak	2
batilanjang	5
batilanjanglah	1
batimba	1
batimbanyo	1
batin	10
batindak	20
batindaklah	1
batinggakan	1
batinggalah	1
batirik-tirik	1
batobaik	35
batobaiklah	4
batombak	1
batu	119
batu-batu	2
batu-batunyo	1
batua	59
batua-batua	2
batualah	3
batuang	1
batubuah	5
batugeh	5
batuka	5
batukeh-tukeh	3
batulang	1
batulihi	1
batumpuak-tumpuak	1
batunangan	2
batuneh	4
baun	5
bawah	56
bawibawa	2
bawok	35
bawok-annyo	1
bawoklah	34
bawun	1
bawunyo	1
bayang-bayang	1
bayangan	3
bayie	4
bayielah	4
bayieran	1
bedanyo	2
bedo	1
bela	1
bendi	5
bendinyo	3
benteng	1
benteng-benteng	1
beo	1
besohnyo	2
bi	1270
biaso	57
biasonyo	10
biayanyo	1
bibia	4
bibienyo	1
bicarokan	1
bijaksano	37
bijaksanoan	1
bijo	26
bijo-bijo	3
bilalang	3
bilalang-bilalang	2
bilangan	3
bilangannyo	5
biliak	13
bimbang	1
bimbiangan	3
binaso	25
binasokan	1
binasolah	1
binatang	64
binatang-binatang	6
bingik	13
bini	37
bininyo	32
bintang	26
bintang-Nyo	1
bintang-bintang	5
biruwang	1
bisa	261
bisiakkan	1
biso	1
bisu	17
bisua-bisua	1
bisua-bisuanyo	1
bisuak	12
bisuaknyo	3
biya	62
biyai	9
biyai-Nyo	1
biyainyo	4
biyalah	29
biyapun	103
bokek	1
bondek	1
bongkalah	1
boto	4
buatan	3
bubuangan	2
budak	74
budak-budak	7
budak-budaknyo	1
budaknyo	4
budi	8
bujang	1
bujuak	2
bukak	6
bukakkan	2
bukakkanlah	1
bukaklah	2
bukan	29
bukanlah	7
bukannyo	13
bukik	28
bukik-bukik	4
bukti	3
bukti-bukti	2
buktikan	1
buktinyo	2
buku	2
buku-bukunyo	1
bulan	26
bulan-bulan	1
bulek	1
buliah	256
buliahkan	2
buliahkoh	1
buliahlah	1
bulu	5
bulunyo	2
bumi	139
bungkuak	2
bungkuih	3
bungo	19
bungo-bungo	2
bungonyo	4
bunuah	15
bunuahlah	1
bunyi	16
bunyinyo	4
buruak	47
buruak-buruak	1
buruaknyo	6
buruang	25
buruang-buruang	6
busuak	8
busuang	1
buto	74
butonyo	1
buwah	91
buwah-buwahan	1
buwahnyo	21
buwang	1
buwanglah	4
buweh	8
buwek	28
buweklah	1
buwieh	1
cabiak	7
cabiak-cabiak	2
cabiaklah	1
cabiaknyo	1
cabuik	1
cabuiklah	1
cabul	36
cabulnyo	5
cacaik	2
cacek	7
caceknyo	1
cadiak	3
cahayo	32
cahayonyo	5
cakau	2
cakiak	1
cako	54
caliak	14
caliaklah	1
cambuik	6
cambuik-an	1
cameh	20
camin	7
campakkanlah	4
cangok	19
capak-capak	5
capek	17
capeklah	5
carai	3
caraikan	1
caranyo	1
cari	8
carilah	4
caro	197
caro-caro	6
caro-caronyo	1
caronyo	61
cawan	19
cawannyo	7
cayahkan	1
cayie	9
cayie-kan	1
cayielah	1
cegak	62
cegakkan	5
cegakkanlah	3
cegaklah	15
cegaknyo	1
celek	3
ceteh	1
cetehlah	1
cewang	1
cilako	6
cilakolah	7
cilakonyo	6
ciluah	2
cimburu	4
cimpako	1
cincin	2
cingkahak	1
cinto	2
cirik	1
ciyek	181
ciyek-ciyek	2
ciyeknyo	2
cobaan	18
conto	20
conto-ilah	1
corak	1
cubo	5
cubo-cubo	1
cubolah	13
cucu	1
cucuakkan	1
cucunyo	2
cukai	2
cukialah	3
cukie	1
cukuik	22
cukuiklah	1
curahan	1
curahkan	3
curang	1
curiga	1
curito	25
curito-Nyo	2
curito-curito	2
curitokan	26
curitokanlah	11
curitonyo	5
dadak	2
dado	2
dado-Nyo	1
dadonyo	1
daerah	76
daerah-daerah	6
daerahnyo	1
daftar	3
dagiang	22
dagiang-Nyo	1
dagiangnyo	4
dagok	2
dahan	1
dakek	71
dakek-dakek	1
dalam	690
dalam-dalam	1
dalamnyo	31
dalimo	2
dama	7
damai	12
damam	5
damamnyo	1
danau	56
dandam	4
dando	2
danga	31
dangakan	10
dangakanlah	9
dangalah	2
dangau	1
dangka	2
dangkih	1
dapati	6
dapek	606
dapek-i	6
dapekkoh	1
dapeklah	1
dapo	2
darah	68
darah-Nyo	3
daratan	1
darek	19
dari	1863
daripado	194
daro	2
daro-Nyo	1
darun	2
dasar	4
dasar-dasar	2
dasarnyo	1
data	2
datakanlah	1
datang	297
datangi	1
datanglah	9
datangnyo	22
daun-daun	1
daunnyo	4
dawaik	1
dawulu	106
dawulunyo	6
daya	1
dayo	3
debaik	1
debaik-debaik-an	1
dek	2588
demi	22
den	39
dendang	1
dewa	12
dewa-dewa	4
dewi	9
di	3705
diajakan	2
diajanyo	1
diakui	1
dialami	1
diam	1
diambiak	1
diambuih	1
diami	3
diampuni	5
diancam	1
dianggap	3
diantaro	4
diasinkan	1
diatur	1
dibabagai-bagai	1
dibabankan	7
dibaco	1
dibacokan	5
dibaconyo	1
dibaekan	3
dibaekannyo	2
dibagi-bagi	3
dibagi-bagikan	8
dibagi-bagilah	1
dibaginyo	1
dibaka	13
dibaka-Nyo	2
dibakeh	1
dibalanjoi	1
dibaleh	2
dibali	4
dibana	1
dibanci-i	7
dibandiangkan	3
dibangihkan	1
dibangun	3
dibantah	1
dibantu	1
dibarakaik-i	14
dibarasiahkan	9
dibari	38
dibarikan	91
dibarikannyo	2
dibaritawu	1
dibaritawukan	3
dibaritokan	22
dibaritokan-Nyo	1
dibaruikkan	1
dibasakan	5
dibasuah	2
dibatakan	1
dibatehi	1
dibatuakan	1
dibawok	63
dibawokkannyo	1
dibawoklah	8
dibawoknyo	4
dibawoknyolah	1
dibayie	4
dibela	1
dibendo	1
dibicarokan	1
dibimbiang	4
dibimbiang-Nyo	1
dibimbiangnyo	1
dibinasokan	6
dibinasokannyo	1
dibisiakkan	1
dibokek	3
dibujuak	1
dibukak	3
dibukakkan	5
dibuktikan	2
dibulekkan	1
dibuliahkan	19
dibunuah	42
dibunuahnyo	9
diburu	1
diburuakkan	1
dibutokan	1
dibuwang	17
dibuwang-buwang	2
dibuwek	48
dibuwek-Nyo	1
dibuwek-buweknyo	1
dibuweklah	2
dibuweknyo	5
dicabuik	2
dicacek	3
dicacek-i	1
dicacekkan	1
dicaik	1
dicakiak	3
dicambuik	10
dicampakkan	7
dicampakkannyo	1
dicampuakannyo	1
dicaraikan	5
dicari	1
dicari-cari	1
dicarinyo	1
dicataik	4
dicataiklah	1
dicegakkan	25
diceteh	2
diceteh-Nyo	1
diciyekkan	1
dicubo-i	2
dicuboi	6
dicucuakkannyo	1
dicukua	4
dicukuikkan	1
dicurahkan	4
dicuritokan	10
dicuritokanlah	1
didabiah	6
didaerah	2
didakek-i	1
didakek-inyolah	1
didanga	4
didangakan-Nyo	1
didapek	2
didapek-i	1
didapek-i-Nyo	1
didapeknyo	1
didaro	1
didatakan	2
didatangi	3
dididik	2
didiri	20
didiri-Nyo	3
didirinyo	3
didunie	1
digadangkan	3
digaduah	2
digalakkan	1
digaluang	1
digantangi	1
diganti	2
digantuang	1
digarakkan	2
digigik	1
diguluang	1
diguncangkan	1
diguntiang	1
diguyahkan	1
dihakimi	3
dihino	11
dihinokan	1
dihinonyo	1
dijadikan	50
dijadikan-Nyo	2
dijago	7
dijagoi	2
dijagokan	1
dijajok-i	1
dijalani	1
dijalankan	1
dijalehkan	1
dijaman	32
dijamin	1
dijamu	2
dijanjikan	54
dijanjikan-Nyo	7
dijapuik	2
dijatuahi	4
dijatuahkan	4
dijauahkan	1
dijawab	5
dijawablah	1
dijayik	1
dijinakkan	3
dijuwa	7
dijuwapun	1
dikabakan	3
dikabakannyo	1
dikabek	11
dikabekkan	5
dikacewakan	1
dikadukan	4
dikahandak-i	1
dikaja	2
dikaja-kaja	1
dikalahkan	6
dikalanyahkan	2
dikalatiakkan	3
dikalatiakkannyo	1
dikalimaik	1
dikaluangi	2
dikaluwakan	5
dikampuangkan	1
dikana-i	1
dikanakkan	3
dikanakkannyo	1
dikandak-i	1
dikandalikan	2
dikanduang	1
dikanduangannyo	1
dikanyangkan	1
dikapuang	1
dikarajokan	55
dikarajokannyo	15
dikarek	3
dikarobankan	2
dikasadonyo	5
dikasiahani-Nyo	1
dikasiahi	15
dikasiahi-Nyo	4
dikasiahinyo	1
dikatapikan	1
dikatawui	14
dikatawuinyo	1
dikatokan	127
dikatokan-Nyo	2
dikatokannyo	11
dikau	1
dikawokan	1
dikecekkan	1
dikianaik-i	1
dikicok	1
dikicuah	1
dikicuahnyo	4
dikirin	4
dikiyanaik-i	1
dikota	3
dikubuakan	17
dikuduang	3
dikumpuakan	7
dikumpuakan-Nyo	2
dikumuahi	3
dikuncinyo	1
dikunjuangi-Nyo	1
dikupak-inyo	1
dikuruang	1
dikutiko	182
dikutikonyo	2
dikutuak	3
dikutuak-i	1
dikuwaikkan	10
dikuwasoi	52
dikuwatirkan	1
dilabiahi	1
dilacuik	1
dilagukan	1
dilakak-i	3
dilakak-inyo	1
dilakekkan	1
dilalokkan	2
dilalui	1
dilampihi	1
dilangga	1
dilangkok-i	3
dilansuangkan	3
dilantai	1
dilantak	1
dilantak-i	1
dilanyau	3
dilapehkan	27
dilapehkannyo	1
dilatakkan	13
dilatakkan-Nyo	1
dilatakkannyo	2
dilatiah	1
dilawan	5
dilayani	8
dilayiekan	19
dilegaran	1
dilereng	1
dilimpahi	1
dilimpahkan-Nyo	1
dilinduangi	2
dilingka	1
diliyek	19
diliyek-Nyo	1
diliyeknyo	5
dilompekkan	1
dilukoi	1
dilulua	3
diluncuakan	1
dilupokan	2
diluruihkan	1
diluwa	30
diluwanyo	1
dima	41
dima-dima	1
dima-dimanyo	8
dimainkan	2
dimakan	35
dimakannyo	9
dimalah	1
dimalam	7
dimandikan	1
dimangarati	1
dimano	3
dimanyo	5
dimaohkan	2
dimapun	1
dimardekakan	5
dimariahnyo	1
dimaso	14
dimaso-maso	1
dimasuak-inyo	2
dimasuakkan	17
dimasuakkannyo	3
dimatikan	2
dimato	2
dimiliak-i	2
dimintak	2
dimintaknyo	2
diminun	4
dimukasuik	4
dimukasuikkan	19
dimuko	2
dimukonyo	1
dimuliekan	31
dimuloi	5
dimungkie-i	1
dimungkinkan	3
dimungkinkan-Nyo	2
dimustikan	1
dimusuahi	1
dimutahkannyo	1
dinamoi	6
dinamokan	43
dinanti	1
dinanti-nanti	2
dinanti-nantikan	1
dinayiakkan	2
dingin	11
dinginnyo	1
dinikahkan	1
dinilai	1
dinubuatkan	9
dinyatokan	29
dinyatokan-Nyo	2
dinyo	12
dioyak	1
dipabandiangkan	1
dipabarui	4
dipabincangkan	1
dipabini	1
dipabudak	10
dipabuliahkan	7
dipabuwek	86
dipabuwek-Nyo	2
dipabuweknyo	16
dipacikkan	2
dipacikkanlah	1
dipaciknyo	1
dipadamaikan	1
dipadamkan	1
dipadapek	2
dipadapeknyo	2
dipadiyakan	15
dipadiyakannyo	1
dipaelok-i	2
dipagunokan	12
dipahami	7
dipajalanan	4
dipakai	23
dipakecekkan	4
dipakok	1
dipakuwaik	3
dipalakukan	8
dipalambek	1
dipalayannyo	1
dipaliaro	6
dipaliaronyolah	1
dipaliyekkan	9
dipaliyekkanlah	1
dipaluiknyo	2
dipamainkan	1
dipamandikan	43
dipamandikanlah	2
dipanampakkan	3
dipancuang	1
dipandang	3
dipanga-pangakan	1
dipangadielan	4
dipangaruahinyo	1
dipanggak-panggakkannyo	1
dipanggakkan	1
dipanggie	21
dipanggie-Nyo	2
dipangkunyo	1
dipantak	1
dipanuahi	1
diparaja-i	1
diparalukan	6
diparalukannyo	3
diparantikan	1
diparatikan	3
diparentahi	1
diparentahkan	19
dipareso	4
diparingekkan	2
dipasalahkan	2
dipasalangkan	1
dipasambahkan	38
dipasang	2
dipasatukan	4
dipaserak-serakkan	1
dipasisiahkan	1
dipasiyapkan-Nyo	1
dipaso	5
dipasonyo	1
dipatahkan	2
dipatahkannyo	1
dipatakuik-takuik-i	1
dipatikan	1
dipatontonkan	1
dipatuahi	1
dipatucakkannyo	1
dipatuikkan	2
dipaturuikkan	1
dipicayoi	22
dipicayokan	6
dipihak	1
dipijak-pijak-i	1
dipijakkannyo	1
dipikek	1
dipikiekan	6
dipikuanyo	1
dipilanggu	2
dipiliah	25
dipiliah-Nyo	3
dipiliahlah	1
dipimpin	5
dipimpinnyo	1
dipindahkan	1
dipinggang-Nyo	1
dipinjaro	2
dipinjarokan	11
dipisahkan	1
dipitanah	5
dipitih	2
dipudua-i-Nyo	1
dipuji	15
dipuji-puji	2
dipukua	3
dipunahkan	2
dipungguang	1
dipungkangi	4
dipunyoinyo	2
dipuruakkan	2
dipuruakkannyo	1
diputa	1
diputuihinyolah	1
diputuihkan	3
diputuihkannyo	1
dipuwehkan-Nyo	1
dirabuik	3
dirabuiknyo	1
diracak	3
diracaknyo	1
dirambahnyo	1
dirameh	1
dirampok	1
dirampoknyo	1
dirancanakan	2
dirandahkan	2
dirantai	2
dirantangkan	1
dirasiyokan	9
dirasmikan	2
dirasokan	2
dirasokan-Nyo	1
dirasonyo	1
dirawok	1
dirawok-i	1
dirawokkan	1
diresek	1
diri	389
diri-Den	2
diri-Nyo	30
dirinyo	89
dironde	1
dirugikan	2
dirumah	3
dirumahnyo	2
diruntuah-i	1
diruntuahi	1
diruntuahkan	2
diruntuni	1
dirusak	1
disabalah	3
disabuik	4
disabuikkan	5
disabuiknyo	1
disabuwah	6
disadiyokan	23
disadiyokan-Nyo	2
disadiyokannyo	1
disadiyokannyolah	1
disadonyo	12
disahkan	7
disakik-i	1
disakuliliang	2
disakutiko	1
disalahkan	4
disalamaikkan	44
disalamaikkan-Nyo	2
disalasaikan	2
disalib	7
disalibkan	27
disalubuangi	2
disambah	10
disambuik	2
disamokan	2
disampaikan	25
disampaikan-Nyo	1
disamparonokan	1
disampiang	1
disanangkan	1
disangajokan	6
disangkak-sangkak	1
disangko	8
disangko-sangko	21
disangko-sangkonyo	1
disanjo	1
disanjuang	1
disanjuang-sanjuang	3
disarahkan	40
disarahkanlah	3
disarahkannyo	1
disarang	1
disaratoi	12
disaratowi	2
disaru	1
disarugo	1
disasakkan	1
disasekkan-Nyo	1
disatiyok	10
disatiyok-tiyok	1
disatukan	1
disawan	2
disawok	1
disawok-i	1
disawokkan	3
disayanginyo	1
disegehi	1
disegenyo	1
disekanyo	2
disemba	1
diserakkan	3
diseso	1
disewonyo	1
disiang	1
disidang	1
disidangkan	17
disigi	1
disiko	78
disikolah	1
disimpan-Nyo	1
disinan	312
disinanlah	7
disintuah	1
disisiahkan	3
disiyapkan	1
disiyo-siyokan	2
disokong	1
disongkok	1
disongkoknyo	2
disuatu	3
disucikan	5
disudahi	1
disukoi	6
disumpahi	1
disunaikkan	10
disupakaik-i	2
disupakaik-ilah	1
disurekkan	10
disurekkannyo	1
disuruah	21
disuruah-Nyo	3
disuruahkan	6
disuruahkan-Nyo	1
disuruahlah	2
disuruahnyo	5
disuruahnyolah	3
ditabang	3
ditabuih	3
ditagah	15
ditagakkan	5
ditahan	11
ditahanan	1
ditahanlah	1
ditakadiekan	1
ditaliti	1
ditambah	2
ditambahkan	2
ditampa	1
ditampuah	2
ditanam	3
ditanamkan	2
ditanamnyo	1
ditandehkan	1
ditandoi	1
ditangani	7
ditanganinyo	2
ditangguangkan	4
ditangguangkan-Nyo	1
ditangguangkannyo	1
ditangkok	17
ditangkok-inyo	1
ditangkoknyo	1
ditantukan	25
ditanun	1
ditanyo	1
ditanyoi	2
ditanyokan	4
ditapasiekan	1
ditapek-i	1
ditapek-i-Nyo	1
ditarangi	2
ditarangkan	1
ditarangkanlah	2
ditarimo	43
ditarimo-Nyo	2
ditarimonyo	4
ditaruihkannyo	1
ditatah	1
ditatapkan	2
ditawan	2
ditawun	2
ditempekan	4
ditewak-tewakkan	1
ditiliak	1
ditimbun	1
ditimpo	5
ditimpokan	3
ditinggakan	10
ditinggakannyo	1
ditinggikan	8
ditinggikan-Nyo	1
ditolong	1
ditolong-Nyo	1
ditompangi	1
ditonggokkan	2
ditubuah	1
dituduah	2
dituduahkan	4
ditugehkan	9
dituju	2
ditujukan	4
ditujukan-Nyo	1
ditujunyo	1
dituka	6
ditulak	1
ditulak-i	1
ditulakkan	1
ditulih	2
ditulihkan	3
ditunjuak	2
ditunjuakkan	4
dituntuik	10
dituruikkan	1
diturunkan	6
diturunkan-Nyo	1
diturunkanlah	1
ditusuak	1
ditutuik	1
dituwai	5
dituwanginyo	1
diundang	4
diwajibkan	2
diwakatu	12
diwakatunyo	1
diwaktunyo	1
diwarihkan	1
doh	1193
domba	40
domba-domba	15
domba-domba-Nyo	1
domba-dombanyo	2
dombanyo	13
dorongan	5
doso	197
doso-doso	23
doso-dosonyo	30
dosolah	1
dosonyo	15
dotor	6
dowa	23
dowa-Nyo	2
dowa-dowa	3
dowa-dowanyo	1
dowakan	1
dowakanlah	2
dowanyo	4
duduak	136
duduaklah	6
dukun	1
dulang	1
dulu	54
dulunyo	1
dunia	253
duniawi	6
dunie	59
dunsanak	24
dunsanak-Nyo	1
dunsanak-dunsanak	17
dunsanak-dunsanak-Nyo	4
dunsanak-dunsanaknyo	5
dunsanaknyo	22
durako	8
durakoan	1
durakonyo	2
duto	10
dutonyo	1
duwo	187
eboh	16
ebohlah	2
edangkan	4
edangkanlah	1
eiyek	1
elo	12
elok	230
elok-an	1
elok-elok	26
elok-eloknyo	5
elok-i	1
elokan	3
eloklah	14
eloknyo	8
elolah	3
emaiyan	1
embe	6
engkari	11
engong	6
engonglah	1
enteng	2
eran	11
erankan	2
es	4
etan	1
eto	2
etong	13
etongan	1
firman	81
firman-Nyo	4
firmankan	1
gabak	1
gabuaknyo	1
gadang	157
gadang-gadang	5
gadangkanlah	2
gadanglah	1
gadangnyo	10
gadiang	1
gadih	25
gadih-gadih	2
gadihnyo	1
gaduah	1
gaduang	4
gaek	29
gaek-Nyo	9
gaeknyo	12
gaeknyolah	1
gagah	4
gagak	1
gaharu	1
gaji	2
gajinyo	1
galak	2
galau	1
galeh	2
galehnyo	3
galie	2
galik	3
galiknyo	4
galisah	1
galok	6
galombang	1
gambar	2
gambaran	6
gampo	14
gamuruah	5
ganaih	3
gando	1
gandun	32
gandun-Nyo	2
ganggaman	1
ganjie	34
ganjie-ganjie	2
ganok	1
ganti	1
gapuak	3
garagaji	1
garakan	3
garakkan	1
garakkannyo	1
garam	4
garamannyo	1
garan	1
garang	3
garegak	1
gareja	1
gareyo	2
garih	1
garombolan	3
gasuih-gasuih	1
gigiah	3
gigiahnyo	1
gigih	3
gigihnyo	1
gigik	1
gilang-gumilang	1
giliangan	1
gilo	9
golongan	18
golongan-golongan	1
gubalo	21
gubaloannyo	1
gubalokanlah	1
gubalonyo	3
gubenur	26
gudang	1
gudangnyo	1
gulang-gulang	2
guluangan	7
guluanglah	1
gumilang	4
guno	1
gunonyo	35
gunuang	22
gunuang-gunuang	2
guru	44
guru-guru	60
guruah	12
gurun	24
gurunyo	5
guwo	3
guwo-guwo	3
hadir	1
hadirat-Nyo	1
haidnyo	3
hak	16
hak-hak	1
hakekaiknyo	1
hakim	16
hakim-hakim	1
hakimi	2
hakimlah	1
hakimnyo	1
haknyo	2
hanyo	269
hanyolah	35
haram	6
harapan	20
harok	1
hino	13
hinoan	3
hisop	2
ibadaik	109
ibadaiknyo	1
ibaraik	14
ibaraik-ibaraik	1
ibaraikkan	6
ibaraiknyo	16
ibo	89
ibo-Nyo	2
ibo-i	3
ibo-ilah	1
iboi	1
iboilah	8
ibokan	8
ibolah	1
ibonyo	4
ibu	6
ibui	2
ibunyo	1
icak-icak	26
idangkan	2
idokkan	2
idokkannyo	1
iduik	692
iduik-Nyo	3
iduik-i	5
iduik-iduik	1
iduikkan	132
iduikkanlah	1
iduiklah	7
iduiknyo	28
idunyo	1
ijau	4
ijin	5
ijinkan	10
ijinkanlah	5
ikan	44
ikan-ikan	1
ikatan	1
ikek	12
ikeknyo	1
ikik	7
iko	288
ikolah	55
ikonyo	3
ikonyo-ah	1
ikua	22
ikuanyo	4
ikuik	2
ikuik-i	47
ikuik-inyo	2
ilahi	5
ilahi-Nyo	1
ilak	2
ilakkan	1
ilalang	10
ilalangnyo	1
ilang	61
ilang-lanyok	5
ilangan	15
ilangkan	1
ilanglah	1
ilhami	2
ilhamkan	1
ilie	5
ilielah	1
ilieran-ilieran	1
ilik-ilik	1
ilimu	1
imam	67
imam-imam	87
iman	364
imani	6
imaninyo	1
imanlah	1
imannyo	25
imbau	94
imbau-i	1
imbau-imbau	5
imbaui	1
imbaukan	9
imbaulah	9
imbaunyolah	1
impik	1
impok	1
incek	12
inda	8
indak	2893
indak-indak	4
indakkoh	9
indaklah	16
indaknyo	4
indalah	2
induak	79
induak-angkang	1
induak-induak	9
induak-samang	2
ingek	1
ingek-ingek	5
ingek-ingeklah	16
ingekkan	11
ingeklah	2
inggan	1
inggok	3
inggu	1
inginan	42
inginan-Nyo	2
inginannyo	6
ingini	1
inginkan	17
injil	6
inok	6
insuik	2
insuikkan	1
inti	1
intinyo	1
inyo	3484
inyoko	1
inyolah	25
inyopun	13
iraukan	1
iriak	1
iriang	8
iriang-i	1
iriangkan	16
iriangkan-Nyo	3
irik	2
iruak	1
isaraik	1
isi	46
isikan	1
isilah	1
isinyo	10
isok	1
istana	17
istiadaik	10
isuak	192
itam	4
itamkannyo	1
itu	1145
itulah	132
itunyo	3
itupun	6
iyo	208
iyokan	16
iyokanlah	1
iyolah	308
jabatan	1
jadi	86
jadihlah	1
jadikan	10
jadikanlah	2
jadilah	2
jadinyo	3
jago	23
jago-jago	1
jagoi	1
jagoilah	1
jagolah	16
jahanam	1
jahek	310
jaheklah	1
jaheknyo	7
jaitun	7
jaitunnyo	1
jajahan	1
jajak	1
jajok	16
jalan	102
jalan-jalan	1
jalang	1
jalani	3
jalankan	1
jalannyo	4
jaleh	80
jaleh-jaleh	1
jalehkan	4
jalehlah	4
jalehnyo	1
jalo	6
jalonyo	6
jam	8
jamaah	1
jamaat	125
jamaat-Nyo	3
jamaat-jamaat	27
jaman	42
jaman-jaman	1
jamba	1
jaminan	7
jaminannyo	1
jamnyo	2
jamrud	1
jan	248
jan-jan	1
jando	3
jandonyo	7
jangko	1
janiah	7
janiahkanlah	1
janjang	2
janji	46
janji-Nyo	14
janji-janji	2
janji-janji-Nyo	1
janjikan	7
janjinyo	1
janlah	122
janlai	1
jantan	6
japuiklah	1
jaraknyo	2
jarami	2
jaranjangkan	1
jari	2
jari-Nyo	2
jariah	3
jariahnyo	1
jarinyo	2
jaso	2
jatuah	60
jatuahkan	2
jatuahlah	2
jatuahnyo	1
jauah	67
jauah-jauah	2
jauahilah	1
jauahkanlah	4
jauahnyo	3
jawab	21
jawaban	7
jawaban-Nyo	1
jawabnyo	4
jawi	16
jawikoh	1
jawinyo	1
jayiktannyo	1
jiko	1
jikok	542
jimek	1
jina	1
jintan	1
jiwa	18
jiwa-jiwa	2
jo	3885
joh	3
jombanglah	2
jorong	1
jorong-jorong	2
juara	1
jubah	36
jubah-Den	1
jubah-Nyo	1
jubah-jubah	1
jubahnyo	13
jumbai	1
junjuang	1
junjuangan	2
jurang	10
juru	2
jurumudi	2
juta	1
juwa	6
juwaro	3
juwo	610
juwokoh	2
juwolah	7
juwonyo	2
ka	4633
ka-adaannyo	1
kaba	97
kaba-kaba	2
kabaa-baa	2
kabahagiaan	7
kabaiakkan	39
kabaiakkan-Nyo	1
kabaiakkannyo	1
kabaiaknyo	1
kabakan	1
kabakaran	1
kabake	2699
kabake-Den	1
kabalah	1
kabanaran	25
kabanarannyo	2
kabanggaan	3
kabangihan	5
kabanyakan	1
kabanyakkan	6
kabaranian	5
kabaraninyo	1
kabasaran	22
kabasaran-Nyo	4
kabasarannyo	2
kabatualan	3
kabebasan	3
kabek	6
kabekkan	1
kabekkanlah	1
kabeklah	1
kabiasoan	5
kabijaksanoan	30
kabijaksanoan-Nyo	1
kabinasoan	9
kabinasoannyo	1
kabodohan	4
kabua	2
kabuik	3
kabuik-kabuik	1
kabun	7
kabunnyo	1
kabupaten	1
kabutuahan	1
kacadiak-an	1
kacamehan	1
kacamehannyo	1
kacau	3
kacaukan	1
kacewa	1
kaciyek-annyo	20
kacubuang	1
kada	1
kadamaian	1
kadanyo	1
kadapatan	3
kadatangan	28
kadatangan-Nyo	2
kadatangannyo	2
kadiaman	1
kadinginan	1
kaduduakkan	2
kadukan	5
kadurakoan	1
kaduwo	77
kaduwo-duwonyo	13
kaduwobaleh	1
kaduwonyo	4
kagadangan	6
kagadangannyo	1
kagadangnyo	4
kagalie-an	1
kaganti	1
kagumilangannyo	1
kahadiran	3
kahandak	49
kahandak-Nyo	2
kahandak-i	1
kahidupan	13
kahinoan	1
kain	38
kainnyo	1
kaisar	10
kaja	2
kajadi	1
kajadian	98
kajadian-kajadian	25
kajadiannyo	1
kajahatan	1
kajaheknyo	1
kajalah	1
kajang	1
kajang-kajang	2
kajek	1
kajujuran	1
kaka	95
kakacauan	1
kakak	3
kakalahan	1
kakalaman	2
kakang	1
kakanyangan	1
kakarasan	1
kakarehnyo	2
kakayoan	3
kakayoan-Nyo	1
kakayoannyo	1
kakeh	3
kaki	52
kaki-Den	1
kaki-Nyo	3
kakinyo	14
kakobeh-kakobeh	1
kakuasaan	6
kakuatan	33
kakuatannyo	2
kakuatirannyo	1
kakurangan	6
kakuwasoan	13
kakuwasoan-Nyo	3
kakuwasoannyo	5
kakuwatiran	1
kakuwatirannyo	1
kalabiahan	11
kalabiahannyo	1
kaladai	29
kaladai-kaladai	1
kaladainyo	3
kalah	2
kalahkan	2
kalakuan	4
kalakuannyo	3
kalam	55
kalamah-lambuik-an	1
kalamahan	3
kalamahan-kalamahan	2
kalapangan	2
kalaparan	3
kalayieran	6
kalayierannyo	3
kali	66
kalian	156
kalibuik	8
kalikoh	1
kalimaik	2
kalimo	5
kalinyo	10
kaliru	6
kalitak-an	1
kaliyatan	22
kaliyatanlah	1
kaliyatannyo	7
kaliyatanpun	1
kalo	5
kalompok	10
kalompok-kalompok	3
kaluah	2
kaluahan	1
kaluarga	23
kaluarganyo	11
kaluwa	167
kaluwa-kaluwa	1
kaluwakan	4
kaluwakanlah	1
kaluwalah	18
kaluwanyo	3
kama	12
kama-Nyo	1
kama-kamanyo	3
kamagahannyo	1
kamajuan	2
kamampuan	11
kamanakan	1
kamanangan	13
kamano	1
kamanyo	1
kamardekaan	5
kamari	52
kamarilah	8
kamaso	2
kamasuak-an	24
kamatian	34
kamatian-Nyo	12
kamatiannyo	2
kamauan	15
kamauan-Nyo	1
kambang	3
kambanglah	1
kambiang	7
kamehilah	3
kamewahan	3
kami	915
kamilah	1
kampia	14
kampianyo	1
kampuang	26
kampuang-Nyo	3
kampuang-kampuang	10
kampuangnyo	8
kamudi	7
kamudian	21
kamujuanyo	1
kamukokan	6
kamuliaan	17
kamuliaan-Nyo	8
kamuliaannyo	1
kamuliyaan	2
kamunapiak-an	1
kamunapiak-annyo	1
kamungkin	2
kamurahan	3
kan	36
kana	4
kana-i	4
kana-ilah	9
kanai	16
kanakkan	6
kanakkanlah	3
kanalah	2
kanampak-an	2
kancah	2
kancang	1
kandak	23
kandaknyo	5
kandang	3
kandiak	2
kanduang	1
kanduangan	2
kanduangannyo	1
kanduangnyo	1
kaniang	2
kaniangnyo	7
kanker	1
kanti	20
kanti-kanti	18
kanti-kantinyo	18
kantinyo	13
kantua	4
kanyang	8
kapa	63
kapa-kapa	3
kapado	549
kapalo	156
kapalo-Nyo	2
kapalonyo	14
kapan	7
kapandaian	5
kapandie-annyo	1
kapani	1
kapanilah	1
kapannyo	1
kapantiangan	13
kaparaluan	35
kaparaluan-kaparaluannyo	1
kaparaluannyo	1
kaparcayaan	1
kapatang	3
kapatuahan	3
kapeh	1
kapie	1
kapiten	2
kaporo	9
kaporonyo	5
kaputusan	20
kaputusan-kaputusan	1
kaputusannyo	1
karajaan	22
karajaan-Nyo	1
karajaannyo	1
karajo	161
karajo-Nyo	4
karajo-karajo	65
karajo-karajonyo	2
karajokan	95
karajokankan	1
karajokanlah	7
karajonyo	32
karam	5
karamian	1
karancak-annyo	1
karancaknyo	3
karandahan	1
karang	7
karangan	3
karanjang	3
karano	2056
karapatan	1
karateh	2
kareh	73
karek-an	6
karek-annyo	7
kareklah	1
karelaan	1
kariang	10
karilahan	2
karoban	69
karoban-karoban	3
karobannyo	2
karuah	1
karugian	1
karunia	18
kasa	2
kasabaleh	1
kasabaran	4
kasabaran-Nyo	1
kasadaran	1
kasadiahan	5
kasadonyo	844
kasah	1
kasahnyo	1
kasakik-an	6
kasakiktan	1
kasalahan	32
kasalahan-Nyo	4
kasalahan-kasalahan	2
kasalahannyo	9
kasalamaik	1
kasalamatan	24
kasalamonyo	1
kasalapan	1
kasambilan	1
kasamparonoan	2
kasampatan	24
kasanangan	4
kasani	1
kasansaroan	1
kasantiangan	1
kasantiangnyo	1
kasapuluah	1
kasatiyaan	2
kasatiyaannyo	1
kasatuan	1
kasenian	3
kasiah	79
kasiah-Nyo	6
kasiahi	27
kasiahilah	5
kasiahnyo	2
kasiak	5
kasiek	2
kasih	57
kasihlah	2
kasiko	2
kasimpualan	3
kasimpualannyo	3
kasinan	26
kasodonyo	1
kasucian	1
kasudahan	1
kasudahannyo	6
kasuliktan	3
kasulitan	10
kasulitan-kasulitan	2
kasumarak-annyo	1
kasusahan	18
kasusahannyo	1
katabahan	4
katakuik-an	24
katakunan	1
katampaik	1
katanangan	3
katarangan	14
katarangan-katarangan	1
katarangannyo	1
katawuan	2
katawui	11
katawuilah	5
katibo	2
katidiang	12
katiduaran	6
katiduarannyo	2
katigo	46
katigo-tigonyo	1
kato	11
kato-kato	144
kato-kato-Nyo	4
kato-katoi	1
kato-katonyo	8
katokan	221
katokanlah	14
katubah	2
katuju	78
katujuah	38
katujuah-tujuahnyo	3
katuluihan	1
katurunan	72
katurunannyo	8
kau	3
kaum	1
kawajiban	7
kawajibannyo	3
kawan	1
kawanan	1
kawin	12
kawokan	1
kayakinan	14
kayakinannyo	6
kayo	52
kayolah	1
kayu	98
kecek	250
kecek-Nyo	6
kecek-kecek	8
kecekkan	5
keceknyo	14
kejam	1
kejamnyo	1
kemah	12
kendi	2
ketek	81
ketek-ketek	3
keteknyo	2
kiamaik	8
kian	39
kiasan	1
kicik	1
kicuah	7
kida	10
kida-Nyo	2
kidanyo	1
kilek	8
kilo	8
kini	3
kiniko	380
kinikolah	4
kipehkan	1
kipehkanlah	3
kirin	9
kirinkanlah	1
kiro-kiro	35
kitab	53
kitab-kitab	6
kitabnyo	1
kito	1264
kitolah	3
kiyamaik	2
kiyasan	1
kiyeh	3
ko	1289
kode	4
koh	46
kok	121
kokoh	3
kolam	6
komah	3
kompoloik	2
koncek	2
konco	1
konco-konco	1
kontan	1
kota	233
kota-kota	22
kotak	8
kotanyo	2
krisopras	1
kristal	1
kuatir	4
kubua	16
kubuakan	4
kubuanyo	1
kubuaran	43
kubuarannyo	3
kucapi	5
kucapinyo	1
kudaraik	5
kudaraiknyo	1
kudian	82
kudiannyo	2
kudo	19
kudonyo	1
kuduang	1
kuduang-kuduang	1
kuduanglah	3
kuil	1
kuilnyo	1
kuku	1
kulabu	10
kuleka	2
kuliah	1
kulik	24
kulikaik	1
kuliknyo	1
kuliliangi	2
kum	1
kumandan	24
kumandan-kumandan	2
kumandannyo	3
kumari	37
kumayan	12
kumpuakan	5
kumpuakanlah	4
kumuah	12
kumuah-kumuah	1
kumuahnyo	1
kunci	4
kuniang	1
kupiyah	1
kurang	27
kurawek	3
kuraweknyo	1
kurenah	1
kurenahnyo	2
kurisi	62
kurisi-Nyo	2
kurisinyo	2
kuruak-kuruak	1
kutiko	213
kutikonyo	1
kutuak	5
kutuakkan	2
kuwaik	103
kuwaikkanlah	3
kuwaiklah	1
kuwaiknyo	1
kuwaso	201
kuwaso-Den	1
kuwaso-Nyo	14
kuwaso-kuwaso	3
kuwasonyo	3
kuwatir	4
kuyak	2
kuyaknyo	1
labah	2
labek	7
labiah	331
labiah-labiah	1
labiahnyo	6
labo	14
labonyo	6
labuah	9
labuah-labuah	1
ladang	14
ladang-ladang	1
ladangnyo	6
lagu	17
lagu-lagu	2
lah	2919
lai	904
lain	454
lain-lainnyo	3
lainnyo	37
lajaik	2
lakek	7
lakekkan	3
laki	14
laki-laki	101
lakinyo	37
laku	4
lalai	2
laleh	2
lalok	30
lalok-lalok	1
laloknyo	2
lalu	25
laluaso	1
lalui	3
lama	2
lamah	55
lamak	21
lamak-lamak	1
lamaknyo	1
lambah	1
lambang	1
lambek	5
lambeknyo	1
lambuik	14
lamo	111
lamo-lamo	2
lamonyo	51
lampau	1
lampin	2
lampu	22
lampunyo	1
lanca	1
langang	9
langik	100
langkok	15
langkoknyo	1
lanjuik	3
lansai	2
lansuang	63
lansuangkan	1
lansuanglah	2
lantang	1
lanteh	2
lantera	1
lanyok	21
lanyokkan	5
lanyoklah	2
lapa	9
lapan	1
lapang	3
lapau	2
lapeh	44
lapehkan	5
lapehkanlah	4
lapiak	14
lapiaklah	1
lapiaknyo	1
laporan	2
laporkan	2
lapuak	1
lari	27
larilah	1
laruik	2
latak	2
latakkan	8
latakkanlah	4
latiah	1
latiahan	1
latiahnyo	1
lato	2
lauik	54
lauiktan	11
lawak-lawak	3
lawan	3
lawan-lawan	1
lawanlah	1
laweh	6
lawehlah	2
lawehnyo	1
layani	6
layi	276
layie	49
layiekan	1
layielah	1
layienyo	6
layikoh	4
layua	7
layualah	1
lazuardi	1
leba	3
lebanyo	1
legaran	2
legarannyo	1
lempeng	1
lenan	10
lenggek	2
lereng	2
lewakan	1
licin	1
lidah	6
lidah-lidah	1
lidahnyo	3
lillah	1
limbubu	15
limo	53
lindok	2
linduangan	1
lingkaran	1
lingkuangan	6
lipek	12
litak	20
litaklah	1
litaknyo	1
liter	5
liya	3
liyek	52
liyeklah	7
liyua-Nyo	2
liyuak	2
lobo	3
lorong	1
lorong-lorong	2
loteng	2
lubang	12
lubang-lubang	1
luko	5
luko-luko	3
luko-lukonyo	1
lulua	1
luluah	4
luluak	2
lumbuang	8
lumek	2
lumpuah	37
lunaih	1
lunau	1
lupo	10
lupokan	1
lurah	2
luruih	16
lusuah	1
lutuik	1
luwa	47
ma	1454
ma-adokan	1
ma-angekkan	1
ma-aromaik-i	1
ma-iruak	1
mabaritawu	1
mabaritawukan	1
mabuak	11
mabuak-mabuak	2
mabunuah	1
macam	34
mada	3
mah	1
maha	5
maha-maha	3
mahadiri	1
mahakimi	22
mahakiminyo	3
maharokkan	1
mahibur	4
mahino	55
mahkamah	17
maju	2
mak	4
makan	173
makanan	93
makanannyo	6
makanlah	9
makannyo	1
makin	3
mako	1283
makonyo	1
malabiahi	5
malabuahkan	1
malabuak	1
malacik	1
malagu	6
malagukan	12
malagulah	1
malah	62
malahan	17
malainkan	13
malakek	3
malakekkan	2
malala	1
malalaikan	2
malalokkan	2
malalui	171
malaluwi	1
malam	67
malambangkan	7
malamnyo	1
malampaui	4
malando	4
malang	1
malangga	21
malangkahlah	1
malangkok-i	3
malansuangkan	2
malantak-i	2
malanyau	2
malapeh	2
malapehkan	53
malaporkan	2
malarikan	2
malatakkan	33
malatiah	1
malawan	65
malayang	1
malayani	53
malayaninyo	1
malayiekan	23
malekai-malekaik-Nyo	1
malekaik	155
malekaik-Nyo	5
malekaik-malekaik	29
malekaik-malekaik-Nyo	6
malekaik-malekaiknyo	4
malekaiknyo	3
malengah	6
malengong	2
malerang	1
malewakan	13
maliang	10
malilik	1
malimau-i	1
malimpah	5
malimpahkan	1
malin	1
malinduangi	6
malinduanginyo	2
malingka	2
malintehi	1
maliyek	381
maliyek-Nyo	1
maliyek-liyek	1
maliyeklah	1
maliyeknyo	6
maliyua	2
maliyua-i	7
malompek	1
malompek-i	1
malompek-lompek	1
malompeklah	2
malu	25
malukoi	1
malulua	2
maluluahkan	1
malunyo	1
malupokan	7
malupokannyo	1
mamacahi	9
mamacik	13
mamacikkan	20
mamacikkannyo	1
mamadamkan	1
mamaga	1
mamaguik	5
mamahami	7
mamahaminyo	1
mamainkan	1
mamajukan	1
mamakai	66
mamakai-i	1
mamakan	54
mamakannyo	1
mamakiak	14
mamakiak-makiak	5
mamakok	2
mamaliaro	11
mamaliaronyo	2
mamanca	7
mamancakan	3
mamanciang-manciang	1
mamancuang	3
mamandang	4
mamanggak	1
mamanggak-manggak	4
mamanggak-manggakkan	5
mamanggak-manggakkannyo	1
mamanggakkan	16
mamanggie	22
mamangua	2
mamanjek	2
mamantiangkan	11
mamanuahi	6
mamanuangkannyo	1
mamaohkan	13
mamaohkannyo	1
mamapeh	1
mamaralukan	17
mamaralukannyo	4
mamarangi	1
mamardekakan	7
mamarentah	60
mamarentahi	8
mamarentahinyo	1
mamarentahkan	25
mamareso	11
mamariangikkan	7
mamasang	2
mamaso	9
mamasokan	1
mamasuak-i	5
mamasuakkan	19
mamatahkan	5
mamatikan	1
mamatuahi	39
mamatuahinyo	3
mamatuikkan	1
mambaco	18
mambacokan	4
mambaconyo	1
mambadai	1
mambae	1
mambaekan	3
mambagi	5
mambagi-bagi	4
mambagi-bagikan	6
mambagikan	1
mambahayokan	1
mambajak	2
mambaka	10
mambalah-balah	11
mambalakangi	1
mambalanjoi	3
mambaleh	11
mambalehkan	2
mambali	20
mambaliakkan	2
mambalik	3
mambalo	4
mambana	22
mambana-bana	1
mambanci	1
mambanci-i	6
mambandiangkannyo	1
mambangih-i	1
mambangihi	7
mambangihinyo	1
mambangkikkan	2
mambangun	12
mambantah	2
mambantiang	1
mambantu	23
mambantuak	1
mambarakaik-i	34
mambarakaik-inyo	5
mambarasiahkan	16
mambarekkan	3
mambari	136
mambarikan	178
mambarikannyo	4
mambaritawu	5
mambaritawukan	12
mambaritawukannyo	2
mambaritokan	108
mambaritokannyo	1
mambarontak	8
mambaruik-inyo	1
mambaruikkan	2
mambaruikkannyo	1
mambasahi	2
mambasakan	2
mambasuah	20
mambasuahi	1
mambatakan	6
mambatakannyo	1
mambatehi	1
mambaunni	1
mambawok	191
mambawok-i	14
mambawoknyo	2
mambayie	24
mambayienyo	1
mambebaskan	2
mambebek	1
mambela	13
mambicarokan	5
mambimbiang	15
mambimbiangnyo	2
mambinasokan	21
mambinasokannyo	8
mambingik	1
mambirutok	7
mambirutok-birutok	1
mambisiakkan	2
mambondekkan	1
mambongka	3
mambujuak	7
mambukak	23
mambukakkan	16
mambukakkannyo	1
mambukaknyo	1
mambuktikan	14
mambuliahkan	15
mambuliahkannyo	1
mambulintang	1
mambungkuak	1
mambunuah	96
mambunuahi	5
mambunuahnyo	2
mamburuak-buruakkan	7
mamburuakkan	2
mambuso	1
mambusuak	1
mambutokan	1
mambuwang	10
mambuwang-buwang	1
mambuwek	175
mambuwek-i	1
mambuwekkan	1
mambuweknyo	2
mambuwiehkan	1
mamihak	2
mamijak-mijak	2
mamijakkan	2
mamikiakan	1
mamikie-mikiekan	1
mamikiekan	19
mamikua	14
mamikuanyo	1
mamiliah	43
mamiliah-miliah	1
mamiliak-i	2
mamimpin	11
mamindahkan	2
mamintak	122
mamintakkan	2
mamintaknyo	3
maminun	36
maminunnyo	1
maminyak-i	2
mamohon	14
mampabandiangkan	1
mampabedakan	1
mampabesoh-besohkan	1
mampabesohkan	2
mampabincangkan	2
mampabini	15
mampabudak	1
mampabuwek	130
mampabuweknyo	1
mampacaliakkan	1
mampadamaikan	3
mampadiyakan	25
mampadiyakannyo	1
mampadulikan	6
mampaelok-i	7
mampagalakkan	3
mampagilo	1
mampagunokan	16
mampagunokannyo	1
mampakalang	1
mampakambang	1
mampakarajokan	1
mampakatokan	1
mampakecaikan	1
mampakecekkan	6
mampakuwaik	4
mampalain-lainkan	2
mampalainkan	2
mampalakukan	19
mampalambek-lambek	2
mampalipek-gandokan	1
mampaliyekkan	8
mampamain-mainkan	4
mampamainkan	3
mampamandikan	31
mampamandikannyo	2
mampamasalahkan	1
mampanampak	2
mampanampakkan	35
mampangaruahi	2
mampapanjang	2
mamparaja-i	2
mamparalekkan	2
mamparancak	3
mamparantikan	1
mamparatikan	45
mamparatikannyo	2
mamparetai-paretaikan	1
mamparetongkan	1
mamparingekkan	19
mamparkenalkan	1
mamparundiangkan	3
mampasaduwokan	1
mampasalahkan	9
mampasalangi	1
mampasalangkan	7
mampasambahkan	32
mampasando-sando	1
mampasando-sandokan	5
mampasatu-padukan	1
mampasatukan	4
mampaseso	2
mampasewokan	2
mampasingkek	4
mampasisiahkan	5
mampasiyapkan	2
mampatagak-i	2
mampataguah	1
mampatahankan	7
mampatakuik-takuik-i	2
mampatangguang-jawabkan	1
mampatangguangjawabkan	1
mampatangkakan	2
mampatimbangkan	2
mampaturuikkan	19
mampaulah-ulahkan	1
mampicayoi	5
mampicayokan	10
mampilanggu	3
mampilanggui	3
mampilangguinyo	1
mampitanah	8
mampitaruahkan	4
mampu	2
mampunyoi	91
mamudua-i	1
mamudua-inyo	1
mamuji	46
mamuji-muji	11
mamujinyo	1
mamukasuikkan	1
mamukau	1
mamulangkan	1
mamuliekan	18
mamuloi	10
mamungkang	3
mamungkang-i	1
mamungkangi	4
mamungkie-i	4
mamungkie-inyo	1
mamungkienyo	1
mamungkinkan	12
mamungkinkannyo	1
mamuntuik	1
mamupuak	2
mamuruakkan	2
mamusuahi	5
mamuta-baliakkan	1
mamutabaliakkan	2
mamutiahkan	1
mamutuihi	1
mamutuihkan	10
mamuwakkan	2
mamuwehkan	2
manabikkan	3
manabuahi	1
manabuih	1
managah	27
managahkan	1
managakkan	15
managakkannyo	5
managuahkan	1
manahan	18
manahani	1
manajihkan	3
manajihkannyo	2
manakankan	1
manakannyo	1
manakok	2
manakok-nakok	3
manakua	2
manakuikkan	27
manakuikkannyo	3
manambah	4
manambahi	1
manambahkan	4
manambuih	1
manamoi	2
manamokan	2
manampa	13
manampaikkan	4
manampak	124
manampakkan	6
manampuah	3
manamui	26
manamuinyo	5
manamukan	6
mananam	14
mananami	3
mananaminyo	2
mananangkan	1
manandehkan	1
manandokan	12
manang	16
manangani	13
mananganinyo	1
mananggang	1
manangguang	43
manangguangkan	19
manangih	40
manangihi	1
manangihlah	2
manangisi	1
manangkok	46
manangkok-i	1
manangkok-inyo	1
manangkoknyo	2
manantang	9
mananti	19
mananti-nanti	3
mananti-nantikan	5
manantikan	15
manantinyo	2
manantu	1
manantukan	24
manantukannyo	1
mananun	2
mananyokan	11
manapasiekan	1
manapek-i	6
manapi	1
manarangi	5
manaranginyo	3
manarangkan	21
manarangkannyo	5
manarawang	1
manari	5
manarilah	1
manarimo	257
manarimonyo	11
manaro	5
manaruah	1
manaruih	22
manaruihkan	31
manasiyaik-i	18
manatap	38
manatapkan	1
manayiakkan	4
mancabiak	1
mancabiak-cabiak	1
mancabiak-cabiak-i	1
mancabiak-i	3
mancabuik	2
mancacek	12
mancacek-cacek	1
mancacek-i	1
mancakau	2
mancaliak	48
mancaliaklah	2
mancaliaknyo	1
mancambuik	5
mancambuik-i	1
mancampakkan	2
mancapai	7
mancaraikan	12
mancari	85
mancari-cari	6
mancaruco	2
mancataik	2
mancataiknyo	2
mancayiekan	1
mancegakkan	46
mancegakkannyo	5
mancikarauwi	5
mancilakokan	3
mancilok	14
manciloknyo	3
mancilukuih	1
mancimeehkan	9
mancingowak	1
mancingowaklah	3
mancintoi	14
mancintoilah	1
mancirikkan	1
mancogok	15
mancoreklah	1
mancorohlah	1
mancubo	12
mancubo-cubo	1
mancubo-cuboi	1
mancubo-i	1
mancuboi	9
mancukie	2
mancukua	1
mancukuikkan	5
mancurahkan	3
mancuritokan	98
mandabiah	3
mandabiahkan	1
mandabok	5
mandaftarkan	3
mandakek	13
mandakek-i	16
mandakeklah	1
mandaki	3
mandakilah	1
mandandam	2
mandanga	237
mandangakan	133
mandangakannyo	4
mandapati	7
mandapek	143
mandapek-i	3
mandapekkan	26
mandapekkannyo	3
mandapeknyo	1
mandarek	1
mandarun	1
mandasak	1
mandatangi	2
mandatangkan	17
mandawa	1
mandawului	12
mandawului-Nyo	2
mandawuluinyo	1
mandayo	2
mandayuang	1
mandebaik	1
mandeh	45
mandeh-Nyo	9
mandehnyo	21
mandendangkan	5
mandi	2
mandidik	3
mandorong	3
mandowakan	11
mandowakannyo	1
mandua	5
manduanyo	1
manduduak-i	1
manduduakkan	1
manduto-i	1
mandutokan	1
manek	3
manempekan	1
manewak-newakkannyo	1
manga	1
mangabakan	28
mangabek	7
mangabekkan	1
mangabeknyo	1
mangacaukan	8
mangacewakan	1
mangadap	38
mangadinkan	1
mangadukan	14
mangaja	3
mangaja-i	3
mangaku	33
mangalahkan	17
mangalahkannyo	4
mangalami	19
mangalaminyo	1
mangalangkan	1
mangalatiak-i	1
mangalatiakkan	1
mangali	1
mangalimantang	3
mangalimbuni	1
mangaluah	7
mangaluwakan	9
mangambangkan	5
mangamehi	2
mangampuangkan	3
mangamukokan	8
mangana	21
mangana-ngana	4
mangana-ngana-i	1
manganakkan	5
mangandalikan	2
manganduang	19
manganduanglah	1
mangantuak	2
mangapalo-i	1
mangapaloi	1
mangapani	1
mangapuang	2
mangarajo	1
mangarajokan	290
mangarajokankan	1
mangarajokannyo	25
mangaramkan	1
mangarati	78
mangarehkan	2
mangarobankan	16
mangaruak	2
mangarumuni	2
mangasiahi	197
mangasiahilah	1
mangasiahinyo	3
mangasihi	1
mangasuah	2
mangatawui	94
mangatawuinyo	7
mangato-ngatoi	1
mangato-ngatowi	1
mangatokan	418
mangatokannyo	5
mangawani	8
mangawokan	1
mangawun	1
mangecek	300
mangecek-ngecek	5
mangecekkan	14
mangeceklah	12
manggabubu	5
manggadang-gadangkan	2
manggadangkan	13
manggaduah	6
manggaduahnyo	1
manggaga	4
manggagau-gagau	1
manggalagak	2
manggalakkan	2
manggaleh	8
manggali	3
manggalicau	2
manggalosang	1
manggambarkan	3
manggamuruah	1
mangganjie	1
manggantikan	3
manggantinyo	1
manggantuang	1
manggantuangkan	3
manggapuakkan	1
manggarakkan	1
manggaretek	2
manggarik	4
manggarik-garikkan	1
manggariklah	1
manggarubuakkan	1
manggarumehi	1
manggeleng-gelengkan	2
manggigia	2
manggigie	5
manggigik	3
manggiliang	2
manggilo	7
manggilo-gilo	1
manggisa	1
manggoyak-goyakkan	1
manggubalokan	2
mangguluang	1
mangguncangkan	3
mangicok	4
mangicuah	18
mangicuahi	9
mangicuahnyo	1
mangijinkan	1
mangikuik	1
mangindo	2
mangipehkan	3
mangirin	24
mangirinkan	3
mangkapundak	1
mangkapundaklah	1
mangkatangahi	1
mangkianaik-i	12
mangkiyanaik	1
mangkiyanaik-i	12
mangko	240
mangko-Nyo	1
mangkonyo	85
mangkuak	10
mangkuaknyo	1
mangkuto	14
mangkutonyo	1
mangode	1
mangokohkan	1
mangubuakan	8
mangubuakan-Nyo	1
mangucap	3
mangucapkan	8
manguduang-nguduang	1
manguduangi	1
mangulang	1
manguliliangi	2
mangumpuakan	21
mangumuahi	4
mangumuahkannyo	1
manguniang	1
mangunjuangi	20
mangunsi	2
mangurangi	2
mangutuak	1
mangutuak-i	5
manguwaikkan	20
manguwasoi	37
manguwasoinyo	3
maniayo	3
manih	9
manih-manih	1
manikah	1
manikahi	1
manikam	1
manilai	6
manilainyo	1
manimbang	1
manimbuakan	15
manimbun	1
manimpo	7
manimpokan	1
manindeh	3
maningadah	7
maningga	24
maninggakan	69
maninggakannyo	1
maninggikan	12
maninggikannyo	1
maninju	2
manipu	2
maniru	4
manisan	2
manjabaik	1
manjadi	526
manjadi-jadi	1
manjadikan	85
manjago	38
manjagoi	2
manjagokan	3
manjagokannyo	1
manjagonyo	3
manjajah	1
manjajok-i	1
manjajokkan	3
manjala	9
manjalang	3
manjalani	4
manjalankan	33
manjalankannyo	1
manjalehkan	1
manjalo	4
manjamin	2
manjamu	2
manjanguak	3
manjaniahkan	1
manjanjikan	3
manjapuik	20
manjapuiknyo	1
manjarak	1
manjaranjangkan	2
manjarek	15
manjarumuihkan	2
manjatuahkan	9
manjauah	2
manjauahi	6
manjauahkan	4
manjawab	253
manjawablah	6
manjilek	1
manjilek-i	1
manjuwa	10
manjuwa-i	2
manna	4
mano	1
manokok	8
manokok-nokok	2
manolong	72
manompang	6
manompanglah	1
manonggokkan	1
mansahkan	5
mansipongang	1
mansukocitokan	1
mantang	1
manuangkan	2
manuangkanlah	3
manubuatkan	4
manuduah	10
manuduahnyo	2
manugehkan	5
manuju	33
manukuak	1
manulak	12
manulakkan	1
manulih-nulih	2
manulihkan	8
manulihkannyo	1
manumbok	3
manumbuahkan	2
manumpahkan	1
manumpang	2
manunduakkan	3
manunggang-baliakkan	1
manunggu	6
manunggui	1
manungokkan	2
manunjuak	2
manunjuakkan	23
manuntuik	12
manuruik	155
manuruik-i	2
manuruik-inyo	1
manuruikkan	93
manuruikti	12
manurun	1
manurunkan	18
manusia	339
manusianyo	1
manusuak	2
manutuik	6
manutuik-i	1
manutuiknyo	1
manuwai	20
manuwangkan	11
manyababkan	40
manyababkannyo	1
manyabik	3
manyabuang	1
manyabuik	11
manyadari	18
manyadarinyo	1
manyadarkannyo	1
manyadiahkan	1
manyadiahkannyo	1
manyadiyokan	24
manyadiyokannyo	1
manyakik-i	1
manyakik-inyo	1
manyakikkan	2
manyalahkan	20
manyalamaikkan	62
manyalamaikkan-Nyo	1
manyalamaikkannyo	6
manyalami	1
manyalang	2
manyalangkan	1
manyalasaikan	13
manyalero	3
manyaleweng	2
manyalibkan	13
manyalidiak-i	8
manyalidiak-inyo	1
manyalingkik	2
manyalinok	4
manyalo	5
manyalo-nyalo	6
manyambah	63
manyambahnyo	3
manyambuakan	2
manyambuang	2
manyambuik	14
manyambuiknyo	1
manyamokan	4
manyampaikan	59
manyampaikannyo	1
manyamparonokan	6
manyanangkan	73
manyandiri	1
manyangko	39
manyangkuik	1
manyangkuikkan	1
manyanjuang-nyanjuang	1
manyantuang	2
manyapikkan	1
manyapo	2
manyarah	5
manyarahkan	56
manyarahkan-Nyo	1
manyarahkannyo	5
manyarang	12
manyaratoi	8
manyaratoinyo	3
manyaratowi	3
manyarukan	1
manyarupoi	1
manyasa	8
manyasah	3
manyasak-nyasakkan	1
manyasakkan	4
manyasekkan	10
manyasokkannyo	1
manyatokan	85
manyatokannyo	4
manyatujui	3
manyatukan	1
manyauik-i	1
manyawok	1
manyawok-i	6
manyayangi	1
manyebarkan	4
manyegehi	4
manyeka	3
manyekanyo	1
manyemba	2
manyentakkan	1
manyerakkan	22
manyeso	5
manyesokan	1
manyibukkan	1
manyidangkan	10
manyidangkannyo	3
manyilaukan	1
manyiliahkan	1
manyimpan	2
manyimpang	1
manyinarkan	1
manyingguang	2
manyingkokkan	1
manyintuah	5
manyintuah-Nyo	1
manyiram	2
manyisi	5
manyisiah	1
manyisiahkan	3
manyo	1
manyolang	6
manyonsong	2
manyonsongkan	4
manyonsongkannyo	1
manyorakkan	4
manyorakkannyo	1
manyuaraikkan	1
manyubarang	1
manyubarangi	7
manyubaranginyo	1
manyucikan	3
manyudahi	5
manyudahkan	3
manyukoi	1
manyumbek	1
manyunaikkan	5
manyunaikkannyo	1
manyurekkan	4
manyuruah	147
manyuruahkan	2
manyuruak	1
manyusah-nyusahkan	1
manyusahkan	1
manyusu	2
manyusuik	1
manyusukan	4
manyusun	2
manyuwaraikkan	3
maoh	4
maohkan	2
maohkanlah	1
maohlah	4
mapaturuikkan	1
marabo	3
marabuik	10
maracak	8
maracaknyo	7
maragi	1
marambah	2
marambak	1
marameh	3
marampok	4
marancanakan	1
marancanakannyo	1
marandahkan	12
marandahkannyo	1
marandamkan	4
marando	35
marangguikkan	1
marangkuah	2
marano	1
marantau	6
marapek	1
marapekkan	1
marapulai	16
marasai	1
marasiyokan	2
marasmikan	1
maraso	98
marasoi	1
marasokan	41
maratok	9
maratok-i	3
maratok-inyo	1
maratokan	1
marawatnyo	1
marawok-i	4
marawok-inyo	2
marayokan	7
marayokannyo	1
mardeka	17
maremehkan	3
maremehkannyo	1
marete	1
marewok	1
mariah	2
mariahnyo	2
mariam	1
mariangik	13
mariangiknyo	1
marindukan	1
maringanilah	3
marintih	2
mariyah	1
markas	6
marokok-i	1
marosok-rosok	1
marotaik	8
marpati	10
marubah	4
marugikan	5
maruntuah-i	2
maruntuahi	3
maruntuahkan	2
marupokan	30
marusak	15
marusakkan	3
maruwah-ruwah	1
maruwahnyo	1
maruwok	2
masak	4
masalah	14
masalah-masalah	2
masalahnyo	3
masam	4
masarakaik	9
masarakaiknyo	1
masiak	2
maso	51
maso-maso	4
masokan	3
masonyo	85
masuak	277
masuak-an	2
masuak-i	2
masuakkan	4
masuaklah	5
matah	1
mati	421
mati-mati	3
mati-matian	1
matikanlah	1
matilah	3
mato	93
mato-Nyo	1
mato-mato	3
matoari	51
matoari-Nyo	1
matonyo	20
mau	2
mauik	69
maupun	15
mayakini	2
mayakinkan	6
mayakinkannyo	1
mayik	39
mayik-mayik	1
mayik-mayiknyo	2
mayiknyo	4
mayonyo	1
meja	10
mejan	1
meter	1
mewah	3
mezbah	21
miliak	68
miliak-Nyo	11
miliak-i	8
miliaknyo	8
minantu	2
minantunyo	1
mintak	94
mintakkan	1
mintaklah	8
mintuwo	4
mintuwonyo	2
minun	51
minun-minunan	1
minunan	10
minunlah	2
minunnyo	1
minyak	30
misanyo	1
molah	21
morok	1
muatan	2
muatannyo	1
mudah	10
mudah-mudahan	22
mudiak	2
mudo	37
mudonyo	1
mujua	1
mukaluak	46
mukaluak-mukaluak	6
mukasuik	37
mukasuik-Nyo	3
mukasuik-mukasuik	5
mukasuikkan	12
mukasuiknyo	27
mukjizat	61
mukjizat-mukjizat	11
muko	75
muko-Nyo	2
mukonyo	10
mularaik	4
mulia	2
mulie	42
mulielah	2
mulienyo	1
mulo-mulo	6
muloi	111
muloilah	23
mulonyo	13
muluik	23
muluik-Nyo	2
muluiknyo	7
munapiak	11
muncuang	9
muncuang-muncuang	1
muncuangnyo	10
mungkie	2
mungkin	60
mungkinkoh	2
mur	3
murah	2
muram	1
murik	3
musik	5
musim	1
musin	25
musinnyo	1
mustayie	6
musti	475
mustilah	21
musuah	17
musuah-musuah	10
musuah-musuah-Nyo	1
musuah-musuahnyo	2
musuahnyo	2
mutahkan	1
mutiara	9
mutiara-mutiara	1
mutiaranyo	1
muwak	2
muyang	76
muyang-Nyo	1
muyangnyo	7
na	1
nabi	58
nabi-Nyo	2
nabi-nabi	76
nabi-nabi-Nyo	4
nabinyo	1
nagara	24
nagara-nagara	1
nagari	110
nagari-Nyo	1
nagari-nagari	1
nagarinyo	6
nago	15
nah	2
najih	12
nak	347
nama	19
namanyo	4
namo	121
namo-Nyo	1
namo-namo	8
namo-namonyo	1
namokan	5
namonyo	20
nampak	38
nampaklah	12
nampaknyo	27
namuah	224
nan	11734
nangko	6
nangkodo	1
nanti	1
nanti-nanti	3
nantun	1
napakah	8
napasu	24
napasunyo	5
narako	20
narwastu	1
nasib	1
nasiyaik	26
nasiyaik-i	1
nasiyaik-ilah	4
nasiyaik-nasiyaik	1
nasiyaikkan	1
nauangannyo	1
nayiak	48
nayiakkan	1
nayiakkanlah	1
nayiaklah	7
ndak	17
ndeh	1
negara	1
ngarai	3
ngarinyo	2
ngingih	1
ngku	5
nilam	2
niniak	76
niyaik	6
niyaik-niyaik	1
niyo	237
nubuat	8
nubuatnyo	1
nurani	6
nuraninyo	2
nyalangkan	1
nyalo	5
nyampang	1
nyariang	1
nyato	8
nyatokan	2
nyatolah	5
nyatonyo	7
nyawo	5
nyawonyo	18
nyo	11
oih	63
olah-olah	27
olahragawan	1
olok-olokkan	1
ombak	10
ombang-ambiang	1
oncekkan	1
oncongkan	7
oncongkannyo	1
oncongkannyolah	1
ondoh	1
ondoh-poroh	1
onggok	1
ongkoih-ongkoih	1
ongok-an	1
osong	2
osongan	1
ota	3
ota-ota	6
ota-otakan	1
oyak	4
oyak-oyakkan	1
oyaklah	1
pa	21
pabatasan	1
pabedaan	2
pabilo	31
pabilokoh	9
pabuatan	18
pabuatan-pabuatan-Nyo	1
pabuatannyo	7
pabudakkan	3
pabuliahkanlah	1
pabuwek	81
pabuweklah	1
pacabulannyo	1
pacah	9
pacahan	1
pacahlah	5
pacakak-an	2
pacik	10
pacikkan	2
paciklah	1
paco	2
padamaian	7
padang	75
padangnyo	4
padapek	4
padebaik-an	3
padebaikkan	3
padek	2
padiah	10
padiahnyo	2
padiyakan	13
padiyakanlah	1
pado	57
padohal	33
padomanlah	1
paduan	3
paduli	8
padusi	256
padusi-padusi	23
padusilah	2
padusinyo	6
paduto	3
paelok-i	1
paga	3
pagawai	13
pagawainyo	1
pagi	10
paginyo	1
paguik	1
paguno	14
pagunokan	2
pagunokanlah	5
pagunuangan	5
pahalo	2
pahalonyo	1
paham	1
pahami	2
pahlawan-pahlawan	1
paibo	4
paidahnyo	5
paja	97
paja-paja	24
pajak	41
pajaknyo	1
pajalanan	41
pajalanan-Nyo	2
pajalanannyo	12
pajamuan	4
pajanjian	35
pajina	7
pajuwangan	4
pajuwangkan	2
pak	10
pakai	12
pakaian	23
pakaian-Den	1
pakaiannyo	5
pakailah	1
pakak	7
pakakeh	2
pakakeh-pakakeh	1
pakan	2
pakarajo	7
pakarajo-pakarajo	1
pakawinan	2
pakawinannyo	2
pakecekkan	2
pakemahan	3
pakiak	3
pakiaknyo	1
paku	2
pakubuaran	4
pakuwaiklah	1
palabuahan	2
palabuahan-palabuahan	1
paladang	7
palajaran	4
palajaran-palajaran	2
palakak	6
palakukan	4
palam	2
palangga	2
palanggaran	9
palankin	1
palankinnyo	1
palasu	32
palatakkan	2
palayan	70
palayan-palayan	16
palayan-palayan-Nyo	1
palayan-palayannyo	12
palayanan	5
palayanannyo	2
palayannyo	17
palayieran	5
paleyak-leyakkan	1
paliang	80
paliaro	1
palimo	7
palimo-palimo	1
palito	5
paliyatannyo	1
paliyekkan	5
paliyekkanlah	1
palombaan	1
pamabuak	7
pamain	2
pamain-pamain	1
pamakan	2
pamaleh	4
pamaliang	1
pamaliaro	1
pamandangan	1
pamandian	6
pamandian-Nyo	1
pamandikan	4
pamandikanlah	1
pamangka-i	1
pamarentah	20
pamarentahan	10
pambaco	1
pambagi	1
pambagiannyo	1
pambaka	2
pambalasan	3
pambaleh	1
pambalehkan	1
pambali	3
pambangih	2
pambantu	1
pambantunyo	1
pambarasiahan	1
pambarian	46
pambarian-Nyo	1
pambarian-pambarian	10
pambarito	1
pambaritoannyo	1
pambariyan	1
pambarontak-pambarontak	1
pambarontakan	1
pambarontakkan	3
pambaruan	1
pambasuah	1
pambasuahan	1
pambateh	2
pambayie	4
pambebasan	1
pambelaan	3
pambelaannyo	3
pambicaroan	1
pambicaroan-Nyo	1
pambicaroannyo	1
pambimbiang	1
pambinasokan	1
pambingik	8
pambukak	2
pambunuah	6
pambunuahan	6
pambuwek	1
pamikieran	1
pamiliak	2
pamimipin-pamimpin	1
pamimpin	36
pamimpin-pamimpin	71
pamimpin-pamimpinnyo	2
pamintak	1
paminyak-i	2
pamukek	1
pamuloan	1
pamungkang	2
pamusuahan	3
pamuwehkan	1
pana	1
panabang	2
panah	85
panakuik	1
panampakkan	1
panampakkanlah	1
panampi	2
pananti	1
panarangkannyo	1
panaruang	1
panasiyaik-panasiyaiknyo	1
pancaliah	1
pancaliak-an	5
pancameh	1
pancandu	1
pancari	1
pancarian	3
pancariannyo	3
pancilok	7
pancuang	1
panculiak	1
pandabiahan	1
pandai	10
pandamai	1
pandamaian	1
pandan	4
pandandam	1
pandang	2
pandanga	1
pandangan	11
pandangannyo	1
pandapatan	2
pandapek	49
pandapeknyo	3
pandarahan	4
pandarahannyo	1
pandia	1
pandie	33
pandienyo	1
pandirian	4
pandirian-Nyo	1
panduduak	19
panduduaknyo	2
pandukuang	1
panduto	8
panduto-panduto	1
paneh	6
panehnyo	3
panek	20
paneklah	1
panga	1
pangabisan	8
pangacara	1
pangacau	3
pangacuik	1
pangadielan	16
pangaduan	4
pangaduannyo	1
pangajaran	135
pangajaran-Nyo	5
pangajaran-pangajaran	2
pangajarannyo	5
pangakan	2
pangakuan	48
pangakuan-Nyo	1
pangakuannyo	3
pangalaman	4
pangalamannyo	4
pangalan	2
pangampunan	9
pangana	12
pangana-pangana	2
pangananyo	4
panganiayoan	3
pangaratian	9
pangarek-an	2
pangaruah	9
pangaruahnyo	2
pangasiah	1
pangasilan	2
pangatawuan	23
pangatawuan-Nyo	3
pangawal	16
pangawal-pangawal	8
pangawalnyo	3
pangecek	1
panggak-panggakkan	4
panggakkan	7
panggaleh	10
pangganti	2
panggie	1
panggie-Nyo	1
panggielah	1
panggielan	5
panggiliangan	4
pangharapan	1
pangiburan	1
pangicuah	5
pangikuik	144
pangikuik-Nyo	194
pangikuik-pangikuik	95
pangikuik-pangikuik-Nyo	118
pangikuik-pangikuiknyo	5
pangikuiknyo	11
panginapan	1
panginjil	1
pangiriang	1
pangka	1
pangkaik	9
pangkaik-Nyo	1
pangkianaik	3
pangkiyanaik	4
pangkuannyo	1
pangliyatan	19
pangliyatan-pangliyatan	1
pangua	1
pangubuakan	2
pangubuaran	4
panguni	1
panguruih	1
panguwaikkan	1
panguwaso	28
panguwaso-panguwaso	26
panguwaso-panguwasonyo	1
paniang	2
panikahan	2
paniliak	2
paninggalan	1
panipu	3
panjabaik	7
panjabaik-panjabaik	11
panjago	4
panjago-panjago	1
panjagoan	1
panjahek	1
panjang	9
panjangnyo	5
panjualan	3
panjualannyo	1
panokok	1
panolong	1
pantai	10
pantiang	14
panuah	63
panuahlah	2
panumbok	3
panupang	1
panutuik	6
panyaba	2
panyabab	4
panyababnyo	1
panyakik	34
panyakiknyo	10
panyalamaik	1
panyalamaik-an	1
panyalamaik-panyalamaik	2
panyaliban	1
panyamak	3
panyambah	3
panyambahan	2
panyambuang	2
panyamun	6
panyawok	3
panyawok-i	4
panyayang	1
panyebaran	1
panyucian	6
panyudahkannyo	1
papacahan	2
papan	1
paparak	3
paparangan	11
papek	2
parabo	2
paragaik	2
paragaiknyo	1
parah	2
parahnyo	1
paraja-i	1
parajurik	10
parajurik-parajurik	11
parak	57
paraknyo	8
paralu	81
paralukan	16
paralunyo	1
paramah	2
paramato	2
parameh	3
parampok	4
parang	5
parangai	13
parangainyo	2
paranginan	3
parangkok	4
parantaro	4
parantaroan	15
parantauan	1
parapuah	1
parasaan	21
parasaannyo	2
parasaian	2
parasaiyan	2
paratian	6
paratian-Nyo	1
paratiannyo	1
paratikan	5
paratikanlah	5
paratuaran	241
paratuaran-Den	1
paratuaran-Nyo	1
paratuaran-paratuaran	13
paratuarannyo	2
parawu	61
parawunyo	6
parayaan-parayaan	1
pareman-pareman	1
parentah	88
parentah-Nyo	1
parentah-parentah	18
parentah-parentah-Nyo	3
parentah-parentahnyo	1
parentahkan	17
parentahkanlah	3
pareso	3
paretongan	2
paretongkan	1
paringatan	11
paringekkan	5
paringekkanlah	2
paringgonyo	1
pariyasan	3
pariyuak	1
parkaro	226
parkaro-Nyo	1
parkaro-parkaro	125
parkaronyo	12
parmato	7
parmohonan	2
parmuloan	1
parmuloannyo	1
partamu	61
partamu-tamu	24
partolongan	5
parubahan	1
paruik	19
paruik-Nyo	2
paruiknyo	9
parumpamoan	53
parumpamoan-Nyo	1
parumpamoan-parumpamoan	1
parundiangan	1
paruwehan	1
paruwok	1
parwira	18
parwira-parwira	1
pasa	7
pasa-pasa	2
pasaduwokanlah	1
pasalangilah	1
pasalisiahan	4
pasambahan	22
pasambahannyo	2
pasambahkan	6
pasambahkanlah	2
pasamoan	1
pasan	25
pasan-Nyo	2
pasan-pasan	2
pasananglah	1
pasandiyannyo	1
pasang	2
pasangan	1
pasatubuahan	1
paserak-serakkan	1
pasie	12
pasimpangan	1
pasisie	1
pasiyapkan	1
paso	5
pasolah	1
pasudaroan	1
pasukan	17
pasukan-pasukan	1
pasukannyo	3
patahanan	1
patahankan	1
patahankanlah	1
patakuik-takuik-i	1
patamuan	11
patamuan-patamuan	4
patandiangan	2
patang	1
patangkaran	11
patikaiyan	1
patuah	85
patuahi	2
patuahilah	3
patuahnyo	1
patuang	13
patuang-patuang	1
patuangnyo	5
patugeh	2
patugeh-patugeh	2
patuik	86
patuiklah	1
patunangannyo	1
pauik	2
pauiknyo	1
pauiktan	2
pauiktannyo	2
pawo	1
payah	2
payi	514
payik	6
payilah	109
payinyo	1
perai	8
perainyo	1
perak	30
picayo	270
picayoi	6
picayokan	3
picayokoh	1
picayolah	14
piciang	1
pidato	1
pihak	8
pikie	1
pikie-pikiekan	1
pikiekan	5
pikieran	46
pikieran-pikieran	2
pikierannyo	19
pikuak	1
pikuakan	1
pilakuik	1
pilanggu	7
piliah	8
piliahan	10
piliahan-Nyo	3
piliahlah	2
pilihan-Nyo	1
pimpinan	6
pimpinannyo	1
pincang	5
pindah	6
pindahkanlah	1
pindahlah	2
pinggang	6
pinggang-Nyo	1
pinggangnyo	2
pinjaro	76
pinjaronyo	1
pinjayik	3
pinjuru	4
pintak	26
pintaknyo	2
pintu	78
pintu-pintu	2
pintunyo	2
pipi	2
pipih	1
pipik	4
piriang	4
piruih	1
pisuruah	43
pisuruah-Den	2
pisuruah-Nyo	5
pisuruah-pisuruah	8
pisuruah-pisuruah-Den	2
pisuruah-pisuruah-Nyo	3
pitanah	4
pitanah-mampitanah	1
pitaruah	1
pitatah	1
pitih	144
pitihnyo	19
pitunjuak	5
pitunjuak-pitunjuak	8
piutang	1
piyatu	2
pokok	1
pontong	1
pribadi	1
propinsi	8
pualam	4
pucek	1
pucuak-pucuaknyo	1
pucuaknyo	1
puda	2
pudua	6
pudua-pudua	1
puji-pujian	6
pujian	20
pujilah	1
pukek	8
pukeknyo	3
pukua	20
pulang	47
pulanglah	10
pulau	23
pulo	1520
pulokoh	1
pulolah	154
puluah	67
pun	336
puncak	1
pungguang	5
pungkangi	3
punyo	181
punyoi	4
pupuak	3
puraweh	1
puro	5
puruakkan	3
pusako	2
pusakonyo	3
pusaro	6
pusaronyo	1
puta	1
puti	3
puti-puti	1
putiah	25
putiahnyo	1
putuih	12
putuih-putuihnyo	1
putuihilah	1
puweh	5
puweh-puwehnyo	1
rabah	2
rabahkan	1
rabo	1
racaklah	1
racun	2
racunnyo	1
rado	2
ragi	17
ragu	4
ragu-ragu	11
raguak	1
rahmaik	35
rahmaik-Nyo	9
rajin	2
rajo	69
rajo-rajo	16
rajonyo	3
rajowali	3
rakuih	2
rakyaik	8
rakyaiknyo	3
ramah	3
ramahnyo	1
rambah	1
rambuik	5
rami	7
rampah-rampah	2
rampok	4
ramuak	2
ramuan	4
ramuan-ramuan	1
rancak	49
rancak-rancak	2
rancaklah	1
rancaknyo	8
rancana	25
rancana-Nyo	7
rancana-rancana	3
rancangan	1
randah	29
randahkanlah	1
randamkan	2
rang	1
ranggaek	10
ranggaeknyo	7
rangkah	1
rantai	8
rantangkan	1
rantangkanlah	1
rantiang	4
rantiang-rantiang	6
rantiang-rantiangnyo	3
rapek	2
rapuah	1
rareh	2
rasah	8
rasahnyo	1
rasiyan	7
rasiyannyo	1
rasiyo	25
rasiyo-rasiyo	1
rasiyokan	2
rasiyonyo	1
raso	57
rasokan	3
rasokanlah	1
rasonyo	16
rasu	5
rasul	48
rasul-rasul	64
rasul-rasul-Nyo	1
rasunyo	1
ratna	1
ratok	2
ratok-ilah	2
ratok-tangih	1
ratokanlah	2
ratu	3
ratuih	15
rauang	1
rayo	22
rayu	1
regu	2
rela	3
remeh	1
rengkak	8
rengkak-rengkak	1
rengkaknyo	3
ribu	35
ribuik	4
rilah	13
rimah-rimah	1
rimbo	4
rimbun	1
rimbunnyo	1
ringan	5
risau	1
riwayaik	1
roh	129
roh-roh	45
rohani	34
rohaninyo	2
rohnyo	2
roman	9
rombongan	2
ronde	2
rono	5
roti	109
rugi	5
rugikan	1
ruginyo	1
rumah	268
rumah-rumah	22
rumah-rumahan	1
rumahnyo	64
rumpuik	15
rumpun	1
rumpunnyo	1
runtuah	9
runtuahi	2
runtuahkan	1
rupo	8
ruponyo	17
ruruik	2
ruruiklah	1
rusak	7
rusaknyo	1
ruso	1
rusuah	4
rusuaknyo	1
ruwah	1
ruwang	3
ruwangan	3
ruweh-ruwehnyo	1
sa	112
sa-iman	1
saba	30
saba-lah	1
sabab	2
sababnyo	123
sabagai	276
sabagian	31
sabakhtani	2
sabalah	72
sabaleh	6
sabaliaknyo	54
sabalik	1
sabalun	76
sabalunnyo	10
sabana	214
sabana-bana	113
sabana-bananyo	2
sabananyo	89
sabananyolah	11
sabandiang	5
sabanso	1
sabanta	26
sabantuak	1
sabanyak	27
sabanyak-banyaknyo	2
sabanyo	2
sabarapo	3
sabarek	1
sabarmulonyo	1
sabatang	6
sabatangan	1
sabatangannyo	1
sabayo	1
sabidang	2
sabijaksano	1
sabik	5
sabik-Nyo	1
sabiknyo	1
sabilah	3
sabuang-manyabuang	3
sabuik	3
sabuikkan	4
sabuikkanlah	1
sabulan	1
sabutan	1
sabutan-sabutan	2
sabuwah	97
sacangkie	1
sacapek	1
sacapeknyo	18
sacaro	306
sacukuiknyo	3
sadalam-dalamnyo	4
sadang	343
sadangkan	40
sadapek	1
sadar	4
sadarajaik	2
sadari	1
sadarlah	1
sadiah	9
sadiahnyo	5
sadiyo	20
sadiyokan	6
sadiyokanlah	1
sadiyolah	1
sado	2
sadonyo	80
sadunia-annyo	1
sagadang	3
sagalemeng	3
sagalo	659
sagalo-galonyo	15
sagan	2
sagan-sagan	2
saganok	2
sagolongan	1
sagumpa	2
sah	4
sahakikaik	1
sahalai	2
saharago	3
sahari	19
sahari-hari	3
sahati	12
saimbang	1
sainggo	212
sainggonyo	2
sair	1
saisuak	15
saiyo	12
sajadi-jadinyo	3
sajahek	1
sajak	97
sajalan	2
sajaleh-jalehnyo	3
sajam	5
sajamaat	1
sajamnyo	1
sajangka	1
sajaniah-janiahnyo	2
sajarak	1
sajati	69
sajauah	3
sajauah-jauahnyo	1
sajiwa	2
sajo	271
sajokoh	3
sajolah	98
sajonyo	9
sajuak	1
sajumlah	1
sakadar	2
sakalam-kalamnyo	1
sakali	76
sakalian	1
sakalipun	3
sakalompok	5
sakandak	6
sakapiang	1
sakarek	5
sakato	12
saketek	63
saketeknyo	2
sakian	1
sakijok	2
sakik	97
sakik-sakik	1
sakiknyo	1
sakiko	1
sakilo	2
sakironyo	6
sakitulah	1
sakuliliang	39
sakuliliang-Nyo	2
sakuliliangnyo	8
sakumpualan	1
sakutiko	11
sakuwaik	5
sakuwaik-kuwaiknyo	7
salabek-labeknyo	1
salabeta	2
salabiahnyo	1
salah	95
salahnyo	1
salai	5
salain	42
salajaik-lajaiknyo	1
salam	50
salamaik	39
salamaikkan	3
salamaikkanlah	3
salamnyo	1
salamo	66
salamo-lamonnyo	1
salamo-lamonyo	83
salamonyo	5
salanjuiknyo	2
salapan	13
salasai	33
salasaikan	2
salasailah	1
salatan	5
salero	3
saleso	1
saliah	8
salib	32
salib-Nyo	1
salibkan	4
salibkanlah	1
salibnyo	4
salidiak-i	1
salidiak-ilah	1
salisiah	7
salo-salo	1
salubuang	2
sama-samo	1
samacam	3
samak	13
samakin	24
samalam	4
samang	19
samangkin	3
samangkuak	1
samangnyo	48
samantang	1
samantaro	34
samaso	6
samati	2
samato-mato	1
sambah	5
sambahlah	1
sambia	204
sambilan	14
sambok	1
sambok-sambok	1
sambuah	114
sambuahlah	6
sambuahnyo	6
sambuik	1
samesta	1
samo	221
samo-samo	381
samokan	3
sampai	346
sampaikan	12
sampaikanlah	4
sampaikoh	1
sampailah	18
samparono	46
sampiang	3
sampik	4
sampiklah	1
sampilik	1
samulo	28
samulonyo	2
samupakaik	5
samupakaiklah	2
samustinyo	34
samustinyolah	1
sanak	22
sanak-sanak	2
sanang	47
sanangnyo	4
sanasib	2
sandi	15
sandi-sandi	1
sandinyo	1
sandiri	390
sandiri-sandiri	2
sandirilah	31
sandirinyo	2
sanduangan	1
sanga	4
sangaik	260
sangaiklah	2
sangajo	30
sangek	2
sangkak	7
sangkak-sangkak	3
sangkak-sangkaknyo	2
sangkaknyo	1
sangketo	2
sangko	15
sangko-sangko	1
sangkuik	1
sanjo	15
sansai	2
sansaro	125
sansaro-sansaro	1
sansaronyo	4
santano	30
santiang	19
santoso	36
santosolah	2
santuang	1
santun	1
sapadan	1
sapadek-padeknyo	1
sapaduwo	2
sapajalanan	1
sapajuwangan	2
sapajuwangannyo	1
sapakan	5
sapaliang-paliang	1
sapambae-an	1
sapandapek	1
sapangatawuan	1
sapanjang	5
sapanuah	15
sapanuahnyo	18
saparampek	1
saparasaan	1
saparentah	1
saparinduan	1
saparsapuluah	8
saparsapuluahnyo	2
sapasang	2
sapasukan	1
sapatah	4
sapatigo	12
sapatuiknyo	18
sapatuiknyolah	2
sapayi	3
sapikieran	1
sapiriang	1
sapitih	4
sapu	1
sapucuak	1
sapuluah	21
sapupu	1
saputiah	2
sapuweh-puwehnyo	1
sarabuak	6
saradadu	8
saradadu-saradadu	2
saradadunyo	1
saraguak	1
sarahkan	15
sarahkanlah	3
saraik-saraik	2
sarancak	2
sarancaknyo	1
sarandah-randahnyo	1
sarang	10
sarangan	2
sarangnyo	1
sarankan	1
sarantak	1
sarantaklah	1
saraso	1
sarato	2074
saratuih	15
sarayoan	3
sari	11
saribu	10
sarik	1
sarimih	1
sariyaik-sariyaik	3
sarok	2
saroman	112
sarombongan	3
saruangnyo	2
sarugo	164
sarupo	117
sasak	1
sasakkan	4
sasamo	72
sasawi	7
sasek	16
sasi	25
sasi-sasi	4
sasi-sasi-Nyo	1
sasi-sasinyo	1
sasinyo	1
sasuatu	291
sasuatunyo	12
sasudah	167
sasudahnyo	1
sasuko	7
sasuku	3
sasungguah	1
sasungguahnyo	1
sasuwai	44
sasuwaikanlah	1
satakana	1
satampaik	1
satanang-tanangnyo	3
satangah	7
satangkai	1
satarang-tarangnyo	1
sataruihnyo	7
sataruihnyolah	2
satawun	5
satibo	2
satinggi	1
satinggi-tingginyo	2
satiya	70
satiyaan	1
satiyanyo	1
satiyok	145
satiyok-tiyok	26
sato	107
satolah	2
satu	37
satu-satunyo	1
satuju	16
satujui	1
satuluih	3
satumpak	6
sauah	6
sawah	3
sawakatu	1
sawannyo	1
sawok	5
sawok-i	3
sawoklah	1
sayang	7
sayangkan	1
sayangnyo	1
sayok	2
sayoknyo	3
sayua-sayua	1
sayuik	1
sege	15
sege-sege	1
sege-segenyo	1
segeh	4
seka	1
sepah	1
serakkan	3
serakkanlah	1
serap	2
seso	3
setan	21
setan-setan	1
si	1312
sialek	1
siang	22
siapo	6
siarang	5
sibuk	3
sibuknyo	1
sidakah	13
sidakahkan	2
sidang	18
sihie	5
sihienyo	2
sikap	2
sikapnyo	1
sikeklah	1
siko	18
sikoci	5
sikua	31
sikua-sikua	1
silang	7
silasiah	2
sinan	26
sinanlah	1
singantua	8
singantualah	2
singgah	11
singgahi	1
singgahlah	1
singkek	10
singkeknyo	1
singo	7
sinjato	7
sinjato-sinjato	2
sipaik	7
sipaik-sipaik	8
sipaiknyo	3
sipatu	3
sirah	11
sisiak	1
siso-siso	2
sitanggi	1
siya	117
siya-siya	3
siya-siyanyo	43
siyaik	8
siyaik-siyaik	1
siyak	3
siyakoh	10
siyalah	4
siyanyo	1
siyap	11
siyapo	14
siyapokoh	4
siyapopun	1
siyapun	1
siyo-siyo	9
solang	1
sopan	1
sorang	20
suatu	118
subalah	7
subalah-manyubalahnyo	1
subaliak	3
subarang	24
subawo	1
subuah	3
subuah-subuah	7
suci	70
sucilah	2
sudah	436
sudari	6
sudaro	223
sudaro-sudaro	186
sudaro-sudaro-Nyo	2
sudaro-sudaronyo	2
sudaronyo	22
suduik	6
suduiknyo	2
suga	2
sugalah	1
suganyo	1
sugiro	11
sujuik	28
sujuiklah	2
suko	127
suko-atinyo	1
sukocito	22
sukonyo	4
suku	21
sukur	1
suliang	2
sulik	20
sulik-sulik	1
suliklah	1
suliknyo	2
suluah	3
suluang	2
sumangaik	17
sumangaiknyo	2
sumarak	2
sumbangan	10
sumbangkan	1
sumbarang	3
sumbayang	5
sumbek	2
sumbiang	1
sumpah	7
sumpah-Nyo	1
sumpahnyo	4
sumpik	1
sumua	7
sunaik	8
sunaikkan	1
sunaikkanlah	1
sungai	12
sungguah	2
sungguah-sungguah	13
sungguahpun	1
supaat	1
supakaik	10
supayo	749
surang	703
surang-Nyo	3
surang-surang	37
surangnyo	3
surek	96
surek-surek	1
surekkan	10
surekkanlah	1
sureknyo	3
suruah	23
suruahan	1
suruahkan	1
suruahlah	17
suruakkan	1
suruik	3
susah	1
susu	4
susuik	1
suto	1
suwarih	2
suwarih-Nyo	1
suwarihnyo	2
suwaro	112
suwaro-suwaro	1
suwaronyo	4
suwok	30
suwok-Den	4
suwok-Nyo	4
suwoknyo	2
syukur	11
syukurlah	3
ta	69
tabagi-bagi	3
tabah	20
tabahkan	1
tabahkanlah	2
tabaka	3
tabalah	2
tabaliak	1
tabanam	9
tabang	9
tabantang	1
tabarito	3
tabateh	1
tabawok	1
tabawok-bawok	1
tabayie	1
tabek	2
tabia	1
tabiang	2
tabiaso	1
tabie	2
tabik	47
tabiklah	1
tabiyaik	29
tabiyaiknyo	1
tabokek	1
tabokeklah	1
tabongka	1
tabongkalah	1
taborai	1
tabukak	22
tabukaklah	3
tabukti	7
tabuktilah	1
tabulintang	1
tabunuah	3
tabuwang	8
tacangang	62
tacangang-cangang	4
tacangangnyo	2
tacapai	1
tacataik	5
tacinto	30
tadampa	1
tadanga	21
tadangalah	15
tadanganyo	1
tadapek	1
tadawulu	7
tadayo	6
tadi	3
tadinyo	2
tadiri	1
tadorong	2
tagadai	1
tagaduah	1
tagageh-gageh	1
tagah	2
tagahlah	1
tagak	150
tagak-tagak	1
tagakkan	4
tagaklah	19
tagalimpang	1
taganang	1
tagang-tagang	2
tagantuang	8
tagolek	2
taguah	26
taguahlah	1
taguluang	1
tagurajai	2
tahalang	1
tahan	12
tahanan	17
tahap	2
tahibur	4
tahimpun	1
tajadi	197
tajadilah	12
tajam	8
tajarak	1
tajarek	2
tajarongkang	2
tajarungkuik	1
tajun	8
tajunlah	1
takabalakang	1
takabek	9
takah	5
takajuik	13
takambang	6
takamuko	18
takana	34
takanalah	6
takandalikan	1
takantuak	2
takato	1
takatokan	1
takicuah	13
takilik	1
takok	4
takokah	1
takubua	1
takudian	6
takuik	125
takuik-i	2
takuiklah	3
takuiknyo	1
takulai	1
takun	6
takunci	3
takunlah	1
takutuak	6
talabiah	21
taladan	18
talah	3
talakik	6
talalok	15
talam	4
talambek	3
talampau	17
talampok	1
talantar	1
talapeh	5
talarang	1
talatak	23
talataknyo	1
talawu	2
tali	16
tali-tali	1
talibaik	1
talinduang	3
talingo	12
talingonyo	11
taliti	8
talok	42
talompeklah	1
talua	1
taluak	2
tamak	3
tamasuak	44
tambah	7
tampa	1
tampaik	346
tampaik-Nyo	1
tampaik-tampaik	12
tampaikkan	1
tampaiknyo	27
tampaiknyolah	1
tampak	3
tampaknyo	1
tampek	2
tampiyan	2
tampuah	3
tamu	2
tamu-tamu	7
tamu-tamunyo	2
tamunyo	1
tamusaua	13
tanago	5
tanah	100
tanahnyo	4
tanam	3
tanam-tanaman	4
tanaman	10
tanaman-Nyo	1
tanaman-tanamam	1
tanamannyo	1
tanami	1
tanang	12
tananglah	1
tandeh	2
tando	52
tando-tando	9
tando-tandonyo	1
tandonyo	7
tanduak	9
tanduaknyo	1
tangah	75
tangah-tangah	48
tangan	83
tangan-Den	1
tangan-Nyo	22
tangango	1
tangani	1
tanganilah	2
tangannyo	46
tanggo	29
tanggonyo	5
tangguang	6
tangguang-tangguang	9
tangguangkan	14
tangguanglah	1
tangguli	2
tangih	5
tangihi	1
tangkainyo	2
tangkok	4
tangkok-i	1
tangkoklah	1
tangkurak	2
taniyaik	1
tantang	498
tantangan	1
tantara	20
tantara-Nyo	1
tantaranyo	1
tantu	74
tantukan	2
tantunyo	1
tanyato	14
tanyo	37
tanyokan	5
tanyokanlah	2
tapacah-pacah	2
tapadayo	5
tapak	3
tapakai	6
tapaliaro	2
tapana	4
tapanca	1
tapancie	5
tapandam	1
tapandang	3
tapangaruah	4
tapaso	13
tapasolah	9
tapauik	4
tapek	31
tapek-i	1
tapeknyo	1
tapi	737
tapi-tapi	1
tapijak	1
tapiliah	7
tapisah	2
tapuang	5
tapuji	5
tapukau	1
taradok	151
taragak	21
tarago	3
tarakir	9
taralah	3
tarambau	1
taranak	10
taranaknyo	1
tarang	87
tarang-Nyo	2
tarang-tarang	1
tarang-tarangan	3
tarangah	1
tarangkan	6
taranglah	1
taraso	2
tarasolah	1
taratur	7
tareh	3
tari	1
tari-tarian	1
tariannyo	1
tarigu	1
tarimo	32
tarimolah	7
tarompa	5
tarompa-Nyo	5
tarompanyo	1
taruang	3
taruih	163
taruihkan	1
taruihkanlah	1
taruihlah	1
tarumpik	10
tarumpiknyo	9
tarutamu	25
tasadiyo	6
tasadu-sadu	3
tasakek	2
tasambunyi	1
tasandiri	23
tasapik	2
tasarah	1
tasasek	4
tasawok	1
tasebar	10
taserak	2
taseraklah	1
tasinayuang	2
tasingguang	2
tasingkok	2
tasintak	7
tasintaklah	2
tasongkok	1
tasumbek	2
tasumbua	1
tasungkua	12
tasungkualah	1
tasurek	10
tasuruak	1
tasuruik	1
tasusun	1
tasuwo	15
tasuwolah	1
tatagak	1
tatahan	1
tatampalah	1
tatampuah	1
tatanam	2
tatangkok	3
tatantu	6
tatap	255
tataplah	10
tataruang	6
tatawan	1
tatilantang	2
tatonggok	2
tatuduah	1
tatuju	2
tatulih	171
tatutuik	3
tawa	2
tawanan	3
tawu	627
tawukoh	2
tawulah	9
tawun	61
tawun-tawun	1
tekaiknyo	1
tembok	4
tembok-tembok	1
temboknyo	2
tibo	535
tibo-tibo	2
tibolah	57
tibonyo	5
tidak	4
tidua	9
tiduanyo	1
tigo	94
tikam	1
tikaman	1
tikuluak	3
tilanjang	1
timbago	10
timbangan	1
timbo	1
timbua	13
timbualah	6
timbuanyo	1
timpokan	1
timur	3
tindakan	3
tindakkan	2
tingga	109
tinggakan	18
tinggakanlah	2
tinggalah	6
tingganyo	3
tinggi	40
tingginyo	2
tingkah	2
tinju	2
tipih	4
tipu	1
tipu-tepoknyo	1
tirinyo	1
titiak	2
titiaknyo	1
tiyok	2
tiyok-tiyok	5
tobaik	1
togok	5
togoknyo	1
tokoklah	1
tolong	18
tolonglah	10
tombak	1
tompang	3
tonggokkan	2
tonggokkanlah	1
tontonan	1
topas	1
topi	1
tu	6826
tuan	8
tuanku	2
tuannyo	2
tubuah	122
tubuah-Nyo	6
tubuahnyo	14
tuduahan	15
tuduahan-tuduahan	2
tuduahannyo	2
tuduahkan	4
tugeh	28
tugeh-Nyo	2
tugehkan	2
tugehnyo	12
tugu-tugu	1
tuhan	2
tuhannyo	1
tuju	2
tujuah	57
tujuan	12
tujuan-tujuan	1
tujuannyo	1
tujukan	1
tuka	2
tuka-i	4
tukang	78
tukang-tukang	16
tukuakkan	1
tulang	4
tulang-Nyo	1
tulen	5
tulih	4
tulihkan	8
tulihkanlah	8
tulisan	4
tuluih	12
tumbuah	24
tumbuah-tumbuahan	2
tumbuahlah	1
tumbuahnyo	4
tumpang	1
tumpangi	1
tunangan	1
tunangannyo	3
tunduak	30
tunduakkan	2
tunduaklah	4
tuneh	2
tuneh-tuneh	5
tuneh-tunehnyo	1
tunehnyo	1
tunganai-tunganai	1
tungga	6
tunggak	6
tungganai-tungganai	2
tunggang	2
tunggu	1
tunggu-i	1
tungkek	13
tungkeknyo	1
tungku	3
tunjuakkan	5
tunjuakkanlah	2
tuntuik	1
turuik	1
turuikkan	3
turuikkanlah	8
turun	76
turun-tamurun	1
turunkan	1
turunkanlah	1
turunlah	6
tutuik	3
tutuiklah	1
tuwailah	1
tuwan	1
tuwangkan	2
tuwangkanlah	2
tuwo	32
ubah	8
ubahnyo	1
ubek	14
ubek-inyo	1
ubilih	42
ubuangan	37
ubuangannyo	6
ubuangkan	2
ucapan	4
udaro	9
ujah	2
ujan	22
uji	17
ujilah	1
uju	22
ujuang	16
ujuangnyo	2
ujuik	2
ujuikkan	3
ujuikkan-Nyo	1
ujuikkannyo	1
ujunyo	1
ukie	1
ukua	16
ukuanyo	1
ukuaran	6
ukun	95
ukunan	68
ukunannyo	6
ukunlah	2
ukunnyo	4
ula	16
ulah	9
ulahnyo	1
ulang	6
ulangi	1
ulek	4
ulu	1
uluakan	1
uluakanlah	1
uluaran	1
umaik	158
umaik-Den	9
umaik-Nyo	41
umaiknyo	1
umanaik	1
umbuak	5
umpamo	3
umpamonyo	20
umpuak	3
umpuak-umpuak	3
umua	11
umuanyo	5
undang	10
undangan	2
undangannyo	1
undanglah	1
undi	5
undian	2
unggeh	11
unggun	3
ungkik	1
uni	2
unjam	2
unto	6
untuak	2010
untuak-Nyo	1
untuakkan	1
untuaknyo	8
untuang	1
untuangan	7
untuangkan	1
untuangnyo	1
upacara	6
upah	30
upahannyo	1
upahnyo	9
upeh	6
upehlah	1
urai	3
urak	2
urang	3837
urang-urang	1915
urang-urangnyo	3
uranglah	2
urangnyo	39
urek	7
urek-ureknyo	3
ureklah	1
ureknyo	3
uruang	8
uruangi	1
uruih	16
uruihnyo	2
urusan	7
urusan-urusannyo	1
usah	10
usahlah	1
usak-i	1
usali	5
usang	9
usawo	83
usawokan	7
usawokanlah	1
usawolah	21
usawonyo	5
usie	47
usie-Nyo	1
usielah	6
usienyo	1
usulkan	5
utak	2
utamu	1
utan	9
utang	23
utang-utangnyo	1
utangnyo	4
utuih	117
utuih-Nyo	1
utuihlah	8
utuihnyo	2
utusan	8
utusan-Den	2
utusan-utusan	3
uwangan	1
uweh-uweh	3
wa-ang	47
waden	4
wahyu	1
wajib	2
wakatu	45
wakatunyo	37
wakie	1
warahmatullah	1
warga	11
warisan	2
wasiyaik	1
wibawa	1
wilayah	6
ya	7
yakin	46
yakini	1
yakut	1
yatim	2
yo	3
zaitun	4
zamrud	1
