!	104
(	21
)	20
*	122
,	17651
.	12009
1	1
1,000	14
1,200	1
1,260	1
10	2
10,000	4
100	1
12,000	2
120	1
144,000	3
153	1
2,000	6
2,400	1
20	2
20,000	1
200	4
200,000,000	1
23,000	1
276	1
3,000	2
300	1
4,000	6
400	2
430	1
450	1
5,000	14
500	2
500,000	1
666	1
7,000	2
800	1
:	272
?	803
A	51
Abadon	1
Abel	6
Abiatar	1
Abija	3
Abilene	1
Abiut	2
Abraham	129
Adam	20
Adi	2
Adramitium	1
Ae	1
Afrika	1
Agabus	2
Aget	1
Agripa	12
Ahas	2
Aikoniam	7
Ainias	2
Ainon	1
Aisaia	26
Aisak	26
Akaia	14
Akaikus	1
Ake	48
Akeldama	1
Aken	60
Akenga	1
Akennga	2
Akim	2
Ako	50
Akola	1
Akuila	8
Alal	2
Alavusnga	1
Aleksander	5
Aleksandria	4
Alos	1
Alpius	5
Ametis	1
Aminadap	4
Amos	2
Ampipolis	1
Ampliatus	1
Ana	2
Ananaias	13
Anas	5
Andronikus	1
Andru	14
Anga	18
Aning	47
Anitpas	1
Antiok	30
Antipas	1
Antipatris	1
Aolonga	1
Apeles	1
Apia	1
Apius	1
Apolion	1
Apolonia	1
Apolos	13
Ar	4
Arebia	3
Areko	22
Areopagus	3
Aretas	1
Arimatea	4
Aristarkus	5
Aristobulus	1
Arkelaus	1
Arkipus	2
Armagedon	1
Arni	2
Aro	733
Aron	6
Arpaksat	2
Artemas	1
Artemis	5
Asa	2
Asagupeling	1
Asdot	1
Aser	2
Asinkritus	1
Asor	2
Asos	2
Atalia	2
Atens	7
Atmin	2
Au	3
Ava	54
Avala	1
Ave	167
Avele	76
Aveto	850
Avovoengaere	1
Babilon	20
Babilonre	3
Balak	1
Balam	5
Barabas	12
Barak	1
Barjisas	1
Barnabas	37
Barsabas	3
Bartimeus	1
Bartolomiu	4
Batsiba	1
Belsebul	7
Benjamin	4
Beor	1
Berekia	1
Beria	6
Beril	1
Bernis	3
Betani	13
Betesda	1
Betlehem	10
Betpage	3
Betsaida	7
Bitinia	2
Blastus	1
Boanerges	1
Boas	4
Bouti	2
Buk	5
Dalmanuta	1
Dalmesia	1
Damaris	1
Damaskus	17
Daniel	1
Dekapolis	3
Demas	3
Demitrius	3
Denarius	1
Derbe	5
Devit	83
Didimus	3
Dionisius	1
Diotrepes	1
Dorkas	3
Drusila	1
E	10
Eber	2
Ela	3
Elaija	33
Elam	1
Eleasar	2
Eli	2
Eliakim	4
Elieser	2
Elimas	1
Elisa	1
Elisabet	11
Eliut	2
Elmadam	2
Eloi	2
Emem	4
Emeral	1
Emeus	1
Emon	2
Ena	4
Enala	7
Eneke	323
Engek	2
Engeng	1
Engenging	1
Engom	1
Engomu	1
Enok	5
Enos	2
Ensel	2
Enselre	1
Epainetus	1
Epapras	4
Epaproditus	2
Epesus	23
Epikurian	1
Epraim	1
Er	2
Erangu	1
Erastus	3
Erere	1
Es	14
Esa	2
Esia	19
Esli	2
Eso	1
Espot	2
Evata	1
Eve	9
Evelelnga	10
Gabata	1
Gabriel	3
Gadara	1
Gaius	5
Galesia	7
Galili	85
Galio	3
Gamaliel	3
Gasa	1
Gat	1
Genesaret	2
Gerasa	3
Getsemani	2
Gideon	1
God	3857
Gok	1
Golgota	3
Gomora	3
Grik	8
Grikre	13
Hagar	4
Haiasin	1
Hamor	1
Haran	2
Heli	2
Hermas	1
Hermes	2
Hermogenes	1
Herodias	9
Herodion	1
Herot	70
Hesekia	2
Hesron	4
Hibrure	12
Hierapolis	1
Himeneus	2
Hisop	2
Hosea	2
I	387
Ia	3
Idumea	1
Ienga	2
Iion	6
Ile	17
Ilemi	3
Ilemio	1
Ilirikum	1
Ina	15
Ine	37
Ini	81
Inina	1
Inospot	2
Iok	2
Iom	3
Ion	1
Ioni	130
Ioning	1
Isakar	1
Isip	38
Isipare	5
Iskariot	12
Iso	5
Israel	27
Israelre	100
It	6
Ita	4
Itali	5
Itema	25
Itevinga	5
Itiopia	3
Itun	242
Ituria	1
Iubulus	1
Iunis	1
Iuodia	1
Iupretis	2
Iutikus	2
Iv	4
Jairus	8
Jambres	2
Janai	2
Janes	2
Jaret	2
Jaspa	3
Jastus	3
Jehoiakin	3
Jehoram	2
Jehosapat	2
Jekop	30
Jems	42
Jepta	1
Jeremaia	3
Jeriko	8
Jerusalem	182
Jesebel	1
Jesi	6
Jeson	5
Jisas	2179
Joana	2
Joanan	2
Joda	2
Joel	2
Jon	209
Jona	9
Jonam	2
Jop	1
Jopa	13
Jordan	15
Jorim	2
Josaia	2
Josek	2
Josep	50
Joses	5
Josua	4
Jotam	2
Juda	66
Judare	466
Judas	49
Judia	53
Julia	1
Julius	3
Junias	1
Jut	1
Kaiapas	10
Kainan	2
Kaldia	1
Kamel	3
Kana	4
Kandas	1
Kapadosia	2
Kaperneam	18
Karpus	1
Kath	1
Kauda	1
Ke	2
Kein	2
Ken	19
Kena	1
Kenan	6
Keumu	1
Kidron	1
Kie	1
Kikil	1
Kimomu	3
Kina	23
Kinnga	1
Kios	1
Kis	1
Klemen	1
Kliopas	1
Klodia	1
Klodius	3
Kloe	1
Klopas	1
Kolkolung	1
Kolosi	1
Konilian	1
Kora	2
Korasin	2
Korin	15
Kornilius	14
Kos	1
Kosam	2
Krais	744
Kresens	1
Krisolait	1
Krisopres	1
Krispus	2
Kristen	3
Krit	10
Kulpo	1
Kusa	1
Kwartus	1
Kwirinius	1
La	3
Laion	1
Lama	322
Lamako	311
Lamek	2
Lamo	12
Lamoko	2
Laodisia	7
Lasarus	23
Lasea	1
Lek	35
Lel	1
Lelrisa	1
Lemem	7
Lemi	11
Lemik	48
Lemimem	6
Lemimemo	1
Lemioong	1
Lemir	3
Ler	4
Libia	1
Lida	4
Lidia	2
Likonia	1
Likoniare	1
Linus	1
Lisanias	1
Lisia	1
Lisias	4
Listra	6
Livai	19
Lo	1
Lois	1
Lolelpot	1
Lom	15
Lomu	23
Lomum	20
Lomumo	1
Lomumu	40
Lomumuo	4
Losa	1
Lot	5
Lotu	120
Lotuonga	7
Luk	4
Luki	1
Lum	1
Lusius	2
Ma	1701
Magadan	1
Magok	1
Mahalalel	2
Maikel	3
Maira	1
Mak	11
Makdala	12
Make	43
Maken	150
Mako	593
Makola	5
Mala	3
Malkus	1
Malta	3
Mana	13
Manain	1
Manase	3
Maria	68
Marta	16
Masedonia	29
Mastet	5
Mat	2
Mata	2
Matan	2
Matat	4
Matata	2
Matatias	4
Matheong	2
Matias	3
Matiu	5
Mediterenian	1
Mekerem	1
Melea	2
Melki	4
Melkisedek	19
Mena	2
Menong	1
Menum	1
Mesaia	3
Mesi	1
Mesopotemia	2
Metusela	2
Midia	1
Midian	1
Miletus	3
Mimiong	1
Mir	1
Misia	2
Mit	2
Mita	6
Mitilini	1
Mla	2
Mo	23
Monsi	1
Moring	1
Moro	2
Moses	327
Mothong	32
Mukalinga	5
Na	5804
Nagai	2
Nahor	2
Nahum	2
Nain	1
Nak	1
Nake	1
Nako	13
Nala	1
Naman	1
Nanau	2
Nang	27
Naptali	3
Naro	577
Narsisus	1
Nasaret	30
Nasareta	1
Nason	5
Natan	2
Nataniel	6
Neapolis	1
Neginga	1
Neneanga	1
Nepes	17
Nereus	1
Neri	2
Ngarangre	2
Nge	119
Ngo	2
Ni	1
Nidus	1
Niger	1
Nik	6
Nikanor	1
Nikodemus	5
Nikolas	3
Nikopolis	1
Nimem	1
Nimpa	1
Nina	1
Nine	1
Ninek	1
Ninive	3
Ninom	3
Noa	10
Nomenga	46
Nongong	1
Nongpol	12
Num	2
Numu	2
Nunganga	2
O	165
Oa	3
Obet	4
Ogastus	1
Ok	12
Ole	12
Olemi	3
Olimpas	1
Oliv	12
Om	5
Oma	2
Omaing	2
Omole	5
Omu	10
Onesimus	4
Onesiporus	2
Ong	75
Oni	194
Onik	3
Onum	1
Opisleonga	1
Opoalinga	2
Or	28
Otema	1
Ovote	1
Pa	5
Paatealing	1
Pailat	79
Pake	1
Pakerenganga	1
Palolo	2
Pamimi	1
Pamimionga	3
Pamirealing	1
Pamirealinga	46
Pamona	8
Pampilia	6
Pan	1
Panen	16
Panes	3
Paninuonga	9
Panongpol	1
Panongpolong	158
Panuel	1
Papos	3
Parisi	38
Parisire	77
Parmenas	1
Partia	1
Pasova	4
Patara	1
Patenger	5
Pathengal	1
Pathengalu	1
Pathepolong	1
Patmos	1
Patong	27
Pator	1
Patorong	5
Patrobas	1
Paturus	1
Paturusu	1
Paulus	1
Pavelpol	1
Pavengvengpot	1
Paviri	4
Paviripot	1
Peangeong	1
Pelek	2
Pelie	5
Peliks	10
Pemlik	2
Pemliknga	1
Pen	285
Penang	1
Penie	3
Penieo	1
Pentikos	3
Penva	1
Peres	4
Perga	3
Pergamum	2
Pero	4
Persis	1
Pestus	18
Pibi	1
Pigelus	1
Piladelpia	2
Pilemon	1
Piletus	1
Pilip	42
Pilipai	7
Pilologus	1
Piniks	1
Pirus	1
Pisidia	2
Pita	229
Plegon	1
Plosa	3
Po	2
Pol	267
Polpolong	1
Pomnga	813
Pomngare	1
Ponange	13
Ponisia	4
Pontius	3
Pontus	3
Porsius	1
Portunatus	1
Povothvoth	1
Praitorium	1
Prigia	3
Pris	12
Prisila	7
Prisre	50
Prokorus	1
Publius	2
Pudens	1
Pulua	2
Pun	1
Punonga	1
Punseleainga	43
Puteoli	1
Putput	2
Rabai	2
Rabonai	1
Rahap	3
Ram	2
Rama	1
Ranga	34
Rebeka	2
Regium	1
Rehoboam	2
Rem	4
Resa	2
Resel	1
Reu	2
Rinong	2
Rintet	11
Riong	39
Riri	10
Riringa	302
Riteta	1
Roda	1
Rodes	1
Rom	35
Romre	24
Rongan	12
Rua	3
Ruben	1
Rulpo	1
Rulpoalal	2
Rulpou	1
Rupus	2
Rut	1
Sadiusi	4
Sadiusire	12
Sadok	2
Saidon	12
Sailas	21
Saimon	80
Sainai	6
Saion	4
Saiprus	8
Sairini	7
Sakius	4
Salamis	1
Salem	2
Salim	1
Salmon	4
Salmone	1
Salome	2
Saluk	1
Samaria	26
Samos	1
Samotres	1
Samson	1
Samuel	3
Sanda	1
Sapaia	1
Sapaira	1
Sapang	1
Sapase	35
Sara	11
Sardis	3
Sardonikis	1
Sarepat	1
Saron	1
Satan	111
Sawak	1
Sealtiel	4
Seba	2
Sebedi	11
Sebulun	3
Sek	1
Sekaraia	19
Sekem	1
Sekundus	1
Sela	2
Selelenga	3
Selot	4
Selusia	1
Semen	2
Senas	1
Seng	10
Sengre	2
Senkria	2
Senu	1
Sepsa	3
Sera	1
Sergius	1
Serubabel	4
Seruk	2
Set	2
Siem	2
Sikar	1
Silang	1
Silisia	8
Siloam	4
Simeon	9
Sintike	1
Sipas	1
Sipsip	35
Sipsipre	1
Sirakius	2
Siria	10
Sisar	35
Sisaria	24
Sisisong	1
Sivenga	159
Sivengek	3
Sivengemem	1
Sivengom	2
Sivengomu	4
Sivesivengare	1
Skeva	1
Smerna	2
Sodom	10
Sol	40
Solomon	13
Somu	2
Song	5
Songlel	1
Sopater	1
Sosipater	1
Sostenes	2
Sovengalo	5
Spen	3
Stakis	1
Stepanas	3
Stiven	18
Stoik	1
Sung	1
Sungong	2
Sungu	2
Sus	4
Susana	1
Ta	1
Tabita	2
Tadius	2
Taiataira	4
Taiberias	3
Taiberius	1
Tair	13
Taitus	17
Takis	1
Talita	1
Tamar	1
Tamata	5
Taro	17
Tarsus	5
Te	23
Teik	13
Telngomu	1
Teltelnga	1
Temek	2
Tepun	122
Tera	2
Tertius	1
Tertulus	2
Tesalonaika	9
Tetun	1
Teudas	1
Teum	1
Teunu	1
The	1
Thealngare	1
Thei	1
Thekir	1
Thekum	2
Thekumu	1
Them	65
Themosaling	1
Thengengekre	1
Thenger	1
Thepol	13
Tho	306
Thomu	264
Thopol	8
Thue	2
Tikikus	5
Timeus	1
Timon	1
Timoti	33
Tiopilus	2
Tiranus	1
Titeik	6
Titeikre	48
Titeir	2
Titemer	51
Titius	1
Titomomu	13
Titovumre	1
Titovumuere	1
Toko	848
Tokokoe	9
Tokokoere	14
Tolemes	1
Tomas	13
Tomo	2
Tomom	8
Tongporumong	1
Topas	1
Toth	2
Totho	2
Totomonere	1
Tova	17
Trakonitis	1
Tripina	1
Triposa	1
Troas	6
Tropimus	3
Tuk	18
Tum	5
Tun	33
Tutukre	1
Ulue	6
Um	6
Umtun	2
Uneke	1
Ur	60
Urbanus	1
Uria	1
Urvet	271
Usia	2
Vain	1
Val	1
Valvale	1
Vel	128
Vene	14
Vengveng	1
Vengvenga	2
Vit	1
Vothung	8
Vovo	173
Vthopot	1
Vung	1
Vuralinga	1
Vurpola	2
Wain	4
Wainlanga	3
Wali	9
Waliare	3
Watu	2
Wel	1
Welwelonga	1
Wit	3
Wol	1
Wola	2
Won	4
Wong	106
Wop	6
Yis	2
[	13
]	13
a	13547
agelalnga	65
agelalngare	4
agolu	4
agolure	1
ain	6
aini	273
aininga	63
ainingare	1
ainiu	10
aivuvu	3
ake	1264
aken	3968
akenga	1
akennga	34
ako	10276
akolikloknga	3
akoliklokre	1
akon	1
akop	6
akopnga	8
akopngare	2
akrisal	6
akristun	1
akrom	1
akromnga	1
akrung	4
akrunga	8
akrungong	3
akrungtun	1
alaini	21
alal	24
alalilanga	6
alalimaipot	4
alame	5
alamimmia	2
alamimminga	2
alapenel	3
alapinmolnga	2
alapronga	1
alarinnga	1
alariripia	1
alarol	1
alarolnga	3
alarolpot	2
alarolu	1
alarorol	5
alavatharnga	9
alavusnga	1091
alavusngare	55
alavuspot	3
alavusu	1
alemminga	1
alpo	16
alpopot	1
alpotet	3
alpou	1
alselea	1
altet	2
altetpot	2
alululong	3
alumlumnga	12
amimla	1
amin	1
aminong	1
amum	6
an	250
anan	5
and	1
ang	1
anga	394
angare	154
angongoal	7
angongoaling	1
angongoalnga	1
angongoalo	2
aninaengaere	1
aning	328
aningre	3
anlel	1
anlelong	1
anlilel	7
anlileling	1
anlilelnga	1
annga	20
ano	1
anonga	4
anral	16
anralre	3
antun	2
anuepot	2
ao	36
aoliloe	2
aoliloenga	5
aolilongaere	2
aolo	19
aoloaltunnga	1
aolonga	420
aolongaere	7
aolongaing	2
aolung	4
aolungonga	1
aom	17
aomnga	19
aomngare	9
aosele	1
aoselea	4
aoselepot	1
aoseletun	1
aothelpot	1
aovaltun	8
aovaltunnga	2
apaltet	57
apaltetong	12
apaltetonga	66
apaltetongaa	1
apaltetongare	29
apaltetpot	4
apaltitet	1
apaltitetong	1
apaltitetonga	1
apaltitetongare	3
apamukong	2
apet	181
apeta	18
apetnga	4
apetpot	7
apo	3
apoapongare	2
apola	5
apolnga	1
aponga	9
apongare	4
aposelre	1
apuplutu	3
ar	154
areke	124
areken	458
areko	1545
areton	4
ari	22
aria	14
aringa	11
aringare	5
ariris	1
aro	8235
aromal	1
arongrong	2
arungrungong	1
asaguong	103
asagupeling	12
ases	12
asesa	5
aseso	1
asespot	15
asespotnga	1
asesu	34
asisal	5
asisaling	3
asisaltun	1
asisesalnga	1
ate	53
ateal	284
atealing	3
atealinga	1
atealpot	5
atekokol	1
aterungalpot	1
atet	3
atetet	1
athe	2
athepu	1
atiike	1
atiiken	2
atike	21
atiken	16
atiko	5
atitet	7
atiteu	2
atiti	1
ato	1
aton	85
atun	2
au	4
aua	18
aulunga	1
auval	2
auvala	2
av	3
ava	47
avala	11
avalal	1
avalalo	2
avalare	33
avar	2
avav	9
ave	198
avele	3645
avele.	1
avelenga	3
avelengare	25
aveleong	2
avera	3
aveto	858
avlung	41
avrum	46
avrumal	1
avrumnga	1
avrumong	6
avrumongre	1
avsa	56
avsaing	1
avsaingare	1
avsanga	4
avsangare	4
avsua	3
avtha	1
avvuv	5
avvuvong	8
avvuvrut	1
awong	1
awonga	9
bainat	32
bakbak	1
bali	1
basbasue	1
basbasuere	11
basu	30
bea	1
bebtheng	1
bei	2
betet	33
bibim	14
bokis	5
botol	4
bras	4
bret	108
bulmakau	20
bulmakaure	4
butuleso	2
denarius	4
donki	21
e	2438
eel	9
ei	30
einga	7
ek	1
ekris	4
ekrispot	3
eksing	105
eksinga	17
eksingong	1
eksingtunu	2
eksingu	9
el	908
ela	161
elel	2
elespot	3
eli	2
elnga	198
elngare	81
elo	55
eloelonga	2
eloelongare	1
elong	4
elonga	445
elongare	1
elpot	12
eltet	2
elteta	13
eltetpot	105
eltetpotnga	10
eltetu	1
elu	6
emem	19
en	2
enal	1
enala	2
enanga	1
eneke	1341
engek	13
engeng	503
engenga	81
engengare	6
engenging	297
engengu	1
enger	1
engom	7
engomu	3
enong	1
enongomu	1
ensel	153
enselre	58
epee	373
epeenga	5
epipee	13
epipeere	27
eprum	1
erang	2
eranga	4
erangu	9
erangunga	23
erema	1
erere	241
es	1270
esa	140
esaing	1
esainga	3
esal	56
esaling	16
esanga	1
eses	9
esnga	1
esngare	4
eso	202
esong	51
esonga	12
esoong	9
espot	116
espotong	1
espotonga	1
estun	2
esu	163
esuong	4
esuonga	3
eto	2
eve	310
evek	15
evelelnga	132
evemem	2
evom	11
evomu	10
ewo	2
ewoa	19
ewok	3
ewom	16
ewoma	1
ewomu	9
ewomuere	5
ewopeling	1
ewor	1
galelgalelnga	1
gat	9
gatnga	2
gatngare	1
gatpot	4
gavana	9
gavman	21
geltet	5
giguak	1
giguaku	2
giniti	8
girtet	4
girtetnga	2
girtetpot	2
glas	2
god	26
godre	6
gogong	1
gol	39
gurikrok	1
gut	4
gutnga	1
gutngare	1
hos	18
hosre	3
i	23975
ia	459
iana	17
iannga	1
iasagunga	1
ielanga	1
ielonga	1
ienga	85
iennga	1
ieve	76
iewo	107
iion	292
ikei	64
ikimanga	2
ikime	50
il	1
ile	5051
ileapaltetnga	1
ilemi	702
ilemio	45
ilenga	12
ilengare	44
ilo	21
ilongo	1
ilopat	32
ilotualnga	1
ilulunre	5
ilun	4
ilunnga	2
imanenga	1
imathenga	3
imei	24
imeni	159
imenini	2
imeninire	3
imikeli	1
imirenga	9
imitroalnga	2
imolnga	2
imonnga	20
imonngare	1
imontetanga	1
imosisennga	4
imot	84
in	4
ina	20
inan	1
inanre	1
ine	94
inga	1369
ingeipnga	1
ingop	3
ini	4551
inin	1
inina	85
ininaere	1
ininnga	3
inisilalnga	1
inkinenga	25
inos	3
inosos	1
inospot	12
inou	10
inra	3
inrapot	2
inrau	1
inreku	4
inriprap	1
insisau	3
inua	1
iok	15
iolalnga	1
iolonga	38
iom	13
iomem	3
iomu	14
ion	2
ioni	24
ioning	7
iopo	34
iopoalnga	3
ior	1
iortetnga	1
iosuklilelnga	1
ipaengengalanga	1
ipakei	3
ipamiminga	1
ipanesnga	29
ipanongpolnga	4
ipaomelalnga	2
ipaonolnga	1
ipapupoalnga	1
ipariringa	2
iparonga	1
ipasenu	1
ipateanga	2
ipatinga	1
ipavusnga	1
ipawimpotnga	2
ipo	20
ipokikin	1
ipokin	3
ipokinnga	1
ipopnga	2
ipoppotnga	1
ipounga	52
ipowe	3
ipunnga	3
ipunpolnga	1
ipunrinnga	9
ir	90
iriripi	1
iriseanga	8
is	59
isa	57
isis	2
isisonga	1
isiva	1
isivanga	3
isivenga	189
isivlaknga	1
isnga	9
isorinnga	7
istetpot	1
isungalnga	1
isungpotnga	1
it	617
italal	2
italalo	2
italo	1
italonga	3
itein	51
iteinnga	4
itelipo	5
itelipupo	1
itelnga	29
iteltunnga	3
itema	108
itemimaere	1
itepun	7
itevinga	32
ithanga	22
ithangangaere	11
ithealnga	1
ithealtetalnga	2
itheki	381
ithekia	3
ithepolnga	2
ithinnga	1
ithoing	3
ithoingre	1
ititalnga	1
ititein	2
ititeinre	24
ititevie	3
ititeviere	24
itlenga	1
itokoninga	4
itokoningare	1
itornga	1
itun	206
itutun	15
itutunre	78
iunanga	1
iunnga	1
ivelvelnga	1
ivolnga	1
iwe	7
iwenga	4
iwisnga	1
iwistetpotnga	1
iwo	46
iwolnga	1
iwopoalnga	1
iwowonga	2
kakrotre	1
kala	9
kalalual	18
kalalualtun	2
kalual	10
kalualtun	1
kalutun	3
kalutuno	1
kamel	3
karis	6
kartet	1
kath	66
katha	2
kathnga	153
kathngare	1
kathngek	2
kathu	2
kauk	1
kauntim	1
ke	26
kei	2
keik	7
keim	2
keimu	1
keiong	34
keiotong	1
keipun	1
keir	2
kek	10
keking	3
kekris	2
kekrispot	3
kektun	1
kelelal	22
kelelalonga	1
kelelalongare	1
kem	29
keming	1
keminga	4
kemingare	1
kemong	6
kemonga	12
kemongare	11
kempot	2
kemtitet	1
ken	6
kena	10
kene	988
kenkeno	5
kenkentuno	1
keo	3
keong	2
kerekere	1
kerekerenga	1
kerekerengare	3
kereng	1
kerenga	937
kerengaing	67
kerengaingre	1
kerengare	165
kerere	96
kerereong	16
ket	1
keum	3
keumu	5
kie	12
kiere	7
kiki	9
kikil	3
kikire	1
kikthanga	1
kilo	6
kilomita	7
kiltho	1
kima	46
kimaing	14
kimainga	1
kimanga	14
kimangare	74
kimapot	6
kime	15
kimeit	2
kimeitmeitere	1
kimeitre	1
kimeitu	3
kimek	6
kimenga	1
kimer	2
kimom	5
kimomu	28
kin	156
kina	4
kine	63
kineal	3
kinealo	4
kineo	5
kineonga	1
kinepot	3
kineu	2
kinine	3
kinineong	1
kinnga	73
kinngomu	1
kino	12
kinong	12
kinongare	1
kintun	3
kintuno	1
kintuntun	2
kis	26
kisis	1
kit	5
kitnga	6
kitpot	1
klangklang	1
klangklanga	3
kleng	6
klenga	4
kles	1
kling	34
klinga	1
klingong	31
klingtun	18
klip	23
klipalal	1
klipalaltun	3
klipnga	4
klu	2
klung	3
klunga	13
klungong	1
klure	1
ko	6
kok	1
kokolonga	1
koktet	1
kola	3
kole	2
koliklok	1
kolkolung	5
kolok	2
kolol	1
kom	2
kona	1
konainga	1
konga	1
kora	7
koriso	1
korispot	1
korlelo	1
koro	35
koroong	3
korpot	15
korpotong	1
koru	46
kothal	1
kothkothnga	2
kothnga	1
koto	4
kras	1
krim	92
krima	16
krimal	1
krimalal	1
krimo	2
krimu	4
krom	1
kukuk	88
kulpo	17
kulpoaing	2
kulpoing	1
kulpopoere	3
kulpot	1
kumi	1
kup	2
kurkurpo	1
kuth	23
kuthre	1
la	676
laion	5
laionre	1
lala	4
lalainga	48
lalanga	110
lalaongare	4
lale	963
lallaing	2
lama	90
lamako	111
lami	1
lamo	59
lamoko	7
lavlav	15
lavokunga	1
le	334
lek	698
leklek	15
lekleka	25
leklekare	1
leklekong	1
leknga	1
lekngare	5
lekris	3
lekrisa	1
lekrisnga	1
lel	140
lela	10
lelaing	1
lelal	7
lelalo	1
lelalpot	16
lelaltun	3
lele	7
lelegairpot	1
lelelongare	1
lelinga	3
lelken	10
lelle	10
lelnga	3
lelong	6
lelongare	1
lelpot	102
lelrisa	1
leltet	1
leltun	41
lelu	11
lema	5
lemem	153
lemi	1034
lemia	10
lemiare	28
lemik	312
lemiko	7
lemimem	84
lemimemo	6
lemimi	25
lemio	3
lemiong	2
lemioong	368
lemioonga	105
lemioongare	197
lemir	148
lemire	6
lemiro	22
lemnga	2
lempoa	3
lempopo	5
leng	146
lenga	30
lenging	42
lengo	10
lengpot	24
lengtun	1
lengu	1
lepat	1
ler	277
leringu	1
lernga	3
lerngare	2
les	4
lesnga	3
lesu	2
let	6
leu	1
lil	4
lila	2
lilel	1
lilngare	6
lilu	1
lim	41
limae	23
limaenga	5
limai	99
limainga	9
limme	12
limmenga	4
limnga	5
limpenel	16
limpenelnga	1
limteto	2
lita	3
lital	6
litlit	19
lo	281
loa	3
lok	109
lokpo	1
lol	7
lolel	4
lolik	1
loliknga	1
lolikong	9
lolinga	1
lollo	13
lolloing	2
lolloinga	2
lollonga	8
lollongare	1
loloe	2
loltun	2
lom	332
lomem	2
lominga	7
lomnga	2
lomngare	7
lomolire	1
lomolo	1
lomu	843
lomum	158
lomumo	22
lomumu	530
lomumuo	74
lomungare	5
long	9
longongek	1
longre	8
longung	7
lonungnunga	1
loo	3
looloongare	1
loomere	6
loong	2
lopat	18
lopot	33
loptet	4
lor	2
los	76
losa	58
losaing	1
loslelpot	1
lososthonga	1
lososthongare	3
lospot	23
lospotong	1
losteta	1
lostetpot	3
lothunpot	3
lotorngare	1
lotoru	5
lotu	71
lotual	101
lotualing	1
lotuong	30
lotuonga	111
lotuongare	40
lou	2
lowimpot	3
lowoming	2
luk	4
lukuluku	3
lukulukunga	9
lukulukuong	4
lulu	15
lulual	1
lulukre	1
lulumre	1
lulumu	1
lulumuere	1
lulur	4
lumlum	2
lumlumnga	3
lung	2
lunga	1
lutetu	11
luvalal	1
luvo	2
ma	2850
madan	1
magon	15
magonal	1
magoning	13
magoningare	1
make	84
maken	85
mako	596
makola	45
mala	24
malamling	1
malang	14
malmal	2
malmaling	63
malueng	87
maluengre	4
mama	2
mamathang	1
manath	1
mane	5
manea	2
maneteta	1
maneu	6
mang	101
mara	28
maraing	12
marainga	2
maral	18
maralinga	1
maralonga	1
maralongare	1
marati	1
masesnga	4
mat	1
mata	9
matet	1
mathe	9
mathealal	1
mathenga	3
mathengare	1
matheong	206
matheongre	10
matmatpot	3
matmatu	10
matpot	3
matu	79
matuong	3
mavupo	1
mavupoa	1
me	988
mei	17
meik	4
meir	5
mekerem	101
mekeremre	12
mekilkil	1
mela	35
melanga	20
melangaing	1
melapot	3
meleunre	3
melongal	1
melpot	1
meme	6
memere	2
men	390
mena	11
menalo	2
menaloinga	1
mene	2
menea	2
menen	5
menenga	1
menengare	1
menga	25
mengmeng	7
mengmenga	1
meni	11
menik	32
menimem	4
menine	3
meningek	2
menini	10
meninin	3
meninire	1
menir	1
mennga	1
meno	11
menong	212
menonga	72
menongare	3
menpot	1
menre	14
menu	29
menum	32
menumu	8
merek	1
merekrek	1
meresu	4
merir	10
meririr	1
merirnga	1
meris	1
mesi	20
mesipun	15
mesipuniong	5
mesis	2
mesmes	1
meta	12
metaplo	9
metaploa	4
metaploing	1
metasa	1
methepong	1
mether	1
metheru	1
methipthep	1
methipthepnga	1
meu	7
meum	2
meumu	4
mideng	53
midenga	109
midingdeng	6
midingdenga	1
mikeri	6
milemu	1
milimlemu	1
milion	1
mimeta	3
mimi	215
mimia	6
miminga	23
mimingare	3
mimiong	454
mimiongare	1
mimipot	1
mimla	1
minra	9
minranga	2
minrauong	1
minrira	2
minriranga	1
mire	1040
mirenga	110
mirengare	1
mireo	1
mireonga	1
miringrang	1
misep	9
mit	401
mita	107
mitaing	1
mitainga	27
mitit	5
mitnga	2
mitngare	1
mito	8
mitong	11
mitonga	2
mitpoa	1
mitpoaing	1
mitpot	5
mitrup	6
mitu	28
mla	80
mlik	19
mlil	2
mo	2331
modipdopu	4
modop	38
modoppot	11
modopu	10
moku	1
mol	7
mola	15
molilil	4
molit	1
molitu	1
molnga	1
molok	2
moloknga	1
molos	3
molpe	1
molpipere	1
molu	10
molup	1
moluplup	3
moluplupong	2
moluspot	3
molusu	4
mon	103
mona	6
monaing	1
mong	62
moning	7
monlol	2
monnga	100
monngare	7
monnger	2
monngomu	1
mono	4
monpepe	2
monpot	5
monror	1
monsi	107
monsiong	1
monsionga	2
montet	3
monteta	7
monteto	4
montetpot	2
monthes	2
montun	1
montuna	1
montuno	1
monu	3
mopespot	2
mopipara	2
mor	10
moring	79
moringa	1
mornga	2
moro	19
morungrung	3
morungrunga	4
mos	23
mosal	14
mosing	5
mosinga	5
mosisen	5
mosnga	15
mostun	8
mota	4
mothong	568
mothonga	1
mothongal	8
mothonglel	3
mothonglelu	12
mothongpot	18
mothuk	2
mothukre	1
moto	2
motu	41
motunga	6
motungare	1
motungtung	6
motungtunga	6
motungtungare	1
motuong	3
motutet	2
motutuenga	3
mounpot	1
mousong	1
mout	4
movur	1
movurpot	2
mrela	2
mtho	23
mthore	1
mukal	108
mukaling	70
mukalinga	179
mukalingare	89
mukalpo	3
mukalpoa	1
mukalpoinga	6
mukalpoo	1
mul	25
mulal	23
mulalnga	2
mulalngau	2
mulalonga	1
mulalu	12
mule	201
mulenga	1
mulmulal	2
mulpot	1
multhang	25
multhanga	9
multhanging	31
multhanginga	15
multhangingare	20
multhangingre	2
mulu	3
muma	10
mumrongtun	1
mumrongtuno	2
mun	2381
munre	7
musong	1
muspeling	2
mutmutong	1
mutpot	2
na	5623
nak	12
nakalal	13
nake	1
nako	117
nakrumu	1
naktet	61
naktetnga	3
namal	9
namaling	1
namalo	1
namalongare	1
namba	8
nanaing	4
nananga	1
nanau	9
nanaure	8
nang	785
nangre	2
nangseal	1
naro	696
ne	5
nea	9
negi	2
neginga	16
negiu	1
nek	2
neke	38
nekenga	32
nekere	1
neneanga	9
neneangare	1
neo	1
neong	18
neoong	1
nepes	371
nepesre	26
nes	2
net	27
netre	3
ngange	65
ngangeal	1
ngangeong	2
ngangovpotnga	9
ngarang	46
ngarangpeling	4
ngarangre	69
ngarangtun	1
nge	15008
ngeip	82
ngeipong	7
ngenge	13
ngilelong	2
ngirikal	2
ngo	257
ngoalo	3
ngoaloinga	4
ngoing	1
ngoinga	16
ngongong	22
ngongonga	1
ngongongre	3
ngoo	5
ngopatat	1
ngoronga	77
ngosel	13
ngotet	2
ngou	5
ngov	36
ngovre	1
ngunngun	4
ngunngunong	1
ngus	1
ni	84
nik	58
nimem	5
nin	123
nina	199
ninaere	11
ninanga	1
nine	67
ninek	3
ninenga	17
ninengare	25
niner	1
nineu	2
ninom	6
ninomu	1
ninomuere	4
ninong	54
nintet	2
ninu	1
nir	38
nokolkol	26
nokolkolong	3
nokolkolonga	1
nokolkolu	1
nomenga	371
nomenganga	50
nomengangare	28
nong	350
nonga	6
nongal	173
nongala	3
nongalnga	4
nongalngare	1
nongalproingare	1
nonging	1
nongong	62
nongonga	3
nongongre	5
nongpo	1
nongpol	543
nongpola	49
nongpolnga	40
nongpolngare	15
nongpolo	2
nongpolong	1
nongpolpot	1
nongpoltet	1
nongpolti	1
nongpoo	86
nongpooing	1
nongpot	1
nongsa	1
nuet	3
num	23
numu	44
nunganga	641
nungangare	8
nunu	3
nunuong	2
nutun	1
nutuno	1
o	11550
oa	501
oalala	1
oalo	1
oana	1
oasagunga	2
odorok	2
odoroka	3
odorokpot	8
odoroktun	2
odoroku	1
oelnga	2
oelwerernga	2
oenanga	2
oenga	29
oeve	31
oewo	14
oewoere	11
oinga	11
oingare	1
oion	60
oionre	10
ok	111
okei	56
okime	74
oklunga	1
okup	4
ol	1682
olal	420
olala	2
olaling	2
olalnga	21
olalngare	1
ole	1767
olemi	661
olemio	180
olenga	2
olengare	13
olep	1
olinga	1
olingare	2
oliv	7
olnga	1
olo	17
olol	6
ololo	24
ololoing	2
ololonga	4
olonga	13
olongek	5
olongemem	5
olongom	4
olongomu	13
olotet	5
olotetong	2
olotitet	1
olotualnga	6
olpot	6
olu	2
olun	2
olunnga	1
om	52
oma	1755
omaing	705
omainga	13
omaingare	9
omaingre	4
omanga	163
omangare	3
ombulong	2
ome	270
omei	17
omelal	3
omeni	96
ometa	106
ometare	3
omitroalnga	1
omkolo	3
omkolonga	1
omlotun	1
omole	1034
omoleal	1
omolenga	7
omolepot	3
omoletet	25
omoletetpot	3
omonnga	18
omonngare	1
omothonga	1
omoututut	1
omrang	3
omre	2
omreu	24
omreupeling	1
omrireu	1
omu	239
on	1
ong	970
ongepo	18
ongomu	1
ongris	2
ongses	2
ongsises	1
ongtun	32
ongtuna	9
ongtunnga	2
ongtunu	2
ongueralinga	2
oni	155
onik	6
onimem	1
onina	7
oninaere	6
oniong	2
onir	8
onire	1
onnga	7
onngaing	2
onol	7
onolpotnga	1
onongpoonga	1
ontet	1
ontetu	1
ontunu	1
onu	1
onum	1
onumu	9
oolalnga	1
oolonga	12
ooni	8
oopo	33
oopoalnga	13
opakei	4
opamensenunga	2
opamiminga	3
opamirealnga	1
opamolomolonga	1
opangangenga	2
opaomelalnga	4
opateanga	10
opathongare	1
opatoralnga	4
opavengvenga	1
opengal	1
opengalo	1
opisleonga	17
opisoinga	5
opistuno	1
opo	3
opoal	307
opoaling	25
opoalinga	5
opoalingare	5
opoalingre	1
opoalngek	2
opoalngeka	1
opoalnger	5
opoalngom	1
opoalngomu	5
opoalonga	1
opoesal	26
opoesaling	4
opoesalnga	1
opok	5
opokikin	1
opokinngare	2
opolemi	1
opom	14
opomu	23
opopot	1
opor	8
opotal	1
opotalalo	1
opothoi	1
opounga	16
opowe	8
opthesa	1
optho	1
opthoa	3
opthopot	1
opthou	5
opunrinnga	4
or	3455
ora	1
oriripi	2
oror	63
orornga	4
ororo	5
ortet	24
os	2
osa	34
osea	5
oselo	1
oselpot	5
osepot	1
osisonga	2
osiv	1
osivanga	9
osivenga	130
osorinnga	1
osthongpot	1
osu	5
osuklel	3
osuklilel	2
osuko	1
osuku	1
ot	4
otein	9
otel	1
otelnga	12
oteltunnga	1
otema	17
otemaere	1
otepun	1
otet	2
oteto	2
otetunnga	1
otevinga	8
othanga	6
othangangaere	8
othealnga	25
othealngare	1
otheki	145
othemosalnga	2
otiktok	1
otitalnga	1
otitein	2
otiteinre	4
otitemaere	6
otitevie	3
otiteviere	7
oto	24
otoka	1
otokoninga	2
otokoningare	4
otoli	7
otonga	1
otun	52
otuno	16
otunong	5
otuntun	2
otuntunu	1
otunu	1
otunuonga	1
otutun	8
otutunre	20
ou	3
oun	1
ovengpot	1
ovolil	1
ovote	21
ovotenga	2
ovotvotere	2
ovru	1
ovruu	1
ovulal	7
owistetpotnga	1
owo	27
owolpotnga	2
pa	221
paakop	18
paan	11
paaolonga	14
paate	1
paateal	42
paatealing	63
paatealinga	6
paatealngomua	2
pablokpot	1
paen	17
paena	3
paenal	11
paengeng	118
paengenga	4
paengengo	1
paeno	4
paenu	3
paepepal	1
paes	22
paesa	61
paesanga	1
paesnga	1
paesngare	4
paeso	76
paespot	13
paespotnga	1
paesu	34
paglokpot	11
pahtengal	1
paini	412
paininga	12
paioal	6
pait	4
pakao	1
pake	158
pakea	2
pakealal	4
pakealalpot	10
pakeke	67
pakekeal	1
pakekere	58
pakeketun	1
pakekre	1
pakeo	1
pakepot	64
pakerenga	118
paketun	7
pakeu	66
pakeumu	1
pakiktheu	1
pakima	2
pakinkinal	1
paklangklang	1
pakol	1
pakomkomes	5
pakosil	2
pakosisil	1
pakrika	1
pakriku	1
pakuktun	6
pakuktunu	1
pakukuk	1
pakukukala	2
pakukukaling	17
pakukukonga	1
palala	4
palalas	9
palalat	1
palav	8
palaving	1
paleklek	54
palekngare	1
palel	1
palelo	1
palelpot	1
palelu	1
palema	1
palemanga	1
palemara	15
palemarau	2
palemi	68
palenglengtun	1
palestun	1
palil	3
palimtunu	1
palitlot	2
palolo	81
palolotun	4
palolou	3
palos	65
palosa	13
palumtun	1
pamalmal	8
pamatu	16
pamen	43
pamena	3
pamenga	1
pamenong	2
pamenu	38
pameriru	1
pametaplo	5
pamilem	8
pamilempot	19
pamilimlem	2
pamimeta	5
pamimi	133
pamimia	2
pamimingek	1
pamimingera	1
pamimingomua	1
pamimiong	5
pamimionga	31
pamireal	51
pamirealing	80
pamirealinga	34
pamirealingare	60
pamirealnga	3
pamirealonga	13
pamirealongare	2
pamit	72
pamita	17
pamitanga	1
pamitlelpot	1
pamitpot	1
pamitu	10
pamolok	1
pamolomolo	4
pamolomolotun	1
pamolosal	1
pamon	4
pamona	49
pamonlel	28
pamonlolu	5
pamonsopalu	1
pamontunu	1
pamosisen	1
pamu	5
pamua	1
pamues	1
pamuespot	3
pamukal	1
pamumutal	6
pamumutaling	2
pamupot	2
pamuu	1
pan	4
panakal	4
panakaling	3
panaklesu	4
panea	2
panen	143
paneo	5
panepes	2
panes	688
paneses	4
panesnga	76
panesngare	1
panesngek	10
paneso	14
panespot	1
panesrum	2
pangeip	2
pangeipal	2
pango	37
pangoa	4
pangoloa	1
pangomeng	1
pangomengo	1
pangoo	3
pangou	3
paninal	5
paninaling	2
panine	35
paninenga	2
paninepot	1
panineu	3
paninu	43
paninuong	51
paninuonga	11
panisisi	1
panisisis	3
panongpol	303
panongpolnga	23
panongpolngare	2
panongpolong	106
panongpolonga	3
panunganga	33
panunu	1
paolal	1
paomelal	78
paomelaling	101
paomelalinga	6
paomelalnga	1
paomelalngom	1
paomelalngomu	1
paonol	2
paonolpot	5
paoror	1
paororo	1
papalinga	2
papalo	1
papel	3
papelekpol	3
papesnga	2
papis	2
papispot	1
papisu	2
papokima	1
papola	3
papolul	1
papoma	1
papomnga	198
papompom	16
paponganga	7
paporengu	1
paposnga	6
paposngau	1
papotunu	3
papulua	14
papupoala	1
pareking	1
parerelu	2
pariri	28
paririong	2
paririonga	1
pariripot	2
paro	1
paroa	1
parong	29
parongpot	2
parongu	6
paroro	14
paru	4
paruru	44
paruruong	2
pasavilong	13
pasea	6
pasenu	14
paseral	17
paseralnga	4
paseralonga	2
pasia	1
pasililalo	1
pasipsopal	2
pasisa	1
pasisal	1
pasisaling	1
pasise	5
pasiseo	3
pasisi	1
pasisis	2
pasivenga	20
pasong	61
pasongu	2
pasopa	1
pasopal	17
pasopalu	4
paspas	1
pasulalo	1
pasulung	3
pasulungal	1
pasum	2
pasungal	1
pasungalinga	1
pasungalu	56
pasusu	3
pat	62
patat	2
patea	148
pateaing	2
pateanga	6
patel	1
patelek	15
patelektun	1
pateltelal	1
patenga	3
pateo	1
patetun	1
pateun	5
pateunu	8
pathealu	7
patheki	3
patheng	11
pathengal	242
pathengalpot	6
pathengalu	1
pathengpatnga	1
pathengpot	1
pathepolong	73
pathepolongre	2
pathin	2
patho	5
pathokeal	11
pathokealing	1
pathonga	2
pathoteta	3
pathun	34
pathunal	1
pathunong	12
pathunonga	9
pathunongre	1
pathunpeling	1
pathunu	1
pating	3
patinga	1
patio	1
patitepot	11
patitepotnga	3
patitirit	6
patong	14
patongrum	25
patongrumong	6
patongti	9
patopalal	14
patopalalnga	21
patopalalpot	1
pator	61
patoral	99
patoraling	32
patoralinga	4
patoralingare	3
patoralingre	2
patoralnga	1
patoralngomu	1
patorong	431
patorongre	14
patpat	5
patpot	6
patu	15
patuainga	1
patungtungere	1
patuno	1
paunu	4
paural	5
pauru	1
paut	28
pautet	6
pautnga	2
pautpotnga	1
pavelilo	3
pavelilonga	2
pavelpol	227
pavelpola	3
pavelpolnga	6
pavelpolpot	4
pavelpolpotnga	1
pavengveng	43
pavengvenga	3
pavengvengpot	2
pavengvengu	1
paviri	4
paviria	1
pavirial	1
paviritun	1
pavles	1
pavlesa	1
pavlestun	5
pavluku	1
pavorvor	1
pavothal	23
pavothalinga	1
pavothalo	3
pavthongal	5
pavthopot	42
pavual	15
pavurpol	22
pavurpola	17
pavurvur	1091
pavus	59
pavusnga	1
pavustetpot	1
pavusu	5
pawetal	1
pawima	3
pawimpot	2
pawimpotnga	6
pawol	1
pawomwomal	5
pawonga	1
pe	2
peang	13
peange	64
peangeong	26
peangere	10
peangre	1
pel	338
pelek	5
peleknga	1
pelekngare	2
pelekpol	59
pelekpolnga	8
pelekpolngare	4
pelekpolong	1
pelie	793
peling	7
pelo	5
pelotun	1
pemlik	28
pemliknga	23
pemliko	3
pen	466
penaivuvu	1
penang	8
penel	69
penelnga	7
penelu	1
pengene	1
pengenere	2
pengep	7
penges	1
penie	10
penienga	1
penieo	5
penieonga	1
penre	1
penthal	71
penthalu	2
penva	16
peo	1
pepe	1
pepere	3
perper	1
perus	1
pesa	2
pesrou	29
petetun	5
peti	332
petitel	2
petiti	2
pil	8
pilalpot	5
pilil	9
pililre	1
pilimo	11
pilimore	1
pilpeli	1
pilre	3
pinmol	1
pinmola	1
pipera	2
pipi	1
pipo	6
pis	16
pisu	1
pit	1
pitong	1
pitonga	1
pitrongrong	1
pitroo	3
pla	3
plaing	3
plaingare	1
plaongare	2
plaua	5
plo	4
ploa	3
plong	125
plongal	1
plos	18
plosa	46
plospot	8
plosteta	1
plosu	1
plot	15
ploting	1
plotu	2
po	144
pok	6
pokeses	1
pokespot	3
pokespotnga	1
pokin	43
pokinngek	1
pokononga	3
pokonongare	13
pokukurut	2
pokukurutnga	3
pol	3
polemi	25
polemire	2
polnga	1
polopot	1
polpol	80
polpola	3
polpolnga	132
polpolngare	5
polpolonga	37
polpolongare	28
polpolpot	1
polpolu	3
pom	91
poma	12
pomnga	294
pomngaing	1
pomngare	4
pomong	1
pompom	40
pompome	7
pompomenga	1
pompomengaere	2
pompomere	75
pompomong	4
pomusi	2
pomusire	1
ponange	270
ponganga	128
pongangare	1
poor	4
pootitoli	3
pop	44
popepenga	8
popnga	1
popong	8
poppot	6
poppotnga	1
pore	2
poreng	27
porengreng	3
porengrengaltun	1
porengu	4
porum	8
porumo	1
porumtet	8
porumtetngomu	2
porumtetong	1
posalnga	11
posalngati	1
posililal	1
posililaling	5
posispot	1
posnga	32
posngaing	4
posngaingati	9
posngati	11
posonga	1
pospos	6
posposenga	5
posposengae	3
posposengaere	3
posposere	1
postun	2
pota	2
potetet	1
pothoi	105
pothoinga	1
pothoingare	2
pothoingthoinga	2
pothu	7
pothure	2
potoi	6
potoipot	1
potom	2
potun	34
potuna	7
potunnga	19
potunngare	1
potuno	1
potunpot	1
potuntun	1
potuntunpot	1
poumpipenga	1
pounga	1
poungek	2
pounger	1
poungom	2
poungomu	4
pounun	1
pova	17
povlesa	4
povothvoth	9
povothvothre	5
povovloainga	10
povovloaingare	1
powe	31
powes	1
powittuna	1
prelpot	3
pres	38
presa	50
presing	8
prespot	1
prestun	2
prilpot	2
pris	114
prisre	24
pro	3
prolu	1
pros	29
prosnga	19
prosngare	10
ptho	1
pua	3
pulua	370
puluanga	48
puluangare	10
puluare	2
pun	237
punapo	7
punapoaltun	4
punapoing	1
punnga	1
punong	31
punonga	35
punongare	102
punpeling	15
punpola	1
punpolnga	6
punpolngare	3
pup	15
pupal	15
pupalinga	2
pupalo	3
pupnga	2
pupo	28
pupos	18
puro	3
put	1
putput	16
rang	1
ranga	1297
rangal	1
rangranga	3
re	289
rea	9
rebo	15
ree	1
reingare	1
rek	12
rekolo	2
reku	9
rekukalo	4
rel	153
reletun	21
reletunu	1
relnga	152
relngare	18
relpot	4
relrel	1
rem	364
remre	2
rengare	2
rengrengtun	1
repot	1
rer	8
rere	72
rereli	6
rerelire	7
rerestun	1
rereu	7
rero	28
rerong	2
ri	1749
ria	1464
rial	20
rialal	1
rialalu	3
rialonga	69
rialongare	1
rimilem	1
rimilempot	1
rimilemu	1
rimilimlem	3
rimilimlemu	1
rin	573
rinaltet	1
ring	25
ringa	7
ringre	3
rinnga	13
rinngaa	1
rinngare	1
rinngek	1
rinngemem	1
rinngememare	1
rinngom	1
rinngomuare	2
rinong	201
rinonga	8
rinongare	6
rinpot	3
rinrel	2
rinrin	16
rinrina	1
rinrinnga	1
rinrinonga	2
rinrinongare	12
rintet	644
rintetnga	9
rintetngare	1
rintetong	2
rintetpot	1
rintetu	1
riong	2643
rionga	8
riongre	4
ripatu	2
ripeling	5
ripolal	2
ripot	96
ripotnga	8
ripotngare	1
rir	2
riri	93
riringa	44
riringare	16
riripi	6
riritet	5
riroala	1
rirpot	6
rirpotnga	2
rirum	26
rirumu	2
risea	155
riseaing	21
rises	4
risesnga	1
rispot	1
rit	28
ritet	192
riteta	2
ritetong	16
ritetpot	1
ritetu	2
ritong	5
ritrito	2
riu	1
rive	3
rivenga	51
ro	55
roa	22
roal	47
roalnga	2
roalu	1
rom	1
romo	1
rong	32
ronga	30
rongalnga	1
rongan	395
ronganga	4
rongo	3
rongol	1
rongolinga	2
rongolo	1
rongu	12
roro	130
roroing	8
rorol	2
roronga	6
rov	37
rova	3
ru	480
rua	36
rukrak	1
rulpo	9
rulpoalal	10
rulpopou	1
rulpotetu	1
rulpou	7
rulpounga	5
rum	164
ruma	7
rumal	14
rumalngomu	2
rumnga	3
rumo	2
rumong	111
rumongal	19
rumongaling	25
rumongalinga	4
rumpot	1
rumrem	37
rumremre	16
rumrum	2
rumsetun	1
rumtetu	3
rumu	8
ruong	1
rup	1
rupal	6
rupalo	2
rupalu	2
rupo	3
ruprup	5
ruptetal	2
rupu	1
rupun	1
ruru	17
rurum	5
ruruma	1
rurumong	6
rurumpot	1
ruruo	2
rusa	2
sa	10
saal	3
sabaktani	2
sabrepal	1
sagar	11
sagu	263
saka	6
salang	5
salemi	8
salemia	1
saluk	10
sanda	14
sangpolo	20
sapang	1
sapase	14
sapaseong	1
sapat	4
sapatanga	2
sapthalpot	1
sapun	1
sapuponga	1
sarinal	1
sarinalo	1
sarit	4
satu	5
sauth	4
sauthong	1
sauthonga	2
sauthpot	5
save	11
savea	3
savelvela	1
savelvelu	2
saveu	1
sawak	2
sawir	8
sawirong	1
sawirwir	4
sea	1
segelal	1
sei	47
seik	5
seire	1
sek	6
sel	13
selal	1
selalo	1
sele	16
selea	3
selele	87
selelenga	6
seleleo	2
selelepot	3
seleo	1
selepot	2
seltun	42
seltuna	1
seltunnga	22
seltunngare	1
seltunu	3
sem	25
semel	14
semelal	1
semelnga	7
semem	1
semong	2
sen	12
seng	577
sengenga	55
sengengaere	10
sengre	228
senu	570
senunga	3
senuo	1
senuong	5
senupeling	1
sepsa	60
ser	8
seral	2
sering	1
serpeling	1
serpot	1
sertet	2
sertetong	5
sertetpeling	3
ses	9
sesa	1
sesal	1
sesalang	1
sesenga	107
sesing	3
sesnga	1
sesong	2
sesu	2
sia	6
sial	36
sialing	9
sikel	1
siklep	5
sil	1
silal	57
silala	1
silaling	1
silalnga	1
silalpeling	1
silalpot	5
silang	42
silangre	6
sililal	19
sililaling	2
silkep	8
silva	8
simikal	90
simikalu	1
sing	8
singal	4
singlelpot	1
singlelpotnga	1
singtetpot	2
siong	1
sipsip	32
sipsipre	43
sirik	10
sirikong	1
sirum	5
sirumpot	1
sis	457
sisa	2
sisao	3
sisapue	2
sisapuere	1
sise	7
siseong	1
sisi	1
sisiong	1
sisis	2
sisisong	118
sisnga	1
siso	24
sisoing	2
sisoinga	2
sisopeling	1
sisre	1
situn	2
siu	2
siv	3
siva	4
sival	3
sivala	1
sivalal	1
sivalalpot	2
sivalu	1
sivangek	9
sivare	1
sivemit	17
sivemitre	14
siveneaing	1
sivenga	1084
sivengaing	145
sivengainga	2
sivengare	34
sivengek	54
sivengemem	4
sivenger	8
sivenging	1
sivengom	40
sivengomu	69
sivesivenga	42
sivesivengare	45
sivilval	1
sivlak	3
sivlel	1
sivluk	4
sivlukong	3
sivlukuonga	1
sivpot	3
so	209
soa	1
soal	1
soala	3
soalo	1
sobilepu	1
sokorpot	1
solitlitonga	1
som	9
someng	1
somo	1
somu	14
song	25
songalal	2
songen	21
songlel	3
songu	1
sop	3
sopal	8
sopalu	1
sopo	1
sopol	1
sopop	1
sopopo	1
sopopoa	1
sopthalo	2
soptun	1
soptunu	1
sorau	1
sorinngek	1
sorinngom	1
soriro	1
soro	2
soroing	1
soropot	5
sorotetpot	14
sorupalonga	1
sosa	1
sotuna	3
sotunong	1
sotunu	1
sovengalo	214
stha	22
sthapot	1
sthong	17
sul	5
sula	1
sulo	2
sulung	5
sung	472
sunga	13
sungal	2
sungaling	6
sungare	1
sungo	1
sungong	272
sungonga	5
sungongre	11
sungpot	69
sungpotnga	2
sungsesong	1
sungtun	8
sungu	525
suol	3
supo	26
suptun	3
susu	4
susua	17
susuare	2
susuong	1
susup	1
susuppot	1
susuv	1
suthultun	1
ta	26
takis	28
tako	1
taktak	2
talela	2
tamata	135
tamatare	15
tan	1
tang	65
tangare	1
tangathngath	1
tangatun	23
tangatunngom	1
tangatunong	3
tanging	12
tangos	1
tangosing	2
tangoso	4
taornga	1
taro	7
taul	8
taulonga	1
taulpot	1
taultun	1
tausen	1
tava	4
te	868
tea	4
teel	3
teik	18
tekruk	38
tekther	1
tel	352
telek	10
teleka	1
teleklek	1
teleku	1
telenga	22
telik	1
telmire	1
telnga	9
telnger	1
telngomu	6
teloong	1
teloval	1
teltelnga	44
teltelpot	1
telthes	1
teltun	88
teltunngeka	1
teltunnger	1
teltunngomu	1
teltunngomua	2
teltuno	1
teltunong	3
teltunu	2
temimekre	1
tenes	1
tenesing	11
tengen	14
tengenre	1
teo	124
teoong	33
tepelos	1
tepelostun	1
tepetuntun	6
tepiplas	4
teplaso	1
tepluspot	5
tepol	1
tepola	1
tepolal	28
tepot	2
tepun	124
teses	1
tesuluku	1
tetal	85
tetala	1
tetalinga	1
tetalnga	3
tetalngare	5
tetalo	1
tetalonga	13
tetalongare	16
tete	65
tetela	5
tetere	7
tetrispot	1
tetun	17
tetunnga	1
tetuno	3
tetunu	5
teu	17
teum	26
teun	18
teuna	10
teunnga	1
teuno	1
teunong	77
teunongre	7
teuntetpot	4
teunu	7
tevivinga	47
tevustetu	3
thal	1
thalu	1
thanga	3
thangangaere	2
thangapos	1
thangaposa	1
thangaroong	37
thangarum	8
thangarumnga	1
thas	1
thastun	1
thasu	1
thatha	4
thau	21
thauong	20
the	114
thea	13
theaing	2
theal	220
theala	1
thealal	29
thealing	15
thealinga	1
thealnga	17
thealngare	14
thealngeka	1
thealngemem	4
thealngom	2
thealngomu	2
thealo	1
thealu	2
thealuonga	1
thei	283
theki	102
thekia	88
thekiare	1
thekik	22
thekiki	4
thekimem	9
thekir	4
theku	4
thekum	30
thekumu	20
thelal	2
thelnga	1
theltetpot	1
them	1076
themosal	25
themosaling	143
themosalinga	1
thenga	3
thengek	5
thengemem	2
thengengek	6
thengengekre	7
thengengerre	1
thenger	2
theo	4
theong	14
thep	57
thepnga	7
thepngare	1
thepol	358
thepola	4
thepolo	35
thepolong	2
thepolpot	3
thepolpotinga	1
thepolrum	3
theppot	16
thepu	2
ther	1
therpot	1
therum	2
therumpot	5
thes	1
theseal	18
thesealing	7
thesealnga	2
theseseal	1
thetitipotnga	1
theu	12
thev	36
thevuvu	9
thewo	74
thin	93
thina	2
thinin	1
thinnga	6
thinong	8
thinonga	10
thinu	2
thirther	1
tho	4156
thoa	3
thobirpot	1
thobiru	2
thoi	8
thoing	17
thoinga	1
tholel	3
thomre	3
thomreu	19
thomu	3809
thongom	4
thongomu	2
thongongom	1
thongongomre	6
thongongomu	1
thongongomuere	6
thoo	1
thoong	2
thopol	495
thopola	2
thopolnga	1
thopolo	40
thopolong	11
thopolpot	3
thopolrum	8
thopoltet	1
thopot	2
thoteta	4
thotitet	1
thou	4
thu	8
thua	4
thuainga	1
thue	41
thun	10
thuo	11
thupostun	1
thupot	1
thupthesa	2
thutet	6
thuu	5
ti	19
tia	2
tie	54
tik	4
tinanga	2
ting	5
tinga	3
tingo	1
tio	2
tionga	3
tipot	3
tiptip	1
tiru	10
tital	46
titaling	34
titalnga	1
titalpot	2
titeik	25
titeikre	62
titeimem	2
titein	5
titeinpel	7
titeinpeling	10
titeinpelre	1
titeir	24
titeirre	4
titemer	1
titemerre	2
titet	1
titeum	2
titeumre	9
titeumu	9
titeumuere	10
titevikre	1
titevimem	6
titevimemre	4
titevir	10
titevirre	19
titomomu	2
titomomue	1
titomomuere	2
titonga	1
titovum	1
titovumre	5
titovumuere	19
titpo	2
titpoa	1
titponga	1
titpoo	1
titpopot	3
titpororoling	2
titpot	1
to	20
toa	2
toea	2
toing	1
tok	6
toking	1
toko	3964
tokokoe	508
tokokoere	979
tokongare	1
tokoninga	39
tokoningare	1
tokoningomure	5
tokor	5
tokoror	1
tokorpot	6
tolilis	27
tolilisnga	3
tolilisong	27
tolok	4
toloklokere	2
tolokre	1
toloku	4
tomo	1307
tomoa	5
tomoal	20
tomoalnga	1
tomoing	16
tomom	5
tomonmonengaere	4
tomonnga	55
tomoo	4
tomopeling	2
tomopot	6
tomou	10
tonga	3
tongporum	66
tongporumo	1
tongporumong	30
tongporumongre	12
tongtong	5
toong	6
topoa	1
topot	3
tor	24
torong	39
totet	1
toth	156
tothal	10
tothalo	3
tothnga	1
totho	82
tothpot	1
tothtunal	2
tothtuno	2
totomone	10
totomonengaere	1
totomonere	9
totun	17
tou	3
tova	757
tovu	83
tovum	1
tuk	25
tuklilng	1
tukling	5
tum	18
tumnga	1
tumo	3
tun	19
tungtang	3
tungtangonga	3
tungtangongare	2
tunti	6
tuntun	18
tuntunnga	5
tuntunngare	1
tuntuno	1
tunu	2
tuok	1
tuokre	1
tup	5
tupa	1
turao	2
turusa	4
tutuk	1
tutukre	16
tutumem	1
tutumemre	4
tutumre	3
tutumu	1
tutumuere	7
tutun	7
tutunenga	1
tutunnga	9
tutunre	4
tutunti	1
uk	10
ul	35
ula	5
ulnga	4
ulpot	2
ultet	1
ultetpot	1
ulu	20
ulue	610
uluesa	1
uluo	13
uluore	5
ulvathar	2
ulvatharu	1
um	253
umong	30
umonga	164
umongare	60
umre	9
umtun	230
una	26
uneke	20
uno	1
unteta	1
ur	1898
uriro	2
urnga	19
urngare	12
uro	1
urre	1
uru	1
ururopot	1
urvet	45
ut	1
utpot	1
uvuval	1
uvuvnga	3
va	23
vaikik	5
vain	100
vair	1
vairo	2
vaisis	10
vait	1
val	4
valel	1
valelal	1
valelalu	1
valvale	17
valvalere	1
van	1
vana	3
vanath	3
vanga	18
vangare	1
vanropot	2
vareo	14
varo	3
varvar	1
vathar	4
vatharu	7
vathathar	1
vava	214
vavrat	2
ve	7178
vel	508
vela	1
veleles	14
velelesnga	22
velelesngare	1
velilo	48
veliloa	1
veliloal	9
veliloala	1
veliloalo	42
velilonga	2
velilopeling	3
velilou	1
velnga	4
velong	1
velonga	1
velpol	1076
velpola	24
velpolainga	2
velpoling	60
velpolpot	9
velpoltun	91
velpoltuna	3
velpolu	1
velre	22
velu	1
velvel	7
velvelnga	5
velvelong	1
vene	583
venen	597
venganga	3
vengtun	10
vengtunpot	1
vengtunu	1
vengveng	154
vengvenga	171
vengvengare	56
vengvengpot	1
vengvengtet	5
veno	27
vero	3
vet	199
vevea	14
viloa	1
vilval	1
vilvel	2
viri	84
virial	16
viriala	1
virialpot	1
viringa	64
visloa	2
viso	3
visore	2
vit	24
vituonga	4
viv	9
viva	1
vivinga	3
vivnga	1
vles	18
vlesa	1
vlestun	2
vlestunu	1
vlesu	4
vlu	14
vo	31
voa	1
voal	2
voing	23
voingre	4
vol	68
volalal	1
volil	1
voling	2
volinga	1
volingare	1
volo	2
volpeling	12
volre	1
voltet	15
voltetong	8
voltetongre	1
voltitet	3
voltitetong	1
vor	5
vorvor	1
vorvorong	1
vos	2
vosal	1
vosaling	5
voth	1815
vothinga	9
vothong	2
vothu	3
vothung	1570
vova	100
vovo	18
vovoengae	2
vovoengaere	2
vovoere	5
vovovnga	1
vra	7
vratunu	1
vrau	2
vro	8
vronga	11
vrongare	2
vtho	2
vthopot	32
vthopotong	2
vual	106
vuala	1
vugir	7
vugirnga	1
vugiro	17
vul	1
vulkor	2
vulonga	2
vulpesa	1
vulthepu	6
vulthipthepu	1
vulut	4
vulutal	2
vulutnga	12
vulutngare	10
vung	7
vungre	2
vunro	1
vunvun	2
vunvuntet	1
vupol	3
vur	58
vura	2
vural	1
vuralal	1
vuraling	1
vuralinga	5
vuralingare	1
vurong	1
vurpol	10
vurpola	6
vurpoltun	6
vurpot	5
vurtun	2
vurvura	1
vus	237
vusa	2
vusnga	30
vuso	1
vusong	30
vusonga	191
vuspot	2
vustetpot	4
vustetu	3
vustun	1
vustuno	3
vusu	7
vusuong	1
vutun	4
vutvutnga	4
vuvav	1
vuvavnga	3
vuvepun	64
vuvepunre	4
vuvi	1
vuvlunga	1
vuvus	12
wain	62
wainlanga	158
wainlangaere	294
wainlangaing	3
wainlangare	8
wal	20
wala	1
walal	6
waling	2
walpau	3
wat	190
wath	1
watha	10
wathalal	11
wathou	1
wathprepa	1
wathtun	1
wathtuno	1
wating	10
watinga	1
watnga	2
wato	4
watonga	2
watu	38
we	42
wea	1
webeng	1
wel	4
welnga	1
welwel	4
welwelnga	2
wen	3
wenal	1
wenalo	2
weng	2
wenga	1
wengare	6
werer	708
werera	179
wereraing	20
wereral	2
werernga	2
werero	12
wererong	24
wererpot	10
wereru	7
wetea	2
wetepot	1
wik	3
wilal	1
wim	2
wimpot	1
wipot	1
wir	2
wira	1
wiring	15
wis	4
wispot	2
wistet	1
wistetpot	54
wistetpotnga	4
wistuno	1
wit	66
witnga	1
wo	54
woa	1
wok	65
wokre	2
wol	62
wola	33
wolo	6
wolpot	19
woltet	1
wolteto	1
woltetpot	2
wolu	4
wom	42
womalo	6
womem	2
womlo	1
womo	5
wompot	14
womtun	3
womu	4
won	311
wong	726
wonre	4
wonwon	15
wop	274
wopo	18
wopoalnga	1
wopuponga	8
wor	3
worse	1
woso	1
wot	62
wotum	1
wovek	6
wovikvekre	1
wowo	2
wowonga	10
yis	15
§	11
‘	442
’	410
“	2329
”	1948
†	55
‡	25
