(	32
)	32
,	36237
.	23818
:	2305
;	4
?	1292
Abadon	1
Aban	6
Abbas	13
Abia	4
Abiator	1
Abilene	1
Abina	5
Abirero	1
Abiresou	3
Abisi	3
Abiud	2
Abraham	158
Abrahamohob	2
Abubisamougb	3
Adam	23
Adamohob	1
Adeh	3
Adehsud	781
Adehsuda	1
Adehsudohob	3
Adehud	2
Adi	2
Admin	2
Adramitiumohob	1
Adria	1
Aga	29
Agabus	3
Agas	28
Agripa	20
Agusdus	2
Ahas	2
Aimougtut	7
Ainon	1
Aiseba	1
Aiyad	1
Akaikus	1
Akaya	13
Akeinya	20
Akeldama	1
Akim	2
Akwila	9
Aleksander	6
Aleksandria	4
Allah	4668
Alpa	2
Alpius	5
Aman	10
Ameinya	1
Amin	2
Aminadab	4
Amo	2
Amon	2
Amos	3
Ampipolis	1
Amplias	1
An	1
Anai	3914
Ananias	18
Anara	2
Andreas	13
Andronikus	1
Anggur	2
Aninim	170
Antiokia	34
Antiokieda	2
Antiokiohob	2
Antipas	1
Antipatris	1
Apeles	1
Apia	1
Apius	1
Apolion	1
Apolonia	1
Apolos	12
Ara	5
Arab	1
Arabia	2
Ared	1
Areg	137
Aregoufu	1
Aremeijouhw	2
Aremer	56
Aremeta	4
Aremor	1
Aremoung	1
Arenggos	1
Ares	1
Aresgwemer	1
Aretus	2
Ari	29
Arimatea	4
Aringgeba	1
Aringgina	1
Arisdarkus	5
Arisdobolus	1
Arisogomoc	2
Arkelaus	1
Arkipus	2
Arni	2
Arpagsad	2
Artemas	1
Artemis	9
Asa	2
Asdodohob	1
Aser	1
Asia	21
Asinkritus	1
Asor	2
Asos	3
Astesda	16
Atalia	1
Ataliohob	1
Atena	8
Atenohob	1
Augwan	235
Augwanei	1
Augwanohob	6
Augwanohobei	1
Ayou	9
Ayub	3
Babel	35
Bael	1
Bagar	1
Balag	2
Ban	365
Bang	12
Bani	13
Banin	4
Bar-Yesus	3
Barag	1
Barnabas	55
Bartimeus	3
Bartolomeus	4
Beb	1
Bebiji	1
Becabeci	1
Becicugwen	1
Bedlehem	12
Bedlehemohob	2
Bedpage	3
Bedreg	40
Bedsaida	7
Bedsaidohob	2
Beigdoc	1
Beis	1
Beliam	2
Belsebul	15
Benyamin	4
Beor	1
Berea	6
Bereda	1
Berekia	1
Bereyohob	2
Bernike	3
Betania	17
Betaniabuma	1
Betaniohob	1
Betesda	1
Bileam	3
Bilis	113
Biruwa	7
Bitania	1
Bitinia	1
Blasdus	2
Boanerges	1
Boas	5
Bogo	1
Boromei	1
Buc	1
Cinogo	13
Cucugb	1
Cum	22
Cumbahau	1
Dag	7
Dagiro	52
Daiyamo	1
Dalmanuta	1
Dalmatia	1
Damaris	1
Damsig	16
Damsigahabi	1
Damsigeda	2
Damsigedahabi	1
Damsigohob	1
Dan	401
Daneh	12
Danehsud	3
Dang	11
Dangg	1
Dangga	2940
Danggahabi	1
Danggohob	4
Dani	8
Daniel	1
Danin	11
Dara	3033
Dareg	4
Dau	106
Daud	102
Dauntoba	742
Dauwohob	106
Debdes	1
Deciciji	1
Decicugb	6
Decicugwen	10
Decicugwenohob	1
Dekapolis	1
Demas	3
Demecicugb	2
Demecicugwen	2
Demetrius	4
Derbe	4
Derbeda	1
Dig	1
Dimei	30
Dionisius	1
Diotrepes	1
Doba	6521
Dobnaro	158
Dogod	2
Domba	50
Dorkas	4
Dou	6
Drusila	1
Duhu	22
Dum	1
Eb	8
Eber	2
Ebiji	2
Ebsa	1
Ecicugb	1
Ecicugwen	36
Edebeij	13
Edecicugb	1
Edeinyum	3
Eic	7
Eigdoc	4
Eigouhw	16
Eigtou	1
Eis	3
Eisaugb	7
Elam	1
Eleasar	2
Eleaser	2
Eli	4
Elia	4
Eliakim	4
Elias	25
Eliasero	1
Eliasohob	1
Elimas	5
Eliohob	1
Elipas	1
Elisa	1
Elisabed	20
Eliud	2
Elmadam	2
Eloi	2
Emagtorij	1
Emagunerij	1
Emas	1
Emaus	3
Emedeinyum	1
Emeigdoc	1
Emeigouhw	5
Emen	79
Emeng	5
Emeni	1
Emenin	1
Emina	1
Emsi	1
En	218
Eneas	2
Eni	19
Enin	3
Eninei	1
Enos	2
Epa	3
Epapras	3
Epaproditus	2
Epata	1
Epenetus	1
Epesus	32
Epesusohob	2
Epikuris	1
Epraim	3
Eprata	2
Er	2
Era	248
Erasdus	3
Esau	4
Esloulougb	6
Etiopia	3
Eubulus	1
Eutikus	2
Ga	4
Gabata	1
Gabriel	3
Gacgunog	1
Gad	1
Gadara	2
Gagada	4
Gagas	1
Gahani	2
Gainyenara	2
Galatia	8
Galilea	81
Galileaei	1
Galileohob	3
Galio	8
Gamaliel	2
Gansins	1
Ganusbus	1
Gara	1
Gareg	130
Gareng	8
Garenggina	1
Gasa	1
Gayus	6
Geb	4
Gecabeci	29
Gedangga	9
Gedig	30
Gedougdaha	1
Gedsemani	1
Geic	7
Geica	6
Geigdoc	46
Geigouhw	315
Geihwidua	1
Geis	30
Gembala	62
Gemeicarero	3
Gemeicaresero	57
Gemeicareserohob	1
Gen	5
Genasared	5
Gerasa	3
Gesa	58
Gesai	18
Getohob	1
Gia	1
Gida	7
Gideon	1
Gidob	2
Gin	44
Gini	33
Gobosboro	1
Godeh	2
Gog	1
Gogom	55
Gogor	1
Gogouf	1
Gogoufohob	1
Gogoufu	347
Gogun	18
Gohw	40
Goiharaga	1
Golgoda	3
Golgodohob	1
Gomnomna	5
Gomom	3
Gomora	7
Gos	3
Goubesa	2
Goucimdeb	1
Gouji	7
Gouwedoc	16
Grag	1
Graga	1
Grika	22
Gubernor	9
Guru	4
Habel	7
Hagar	8
Hana	2
Hanas	13
Hanasohob	2
Hang	1273
Hanoba	1773
Haran	2
Harmagedon	1
Harun	6
Haser	1
Hemor	1
Henog	4
Hermas	1
Hermes	4
Hermogenes	2
Herodes	66
Herodesa	1
Herodesero	2
Herodesohob	2
Herodias	13
Herodion	1
Hesli	2
Hesron	4
Hierapolis	1
Himeneus	2
Hinogo	1
Hiskia	3
Hom	112
Homa	3
Homoi	1
Hosea	3
Hugbei	10
Huhugb	42
Hwas	2
Ibrani	14
Idumea	1
Igda	1
Igdahab	8
Igdohos	1
Ij	1
Ikonium	11
Ilirikum	1
Imanuel	1
Indagtorija	1
Indaguna	2
Indagunerij	7
Indan	20
Indeic	21
Indihigba	1
Indihirija	1
Indina	135
Indinabuma	1
Indisi	12
Ing	2
Ingga	1
Inggaida	1
Injemouwa	2
Injil	207
Insi	2
Insirija	4
Insiya	3
Irir	15
Irogini	6
Isabel	2
Isadum	2
Isag	26
Isai	6
Isakar	1
Iskariod	1
Ismael	2
Israel	159
Israelbuma	1
Italia	5
Iteitogin	3
Iteitoginei	1
Iteitogini	7
Itog	1
Iturea	1
Kaba	3
Kain	7
Kaisarea	19
Kaisareada	4
Kaisareohob	5
Kana	5
Kanaan	18
Kandake	1
Kapadokia	1
Kapernaum	29
Kapernaumohob	3
Kapodokia	1
Karpus	1
Kasdim	1
Kasdor	1
Kauda	1
Kayapas	11
Kenan	4
Kenkrea	3
Kenkreohob	1
Kepas	7
Kerenius	1
Keriod	10
Kerub	1
Kidron	1
Kilikia	9
Kios	1
Kirene	7
Kis	1
Kisdra	1
Klaudia	1
Klaudius	3
Klemens	1
Kleopas	1
Kloe	1
Klopas	1
Kolose	1
Korah	1
Korasin	2
Korintus	13
Korintusaba	1
Korintuseda	1
Kornelius	18
Kos	1
Kosam	2
Kresges	1
Kreta	9
Krisden	154
Krisdenbuma	2
Krisdenohob	11
Krisdus	1259
Krisdusahabi	1
Krisdusbuma	3
Krisdusero	5
Krisdusohob	47
Krisdusohobei	1
Krispus	2
Kusa	2
Kwartus	1
Lahwai	4
Laingma	7
Lameg	2
Lan	8
Lang	1
Lani	1
Lanta	1
Laodikia	7
Lasarus	32
Lasea	1
Latin	1
Laugwan	4
Leinyana	2
Len	109
Leng	40
Lenin	1
Lewi	31
Libertine	1
Libia	2
Lida	4
Lidero	1
Lidia	3
Lidohob	1
Ligbum	14
Ligida	2
Likaonia	1
Likia	2
Lingma	2
Linus	1
Lisanias	1
Lisdra	11
Lisias	4
Lo	2
Loba	2
Lomos	12
Lona	361
Lonehibi	2
Loneinda	2
Loungmen	1
Lowes	1
Lud	5
Lugmahara	2
Lukas	4
Lukius	2
Lusud	167
Maat	2
Maga	6
Magadan	3
Magdala	11
Magdalena	1
Magog	1
Maha	13
Mahalelel	2
Maic	2
Maijirero	1
Maireseb	7
Majelis	44
Majelisir	2
Majelisohob	3
Majus	7
Makedonia	33
Makedoniohob	1
Malki	4
Malkus	1
Malta	4
Mamaguna	2
Maman	107
Mamang	2
Mamina	49
Manahen	1
Manasei	2
Manasi	1
Maraguna	1
Maranata	1
Mariam	86
Mariamohob	1
Markus	12
Marta	16
Matan	3
Matat	4
Matata	2
Matias	2
Matica	4
Matius	7
Meb	208
Mebec	1
Mebin	86
Mebinohob	1
Mec	1
Meda	11
Medagas	1
Medam	37
Medebeito	7
Media	1
Medoc	2
Medohob	2
Meij	3
Meijen	18
Meijina	29
Meijiresou	1
Meijouhw	3
Meis	5
Meisi	157
Meisud	1
Melea	2
Melkisedeg	26
Mem	1
Men	172
Mena	414
Menase	1
Menason	1
Menau	16
Menohob	1
Mer	310
Mera	44
Meraguna	82
Meren	48
Merguna	2
Merij	1
Merijeba	1
Merna	5
Merohob	1
Merug	1
Mesias	31
Mesir	43
Mesireda	3
Mesirohob	1
Mesopotamia	4
Mesouwa	1
Metilene	1
Metusalah	2
Midian	2
Mihi	1
Mihiloro	2
Mikel	5
Miletus	4
Mina	2
Mira	1
Mirohob	2
Misen	2
Misia	2
Misis	2
Mobgos	13
Mobisamougb	10
Mog	1
Mogo	1
Mogurei	1
Mogwihi	2
Moho	37
Mohon	191
Mohonahabi	1
Mohonohob	1
Mohora	1
Mohu	9
Molog	1
Mor	2
Moro	18
Mos	11
Mouf	1
Mougt	39
Mougwa	2
Musa	428
Naaman	1
Nabtali	3
Nagai	2
Nahason	4
Nahor	2
Nahum	2
Nain	1
Namcir	13
Nanan	4
Narkisus	1
Naro	293
Nasared	32
Nasaredei	1
Nasaredes	1
Nasaredohob	2
Natan	2
Nataniel	7
Natanielohob	1
Naugb	5
Neapolis	1
Nereus	1
Neri	2
Nikanor	1
Nikodemus	9
Nikolaus	4
Nikopolis	1
Nimpa	1
Niniwe	5
Nosa	3
Nuh	14
Obed	3
Ogdoc	11
Ogod	30
Ogom	8
Olimpas	1
Omega	2
Onesimus	5
Onesiporus	2
Ouwedoc	22
Ouwedocbuma	1
Ouwedocohob	2
Ouwohob	1
Padmos	1
Pampilia	5
Panuel	1
Papos	4
Parisi	139
Parisiohob	2
Parmenas	1
Partia	1
Patara	2
Patriot	1
Patrobus	1
Paulus	316
Paulusohob	3
Peleg	2
Pentakosda	3
Pentakosdahabi	1
Peres	4
Perga	2
Pergamum	2
Pergamus	1
Persis	1
Pesdus	23
Petrus	267
Petrusahabi	1
Petrusero	1
Petrusohob	6
Pibi	1
Pigelus	2
Piladelpia	3
Pilatus	96
Pilatusohob	4
Pilemon	1
Piletus	1
Piliks	21
Pilipi	9
Pilipus	46
Pilipusohob	2
Pilologus	1
Piniks	2
Pinikseda	1
Pinisia	4
Piraun	15
Pirdaus	2
Pirdausohob	1
Pirus	1
Pisidia	5
Pitolemais	1
Plagon	1
Poluks	1
Pontius	2
Pontus	3
Porkius	1
Portunatus	1
Prigia	3
Prisgia	1
Priskila	8
Prokorus	1
Publius	2
Pudens	1
Putioli	2
Raboni	1
Rahab	3
Rahabeam	2
Rahel	1
Ram	2
Rama	1
Regium	1
Rehu	2
Repan	1
Resa	2
Ribga	1
Roda	2
Rodos	1
Roma	132
Romahabi	2
Romeda	1
Romohob	3
Roti	2
Ruben	1
Rud	1
Rupus	2
Sabas	2
Sabedeus	1
Sadog	2
Saduki	25
Saitun	14
Sakarias	23
Sakeus	6
Salamis	2
Salamisohob	1
Salem	3
Salim	1
Salmon	2
Salmone	1
Salome	2
Samaria	27
Samos	1
Samotrake	1
Sapira	1
Sarai	11
Sardis	4
Sarmon	4
Saron	1
Sarpad	1
Saul	1
Saulus	43
Sbanyol	2
Sdakis	1
Sdepanus	23
Sdoa	1
Se	160
Sealtiel	4
Sebe	1
Sebedeus	10
Sebulon	3
Sed	2
Sekolah	1
Sekundus	1
Seleukia	1
Selot	1
Selotis	2
Sem	2
Semuel	4
Senas	1
Seol	13
Serah	1
Sergius	5
Serubabel	4
Serug	2
Sesar	15
Setan	39
Seus	5
Sgwiji	1
Sidon	12
Sikar	4
Sikem	1
Silas	31
Siloam	3
Siloamahabi	1
Simei	2
Simeon	7
Simion	1
Simon	95
Simonohob	2
Simson	1
Sintiki	1
Sion	10
Siprus	11
Sir	1
Sirakusa	1
Siria	15
Sirtis	1
Sisa	2
Skewa	1
Smirna	3
Snidus	1
Sodom	13
Sogo	7
Sogougb	3
Solaiman	15
Sopater	1
Sosdenes	2
Sosipater	1
Sud	231
Sug	2351
Sugraga	8
Sugragohob	2
Sungga	7
Surad	246
Susana	1
Tabida	3
Tadeus	2
Taiba	7
Taij	58
Talita	1
Tamar	1
Tarsus	4
Tarsuseda	1
Tartarus	1
Tebeij	1
Teopilus	3
Terah	2
Tertius	1
Tertules	5
Tesalonika	10
Teudas	1
Tiatira	5
Tiberias	15
Tiberius	1
Tikikus	6
Timeus	1
Timon	1
Timotius	39
Tiranus	2
Tirus	12
Titius	1
Titus	24
Tomas	13
Tomasohob	1
Topi	1
Torsina	11
Torsinohob	1
Toua	4
Trakonitis	1
Tramdad	1
Tripena	1
Triposa	1
Troas	10
Troaseda	1
Tropimus	3
Tu	1
Tuari	150
Tuariohob	5
Ucan	1
Ucina	5
Ugwaremer	42
Unike	1
Urbanus	1
Uria	1
Us	1
Usi	6
Usia	2
Wor	26
Wui	2
Yahuda	1
Yahudi	492
Yahudiaba	1
Yahudiei	1
Yahudiero	1
Yahudiohob	1
Yairus	9
Yakobus	46
Yakonia	2
Yakub	29
Yakubei	1
Yambres	2
Yan	41
Yanai	2
Yanes	2
Yared	2
Yason	8
Yasud	1
Yasuda	1
Yebta	1
Yehuda	10
Yen	499
Yena	1
Yendag	1
Yeng	26
Yeni	1
Yenin	6
Yeremia	6
Yeremiyohob	1
Yeriko	8
Yerikohob	1
Yerusalem	216
Yerusalemeda	9
Yerusalemero	4
Yerusalemohob	27
Yesaya	41
Yesua	2
Yesus	2617
Yesusaba	3
Yesusahabi	2
Yesusdaha	1
Yesuseda	1
Yesusero	9
Yesuserodaha	1
Yesusohob	86
Yesusohobei	1
Yigida	2
Yoda	2
Yodia	1
Yoel	1
Yohana	2
Yohanan	2
Yohanes	222
Yohanesohob	1
Yona	4
Yonam	2
Yope	13
Yopeda	2
Yopohob	2
Yoram	2
Yordan	16
Yorim	2
Yosapad	2
Yoseb	1
Yoseg	2
Yoses	3
Yosia	2
Yosua	4
Yotam	2
You	15
Yudas	53
Yudea	68
Yudeohob	1
Yugdeh	1
Yulia	1
Yulius	6
Yunias	1
Yunus	9
Yusdus	3
Yusub	58
Yusud	3
[	21
]	22
abaga	13
abagesa	1
abagto	5
abagtor	7
abaguna	3
abaguner	8
aban	222
abauwa	1
abdamouwa	2
abdamouwer	2
abdebeito	1
abdebeitor	8
abdemeitor	2
abdoc	168
abdocesa	2
abdocesem	7
abeba	25
aben	15
aber	2
abges	2
abih	2
abihero	1
abihida	3
abihidohob	1
abihir	3
abihw	2
abim	10
abin	3
abina	24
abinadoc	1
abinesem	1
abinuhwa	6
abir	30
abireda	2
abires	8
abiresa	1
abiresahabi	1
abireseb	5
abiresi	3
abiresohob	2
abirgo	1
abirohob	1
abirs	3
abisi	15
abjemeito	1
abjemouwa	1
abjemouwer	1
aboho	83
abohora	9
abohorahabi	1
abohotimei	3
aboti	1
absdemaga	1
absi	3
absir	4
absira	28
absireda	1
absitog	1
absoho	3
absouwa	3
absouwero	2
absouwohob	1
absuwa	8
abu	16
abubisamougb	12
abug	8
abugt	2
abugtohob	1
abugwengga	5
abugwero	1
abugwihi	1
abuhw	4
abuhwesa	2
abumin	1
abums	6
abumsi	2
aburo	10
abus	7
abusa	1
abusur	2
abuwemougb	8
abuwesa	5
acar	5
acec	72
aceca	1
acecim	2
acgeij	98
acgunog	75
acgunogohob	9
acicin	1
acincin	5
acu	2
ad	2
adas	1
adedeic	1
adedeij	2
adedim	3
adeh	1
adehsud	2
adehsudohob	1
adinggon	2
adougwen	1
adougweni	1
adra	1
adu	1
aga	103
agabgeb	1
agabgebi	4
agabi	1
agac	7
agacgec	2
agacgecim	3
agaci	1
agada	2
agadadem	1
agadgeij	170
agag	1
agaga	8
agaha	36
agahugouhw	136
agai	7
agaigeij	15
agaij	1
agaim	23
agamgema	1
aganini	2
agaresa	9
agarougb	3
agas	238
agasa	18
agasei	1
agaseni	1
agau	48
agauwesa	34
agauwohob	4
agig	1
ago	1
agod	5
agodgod	5
agrigrilo	2
aguci	9
agug	3
agun	3
agungun	3
agungunara	3
agunin	1
agunya	94
agunyen	21
agunyenohob	3
agunyohob	7
agur	2
aha	1
ahacugb	15
ahadahada	1
ahahumohumesa	1
aham	1
ahan	1
ahandenda	2
ahani	1
ahanihen	1
ahanohob	1
ahasesei	47
ahau	46
ahaufo	2
ahaufoufo	2
ahauwa	1
ahauwohob	2
ahauwouwa	1
ahud	7
ahurim	1
ahwan	129
ahwei	22
ai	40
aibibra	71
aibibrero	4
aibibrida	18
aibibrohob	3
aic	5
aiceicira	1
aicira	4
aideido	20
aideidora	1
aidem	1
aiga	47
aigdaga	33
aigdougwo	52
aigdougwohob	3
aigdoumesa	2
aigebeb	1
aigteim	1
aigus	16
aigusaba	3
aigusi	33
aigusohob	1
aih	6
aihagab	18
aihirir	2
aihiriri	1
aihiron	6
aihnehina	1
aihohob	1
aijahasem	1
aijahasero	2
aijero	1
aiman	2
aimeh	11
aimei	5
aimimoba	1
aimo	699
aimohob	2
aimougtut	82
aimougtutero	1
aimougtutohob	12
aing	1
aingma	140
aingmo	10
ainyen	46
ainyenara	1
ainyes	247
ainyesohob	2
aisa	13
aisacij	3
aisan	3
aiseba	4
aised	4
aiseisa	4
aisema	20
aiso	14
aisoboro	1
aisohoba	4
ait	30
aiyad	5
aiyan	52
aiyansem	14
aiyei	21
aiyim	1
akebin	7
akebinir	1
akeinya	2
allah	2
amacgeij	9
amaguner	1
amahwai	1
amahwan	2
amahwas	11
amaigtou	1
amaimo	7
amaingma	2
amaiyan	1
amamouci	1
aman	198
amana	1
amanahabi	1
amanin	4
amanohob	4
amarei	4
amarges	1
amasai	1
amatara	2
amaulo	1
amcirac	2
amdamouwer	1
amdeiya	2
amdijidougwo	1
amdoc	26
amdocesem	1
amdoumouma	1
amebehnehino	1
amecinaga	4
amedag	9
amedebeij	2
amedesedeb	1
amehilon	2
ameic	5
ameicara	2
ameigdoumesa	1
ameigtou	2
ameigtouwero	1
ameihwededau	1
ameihwedig	1
ameiji	33
ameiri	1
ameisaugb	1
ameisi	1
ameiya	4
amemaimo	1
amemarges	2
amemedag	1
amemeic	1
amemeihwedau	1
amemesma	1
amen	2
amens	1
amesa	1
amesai	13
amesebesa	1
amesedeb	1
amgema	2
amimiri	1
amina	1
amir	2
amires	1
amiresi	1
amo	4
amobga	1
amocuncum	3
amod	1
amoho	6
amohud	1
amomo	4
amomomtom	1
amougwan	1
amouman	1
amoumanohob	1
amousa	2
amouwan	2
ampo	4
amsira	3
amsirohob	1
amsoho	47
amsouwer	1
amufu	1
amuhumlo	1
an	4927
anahabi	4
anai	465
anambei	3
anara	54
anaringgina	1
anbuma	1
ancoho	13
andaha	2
andohob	2
anei	1
anero	10
anggur	83
ani	1
anim	111
animei	1
animohob	2
aninim	614
aninima	1
aninimei	1
aninimero	6
aninimohobei	1
anir	10
anirahabi	1
anirei	2
anirohob	2
anlo	2
anohob	40
ansins	101
aos	3
ara	960
arai	3
arautut	79
areba	28
arebeni	1
areber	51
arec	4
ared	255
aredaba	1
aredaha	1
aredei	1
aredero	6
aredohob	4
aredto	1
areg	4098
aregAllah	1
aregog	4
aregoufahabi	1
aregoufohob	2
aregoufu	222
aregua	2
arei	1
areibahau	89
areibahauero	3
areised	1
aremeba	1
aremebeni	1
aremec	3
aremeij	44
aremeijouhw	76
aremeiyema	2
aremer	675
aremerero	2
aremeresa	1
aremerij	11
aremes	1
aremeta	150
aremogougb	21
aremon	4
aremor	7
aremos	17
aremoslos	12
aremougb	194
aremougwedaha	1
aremougwero	4
aremoung	24
areng	7
arerei	2
aresa	1
aresbes	1
aresgwemer	9
argeh	1
arges	74
argobin	1
ari	9
ariawen	3
arij	5
arilarahabi	1
arilarohob	1
ariloboc	19
arilobocero	1
aring	3
aringgina	1
arisogomoc	84
arjaga	117
arjeijaga	2
arobo	1
arohob	3
aror	2
arou	5
arougb	514
aruler	1
asa	49
asaih	2
asbij	1
asesa	805
asesabuma	1
asesahabi	3
asesebma	2
asesero	7
aseses	1
asesohob	15
asesohoba	1
asesohobei	1
asga	2
asgun	2
asid	32
asidged	2
astesda	261
ateteij	13
atij	36
ato	2
atou	36
atouda	6
atoudohob	4
atousa	3
au	7
aucan	1
aud	1310
audero	1
audi	13
audim	1
audud	6
aududi	9
augb	10
augou	1
augwa	6
augwan	3479
augwana	2
augwanahabi	3
augwanbuma	3
augwanbumei	1
augwanda	3
augwandaha	1
augwanei	1
augwanero	7
augwanlo	1
augwanlobma	1
augwanohob	88
augwanohoba	1
augwanohobei	1
augwans	6
augwohosa	22
augwougb	187
augwougblo	5
augwougblobma	3
augwougwei	2
augwougwero	10
augwougwohob	1
augwougwu	1
augwu	1
aulo	2
auma	10
aumaga	23
aumagan	12
aumagasa	1
auni	215
auti	32
auwaharo	2
auwam	14
auwaman	1
auweila	17
ayou	4
ba	26
babehnehino	1
baceca	1
bacecim	19
bacecimohob	2
bacecimohoba	1
bacgeij	15
bad	49
baded	3
badedeij	11
badedeijlo	2
badeijlo	1
badgedro	2
badi	48
badra	2
badro	4
badu	1
badunggon	1
baga	7
bagac	4
bagacgec	2
bagad	1
bagadgeijahabi	1
bagadgeijohob	1
bagadro	2
bagaha	10
bagahugouhw	2
bagain	1
bagan	2
bagar	18
bagaresa	1
bagas	6
bagasohob	1
bagauwesa	4
bagod	12
bagodgod	1
bagodro	2
bagunya	1
bahacugb	2
bahasesei	9
bahasij	1
bahau	2
bahauwa	3
bahauwouwa	1
bahilon	1
bahu	3
bahud	3
bahudohobei	1
bahuhumlo	1
bahumohumesa	1
bahumohumeseni	1
bahurim	3
bahurimohob	1
bahwan	10
baic	4
baicarehiro	3
baicira	3
baideido	5
baiduri	5
baigdougwo	7
baigdoumesa	3
baihagab	4
baihidida	1
baihin	1
baihirir	1
baihiriri	2
baihiro	1
baihiron	7
baihnehina	1
baija	2
baijahasem	1
baijahasero	1
baijidougwo	1
baimeh	1
baimo	130
baimohob	1
baimougwesa	1
bainda	1
baineg	2
baineino	2
bainesa	1
bainobono	2
bainoc	2
bainyen	15
bainyenara	2
bainyenohob	1
baised	6
baisema	1
baiso	1
baisoborahabi	2
baisoboro	20
baiyan	27
baiyeiyo	1
bakebin	5
bakugb	2
bamcirac	1
bamsoho	6
bamuhum	1
bamuhumlo	5
bamumi	4
bamumiyohob	1
ban	2611
bana	7
banaba	1
banahabi	9
banara	1
banbuma	2
bancoho	4
banda	1
bandohob	1
banei	1
banero	19
bang	18
bani	26
banin	84
baninero	2
baninlo	1
banlo	2
banohob	51
bans	14
bansins	16
baos	6
barautut	4
barauwi	1
bareb	1
barerei	2
bargeh	5
bargehilo	19
bargehilohob	2
barges	13
barougb	30
barses	3
baseda	1
baseslo	1
basid	10
bastesda	1
batagaij	2
batara	1
bateteij	6
bateteijahabi	2
batij	14
bato	1
batou	2
bau	1
baugb	3
baugtarera	4
baugwanara	1
baugwohosa	1
baulo	2
bauloulo	8
bauma	9
bauni	83
baunun	5
bauwaha	1
bauwaharo	41
bauwam	7
bauweila	5
bauwi	1
bauwun	23
beb	164
bebedbed	6
bebehnehino	3
bebeigbogo	2
bebesesar	2
bebiji	1
bebin	7
bebir	1
bebsugeb	3
bebsugebohob	1
bebtou	2
bec	14
becabec	1
becabeci	16
becabecohob	4
becbec	1
becbecohob	1
becgoneh	2
becgun	4
becguna	2
becic	11
becicugb	10
becicugwen	2
becinaga	43
becinten	26
bed	9
beda	1
bedag	93
bedahwan	2
bedainda	1
bedatou	1
bedebdena	1
bedebeij	31
bedeberou	4
bedebsa	1
bedecic	2
bededau	3
bededougb	1
bededu	1
bedeg	1
bedegeing	1
bedehibera	2
bedeic	6
bedeicara	2
bedeij	2
bedeijidougwo	1
bedeinesa	1
bedeinyum	18
bedeinyumohob	4
bedeiya	1
beden	2
bedenara	1
bedens	3
bederagasa	1
bederba	1
bedesa	4
bedesai	1
bedeseino	1
bedesga	1
bedesugb	1
bedetara	2
bedgesem	1
bedidib	9
bedina	2
bedinebena	1
bedis	2
bediseij	1
bediyebeiya	8
bedob	1
bedobdeb	1
bedobsaresa	1
bedogod	2
bedohw	5
bedos	3
bedouder	4
bedougwanara	1
bedreg	69
bedu	3
bedug	7
beg	7
bega	2
behi	1
behig	1
behigdodo	1
behilon	4
behinena	1
behirirmo	1
beic	121
beica	3
beicara	37
beiceb	1
beicer	6
beicero	1
beicerohob	3
beigdoc	16
beigdoumesa	19
beigouhwei	1
beigouhwohob	6
beigtou	44
beigtouohob	1
beihweda	24
beihwedan	4
beihwedanda	2
beihwedau	1
beihwedaud	3
beihwededau	20
beihwededauwohob	1
beihwedesa	1
beihwedig	7
beihwedigero	1
beihwi	1
beij	3
beija	13
beijeijesa	1
beijeijo	2
beijeijohob	1
beijesa	3
beijesan	1
beiji	1
beijidougwo	9
beijouhw	1
beim	158
beimero	2
beimes	24
beimeseda	1
beimiman	1
beimohob	1
beindaredeb	1
beineg	4
beinesa	8
beinesen	1
beino	2
beinyeinya	3
beis	3
beisa	29
beisaugb	1
beisaugblo	1
beiseisaugb	32
beiya	55
beiyaga	2
beiyagarij	1
beiyemohob	1
beiyohob	2
bekeba	2
belacecim	1
beluang	1
bemacgeij	2
bemad	2
bemadi	2
bemadro	1
bemagaha	1
bemagahugouhw	1
bemagain	1
bemagogod	1
bemahacugb	2
bemahasesei	1
bemahau	6
bemahaufo	1
bemahaulo	3
bemahauwa	1
bemahurim	2
bemahwan	1
bemaic	1
bemaigdougwo	1
bemaihirir	1
bemaihiron	1
bemaimeh	1
bemaimo	30
bemainyen	1
bemaisan	1
bemaisoboro	1
bemamsoho	9
bemarerei	2
bemarges	17
bemarougb	3
bemas	2
bemateteijlo	1
bemauni	5
bemaunun	3
bemauwaharo	1
bemdec	1
bemeb	3
bemeba	1
bemebehnehino	1
bemebesesar	2
bemebin	2
bemeblo	1
bemec	3
bemecgoneh	3
bemecic	2
bemecicugb	1
bemecinaga	14
bemecinageroei	1
bemedag	7
bemedebeij	1
bemedecic	2
bemedesugb	1
bemedis	1
bemediyebeiya	2
bemedohw	1
bemedreg	4
bemedu	1
bemeg	4
bemehi	1
bemehig	2
bemehilon	1
bemeic	21
bemeicara	4
bemeigdoc	1
bemeigdoumesa	3
bemeigouhw	2
bemeigtou	5
bemeihweda	1
bemeihwedaud	1
bemeihwededau	1
bemeihwedero	2
bemeija	10
bemeijeboho	1
bemeijidougwo	4
bemeila	1
bemeimiman	2
bemeineg	1
bemeinesa	1
bemeisa	1
bemeisan	3
bemeiya	6
bemeiyoho	1
bemeiyohora	2
bemekirsero	1
bemen	18
bemenara	12
bemens	9
bemeperwei	1
bemera	2
bemerba	1
bemereiyara	6
bemes	5
bemesa	3
bemesedougwo	2
bemesi	3
bemesijaresa	1
bemesinsin	1
bemet	3
bemetaha	1
bemetob	1
bemihi	3
bemob	1
bemobsara	14
bemoc	1
bemocirma	2
bemod	2
bemodo	2
bemog	3
bemogod	3
bemogugwo	1
bemogun	1
bemoho	1
bemohoiya	5
bemohud	2
bemohw	1
bemomom	3
bemos	1
bemou	2
bemouci	1
bemouma	1
bemouman	2
bemousa	3
bemouwadan	1
bemouwan	1
bemouwanero	1
bemouwedoc	1
bemowun	3
bemtemta	2
ben	105
benara	32
bendagai	16
benohob	4
bens	61
beperwei	7
bera	3
beraga	3
berba	3
berban	2
berei	1
bereiyara	1
berisa	2
berjag	1
berougb	3
berougwu	11
berouhw	1
bes	8
besa	60
besai	29
besan	1
besara	1
besaugwin	1
besbes	1
besedeb	14
besedebohob	1
besedi	1
besedougwo	16
besesa	27
beseyeiyo	4
besga	12
besijaresa	6
besinsin	7
besinsinohob	1
besir	1
besisilo	1
besma	4
besogwa	3
besogwen	1
besogwesa	1
besohob	6
besugrog	1
besulou	20
bet	13
beta	1
betaha	3
betahohob	1
betara	3
beteresugb	1
betin	1
betir	3
betirker	2
betitir	3
betob	4
betohobei	1
bida	5
bidahwan	1
bideh	6
bideiya	2
biden	2
bidens	2
biderba	1
bidesa	3
bidob	1
bigibaba	1
bigon	1
bihwedahabi	1
bihwededau	1
bin	12
binda	1
binero	1
biruwa	12
bisa	3
blas	1
bleg	3
bob	2
bobdaga	6
bobga	3
bobo	1
bobogougb	5
bobosboro	2
bobrugb	3
bobsara	13
bobungma	1
bobursa	1
boc	6
bocirma	5
bocuncum	1
bod	24
bodo	5
bodohob	2
bodunggon	1
bog	20
bogada	2
bogaden	18
bogmac	1
bogo	467
bogod	30
bogoda	1
bogodgod	1
bogoei	3
bogohob	13
bogomcin	1
bogon	1
bogoncin	1
bogor	2
bogoro	4
bogrogro	2
bogug	6
bogugwo	9
bogun	4
boho	2
bohobei	13
bohoiya	1
bohoserohob	2
bohud	3
bohw	10
boiharaga	12
bombrerij	1
bomdia	1
bomdian	1
bomom	37
bomomohob	2
borbesbes	1
boromei	78
bororo	1
bos	34
bosum	2
bosumei	1
bosun	2
bot	1
boti	2
bou	12
boubesa	1
bouci	7
boudesa	12
boudesan	1
bouf	2
bougb	7
bougbdedau	2
bougena	3
bougwan	6
bouma	4
bouman	33
boumanahabi	1
boumanohob	1
bous	1
bousa	16
bousousa	1
bousugb	1
bouti	1
bouwa	19
bouwada	1
bouwadan	1
bouwaden	2
bouwan	41
bouwara	1
bouwasi	1
bouwedoc	4
bouwedocahabi	1
bouwohob	68
bowun	7
buc	66
bucan	1
bugdeh	2
bugdehaba	1
bugwa	3
bugwo	3
bui	1
buimogu	1
ceg	22
cempaka	1
cicir	1
cicireba	1
cicirebeni	1
cicireber	2
cicmogo	1
cigaha	5
cincin	2
cinebcina	3
cinogo	1448
cinogoda	10
cinogohob	5
cinogon	1
cinogoro	1
cireg	2
cucugb	138
cucugwohob	1
cufu	3
cugwen	1
cuhwai	10
cum	290
cumahaberoei	1
cumohob	1
cumoi	1
cumougt	71
cumougtohob	1
dabei	13
dabeiyohob	1
daben	9
dabosbos	2
daceca	1
dacecim	2
dacecimohob	1
dacgeij	105
dacogo	1
dad	3
dadedim	1
dadi	11
dag	6839
dagada	1
dagadgeij	3
dagaha	1
dagahugouhw	11
dagaigeij	3
dagam	2
dagames	2
dagamougb	4
dagasa	10
dagasenda	1
dagaseni	2
dagasges	5
dagasohob	1
dagauwesa	1
dagiro	279
dagod	1
dagodgod	2
dagunya	1
daha	3
dahamero	1
dahariou	1
dahasesei	1
dahau	10
dahauwa	4
dahidahim	1
dahilon	1
dahwan	23
daic	2
daideido	1
daigdougwo	13
daigdoumesa	1
daihi	1
daihim	3
daijero	1
daimeh	3
daimo	143
daimohob	1
dainda	1
daino	1
dainyen	16
dainyenara	1
daised	1
daiseisa	2
daisema	1
daiyamo	122
daiyan	7
dakeba	1
damimiri	1
damsoho	5
damuhumlo	3
dan	6813
dana	12
danaba	2
danahaba	2
danahabi	31
danbuma	1
dancoho	2
danehsud	1
danei	5
danero	56
daneroei	3
danes	1
dang	38
dangga	378
danggangei	1
danggei	9
danggero	16
danggerobma	1
danggohob	54
dani	31
danin	196
daninero	3
daninohob	1
daninto	2
danintodaha	1
danis	1
danlo	19
danlobma	1
danohob	136
danohoba	1
danohobei	3
dans	11
danto	4
dantog	3
dantogini	1
daos	4
dara	4000
darautut	2
dareb	2
dareg	56
dareh	1
darem	28
daremahabi	1
daremero	2
daremlo	2
darero	6
darges	24
darougb	60
dasma	1
dasulou	2
dateteij	5
dato	2
datou	5
datousa	1
dau	7331
daubuma	11
dauda	1
daudei	1
daudohob	1
daugiro	10
daugomom	1
daugtarera	1
daugwa	1
daum	32
dauma	2
daumero	2
daumohob	1
daums	2
dauni	14
dauntoba	537
daunun	1
dausa	1
dauwahabero	2
dauwahabi	47
dauwara	1
dauwebma	3
dauwero	12
dauwohob	296
dauwohoba	1
dauwohobei	1
dauwunohob	1
deb	967
deba	1
debaba	1
debahabi	4
debara	1
debbuma	1
debdes	40
debdesir	8
debdesohob	1
debdodo	1
debecij	28
debecijohob	1
debedbed	19
debehnehino	2
debei	2
debeibei	1
debero	28
debesesar	7
debiji	1
debin	1123
debinahabi	1
debinbin	5
debinbinero	1
debinbinim	1
debinbuma	1
debinim	144
debinimero	1
debinimohob	7
debinir	2
debinohob	2
debir	3
debma	1
debohob	68
debsa	239
debseni	1
debsohob	3
dec	13
decabeci	2
decgoneh	1
decgun	2
decic	11
decicijahabi	5
deciciji	8
decicugb	27
decicugwen	7
decinaga	145
decog	2
decug	2
ded	1
dedacu	2
dedag	121
dedagaigeij	1
dedahwan	2
dedebeij	42
dedec	3
dededau	1
dededu	3
dedehilon	1
dedeic	3
dedeigtou	2
dedeiya	7
dedemeda	133
dedemedahabi	1
dedemedebma	1
dedemedei	2
dedemeden	1
dedemedero	12
dedemedes	2
dedenara	1
dedens	4
dederba	1
dedesai	1
dedesesa	1
dedesijaresa	1
dedesma	2
dedidib	12
dedijidougwo	1
dedocuncum	3
dedohwiaga	1
dedou	1
dedoumouma	1
dedousa	1
dedreg	2
dedug	1
deg	4
degara	2
dehi	1
dehig	3
dehigdecin	1
dehilon	16
dei	1
deic	183
deicara	60
deicarahabi	1
deigdoc	13
deigdoumesa	51
deigeigouhw	213
deigeigouhwahabi	26
deigeigouhwohob	2
deigeigouhwohobei	3
deigouhw	4
deigtou	40
deigtousa	3
deihweda	6
deihwedan	1
deihwedaud	7
deihwededau	20
deihwedesa	1
deihwedig	9
deija	14
deijeboho	3
deijidougwo	16
deila	1
deimiman	24
deinaugb	131
deinaugwohob	2
deineg	2
deinesa	8
deino	1
deinoisa	1
deinyor	142
deinyori	1
deinyorim	1
deinyorohob	39
deinyorto	1
deis	2
deisa	321
deisara	2
deisaugb	3
deisohob	1
deit	1229
deita	54
deitaba	3
deitahaba	3
deitahabei	4
deitahabi	39
deitda	19
deitei	9
deitero	861
deiteroei	3
deiterohob	16
deitlo	33
deitohob	63
deitohoba	3
deits	28
deiya	150
deiyaga	2
deiyesa	1
deiyogeh	1
deiyohob	1
dekeba	7
dekirsa	2
dekris	4
delima	2
demaben	2
demaceca	2
demacecimero	1
demacgeij	22
demadi	4
demagag	1
demagahugouhw	1
demagodgod	3
demagungunara	1
demahau	6
demahwan	1
demaic	2
demaideido	2
demaigdougwo	2
demaihagab	1
demaimeh	1
demaimo	32
demaimoro	1
demainyen	1
demaiseisa	1
demaiyan	3
demamsoho	15
demaos	4
demarautut	1
demarei	1
demarges	26
demarougb	5
demas	3
demasid	2
demasij	1
demata	1
dematagaij	1
demateteij	2
dematou	1
demaudud	1
demauma	1
demauni	4
demauwaharo	1
demauwam	1
demdacu	1
demdagain	1
demdaimo	1
demdebeij	2
demdebir	1
demdehilon	1
demdeiya	2
demdenara	1
demdens	2
demdoc	1
demeb	1
demeba	2
demebedbed	4
demebiji	2
demec	6
demecgoneh	4
demecic	2
demecicugb	13
demecicugwen	2
demecinaga	28
demecinagero	1
demed	1
demedag	18
demedebeij	10
demedeinyum	2
demedenara	1
demedidib	1
demedis	1
demedreg	10
demedu	2
demedug	1
demeg	5
demegero	2
demehig	4
demehilon	1
demeic	91
demeicara	12
demeigdoc	1
demeigdoumesa	28
demeigtou	16
demeihweda	1
demeihwedaud	2
demeihwedebma	1
demeihwededau	3
demeihwedero	1
demeihwedes	1
demeihwedig	2
demeija	9
demeimiman	1
demeinegneg	1
demeino	1
demeinoisa	1
demeisa	2
demeisan	1
demeisaugb	1
demeitig	1
demeiya	9
demekeba	2
demekirsa	1
demen	32
demenara	18
demenbo	3
demenero	1
demens	47
demeperwei	2
demerba	3
demereiyara	13
demes	1
demesa	26
demesai	14
demesbes	2
demesedeb	2
demesedougwo	1
demesenagan	1
demesga	4
demesinsin	1
demesma	8
demesogwen	1
demesulou	5
demet	5
demetero	1
demetitir	2
demob	3
demobga	1
demobsara	6
democ	3
democirma	1
democuncum	3
demod	2
demodo	1
demog	26
demogod	8
demogodgod	1
demoguc	1
demogugwo	1
demogun	5
demoho	3
demohoiya	3
demohoma	1
demohud	1
demohw	3
demoiharaga	1
demomom	3
demos	5
demotogoto	2
demou	1
demouci	4
demougb	2
demougbdedau	1
demouma	1
demouman	1
demousa	3
demouwadan	1
demouwaden	6
demouwan	54
demouwanero	3
demouwara	1
demowun	3
den	303
denara	72
dendag	3
dendagai	26
denden	1
denim	1
dens	130
deperwei	3
dera	2
deraga	3
derba	4
dereiyara	1
dersa	1
desa	46
desagai	1
desai	219
desan	6
desedeb	29
desedeh	1
desedougwo	5
desei	1
deseino	551
deseinom	1
desesa	2
deseyeiyo	5
desga	12
desij	453
desijaresa	7
desijim	4
desijimei	1
desinsin	3
desisij	1
desma	7
desogwa	4
desogwesa	2
desrougb	3
desulou	77
det	13
detara	2
detob	2
detohob	1
diara	30
dibecij	1
dibo	5
didainyen	1
didecda	1
dideg	1
didegahabi	1
dideic	1
dideisa	1
dideiya	1
dideiyahabi	1
didi	27
didiero	1
didiyahabi	1
didocuncumahabi	1
didogod	1
didougwan	1
dig	512
digdobaba	1
diginda	1
diginin	1
digoro	6
digorobei	4
dimei	117
dimeiyeda	2
dimeiyohob	6
dindin	1
dinga	5
dingada	5
dingan	16
disij	1
do	1
dob	3
doba	1217
dobdeb	1
dobga	2
dobgasa	1
dobnaro	2
dobocija	1
dobogougb	1
dobosboro	2
dobosbororo	1
dobsara	3
dobuc	2
doc	26
doci	1
docigei	1
docirma	8
dococi	1
docohob	2
docuncum	28
dod	25
dodo	2
dog	114
dogmac	3
dognogna	1
dogo	3
dogod	36
dogohob	1
dogor	3
doguc	2
dogugwo	9
dogun	17
doguro	2
doho	5
dohoiya	1
dohoma	1
dohud	6
dohw	19
doiharaga	7
domba	56
dombaro	1
domber	14
dombesa	1
domom	31
domomohob	2
dos	37
dosusdero	2
dot	1
dotogoto	1
dou	8223
doucan	3
douci	11
doucimdeb	1
doudesa	16
douf	5
dougarij	1
dougb	5
dougbdedau	1
dougwaba	2
dougwahabi	1
dougwan	1
dougweda	1
dougwen	1
dougwo	1133
dougwodaha	9
dougwohob	18
dougwohobei	2
dougwom	6
dougworo	14
doum	142
douma	16
doumaba	1
doumahabi	1
douman	94
doumanohob	1
doumero	1
doumlo	1
doumohob	3
dour	5
dous	1823
dousa	28
dousaba	16
dousahabi	6
dousdaha	1
dousei	40
dousero	221
dousohob	1
douwaden	17
douwaharo	2
douwan	123
douwanero	1
douwara	1
douwoswos	3
dowun	28
du	1
duga	2
dugdeh	3
dugdehaba	1
dugdehohob	2
dugmougb	2
dugun	6
dugurij	10
dugurijeba	1
duhu	339
duhua	1
duhuahabi	1
duhuohob	7
duhuohobei	1
duhwero	2
duhwes	1
duleg	2
dum	198
eb	460
eba	18
ebaba	2
ebara	2
ebdebin	507
ebdededelo	1
ebdodo	1
ebdougwo	2
ebdougwodaha	1
ebedbed	45
ebedero	1
ebeh	1
ebehibeh	7
ebehibera	1
ebehnehino	23
ebeibei	5
ebeibeij	2
ebeigbogo	4
ebeij	76
ebeijohob	2
ebemoc	6
eberou	2
ebesesar	26
ebesesarohob	3
ebib	1
ebiji	88
ebijohob	8
ebin	50
ebir	11
ebrera	4
ebsa	35
ebsohob	3
ebsugeb	26
ebsugebei	1
ebtou	49
ebtouei	1
ebtoumou	2
ebtouohob	1
ec	118
ecabeci	94
ecabecohob	8
ecahabi	1
ecba	1
ecgoneh	26
ecgu	41
ecgun	15
ecguna	23
ecguohob	1
ecgwan	17
ecgwetagam	1
eci	9
ecib	1
ecic	55
ecicara	1
ecicugb	70
ecicugwen	20
ecicugwohob	3
ecij	1
ecinaga	158
ecinagohob	2
ecinten	1
eclul	2
ecug	3
ecugwo	1
ecugwom	2
ed	28
eda	8
edacgeij	5
edacgunog	1
edacu	2
edag	585
edaga	1
edagain	1
edagasa	20
edagasahabi	1
edagasem	2
edagaser	1
edagasohob	14
edagunya	4
edagunyohob	3
edahacugb	2
edahatit	1
edahwan	2
edan	1
edangga	1
edaran	1
edargeh	1
edarougb	2
edasa	1
edatou	4
edaud	1
edaugwohosa	1
edauma	4
edeb	1
edeba	2
edebdena	1
edebeij	343
edebeijohob	14
edebir	1
edebsa	2
edec	4
edecdaha	1
edecic	7
edecicugb	1
ededau	2
edegeij	4
edehilon	7
edehin	3
edeic	18
edeicara	4
edeigdoc	1
edeigouhw	1
edeigtou	12
edeigtouohob	1
edeij	6
edeija	1
edeijan	2
edeijidougwo	3
edeijohob	2
edeinesa	2
edeino	1
edeinyum	207
edeinyumohob	8
edeinyumohobei	2
edeisa	1
edeisameni	1
edeisaugb	2
edeisohob	5
edeisu	34
edeiya	9
edeiyer	1
edemer	2
eden	8
edenara	11
edendara	1
edens	16
ederba	2
ederougb	3
edes	4
edesa	8
edesai	1
edesan	1
edesedougwo	1
edeseino	5
edesesa	1
edesijaresa	1
edesma	9
edesohob	1
edesugb	4
edesulou	1
edetara	3
edetiniha	7
edgom	30
edgomei	2
edgwa	1
edidib	79
edina	13
edinohob	6
edis	1
ediseij	2
ediseijim	1
ediyebeiya	100
ediyebeiyohob	2
edob	2
edobsara	2
edocuncum	9
edogmac	1
edogo	1
edogod	5
edogun	2
edoho	1
edohudebes	1
edohw	10
edoiharaga	1
edomom	1
edoran	1
edos	3
edou	1
edouder	5
edougb	4
edougdaha	5
edougdoc	2
edougdocohob	1
edougougblo	1
edougwohob	1
edouma	3
edouman	1
edoumouma	3
edoumuma	3
edouwaha	1
edouwedoc	1
edreg	307
edregim	18
edu	38
edug	53
edugdug	1
edugsa	1
eg	50
egara	2
egeiga	1
egina	1
egregra	1
egrij	4
egriri	3
egsa	1
eh	18
ehi	4
ehig	9
ehigdecin	3
ehigdud	1
ehigehi	25
ehigeij	2
ehihim	3
ehilon	29
ehimon	1
ehin	28
ehinena	1
ehinsa	1
ehinsohob	1
ehinya	4
ehinyahinya	1
ehinyeinya	1
ehirirmo	2
ehohob	1
ei	19
eic	1827
eica	47
eican	2
eicara	174
eicaresa	1
eicerohob	1
eici	2
eicohob	1
eida	1
eigdara	3
eigdesa	3
eigdoc	190
eigdores	5
eigdoumesa	452
eigdud	1
eigeigouhw	1
eigouhw	392
eigouhwaba	1
eigouhwei	2
eigouhwohob	8
eigteh	9
eigtou	231
eigtouero	1
eigtouohob	4
eigtousa	11
eigug	1
eihwa	9
eihweda	59
eihwedan	9
eihwedanda	1
eihwedau	2
eihwedaud	19
eihwededau	66
eihwedesa	2
eihwedig	32
eihwedigiro	1
eihwesa	1
eij	17
eija	164
eijara	4
eijeboho	4
eijeij	2
eijeijesa	2
eijeijo	2
eijer	1
eijesa	47
eijesan	6
eiji	27
eijideijo	14
eijidougwo	177
eijobur	1
eijogoij	2
eijogor	1
eijohob	3
eijouhw	28
eijouhwa	2
eila	10
eiloboro	11
eiman	1
eimiman	26
eineg	154
einegneg	1
einegnegara	1
einesa	165
einesan	1
einesohob	2
eingbon	1
eingmos	5
eino	14
einoisa	19
einon	2
einya	1
einyana	261
einyanahabero	1
einyanahabi	1
einyanohob	29
einyedei	5
einyeinya	6
einyim	1
eir	16
eirir	1
eiriragasa	1
eirirga	2
eis	14
eisa	207
eisan	2
eisasa	1
eisaugb	865
eisaugwim	5
eisaugwohob	1
eisaugwu	1
eised	7
eiseisa	1
eiseisan	77
eiseisaugb	17
eiseisem	2
eiseisum	2
eisem	1
eisidged	1
eisohob	4
eitig	4
eitrij	1
eiya	192
eiyaga	15
eiyagan	1
eiyagarij	42
eiyema	7
eiyogoseser	1
eiyoho	3
eiyohob	2
eiyohora	6
ejiseresa	1
ekeba	32
ekeber	1
ekeberohob	1
ekirsa	4
ekris	10
ekrisahabi	1
ekrisohob	1
emaben	3
emabosbos	1
emacgeij	35
emacgunog	2
emaciduhwa	1
emacinim	1
emacuci	1
emad	5
emadedeij	1
emadedim	1
emadi	7
emaga	24
emagac	1
emagad	1
emagada	1
emagadadem	1
emagadgeij	20
emagag	3
emagaha	3
emagahugouhw	19
emagaigeij	10
emagas	30
emagasa	6
emagasero	2
emagau	5
emagauwesa	3
emagodgod	2
emagririj	1
emagtorij	1
emaguner	2
emagunerij	2
emagungun	1
emagunya	12
emagunyabuma	1
emagunyen	2
emahaba	1
emahacugb	1
emahahumohumesa	1
emahasesei	10
emahau	11
emahaufo	1
emahauwa	2
emahud	7
emahurim	3
emahwan	27
emai	4
emaic	7
emaideido	1
emaidoc	1
emaiga	2
emaigdougwo	17
emaigdougworo	1
emaigdoumesa	2
emaihad	2
emaihagab	8
emaihiron	4
emaijahasero	1
emaijan	1
emaijero	1
emaimo	188
emaimoro	5
emainda	1
emainesa	1
emaingmo	8
emainyen	10
emaisedir	1
emaisema	1
emaiso	1
emaisoboro	1
emait	7
emaitero	2
emaiyan	19
emaiyei	1
emaiyero	42
emaiyerohob	1
emakebin	2
emamcirac	1
emamsoho	57
emancoho	2
emansins	4
emaos	6
emarautut	11
emarerei	2
emaresbes	1
emarges	72
emargesim	1
emarjaga	3
emarougb	28
emas	58
emasai	1
emasesa	1
emasid	8
emasidged	1
emat	1
emata	6
emateteij	6
ematij	2
emato	1
ematou	16
emau	1
emaugtarera	1
emaugwan	46
emaugwana	1
emaugwohosa	12
emaulo	4
emauma	2
emaung	1
emauni	28
emaunun	6
emauti	6
emauwam	6
embreij	6
emdagaus	1
emdagunya	13
emdaingmo	2
emdainyen	1
emdamouwer	2
emdamouwerij	1
emdatou	2
emdebeij	3
emdebeitor	1
emdec	1
emdecic	2
emdecicugb	2
emdecinaga	1
emdehilon	1
emdeic	10
emdeigtou	3
emdeinana	1
emdeinesa	2
emdeiseisan	1
emdeiya	5
emdens	1
emdes	2
emdesai	2
emdesma	3
emdoc	104
emdocedoum	1
emdocesa	1
emdocesem	6
emdoclo	1
emdogmac	1
emdohobas	1
emdohwara	1
emdomom	1
emdos	4
emdouwedoc	1
emeb	188
emeba	39
emebara	2
emebbuma	1
emebdebin	112
emebdededelo	1
emebdededero	1
emebedbed	17
emebehnehino	9
emebeij	1
emeber	1
emebero	3
emebesesar	13
emebib	1
emebija	2
emebijebma	1
emebijes	1
emebiji	2
emebin	9
emebirker	1
emebsa	14
emebser	1
emebsero	3
emebsugeb	2
emebtou	7
emec	36
emecabeci	3
emecbeca	1
emecbuma	1
emecgoneh	9
emecgu	3
emecgun	6
emecguna	5
emecgwan	8
emecgwanim	1
emecic	11
emecicgo	2
emecicugb	24
emecicugwen	2
emecinaga	94
emecinagero	1
emeclul	1
emed	3
emedag	155
emedagasa	1
emedagasebma	6
emedangga	1
emedanggaro	1
emedebeij	46
emedebeijbuma	5
emedebeijohob	1
emedebin	1
emedecic	1
emededau	1
emedegeing	1
emedehilon	2
emedeicara	1
emedeij	1
emedeinyum	159
emedeinyumbuma	1
emedeinyumero	9
emedeinyumeroei	1
emedeiya	1
emederougb	1
emedetara	1
emedeyebeiya	1
emedgom	4
emedgomlo	1
emedi	1
emedidib	7
emedigo	1
emedina	2
emedis	1
emediyebeiya	85
emediyebeiyero	1
emedohw	1
emedos	1
emedougdaha	1
emedougwan	1
emedreg	67
emedregero	1
emedregim	21
emedregimero	2
emedregimlo	1
emedu	4
emedug	5
emeg	16
emegara	4
emegohob	1
emegrerij	1
emeh	2
emeha	1
emehig	8
emehigben	1
emehigdecin	1
emehigehi	4
emehilon	8
emehin	5
emehir	1
emei	1
emeic	399
emeica	10
emeicara	50
emeicero	1
emeici	1
emeigbib	1
emeigdoc	38
emeigdoumesa	101
emeigouhw	31
emeigouhwero	4
emeigouhwes	1
emeigouhwohob	1
emeigteh	1
emeigtou	69
emeigtousa	1
emeigtousebma	1
emeihweda	8
emeihwedau	1
emeihwedaud	2
emeihwedebma	2
emeihwededau	10
emeihwedesa	1
emeihwedig	7
emeija	27
emeijara	1
emeijeijlo	1
emeijeijo	2
emeijero	2
emeijesa	24
emeijesan	16
emeijesero	5
emeiji	5
emeijideijouhw	1
emeijidougwo	9
emeijobur	1
emeijouhw	1
emeila	1
emeimiman	7
emeineg	19
emeinesa	49
emeino	3
emeinoisa	3
emeinyana	3
emeinyanero	1
emeinyeinya	1
emeinyeinyaro	1
emeiri	3
emeis	2
emeisa	38
emeisaugb	8
emeisaugwero	1
emeisaugwum	1
emeised	3
emeiseisan	10
emeises	1
emeitig	1
emeiya	72
emeiyaga	1
emeiyahaiya	1
emeiyeiya	1
emeiyogoseser	3
emekeba	7
emekebimohob	1
emekirsa	1
emekris	1
ememacgeij	7
ememagahugouhw	1
ememagaigeij	1
ememagaij	1
ememahau	1
ememaimo	10
ememainyen	2
ememaos	1
ememarerei	2
ememarges	11
ememarougb	1
ememauma	1
emembreij	5
emembreijbuma	1
ememebedbed	2
ememebehnehino	1
ememecgoneh	1
ememecinaga	7
ememed	2
ememedag	5
ememedebeij	2
ememedreg	3
ememeg	1
ememeic	13
ememeicara	4
ememeigdoumesa	2
ememeigtou	1
ememeija	4
ememeijidougwo	1
ememeimiman	2
ememeinesa	1
ememeisa	1
ememeiya	3
ememeiyero	1
ememen	3
ememenara	4
ememens	3
ememeperwei	1
ememerba	2
ememereiyara	1
ememesai	2
ememesma	2
ememesulou	1
ememet	1
ememobsara	3
ememod	2
ememog	1
ememomomero	1
ememouma	2
ememouman	1
ememousa	1
ememouseij	1
ememouwan	10
ememowun	1
ememtahabero	3
ememtereta	1
emen	2268
emena	5
emenahabi	17
emenara	78
emenarabuma	1
emenda	2
emendagai	1
emendaha	1
emendero	1
emendohobei	1
emenei	1
emenero	4
emeneroei	1
emeng	61
emeni	2
emenin	40
emeninahabi	1
emeninero	1
emenlo	2
emenohob	42
emenohoba	1
emens	95
emensei	1
emeperwei	18
emera	26
emeraga	3
emerba	21
emerei	1
emereiyara	21
emererij	2
emerij	12
emerijlo	1
emerisa	1
emerleij	4
emerses	5
emes	9
emesa	60
emesai	135
emesan	1
emesara	1
emesbes	8
emesbesero	2
emesdigeij	2
emesedeb	16
emesedougwo	8
emesenagan	1
emesera	2
emeses	2
emesga	12
emesgiraha	17
emesgirahesa	10
emesi	5
emesij	1
emesijaresa	6
emesijes	1
emesinsin	15
emesloulougb	8
emesloulougwero	5
emesma	16
emesogwa	6
emesogwesa	2
emesrougb	18
emesugb	1
emesulou	26
emet	11
emetaha	11
emetara	12
emeteij	2
emeteroei	1
emetetahaitoro	1
emetitir	2
emetogoto	1
emetohob	1
emetohobro	1
emetrij	24
emin	3
emina	22
emingma	1
eminin	1
emir	17
emirero	1
emires	2
emireseb	2
emiresero	1
emiresi	4
emiresmougwei	1
emiresohob	3
emirs	5
emjemouwa	5
emjemouwer	10
emob	3
emobdeb	1
emobdobdem	1
emobgesa	28
emobgesero	3
emobgos	2
emobobo	1
emobogougb	2
emobosboro	1
emobrugb	1
emobsara	65
emobsarero	1
emobungma	1
emoc	4
emocgocroro	2
emoci	2
emocirma	8
emocuncum	15
emod	22
emodo	1
emog	19
emogdoc	40
emogdogda	7
emogo	1
emogod	58
emogodir	2
emogom	6
emogomcin	1
emogon	3
emogor	2
emogu	2
emoguc	1
emogugwo	9
emogun	8
emoho	59
emohobas	1
emohoiya	7
emohoma	1
emohora	4
emohorbrida	1
emohos	1
emohoseri	1
emohotimei	1
emohu	2
emohud	8
emohulugb	1
emohw	23
emohwara	1
emoiharaga	22
emoiharagabuma	2
emombrerij	2
emomcirec	1
emomdia	1
emomom	65
emomombuma	1
emomomero	5
emomomlo	1
emomomtom	9
emomomtomero	2
emomomtomlo	2
emongkum	1
emos	20
emosnihero	1
emosum	1
emot	1
emotogoto	5
emou	10
emoucan	2
emouci	11
emoucimdeb	4
emoudesa	3
emoudesan	1
emoududa	1
emouf	8
emouforoho	4
emougb	1
emougbda	2
emougbdedau	3
emougdoc	2
emougdud	1
emougt	2
emougwaha	1
emougwahan	1
emougwo	4
emougworo	1
emougwou	1
emoum	1
emouma	19
emouman	25
emoung	2
emoungben	1
emoungmerema	1
emoungmogorobma	1
emousa	57
emousero	1
emousireij	1
emousousa	1
emout	2
emoutut	1
emouwada	2
emouwadan	10
emouwaden	14
emouwan	79
emouwanero	6
emouwanerohob	1
emouwara	2
emouwedoc	2
emouwedocero	1
emouwemougb	10
emouwesa	1
emouwesebma	1
emowun	33
emsi	4
emsir	6
emsira	7
emsirahabi	1
emsoho	1
emsouwer	1
emsouwero	1
emtereta	7
emu	5
emufu	2
emug	16
emugt	1
emugwengga	17
emugwenggini	1
emugwihi	2
emuhw	1
emumsi	1
emuro	1
emus	10
emusud	1
emuwesa	5
en	20357
ena	10
enaba	9
enahabi	16
enara	923
enbuma	10
enbumei	1
encoho	2
enda	21
endag	103
endagai	1647
endaha	2
endahabi	3
endohob	1
endohobei	2
enei	11
enena	2
enero	106
eneroei	1
eng	645
engga	12
enggei	8
enggenda	1
enggohob	1
engkingkan	1
eni	296
enin	1227
eninahabi	1
eninei	2
eninero	10
eninggang	1
eninohob	7
eninto	2
eninuan	1
enlo	9
enlobma	2
enmohomoho	3
enohob	442
enohoba	3
enohobei	1
ens	524
ensa	1
entog	1
eperwei	66
era	262
eraga	14
eragasa	3
erba	101
erbacec	18
erebero	1
ereiyara	10
erera	3
ererij	2
erij	384
erijan	1
erijbuma	1
erijohob	2
eriragasa	2
eririj	12
erisa	7
eriyetahesa	2
erjeijohobei	1
erleij	69
ersa	1
es	52
esa	318
esadoc	1
esagai	3
esai	168
esan	7
esara	11
esbes	11
esbesan	1
esda	1
esdigeij	15
esdigeijim	2
esebesa	6
esedeb	288
esedebohob	2
esedeh	2
esedi	5
esedougwo	67
esemougwisa	1
eseririm	1
eses	1
esesa	197
esesilo	11
esetoto	1
eseyeiyo	44
esga	97
esges	6
esgesgaba	1
esgigouhwesa	1
esgiraha	68
esgirahesa	22
esgirahesohob	1
esgohob	17
esij	8
esijaresa	18
esinsin	94
esinsinohob	6
esisilo	5
esisug	1
esloulougb	86
esma	25
esmesman	7
esmohob	1
esogan	1
esogsogwa	1
esogwa	119
esogwesa	9
esohw	2
esougb	1
esrougb	82
esuan	1
esugb	2
esugwes	1
esulou	205
et	69
etagarij	1
etaha	41
etahohob	1
etara	18
etarahabei	1
etarerij	1
eteij	1
etetaha	2
etetahaito	2
etin	1
etiniha	4
etir	2
etitir	8
etob	6
etohob	3
etohobro	1
etohoi	1
etrij	118
etub	5
ga	5
gaba	5
gabeda	4
gabedahabi	2
gaben	21
gabinda	1
gac	2
gacda	10
gacdahabi	1
gacgeij	3
gacgunog	7
gacgunogohob	1
gacin	100
gacinahabi	1
gacinda	1
gacinei	1
gacinero	2
gacinohob	1
gada	15
gadahabi	1
gadeda	1
gaden	3
gadohob	1
gagabgeb	1
gagabgebi	2
gagadgeij	2
gagaha	1
gagahugouhw	10
gagaim	1
gagaresa	12
gagarougb	1
gagas	28
gagrigrilo	2
gagungunara	3
gagunya	4
gahamera	2
gahan	11
gahandidi	1
gahani	4
gaharu	1
gahasesei	1
gahau	3
gahaufo	10
gahauwouwa	1
gahud	2
gahurim	1
gahwan	5
gaic	1
gaicara	1
gaigdougwo	1
gaih	10
gaiha	1
gaihahabi	1
gaihida	7
gaihim	23
gaihimero	1
gaihinda	1
gaihirir	1
gaihohob	1
gaihohoba	1
gaijahasero	3
gaimo	1
gaimougtut	19
gaineg	1
gainyen	3
gainyenara	138
gainyenarero	1
gaisema	6
gaisoborohob	1
gait	2
gaiyansa	1
gajah	1
gakebin	1
gang	1
gansins	63
ganusbus	130
gara	18
gareba	9
garebeb	1
gareber	2
gareg	592
gareibahau	13
garemeta	1
garemogus	1
garemos	3
garena	25
gareng	28
gargeh	1
garjaga	3
garjeijaga	7
garougb	8
gasesa	1
gasilagara	1
gatij	2
gatou	2
gatouda	1
gau	1
gaugdoho	2
gaugwanara	1
gaugweda	7
gaugwohosa	3
gaugwougwero	1
gauloulom	1
gauwaharo	6
gauwamara	75
geb	840
geba	7
gebaba	1
gebdebin	3
gebdededero	3
gebeba	2
gebedbed	23
gebehibera	11
gebesesar	6
gebesesarohob	1
gebin	1
gebsa	4
gebtou	2
gec	9
gecabec	1
gecabecero	1
gecabeci	58
gecabecohob	1
gecec	2
gecgu	424
gecguero	1
gecguohob	4
gecgwan	1
gecgwero	4
gecic	1
ged	4
gedag	92
gedangga	1
gedebdena	1
gedebeij	1
gedecdaha	1
gededau	1
gededeic	1
gedeij	2
gedeijan	29
gedeinyum	3
gedig	1242
gedigiro	1
gedigirong	1
gedis	1
gedisi	3
gediyebeiya	5
gedouder	3
gedougdaha	11
gedougdahabi	2
gedreg	6
gedu	1
geg	12
geh	2
gehin	3
gehinya	1
geic	98
geica	161
geicara	1170
geicaragecgu	1
geicarero	4
geicarohob	1
geicohob	1
geigdoc	4
geigeigouhw	1
geigeigouhwohobei	1
geigouhw	555
geigouhwa	1
geigouhwahabi	1
geigouhwei	1
geigouhwero	6
geigouhwohob	6
geigouohw	1
geigtou	35
geigtousa	1
geihwedaud	6
geihwededau	2
geihwedig	2
geihwi	1
geihwidua	3
geij	2
geija	5
geijesa	1
geijidougwo	1
geijogor	2
geijor	4
geijouhw	3
geilet	1
geiloboro	1
geimiman	3
geindaredeb	6
geineg	5
geingmos	16
geino	4
geinoisa	2
geinyana	3
geinyedei	1
geinyeinya	1
geinyim	3
geir	1
geira	1
geirir	11
geiror	2
geis	1
geisa	16
geisaugb	6
geiseisum	3
geiseni	6
geisu	3
geiya	1
geiyagarij	1
geiyara	1
geiyema	3
geiyoho	4
geiyohora	5
gemahau	1
gemahauforo	1
gemahwan	1
gembala	246
gemebarebma	1
gemec	1
gemehigdoc	1
gemeic	2
gemera	5
gemerisero	11
gemesai	1
gemod	1
gemogo	1
gemta	5
gen	82
genara	21
gendagai	1
genes	14
gens	1
geperwei	2
gera	3
geragasa	2
geraimeij	1
gerba	9
gereiyara	7
gererij	7
geria	3
gerij	7
gerisa	4
gerleij	12
ges	3
gesa	171
gesai	65
gesedeh	1
gesedi	1
gesedougwo	51
gesesa	3
geseyeiyo	1
gesgigouhwesa	158
gesgigouhwesem	11
gesgiraha	11
gesgirahesa	1
gesiabaga	2
gesij	1
gesijaresa	1
gesim	1
gesinsin	4
gesisilo	5
gesisiloei	2
gesisug	117
gesisugbuma	1
gesisugdohob	1
gesisugeda	1
gesisugero	1
gesisugohob	8
gesisugwen	1
gesloulougb	8
gesma	2
gesmesman	3
gesog	1
gesogwa	2
gesrougb	19
get	3
getaha	26
getara	1
getougtoro	2
getrij	8
gia	11
giag	2
gibeca	1
gibecohob	1
gida	194
gidag	1
gidob	16
gigbaba	9
giji	24
gijohob	2
gin	7096
gina	192
ginaba	38
ginahaba	3
ginahabero	2
ginahabi	40
ginbo	1
ginbuma	23
ginbumei	3
ginda	14
gindaha	3
gindahaba	1
gindahabi	1
gindei	2
gindohob	1
ginei	42
ginero	379
gineroei	6
ginerohob	2
gini	3772
ginin	5
gininda	4
ginindahabi	1
gininggei	1
ginis	1
ginlo	48
ginlobma	1
ginohob	1240
ginohoba	6
ginohobei	17
gins	3
ginsei	3
giohob	1
giro	9
girohoba	1
girong	4
gironggina	1
giyohob	2
gob	1
gobgeino	1
gobgos	1
gobob	2
gobobo	1
gobogougb	2
gobosboro	10
gobsara	14
gobsaresa	1
gobungma	1
goc	3
gococ	1
gocuncum	13
gocuncumohob	1
godeh	116
godehaba	1
godehohob	1
godo	1
gog	2
gogdoc	1
gogo	1
gogod	10
gogom	684
gogomcin	1
gogomei	1
gogomero	2
gogomes	5
gogomohob	3
gogor	97
gogouf	136
gogoufu	56
gogun	4
goho	20
gohonohona	1
gohoseri	17
gohoserohob	3
gohud	2
gohudara	1
gohugouhw	1
gohulugb	1
gohw	18
gohwan	1
gohwiaga	2
goiharaga	50
goilo	1
gombrerij	1
gomcirec	1
gomnoma	1
gomnomna	584
gomnomnero	3
gomnomnohob	5
gomnomnohobei	4
gomom	565
gomomero	1
gomomohob	5
gomomtom	3
gor	1
gororo	1
gororougb	342
gororougwim	58
gorougb	3
gos	71
gosum	4
goto	1
gotogoto	2
gototo	37
gou	1
goubesa	595
goubesebesa	1
goubesero	3
goubesohob	1
goucan	5
goucimdeb	162
goucimdebero	2
goucimdebohob	2
goucucanim	1
goucucugb	1
goud	2
gouforoho	23
gouforohoro	1
gougb	3
gougouf	1
gougwa	65
gougwan	5
gougwanara	3
gougwanero	1
gougwina	1
gouhw	11
goujeiji	3
goujero	2
gouji	111
goujir	3
goujohob	2
gouma	2
gousa	4
gousanara	25
gouwada	2
gouwadan	1
gouwaden	13
gouwaharesa	1
gouwaharo	4
gouwan	1
gouwara	2
gouwedebeda	2
gouwedoc	8
gowi	1
gowun	1
gowunaresa	5
grag	7
graga	897
gragaba	6
gragacin	1
gragacinohob	2
gragada	2
grageng	1
gragenggei	1
gragenggohob	1
gragero	9
gragohob	85
greb	6
grebohob	1
gubernor	1
gudec	3
gugdo	6
gun	12
guneda	1
gunini	3
gunohob	1
gurei	4
gurerei	6
gurereito	34
gurereitohob	1
gurog	18
gurogero	1
guru	2
gus	940
gusaba	1
gusahabi	4
guseda	4
gusei	5
gusero	14
guserobma	2
gusi	4
gusin	4
gusohob	13
habero	11
haga	3
hameij	2
hancob	282
hancobaba	2
hancobahabi	1
hancobei	1
hancobes	1
hancobohob	14
hang	1336
hanoba	277
higbei	20
higbeiyohob	4
hinehibemogo	1
hinogo	21
hiraga	3
hirog	2
hisob	3
hoba	1
hobjerai	99
hobjeraiyohob	7
hobjerem	11
hobjerogu	5
hobjeromoi	3
hogo	3
hogon	1
hogu	87
hoguohob	1
hom	4004
homa	37
homaba	1
homahabi	3
hombuma	19
homei	3
homero	22
homohob	28
homoi	134
homoiyahabi	3
homoiyerohob	1
homoiyohob	13
homs	1
homto	4
hosa	130
hosaiya	10
hosei	63
hoseiyohob	1
hosohoba	1
hotingga	5
hu	6
huga	3
hugaiyebeiya	1
hugba	12
hugbei	13
huhugb	591
huhugwei	1
huhugwero	3
huhugwohob	8
huntun	56
hwai	158
hwaibuma	2
hwaito	1
hwaiyaba	1
hwaiyahabi	1
hwaiyero	3
hwaiyohob	6
hwas	65
hweij	14
hweijeba	1
hweijir	11
hweing	1
hwigbei	6
hwigbeimos	19
i	12
icira	463
icirero	2
icirim	3
icirohob	8
igbum	12
igda	139
igdabogo	6
igdabogohob	2
igdahab	132
igdahabi	7
igdebes	67
igdebeseba	8
igdebesebeni	1
igdebir	12
igdebirahabi	1
igdecgwa	2
igdecigba	1
igdedeij	4
igdedeijohob	1
igdes	8
igdohos	63
igtia	20
igtien	2
igtiohob	1
ij	190
ijam	4
ijero	1
ijes	2
ijohob	7
ijongkebaga	5
ijou	14
ijouhugwa	14
imbrei	4
incgwida	1
indaga	31
indagto	2
indagtor	10
indagtorij	3
indaguna	4
indaguner	7
indagunerij	109
indameito	2
indameitor	5
indamouwa	1
indamouwer	5
indamouwerij	102
indan	439
indanohob	2
indebeito	1
indeicei	1
indeicohob	1
indeijohob	1
indeijohobei	1
indibes	6
indidgo	2
indidruh	3
indih	1
indihida	6
indihidahabi	3
indihider	1
indihir	5
indihirija	15
indihw	1
indim	16
indin	7
indina	50
indinerij	2
indinesa	1
indinesem	1
indinuhwa	3
indir	227
indira	1
indirero	2
indires	19
indiresa	1
indireseb	8
indiresebaba	1
indiresi	5
indiresohob	4
indirgo	1
indirs	6
indisahabi	1
indisi	28
indisir	1
indiswes	1
indoc	388
indocesem	5
indoho	204
indohoei	1
indohora	11
indohorero	1
indohotimei	6
indromera	1
indu	8
indubisamougb	1
inducba	1
induf	1
indufesa	1
indug	33
indugt	15
indugtemei	1
indugtero	1
indugweng	1
indugwengga	38
indugwengginaba	1
indugwenggini	5
indugwero	1
indugwihi	13
induhw	8
indur	1
induri	1
induro	20
indus	16
indusur	1
induwemougb	12
induwesa	3
ineg	19
inegaba	1
inegohob	89
ineinagas	5
ineino	3
ineinohabi	1
inenihi	4
ing	38
ingga	950
inggabuma	1
inggada	3
inggadeinda	1
inggaida	33
inggang	7
inggangga	1
inggaro	7
inggas	1
inggeb	16
inggebga	97
inggebgaba	4
inggebgei	2
inggebuma	1
inggeda	1
inggedesa	1
inggei	4
inggeic	1
inggeigtou	1
inggeis	1
inggeng	1
inggesa	1
inggin	1
inggina	9
ingginaba	2
ingginahabi	1
ingginbo	2
ingginda	1
ingginei	16
ingginero	1
inggini	6
ingginohob	1
inggiro	2
inggiroda	2
inggirodohoba	1
inggohob	27
ingma	441
ingmahabi	3
ingmanahabi	1
ingmangga	1
ingmanggeb	1
ingmanggebga	5
ingmanggei	1
ingmanggini	1
ingmaro	58
ingmaroei	1
ingmeb	1
ingmebma	4
ingmebmei	3
ingmemeb	22
ingmemebero	1
ingmes	10
ingmesohob	2
ingmohobei	1
injemeito	3
injemouwa	1
injemouwer	3
ino	42
inohob	2
inoro	2
insi	9
insir	19
insira	52
insirero	1
insirija	8
insirohob	2
insoho	1
insouwa	2
insuwa	1
intemouwahabi	1
intemouwu	1
inyomda	18
iremeb	1
irinya	5
irir	32
iririm	1
iririmohob	1
iroginahabi	1
irogini	9
iroginohob	1
isadum	5
isgwerec	1
isinggini	1
isisga	1
isisi	9
isnaro	39
iteito	1
iteitogin	127
iteitogina	1
iteitoginaba	6
iteitoginahabi	3
iteitoginda	2
iteitoginero	1
iteitogini	79
iteitoginohob	2
iteitograga	2
iteitogragohob	2
iteitongga	1
iteitonggaba	1
ito	1
itoterba	1
iyohob	1
jeneg	1
jintan	1
juta	1
kab	17
kaba	12648
kambing	7
kapal	4
karon	2
kawamab	1
kebta	8
kebtemaga	6
kecubung	1
keita	5
keledai	26
kemantu	6
kemenyan	1
kermum	23
kermumero	1
keropo	10
ketemei	1
kiki	1
kilo	1
krawan	27
krisdal	2
krisopras	1
kuda	40
kum	1
kwag	1
lab	2
labedbed	3
labemocedoum	1
laben	6
labesesar	1
labora	1
labosbos	15
labsugeb	1
labursa	1
lac	8
lacahabi	1
lacba	1
laceca	7
lacecim	32
lacecimohob	1
lacecinim	2
lacgeij	68
lacgoneh	1
lacguna	1
lacic	10
lacicim	1
lacicugb	11
lacinaga	4
lacinim	16
lacinimahabi	2
lacinimohob	14
lacirma	2
lacoci	1
lacogom	1
lacuncum	3
lad	23
ladag	15
ladagunya	1
ladeba	1
ladebeij	42
ladebeijohob	3
ladec	1
ladecic	2
ladecinaga	1
laded	1
ladedau	1
ladedeij	2
ladedim	6
ladehilon	1
ladeic	2
ladeisaugb	1
ladeisaugwohob	1
ladeiya	2
laden	5
lades	1
ladesedougwo	1
ladesma	2
ladesugb	1
ladetara	1
ladi	15
ladidib	4
lado	2
ladocuncum	1
ladogmac	2
ladogod	2
ladom	1
lados	1
ladoudreg	1
ladra	2
ladreg	1
ladug	1
lag	6
lagacgec	6
lagad	1
lagada	2
lagag	1
lagaha	10
lagahugouhw	62
lagaigeij	61
lagaij	2
lagaim	2
lagaimahabi	1
lagain	3
laganini	4
lagaresa	3
lagasa	8
lagaseni	1
lagauwesa	3
lagida	8
lagiji	2
lagod	9
lagodgod	15
lagon	2
lagririj	1
lagrogra	1
lagugum	1
lagugwo	1
lagun	3
lagungun	4
lagungunara	1
lagunya	25
lagunyen	6
lagunyenohob	1
lagunyohob	1
laha	3
lahacugb	21
lahadahadim	1
lahahumohumesa	1
lahariou	1
lahasij	2
lahau	67
lahauwa	1
lahig	2
lahilon	3
laho	6
lahud	22
lahurim	2
lahwai	101
lahwan	103
lahwas	21
lai	1
laic	45
laicara	3
laiceicira	2
laicim	3
laicira	12
laideido	5
laideidoro	1
laidim	1
laiga	4
laigdougwo	1
laigdougwom	1
laigdoumesa	7
laigtou	20
laih	1
laihagab	6
laihirir	1
laihiro	1
laihiron	3
laihweda	12
laihwedan	1
laihwededau	11
laihwedesa	1
laihwedig	4
laihwedohob	4
laija	1
laijahasero	23
laijeijo	1
laiji	2
laijidougwo	6
laimeh	1
laimiman	3
laimo	383
laimom	3
laineg	4
lainesa	7
lainesohob	1
laingma	21
laingmeda	3
laingmo	4
laino	5
lainyeinyen	2
lainyen	21
lainyenara	1
lair	1
lais	1
laisa	10
laisacij	4
laisaugb	5
laised	13
laisedim	25
laiso	3
laisoboro	17
laiwhedau	1
laiya	13
laiyagarij	3
laiyan	34
laiyeiyo	2
lakeba	1
lakebim	1
lama	2
lamacecim	2
lamagasa	1
lamahasesei	1
lamahau	2
lamaimo	2
lamaitou	1
lamarougb	1
lamaugwohosa	1
lambrera	1
lamdesma	1
lamecicugb	2
lamecinaga	1
lamedag	6
lamediyebeiyabuma	1
lamediyebeiyes	4
lamedreg	2
lameic	14
lameicimbuma	1
lameigtou	3
lameihweda	1
lameihwedig	1
lameinesa	1
lameiya	2
lamekebim	1
lamen	1
lamenara	2
lamens	1
lamerba	1
lamereiyara	1
lamesai	2
lamesma	2
lamimiri	1
lamobsara	1
lamoiharaga	1
lamom	3
lamouma	1
lampu	2
lamsoho	14
lamuhumlo	9
lamumi	3
lan	1079
lana	1
lanara	26
lanbuma	1
landa	2
landagai	30
landohob	1
lanei	1
lanero	1
lang	11
lani	7
lanin	4
lanlo	1
lanohob	30
lans	7
lansins	2
lanta	8
laob	2
laobga	5
laobsara	2
laocagem	4
laoci	2
laohw	5
laos	10
laperwei	5
laraga	1
laragasa	3
larautut	8
larba	2
larbem	2
larei	3
lareineg	1
larerei	15
laresbes	6
largeh	3
larges	48
largesim	1
largesir	1
largomun	1
larougb	69
larses	2
las	28
lasa	14
lasai	33
lasaih	4
lasbes	1
lasedeb	3
lasedougwo	4
lases	1
laseseijim	1
lasesem	1
laseyeiyo	12
lasga	3
lasgigouhwesem	1
lasgun	1
lasid	13
lasidged	3
lasij	2
lasijaresa	5
lasilagara	3
lasinsin	1
lasma	1
lasogwa	1
lasrad	1
lasuardi	1
lasud	11
lasudbod	1
lasudbodohob	1
lasugrog	1
lasulou	2
lata	1
latagaij	2
latara	2
lateijim	1
lateteij	5
lateteijahabi	1
latir	2
lato	2
latou	26
latouda	2
latousa	3
lau	18
laucan	7
laudesa	1
laudreg	1
lauf	1
laugb	1
laugbdedau	1
laugbtarera	8
laugwan	1236
laugwana	2
laugwanahabi	2
laugwanda	3
laugwanero	4
laugwanlo	2
laugwanohob	40
laugwanohobei	1
laugwans	2
laugwansei	2
laugwohosa	17
lauhw	1
laulo	1
lauloulo	1
laum	2
lauma	9
lauman	20
laumara	2
laumohob	1
laung	1
launi	66
launun	8
lausa	5
lauti	1
lauwabara	4
lauwaden	1
lauwaharo	34
lauwam	30
lauwaman	1
lauwan	5
lauweila	16
lauweilem	1
lauwi	2
lauwim	6
lauwogod	1
lauwoho	1
lawoi	1
lawun	4
leb	28
leba	6
lebara	13
lebedbed	43
lebedbedim	2
lebedero	7
lebehibeh	3
lebehnehino	10
lebemocedou	2
lebemocedoum	6
leberera	1
lebesesar	30
lebesesarohob	4
lebesesarohobei	1
lebib	1
lebiji	22
lebin	35
lebir	2
lec	131
lecabeci	13
lecabecohob	2
lecba	6
lecbo	1
lecgoneh	9
lecgun	6
lecguna	31
leci	36
lecic	55
lecicero	1
lecicugb	38
lecicugwohob	2
lecinaga	166
lecinagohob	2
lecinc	1
lecincara	1
leclul	1
leclulan	1
led	20
leda	1
ledag	156
ledagaigeij	5
ledagasa	6
ledagaseni	2
ledagunya	2
ledagunyohob	1
ledahacugb	1
ledahahumohumesa	1
ledahauwa	2
ledahwan	17
ledarges	2
ledarougb	1
ledas	3
ledatou	3
ledauma	1
ledebdena	1
ledebeij	167
ledebeijohob	3
ledebir	1
ledec	17
ledecic	13
ledecicara	1
ledecicugb	2
leded	1
lededau	2
ledegeij	2
ledehilon	3
ledehin	3
ledehinsa	1
ledeic	12
ledeicara	2
ledeida	1
ledeigdoumesa	2
ledeigtou	10
ledeija	3
ledeijan	4
ledeijidougwo	2
ledeimiman	1
ledeineg	1
ledeinesa	2
ledeisa	2
ledeised	3
ledeiya	20
ledeiyogoseser	1
leden	25
ledenara	10
ledens	1
lederba	2
ledereiyara	1
ledes	3
ledesa	2
ledesai	1
ledeseino	2
ledesesa	1
ledesma	1
ledesugb	2
ledetara	5
ledetob	4
ledidib	26
ledim	1
ledis	4
lediyebeiyohob	1
ledob	7
ledobsara	1
ledoci	1
ledocigei	1
ledococ	1
ledogod	2
ledogon	1
ledogug	1
ledoho	3
ledohud	1
ledohw	3
ledohwara	1
ledomom	2
ledos	3
ledouci	5
ledoucimdeb	2
ledoudesa	1
ledouf	2
ledougb	1
ledougwanara	2
ledouma	6
ledreg	34
ledregim	5
ledu	16
ledug	5
leg	71
legara	8
legaresa	1
legina	3
legregim	1
legrij	3
legririj	1
leh	3
lehi	1
lehig	18
lehigdecin	4
lehigdog	1
lehigdud	1
lehigeij	1
lehilon	48
lehimahama	1
lehin	13
lehinyeinya	1
lei	7
leic	568
leicara	171
leicaresa	1
leicim	7
leicimohob	2
leida	3
leigba	1
leigdau	1
leigdaum	3
leigdoc	5
leigdores	3
leigdoumesa	176
leigdoumesan	1
leigouhw	4
leigouhwohob	3
leigteh	2
leigtou	175
leigtouahabi	1
leigtouohob	5
leigtousa	8
leigtousohob	1
leigtouwero	1
leihweda	55
leihwedan	2
leihwedaud	4
leihwededau	33
leihwededauwahabi	1
leihwededauwohob	1
leihwedesa	2
leihwedig	12
leihwedohob	1
leihwi	1
leija	113
leijahaija	1
leijara	3
leijeboho	10
leijesa	3
leijesan	5
leiji	17
leijidougwo	100
leijidougwom	26
leijobur	1
leila	17
leilan	1
leimiman	62
leineg	15
leinesa	69
leinesohob	5
leingdara	2
leino	13
leinoisa	2
leinuhwera	4
leinyana	303
leinyanero	1
leinyanohob	6
leinyeinyaha	1
leinyohw	1
leir	4
leis	8
leisa	82
leisadesan	1
leisan	2
leisaugb	15
leised	4
leiseisan	1
leiseisaugb	1
leisgoho	1
leiso	3
leisum	1
leiwededau	1
leiya	296
leiyaga	8
leiyagan	1
leiyagarij	14
leiyahabi	1
leiyogoseser	7
leiyoho	5
leiyohora	5
leiyoiyo	2
lekeba	16
lekebaran	1
lekebem	5
lekirsa	2
lekris	2
lemaceca	3
lemacecim	4
lemacgeij	3
lemacgun	1
lemadi	1
lemadu	1
lemagaigeij	2
lemagodgod	2
lemagunya	4
lemagunyabuma	1
lemahacugb	1
lemahau	18
lemahud	2
lemahurim	1
lemahwan	3
lemaideido	1
lemaigdougwo	2
lemaihagab	2
lemaijahasero	2
lemaimo	103
lemainyen	2
lemaised	3
lemaisedim	1
lemaisoboro	1
lemaisobororo	1
lemaiyan	3
lemamimiri	1
lemamsoho	6
lemaos	3
lemarautut	2
lemarges	31
lemarougb	4
lemas	2
lemasid	5
lemasilagara	1
lemateteij	1
lematou	2
lemaugwohosa	10
lemauma	3
lemauni	7
lemauwaharo	2
lemauwam	8
lemauweila	1
lemdagaigeij	1
lemdeba	1
lemdebeij	3
lemdecic	3
lemdehilon	1
lemdeija	1
lemdeijidougwo	1
lemdeiya	2
lemderba	4
lemdesma	1
lemdouman	1
lemdoumara	1
lemeb	6
lemeba	3
lemebarebma	1
lemebedbed	6
lemebehnehino	3
lemebin	17
lemec	26
lemecgoneh	2
lemecgun	4
lemecguna	8
lemeci	1
lemecic	11
lemecicugb	1
lemecinaga	57
lemecinagero	6
lemed	4
lemedag	34
lemedebeij	5
lemedecic	1
lemedeida	1
lemedeiya	1
lemedesugb	1
lemedetara	1
lemedi	1
lemedidib	2
lemedreg	9
lemedu	4
lemeduero	1
lemedug	5
lemeg	8
lemegara	3
lemehig	10
lemehigdog	1
lemehilon	7
lemehin	6
lemei	1
lemeic	87
lemeicara	23
lemeicaresero	4
lemeicim	6
lemeicimero	1
lemeida	1
lemeigdoumesa	34
lemeigouhw	1
lemeigtou	21
lemeihweda	2
lemeihwedan	1
lemeihwedebma	1
lemeihwededau	1
lemeihwedig	2
lemeija	13
lemeijaran	1
lemeijebdi	1
lemeijesan	1
lemeiji	1
lemeijidougwo	6
lemeimiman	1
lemeineg	1
lemeinesa	20
lemeinesero	1
lemeinyana	1
lemeinyanero	1
lemeinyanerodaha	2
lemeis	1
lemeisa	15
lemeisan	1
lemeisaugb	2
lemeised	2
lemeisero	1
lemeiya	44
lemeiyaga	1
lemeiyagarij	2
lemeiyebma	1
lemeiyero	2
lemeiyogoseser	1
lemeiyoho	4
lemekeba	4
lemekebim	1
lemekirsero	1
lemen	12
lemenara	23
lemendagai	3
lemenero	1
lemens	15
lemeperwei	1
lemeperweiyim	1
lemera	6
lemeraga	2
lemerba	5
lemerijero	1
lemerses	1
lemes	2
lemesa	12
lemesai	13
lemesbes	5
lemesedeb	8
lemesedi	1
lemesediara	1
lemesedougwo	7
lemesedougworo	1
lemesenagan	2
lemesga	4
lemesijaresa	18
lemesimero	1
lemesinsin	6
lemesloulougb	1
lemesma	12
lemesmesman	2
lemesogwa	1
lemet	19
lemetagarij	1
lemetara	7
lemetero	4
lemetob	5
lemetohob	6
lemetohobro	1
lemob	5
lemobdeb	2
lemobga	1
lemobosbos	3
lemobsara	29
lemobungma	1
lemoc	3
lemocigei	2
lemocirma	2
lemod	7
lemodo	3
lemog	5
lemogo	5
lemogod	14
lemogon	1
lemogor	3
lemogugwo	1
lemogun	1
lemoho	5
lemohoiya	10
lemohud	9
lemohugouhw	1
lemohw	16
lemoi	1
lemoiharaga	1
lemomom	19
lemomombuma	1
lemos	7
lemot	1
lemotogoto	9
lemou	2
lemoucan	1
lemouci	4
lemoudesan	1
lemoududa	1
lemouf	10
lemougb	4
lemougdud	1
lemougwan	1
lemougwanara	1
lemouji	1
lemouma	4
lemouman	19
lemoumanero	1
lemoumara	1
lemousa	8
lemoutan	1
lemouwada	1
lemouwadan	1
lemouwaha	1
lemouwaharo	1
lemouwan	18
lemouwanero	1
lemouwareij	1
lemowun	24
len	14438
lena	10
lenaba	10
lenahabi	13
lenara	257
lenbuma	4
lenda	6
lendag	5
lendagai	486
lendaha	6
lendei	1
lendero	1
lendohob	3
lenei	7
lenero	67
leneroei	3
leng	2561
lengga	1
leni	15
lenin	226
leninahabi	1
lenindaha	1
leninero	1
leninohob	2
lenlo	18
lenohob	248
lenohoba	1
lenohobei	2
lens	60
lentog	2
leperwei	15
lera	20
leraga	21
leragasa	1
lerba	69
lerbacec	4
lerbahaba	5
lereba	1
lerei	2
lereiragasem	1
lereiyara	7
lereiyaresa	4
les	52
lesa	121
lesagai	2
lesai	192
lesara	31
lesbes	29
lesbesan	7
lesebesa	8
lesebesan	1
lesedeb	39
lesedebohob	2
lesedeh	1
lesedi	2
lesedoc	1
lesedougwo	93
leseino	2
lesemougwisa	1
lesenagan	2
lesera	4
leses	2
lesesa	2
leseyeiyo	1
lesga	35
lesgigouhwesa	2
lesgigouhwesem	3
lesi	1
lesij	1
lesijaresa	88
lesijareseni	1
lesilagara	1
lesim	4
lesinsin	33
lesma	15
lesmesman	9
lesmesmanim	2
lesogwa	22
lesogwesa	8
lesohw	3
lesugrog	1
lesulou	14
let	76
letagarij	1
letaha	6
letahabi	1
letara	67
letaraba	1
letaresa	4
letin	2
letiniha	3
letir	2
letitir	2
letob	48
letogoto	3
letohob	5
letohoba	1
liga	31
ligbum	174
ligdob	14
ligdobaba	4
ligib	6
ligida	126
ligidero	1
ligidohob	1
ligigbaba	1
ligijero	1
ligiji	51
lingma	56
lingmadara	1
lingmaro	1
lirib	1
liseh	3
lisug	10
lisugaba	1
lo	160
lob	41
loba	113
lobdeb	1
lobdebero	1
lobeigbogaba	2
lobeigbogo	60
lobeigbogohob	1
lobeingmod	7
lobeinya	3
lobga	9
lobgada	1
lobgan	2
lobgei	1
lobgen	1
lobohob	11
lobohuba	9
lobsara	36
lobungma	4
loc	13
locda	1
loci	2
locir	1
locirma	26
lococ	14
lococim	7
locro	1
locrurub	1
locuc	5
locucan	2
locuncum	38
lod	34
loda	1
lodaha	1
lodina	3
lodinabena	2
lodinanir	13
lodo	37
log	102
logmac	2
logo	22
logod	100
logodeh	723
logodehaba	1
logodehei	1
logodehero	2
logodehir	1
logodehohob	31
logodgod	1
logodim	5
logodir	1
logon	1
logor	4
logug	11
loguga	1
logugwo	4
logun	22
logurgur	3
loguro	2
loho	54
lohoi	1
lohoiya	23
loholas	3
lohoma	1
lohos	8
lohu	4
lohud	20
lohudara	3
lohudebes	1
lohudebesim	5
lohugouhw	17
lohuresa	1
lohw	123
lohwara	6
lohwaresa	9
lohwaresero	1
lohwaresgwemer	6
lohwaresohob	1
lohwin	2
loi	1
loiharaga	7
lombrera	1
lomdi	5
lomesmes	11
lomi	6
lomna	1
lomnomnan	8
lomod	4
lomom	109
lomomero	1
lomomohob	7
lomomtom	4
lomos	25
lomougwisa	53
lomougwisadaha	1
lomougwisohob	1
lomoumougb	2
lon	3
lona	1016
lonamen	11
lonamenmen	9
lonamenmenohob	1
lonamenohob	2
loneg	1
lonehibi	4
loneinda	23
loneindahabi	1
loneindohob	1
longga	5
longgoij	2
lonog	19
lonogeda	6
lonogero	1
lonogohob	7
lonohob	2
loro	1
los	72
losneseba	12
losnesebadaha	1
losnesebesero	1
losnesebohob	1
losog	5
losogohob	3
losos	1
losugb	2
losum	7
losus	8
lot	5
loto	7
lotogoto	10
lou	33
loucan	11
louci	32
loucimdeb	48
loucimdebohob	4
loucucan	1
loud	1
loudesa	41
loududa	11
louf	27
lougarij	1
lougb	39
lougbdedau	4
lougwan	17
lougwanara	11
lougwanaresa	1
louma	49
louman	322
loumanohob	2
loumara	3
loung	2
loungmen	62
lousa	43
lousan	3
lousanara	1
lousanohob	1
louseij	4
louti	1
louwa	38
louwada	1
louwadan	4
louwadanir	2
louwaden	9
louwaha	2
louwaharesa	1
louwaharo	8
louwan	86
louwara	7
louwaran	1
louwareij	2
louwas	2
louwasohob	1
lowun	65
lowunaresa	1
loyeiyo	2
lugdeh	13
lugdehaba	1
lugmahara	183
lugmaharaei	1
lugmaharagedig	1
lugmaharero	3
lugmaharohob	2
lugun	10
lugunero	1
luluf	4
lusud	3165
lusuda	1
lusudbod	2
lusudbodohob	3
lusudbuma	1
lusudeda	1
lusudero	37
lusuderoei	1
lusudlobma	1
lusudohob	32
ma	2
mab	3
maba	5
mabara	1
mabdeb	1
mabedbed	1
mabehibeh	2
mabehnehino	5
mabemocedoum	4
mabesesar	13
mabesesaraba	1
mabesesarohob	4
mabesesarohoba	1
mabin	2
mabrab	1
mac	7
macba	1
macgeij	9
macgoneh	1
macguna	2
macic	4
macicugb	1
macinaga	90
macinagohob	1
macinim	1
macuncum	3
mad	2
mada	1
madag	91
madagasa	1
madahwan	2
madebeij	12
madehig	2
madeigtou	2
madeijan	1
madeiya	5
madenara	1
madera	1
madesma	2
madi	3
madidib	1
madomom	1
madreg	9
mag	7
maga	387
magab	7
magac	2
magaci	2
magahabi	1
magahobei	1
magahugouhw	32
magai	3
magan	7
magasa	2
magasen	1
magauwohob	1
mageb	1
magero	5
mago	1
magod	9
magohob	12
magto	39
magtor	21
magun	6
maguna	31
maguner	28
maha	1
mahac	3
mahanihenaba	4
mahaniheni	22
mahara	7
mahau	6
mahigdecin	1
mahilon	8
maho	1
mahoiya	2
mahu	1
mahud	1
mahwan	2
mai	1
maic	61
maicara	35
maideido	1
maigbum	3
maigdoc	4
maigdocedoum	1
maigdoumesa	26
maigtou	25
maihiron	1
maihweda	3
maihwedaud	2
maihwededau	2
maihwedig	2
maija	92
maijahasero	1
maijan	1
maijem	1
maijen	1
maiji	7
maijin	3
maijina	2
maijir	1
maijires	1
maijiresei	1
maijiresou	1
maijisi	2
maijoho	1
maiju	1
maijubisamougb	1
maimiman	4
maimo	107
maineg	1
mainesa	8
maingma	1
mainyana	4
mainyen	2
maires	47
mairesahabi	2
maireseb	474
mairesebaba	8
mairesebahabi	1
mairesero	2
mairesi	25
mairesmougb	25
mairesohob	2
mairires	6
mairiresi	9
maisa	6
maisaugb	2
maisedim	1
maiso	2
maiya	18
maiyan	14
majelis	1
makris	1
malaikad	216
malaikadir	40
malaikadirero	1
mamaga	38
mamagto	1
mamaguna	17
mamaguner	11
mamaha	1
mamahau	10
mamaigtou	1
mamaihagab	1
mamaimo	34
mamaingmo	1
mamainyen	1
mamaisa	1
mamamsoho	1
maman	3645
mamana	2
mamanaba	2
mamanahabi	1
mamanbuma	1
mamandaha	1
mamandahabi	1
mamandohob	1
mamanero	14
mamanerohob	1
mamang	54
mamanin	39
mamaninahabi	1
mamaninero	1
mamanohob	97
mamanohoba	1
mamans	1
mamaos	2
mamarerei	1
mamarges	23
mamargesim	1
mamatou	1
mamauni	2
mamauwam	1
mambes	2
mamdamouwa	2
mamdamouwer	5
mamdebeij	3
mamdebeitor	2
mamdeiya	2
mamderses	1
mamdobsara	1
mamdoc	248
mamdocesa	2
mamdocesem	10
mamdogod	1
mameba	1
mamec	3
mamecguna	1
mamecicugb	1
mamecinaga	8
mameclulan	2
mamed	1
mamedag	21
mamedreg	9
mameg	4
mamehig	1
mamehigdudim	1
mamehir	1
mamei	1
mameic	17
mameicara	3
mameicaresero	1
mameigdoumesa	2
mameigtou	4
mameija	5
mameijem	1
mameijouhuda	1
mameimiman	1
mameino	1
mameinyana	1
mameiya	12
mameiyero	1
mameiyohoro	1
mamekirsedero	1
mamen	4
mamenara	4
mamens	2
mamera	1
mames	1
mamesa	1
mamesara	1
mamesbes	2
mamesi	1
mamesijaresa	1
mamesinsin	1
mamesma	3
mamesogwa	1
mamet	2
mametara	1
mamidgo	1
mamimir	1
mamin	5
mamina	42
mamir	11
mamires	2
mamireseb	16
mamiresebaba	5
mamiresebma	1
mamiresi	2
mamiresmougb	1
mamirs	2
mamjemouwa	8
mamjemouwer	73
mamobdeb	1
mamobsara	13
mamoc	1
mamod	3
mamodo	2
mamogo	1
mamogod	4
mamoho	25
mamohoiya	6
mamohud	2
mamohw	1
mamom	18
mamomohob	2
mamomom	2
mamori	1
mamou	1
mamoubro	1
mamoudesa	1
mamouman	3
mamousan	1
mamowun	1
mamowunim	1
mamsdemaga	3
mamsi	2
mamsir	9
mamsira	5
mamsoho	4
mamtemouwu	4
mamu	11
mamucbobaga	2
mamucdo	1
mamufu	1
mamug	12
mamugt	2
mamugwengga	2
mamuhw	5
mamums	3
mamunggwerij	1
mamus	26
mamuwemougb	6
mamuwesa	4
man	27
mana	4
manara	11
mandagai	1
mandeij	11
mandeijohob	1
mangkerum	1
mani	20
mans	2
maobga	2
maobsara	4
maod	29
maogmac	1
maohw	6
maos	5
maosnih	1
maperwei	1
mara	4
maraga	4
maraguner	2
maraida	2
maraisi	5
maran	71
marani	1
maraufu	4
maraufuohob	1
marautut	1
marba	3
marbera	1
mardamouwer	1
mardebeito	2
mardebeitor	1
mardesa	3
mardoc	42
mardocedoum	1
marges	14
maridgomori	1
marih	15
marihebma	4
marihir	3
marij	2
marim	3
marir	30
marirs	1
marisira	2
marjemeito	1
marjemouwer	1
marlo	2
marna	5
marogoc	3
maroho	38
marohora	3
marsdemaga	1
marsir	6
maru	1
marucbobaga	2
marufesa	1
marufu	3
marug	8
marugt	3
marugwengga	3
maruhw	3
marus	3
marusur	2
maruwedoum	1
mas	11
masa	3
masai	8
masara	2
masedeb	1
masedeh	1
masedougwo	7
maseranohob	1
masga	1
masid	2
masijaresa	14
masinsin	3
masloulougb	1
masma	3
masogwa	6
masud	5
masulou	1
mat	8
mata	1
matagarij	1
matara	5
matarero	1
mateijim	1
mateteij	6
matohobei	1
matou	1
mauci	2
maucimdeb	2
mauf	1
maugwan	88
maugwanara	2
maugwanda	2
maugwanohob	3
maugwans	1
mauhw	1
mauma	7
mauman	4
maumanara	1
mauni	6
maunun	1
mausa	3
mausem	3
mauti	1
mauwaharo	6
mauwam	3
mauwaman	1
mauwan	1
mauwara	1
mauweila	4
mawun	3
meb	18
mebeba	4
mebera	79
meberaba	3
mebereda	1
meberohob	5
mebes	41
mebesesa	2
mebesohob	1
mebin	44
mebinohob	1
mebir	1
mec	32
mecdemaga	13
mecdemagaro	1
mecdemagohob	1
mecicgu	12
mecigbougb	22
mecohw	4
meda	17
medagam	1
medagas	14
medahabi	2
medam	1054
medamdaha	5
medamei	1
medamir	1
medamohob	12
medamohoba	1
medamouwa	9
medamouwer	18
medamouwera	1
medebeito	44
medebeitor	60
medebeitoro	1
medehidera	1
medemeito	4
medemeitor	9
medesa	12
medesohob	1
medgomori	35
medgomorohob	3
medi	12
mediaba	2
mediahabi	1
medibo	1
medigaba	1
medigada	1
medigi	1
medigo	157
medigoda	5
medigohabi	1
medigohob	6
medigoro	1
mediohob	1
medoc	1460
medocesa	11
medocesem	16
medocesero	2
medocohob	1
medruh	2
meh	85
mehida	20
mehider	2
mehir	77
mehira	1
mehirero	1
mehohob	2
mei	24
meida	11
meides	3
meigbes	2
meigdamouwem	3
meigdamouwer	15
meigdebeitor	5
meigdoc	1113
meigdocbuma	1
meigdocero	1
meigdocesa	7
meigdocesem	52
meigdores	2
meihw	7
meij	146
meijaba	14
meijaga	53
meijagahabi	1
meijagto	1
meijagtor	1
meijaguna	4
meijagunem	3
meijaguner	19
meijahabi	1
meijdemaga	2
meijemeito	1
meijemouwa	9
meijemouwer	36
meijen	656
meijero	2
meijesa	2
meiji	3
meijida	1
meijidgo	1
meijihir	7
meijihirohob	2
meijihw	1
meijim	5
meijimihec	1
meijimir	3
meijin	5
meijina	86
meijiner	5
meijinero	1
meijinesa	1
meijinesem	1
meijinohob	1
meijir	51
meijireda	1
meijires	28
meijiresaba	1
meijiresahabi	4
meijireseb	19
meijiresebaba	1
meijiresi	12
meijiresmougb	2
meijiresohob	3
meijiresou	1
meijirgo	1
meijirohob	1
meijirs	17
meijisoho	9
meijog	2
meijoho	131
meijohob	1
meijohora	24
meijohotimei	1
meijouhuda	54
meijouhuder	6
meijouhugwa	2
meijouhugwer	1
meijouhw	538
meijouhwero	2
meijouhwohobei	2
meiju	78
meijubisamougb	2
meijufesem	4
meijufu	6
meijufuero	1
meijug	25
meijugt	18
meijugta	2
meijugwengga	4
meijugwihi	4
meijuhw	3
meijumin	2
meijums	20
meijunggwereij	2
meijur	1
meijuro	2
meijus	51
meijusur	1
meijuwemougb	44
meijuwesa	16
meimeij	1
meis	15
meisi	228
meisir	14
meisira	56
meisirohob	5
meismobo	1
meisouwa	3
meisouwer	7
meisouwohob	1
meisud	4
meisuwa	1
meisuwer	4
meisuwohob	2
meiyah	1
meiyema	1
meiyo	21
meiyohob	6
mem	115
memba	7
memohob	1
men	4134
mena	273
menaba	1
menahabi	1
menau	508
menauohob	1
menauwero	2
menauwohob	2
meneda	1
menenau	19
menenauwaba	3
menenauwei	1
menenauwero	1
menero	6
menesa	1
menesem	1
menesi	1
mengarougb	25
mengebouf	2
meni	7
meniha	29
menmod	63
menmodohob	2
menmougb	8
menohob	2
mento	1
menuhwa	25
menuhwebma	1
menuhwero	2
menuhwohob	3
mer	1336
mera	939
meraga	61
meragan	2
meragto	1
meragtor	2
meraguna	2
meragunem	1
meraguner	9
merahabi	1
meraires	1
merairesi	2
meramera	3
meraufu	1
merbera	1
merbes	8
merdamouwer	5
merdebeito	1
merdebeitor	6
merdebeitorohob	1
merdesa	2
merdoc	1036
merdocedoum	18
merdocedoumohob	5
merdocesa	4
merdocesem	20
merdocesero	2
merdoumara	1
merebin	1
merebma	1
mereda	1
merei	5
mereiyeba	8
mereiyemeba	1
meren	1840
merenahabi	1
merenero	1
merero	11
mererum	3
mererumesa	2
meresa	12
meresan	1
meresei	1
mereseni	1
meresirabuma	1
meresiresa	1
mergo	18
mergohob	1
mergomei	1
mericicib	2
meridgo	3
meridgomori	3
meridigo	12
meridruh	2
merih	3
merihebma	1
merihir	19
merij	17
merijaba	1
merijeba	7
merijeben	1
merijebeni	4
merijemeba	2
merijohob	3
merila	10
merim	6
merimero	1
merimir	6
merin	12
merina	1
mering	4
merinuhwa	8
merinuhwero	1
merir	367
merirda	1
merirero	7
merires	29
meriresa	6
meriresahabi	1
meriresan	1
merireseb	33
meriresebaba	5
merireseni	1
meriresero	2
meriresi	45
meriresmougb	21
meriresohob	4
merirgo	2
merirgohob	1
merirs	20
merisa	3
merisi	1
merisira	107
merisirahabi	1
merisirebsem	6
merisirero	1
merisirohob	9
merisoho	31
merjemouwa	1
merjemouwer	22
merna	203
merner	8
mernero	1
mernesa	1
merogumsa	1
meroho	295
merohob	10
merohobaga	1
merohobei	1
merohora	53
merohorbrida	2
merohoro	1
merohorohob	1
merohotimei	3
mers	40
mersdemaga	17
mersdemagohob	2
mersera	4
mersi	2
mersir	9
mersohob	1
mersouwer	6
mersouwero	1
mersouwohob	3
mersuwa	2
mersuwer	4
mersuwohob	1
meru	200
merubisamougb	6
merucbobaga	7
meruda	5
meruf	3
merufesa	1
merufu	24
merug	435
merugmog	1
merugt	27
merugta	5
merugtimei	2
merugtohob	3
merugwengga	61
merugwenggaba	1
merugwenggeroda	1
merugwengginaba	1
merugwenggini	1
merugwero	1
merugwihi	12
meruhotimei	4
meruhumes	2
meruhw	7
merums	19
merumsi	5
merunggwereij	41
merunggwereijei	2
merur	18
merus	89
merusero	1
merusur	9
merusutimei	2
meruwedau	2
meruwedoum	1
meruwemougb	20
meruwesa	22
meruwesaba	2
mes	1434
mesa	2
mesaba	9
mesahabi	3
mesbuma	9
mesdohob	2
mesebma	1
meseda	2
mesedeb	1
mesero	32
mesgougb	1
mesgwida	1
mesi	48
mesihwa	3
mesinsin	1
mesinsinero	2
mesir	72
mesira	291
mesirahabi	3
mesirebsa	9
mesirero	1
mesiresa	1
mesireseni	1
mesirohob	9
mesirohoba	1
mesis	1
mesoho	32
mesohob	100
mesouwa	125
mesouwer	2
mesouwero	4
mesouwohob	9
mesuwa	51
mesuwero	2
mesuwohob	6
met	2
meta	2
metaha	1
metemouwu	5
meter	3
meti	13
metigi	14
metigohob	1
mihero	3
mihi	16
mihibei	7
mihiloro	7
minc	62
mincohob	1
minderi	3
mindiri	5
mireh	1
miseda	2
misen	1005
misena	2
misenaba	1
misenahabi	2
misenbuma	23
misenbumei	10
misenei	12
misenero	40
miseneroei	1
misenohob	189
misenohoba	2
misenohobei	15
misidgwa	1
misis	142
mob	12
mobgos	1
mobisamougb	53
mobog	2
moboubouhw	1
mobouhw	1
mobroro	3
mobug	1
moc	269
moca	2
mocbo	4
mocbobaga	31
mocbobagohob	1
mocdo	5
mocero	1
mocges	1
mocir	2
mocohob	11
mod	18
moda	16
modeda	1
modedau	1
modero	1
modi	21
modohob	4
mofu	6
mog	1100
mogaba	1
mogahabi	3
mogero	5
mogmog	1
mogo	208
mogohob	1
mogta	5
mogtimei	6
mogu	1
mogud	210
mogudaha	1
mogudero	5
mogudohob	6
mogums	5
mogumsaba	3
mogumsero	1
mogumsi	24
mogumsohob	2
mogurei	31
mogurerei	1
mogurereito	6
mogwihi	182
mohmoh	1
moho	1314
mohob	1
mohobaga	3
mohoi	20
mohoisa	37
mohoisem	1
mohomoho	1
mohon	85
mohonero	3
mohonohob	3
mohora	184
mohorabuma	1
mohoran	1
mohorbrida	14
mohorigo	1
mohoro	2
mohorohob	2
mohos	1
mohotimei	42
mohu	192
mohumes	6
mohumos	1
mohw	148
mohweda	1
mohwero	3
mohwes	2
mohwesa	2
mohwohob	2
mom	13
momboung	9
momogo	121
momogoro	1
momom	3
moms	45
momsi	6
mon	6
mondudi	3
monggwereij	12
moongga	156
moonggeb	1
moonggebga	2
moonggei	1
moongginei	1
moongginohob	1
moonggiro	2
mor	229
morc	3
morcahabi	3
morero	1
morgor	2
mori	3
moro	353
moroei	2
morohob	2
mos	239
mosahabi	1
moslos	5
mosohob	3
mosur	10
mosutimei	3
moto	24
motor	1
mou	241
moucina	1
mouf	177
moufero	1
moufesa	5
moufeseni	1
moufesero	1
moufohob	3
mougb	171
mougt	828
mougtai	1
mougtero	4
mougtir	296
mougtirohob	2
mougtohob	4
mougwa	315
mougwaba	9
mougweb	5
mougwebaba	2
mougwero	2
mougwesa	3
mougwisa	2
mougwo	3
mougwohob	2
mougwu	19
mouhwesa	3
moumougb	2
moung	5
mousanara	1
mouwedou	1
mouwemougb	14
mouwesa	21
mouwesaba	2
mui	1
mur	3
murid	1
nac	1
nacicugb	1
nacinaga	1
nadoumouma	1
nagama	65
nagamada	1
nagameda	1
nagamohob	11
nagod	1
nahwas	2
nahwasohob	1
naic	1
naicara	2
naihweda	1
naimo	1
naiya	1
namcir	3348
namciraba	7
namcirahabi	11
namcirbuma	4
namcirda	8
namcirdaha	13
namcirdei	3
namcirdero	2
namcirei	6
namcirero	19
namcires	2
namcirlo	1
namcirlobma	1
namcirohob	599
namcirohoba	3
namcirohobei	9
namecicara	1
namen	1
namom	1
nanaguner	2
nanan	34
nandamouwer	2
nandoc	6
nansir	1
nanugwengga	1
naro	36
narobmei	5
naroei	55
nasai	2
nasga	1
naugb	7680
naugwahabi	2
naugwe	140
naugwim	1
naugwohob	3
naungmei	1
nena	1
nilam	2
nomor	15
nosa	805
nosahaba	2
nosahabero	8
nosahabi	70
nosnosero	1
nosohob	247
nosohoba	1
nosohobei	5
ob	22
obdara	1
obdaranim	2
obdeb	3
obdeisa	1
obdobdem	5
obeigbogo	1
obesa	1
obga	18
obgan	1
obgen	1
obgesa	18
obgesohob	1
obgos	10
obi	1
obo	2
obob	2
obogougb	5
obosboro	40
oboufbogo	1
obreikei	1
obrugb	6
obrugbsa	2
obrugwohob	1
obrurugb	1
obsara	100
obsaresa	17
obsaresohob	6
obsarohob	1
obungma	3
oc	15
ocboci	1
ocem	1
oci	6
ocir	1
ocirma	43
ocnini	1
ocninim	2
ococ	1
ococi	9
ocro	1
ocron	1
ocuc	3
ocuncum	49
od	38
odgodohob	1
odo	26
odundun	1
odunggon	2
og	115
ogbogpo	1
ogdoc	394
ogdogda	3
ogdogdem	2
ogmac	3
ogmen	1
ogo	13
ogod	264
ogodan	1
ogodir	1
ogodlo	1
ogodro	1
ogom	27
ogon	3
ogonten	1
ogor	18
ogoraba	2
ogorero	1
ogorgor	2
ogouf	2
ogoufu	5
ogrogro	1
oguc	14
ogug	2
ogugwo	65
ogum	1
ogun	60
ogunin	2
oguro	2
oho	84
ohobas	6
ohobo	1
ohobohob	1
ohoiya	12
ohoma	2
ohonohobo	1
ohonohona	1
ohos	1
ohosber	1
ohoser	1
ohoserahabi	1
ohoserohob	2
ohu	14
ohubecbec	2
ohud	34
ohudara	1
ohudarohob	1
ohudei	2
ohudibed	1
ohugouhw	5
ohumohumesa	1
ohurohw	2
ohw	87
ohwaresgwemer	1
ohwiaga	2
ohwohu	3
oiharaga	205
oihirir	2
om	1
ombrerij	2
omceduhu	1
omcirec	1
omdia	1
omdian	1
omga	2
omgoij	1
omgomsa	3
omi	6
omnen	4
omnomna	1
omohu	2
omom	234
omomei	1
omomero	2
omomohob	20
omomtom	28
omomu	1
omsires	1
omsiris	1
onggoij	1
ongkogos	2
ongkum	1
orbesbes	3
ororo	3
os	388
osahabaha	1
osdeb	1
osohob	1
osos	2
osum	9
osun	6
osunir	1
ot	3
oto	11
otogoto	10
ou	75
oubesa	4
oucan	16
ouci	135
oucimdeb	1
oucira	1
oucuc	4
oucucan	3
oud	2
oudesa	25
oudreg	1
oududa	1
ouf	16
ouforoho	294
ougb	9
ougbdebeij	1
ougbdedau	3
ougbdesa	6
ougbdibed	1
ougo	2
ougwan	19
ougwanara	4
ougwo	2
oukougb	1
ouma	87
ouman	277
oumana	1
oung	2
oungben	17
oungmerema	6
oungmogo	9
ounyana	1
ousa	199
ousan	1
ousirij	4
ousros	1
out	3
outi	4
outut	2
oututohob	1
ouwa	39
ouwada	18
ouwadan	59
ouwadanohob	1
ouwadebeda	22
ouwaden	53
ouwadenohob	1
ouwadohob	1
ouwaha	1
ouwahabi	1
ouwaharo	1
ouwan	230
ouwara	21
ouwarahara	1
ouwareij	2
ouwas	1
ouwasis	3
ouwedebeda	14
ouwedoc	51
ouwedocahabero	1
ouwedocahabi	3
ouwedocbuma	1
ouwedocohob	11
ouwohob	50
ouwouwada	1
owun	145
padoumara	2
paku	1
pandan	4
pelita	8
pembela	8
pemerintah	8
perag	48
pirus	1
prab	3
ragi	2
ranta	3
rasahasa	1
ratna	1
ribu	46
riseh	1
roti	108
rumem	3
rusa	1
sabagtani	2
sadodor	160
saitun	13
salib	162
saliba	2
salibero	1
salibesei	1
salibohob	7
samrud	2
sansun	188
sansunero	1
sansunohob	1
sapi	28
sariou	11
sarwir	2
sawi	8
se	5718
seMusa	1
seYerusalem	1
sebma	1
sebuma	2
sedohob	1
sehob	2
sei	1
seij	2
seijohob	1
seingmebec	1
seingmera	1
seiseij	106
seiseijaba	1
seiseijero	3
seiseijohob	17
selasih	1
sengga	1
senggai	103
senggaiyahabi	1
senggegu	11
senggem	28
senggemohob	1
senggemoi	9
senggemoiyohob	1
seni	3
sepah	1
serei	7
sergem	54
sergemahabi	1
sergemohob	4
sesa	2
sesar	666
sesarei	1
sesarero	11
sesarohob	19
sesarohoba	1
sesarohobei	2
sesem	2
sgwiji	4
sibij	2
sidgod	13
sidgodgo	2
sidgwa	13
sidgwahabi	1
sigigeser	1
sihwa	3
sijo	105
simei	11
singa	5
singmur	4
siouwa	35
sir	18
sireba	18
sireben	4
sirebeni	4
sireber	9
siremeba	1
sisa	175
sisedeisohob	1
sisedeisu	7
sisguraha	1
sisohob	2
sisohoba	1
smougb	273
smougwa	1
smougweda	1
smougwero	1
smougwes	1
smougwohob	7
sogo	356
sogomehir	5
sogomera	2
sogomon	4
sogougb	273
sogougwero	1
sogougwes	1
sogougwir	57
sogougwohob	5
sorama	7
soramohob	1
sougb	2
sousougb	3
sud	1818
sudbod	3
sudbuma	1
sudohob	5
sug	6808
sugaba	1
sugada	2
sugaih	2
sugb	1
sugin	66
suginahabi	13
suginda	2
sugindahabi	1
sugindohob	2
suginei	1
suginero	6
sugini	59
suginlo	4
suginohob	5
sugins	1
sugiro	19
sugraga	7
sugragohob	11
sugwa	3
sugwada	1
sulin	2
sungga	478
sunggaba	1
sunggabuma	1
sunggada	3
sunggahabi	5
sunggaro	7
sunggohob	19
surad	221
suradero	3
suradohob	3
surer	1
surga	2
susugb	96
susugwero	4
susugwohob	1
taiba	154
taibeiba	1
taibeibahabi	1
taibohob	2
taigemosis	1
taij	154
taiji	2
taijohob	1
tainya	84
tairirlo	1
taitaij	2
taitaijohob	1
tebeij	32
teisis	11
teisisohob	3
teitei	37
teiteiyahabi	1
teiteiyero	5
teiteiyohob	37
teiyengga	2
teiyinggada	1
tembaga	3
terba	1
terberba	10
terberbahabero	4
terberbahabi	1
terberber	1
terberbero	6
terim	13
terimda	2113
terimdaba	38
terimdaha	3
terimdahabi	4
terimdei	7
terimdero	28
terimdohob	89
terimlo	8
termum	3
termumbuma	1
tintin	5
tog	1
tomeh	1
topas	1
topi	12
toua	6230
touaba	7
touabuma	2
touadaha	2
touahaba	2
touahabero	1
touahabi	61
touebma	211
touebmei	13
toueda	3
touei	39
touero	5
toues	244
touesa	1
touesei	1
touohob	1143
touohoba	13
touohobei	15
toutou	18
toutoua	1
touwero	2864
touweroei	10
touwerohob	3
tramdad	32
tramero	1
tu	524
tua	1
tuahabi	4
tuari	166
tuaria	1
tuariero	1
tuariohob	3
tueda	25
tuero	9
tuesa	2
tuohob	27
tutul	1
ucan	313
ucina	702
ucinaba	1
ucinohob	1
ucubgda	1
ucucan	3
ucucgwohob	1
ucucugb	221
ucucugblo	3
ucucugwero	1
ucucugwohob	2
ucugb	812
ucugbda	6
ucugblo	2
ucugbs	3
ucugbuma	1
ucugwahabi	2
ucugwero	14
ucugwohob	120
uf	7
ugwar	1
ugwaremer	11
ugweba	1
ugweber	1
uluto	5
umer	30
un	1
unta	3
uro	42
us	15
usi	87
usmougb	16
usohob	2
w	99
wobera	1
wor	1
yab	1
yaben	1
yabosbos	2
yac	1
yaceca	1
yacecim	2
yacgeij	56
yacicara	1
yacinim	2
yacuncum	1
yad	13
yadag	1
yadebeij	2
yadebeijohob	2
yadecic	1
yaden	3
yadi	13
yadijidougwo	1
yadina	1
yadreg	1
yag	2
yaga	1
yagaha	8
yagahugouhw	22
yagaigeij	2
yagain	1
yagasa	3
yagasem	1
yagaseni	1
yagauwesa	7
yagodgod	2
yagungun	2
yaha	1
yahacugb	2
yahahumohumesa	2
yahau	28
yahilon	2
yahud	3
yahurim	1
yahwai	1
yahwan	8
yahwas	3
yaic	4
yaicara	1
yaiga	3
yaigdoc	1
yaigdougwo	15
yaigdoumesa	3
yaigeigem	2
yaigtou	1
yaihagab	1
yaihiron	3
yaihweda	6
yaihwedesa	1
yaihwedig	3
yaijahasero	3
yaijidougwo	2
yaimo	413
yaimoei	1
yaimohob	3
yainesa	3
yaingma	2
yainuhwera	2
yainyen	7
yaisaugb	1
yaisedim	4
yaiseisan	1
yaisema	2
yaisoboro	1
yaiya	4
yaiyan	55
yaiyeiyo	1
yaiyohob	1
yamagasa	1
yamahau	2
yamahwan	1
yamaihagab	1
yamaimo	1
yamcirac	2
yameb	2
yamecic	1
yamecinaga	2
yamedag	1
yamedeiyes	1
yamedidib	1
yameiya	3
yamen	1
yamenara	2
yamogodim	2
yamougwin	1
yamsoho	26
yamumi	1
yan	124
yana	2
yanara	1
yandagai	5
yanei	1
yanero	1
yanim	1
yanohob	2
yans	3
yaod	2
yaohw	1
yaos	7
yarautut	1
yarba	2
yarei	2
yarerei	10
yarges	43
yargesim	1
yarougb	2
yarses	1
yas	4
yasai	1
yasara	1
yasedeb	7
yasga	7
yasid	30
yasij	1
yasim	3
yateteij	17
yateteijim	2
yatou	5
yatouda	1
yau	1
yaucan	4
yauci	1
yaugb	1
yaugtarera	1
yaugwan	138
yaugwana	1
yaugwanahabi	1
yaugwanero	1
yaugwanohob	4
yaugwohosa	1
yauhw	1
yaulo	1
yauloulo	1
yaum	1
yauma	3
yauman	1
yauni	17
yaunun	5
yaunyeinyim	1
yauwaharo	6
yauwam	26
yauwan	3
yauweila	21
yauweilahabi	1
yeb	9
yeba	9
yebara	3
yebeda	1
yebedbed	6
yebehnehino	38
yebesesar	15
yebesesarohob	1
yebiji	7
yebin	42
yebinim	1
yebir	1
yec	27
yecabeci	6
yecgoneh	4
yecgun	7
yecguna	6
yecic	24
yecicugb	5
yecinaga	269
yecincara	1
yeclul	2
yecluluf	1
yecus	3
yed	9
yedad	1
yedag	198
yedagain	1
yedahwan	6
yedarougb	1
yedebeij	17
yedec	3
yedecic	3
yededau	1
yedeic	3
yedeicara	3
yedeida	1
yedeigtou	1
yedeigtousa	1
yedeijidougwo	1
yedeiya	5
yeden	6
yedenara	1
yedens	1
yederba	1
yedetara	3
yedetiniha	1
yedidib	9
yedim	1
yediseijim	1
yediyebeiya	1
yedogod	1
yedohw	1
yedomom	2
yedos	1
yedouci	1
yedougwan	1
yedouma	2
yedreg	11
yedregim	1
yedu	6
yedug	4
yeg	40
yegara	6
yegina	1
yegririj	1
yehig	7
yehigdecin	5
yehilon	25
yehin	2
yehino	2
yei	9
yeic	218
yeicara	184
yeicim	2
yeicimahabi	1
yeicimohob	2
yeicohob	1
yeida	1
yeigb	2
yeigdoc	3
yeigdoumesa	77
yeigtou	68
yeigtouahabi	1
yeigtousa	1
yeihwa	6
yeihweda	28
yeihwedan	5
yeihwedaud	2
yeihwededau	8
yeihwedesa	1
yeihwedig	2
yeij	1
yeija	9
yeijara	1
yeijem	1
yeiji	11
yeijidougwo	14
yeijidougwom	1
yeimiman	17
yeineg	8
yeinesa	30
yeinesohob	1
yeingdara	1
yeino	1
yeinoisa	3
yeinyana	3
yeis	6
yeisa	13
yeisan	1
yeised	2
yeiseisan	5
yeisgoho	1
yeiso	1
yeisohob	1
yeisor	1
yeiya	119
yeiyagarij	3
yeiyahabi	1
yeiyahaiya	1
yeiyogoseser	3
yeiyohob	2
yeiyohobei	1
yeiyohora	3
yekeba	8
yemacecim	2
yemacgeij	10
yemaciduhim	1
yemacuncum	2
yemadi	3
yemaga	1
yemagaha	1
yemagahan	1
yemagahugouhw	1
yemagaigeij	6
yemagauwesa	1
yemagodgod	1
yemagungun	2
yemahacugb	3
yemahau	29
yemahaulo	5
yemahud	1
yemahwan	3
yemaic	3
yemaideido	2
yemaideidora	1
yemaiga	2
yemaigdougwo	5
yemaihagab	5
yemaimiman	1
yemaimo	135
yemaimoro	2
yemainyen	2
yemaisan	2
yemaisedim	2
yemaisid	1
yemaisoboro	1
yemaiyan	4
yemaiyeiyo	2
yemamcirac	3
yemamimiri	1
yemamsoho	14
yemaohw	2
yemarerei	3
yemarges	52
yemarougb	1
yemasai	2
yemasid	16
yematagaij	1
yemateteij	2
yematou	10
yematoudero	1
yemau	1
yemaugb	1
yemauma	2
yemauni	14
yemauwaharo	1
yemauwam	15
yemauweila	3
yemauwim	1
yemdagaigeij	1
yemdebeij	1
yemdecic	4
yemdeigtousa	2
yemdeiya	10
yemdesma	2
yemdogod	1
yemeb	4
yemeba	2
yemebara	1
yemebehnehino	1
yemebin	12
yemec	7
yemecbec	1
yemecgoneh	2
yemecgun	4
yemecic	16
yemecicbumei	1
yemecicugb	1
yemecinaga	57
yemed	3
yemeda	1
yemedag	43
yemedebeij	3
yemedecic	2
yemedeida	1
yemedidib	1
yemedis	2
yemedreg	16
yemedug	2
yemeg	12
yemegeroei	2
yemehig	16
yemehilon	5
yemehilonim	1
yemehirirmo	1
yemei	3
yemeic	68
yemeicara	44
yemeicim	1
yemeicimbuma	1
yemeicimero	1
yemeicir	1
yemeigb	2
yemeigdoc	1
yemeigdorus	1
yemeigdoumesa	31
yemeigtou	24
yemeihweda	3
yemeihwedanda	1
yemeihwedaud	1
yemeihwededau	1
yemeihwedesa	2
yemeihwim	1
yemeihwur	1
yemeija	23
yemeijeijero	1
yemeijesan	3
yemeiji	1
yemeijidougwo	2
yemeijidougwom	1
yemeijisan	1
yemeimiman	7
yemeineg	2
yemeinesa	8
yemeinuhwerero	2
yemeinyanero	1
yemeisa	2
yemeisan	8
yemeisgoho	1
yemeisidged	1
yemeiso	3
yemeitig	1
yemeiya	37
yemekeba	2
yemekebim	1
yemen	22
yemenara	26
yemens	9
yemeperwei	2
yemera	4
yemeraga	2
yemerba	2
yemereiyara	5
yemes	4
yemesa	2
yemesai	6
yemesbes	13
yemesdigeij	1
yemesebud	1
yemesedeb	1
yemesedougwo	3
yemesenagan	1
yemesga	6
yemesi	2
yemesijaresa	6
yemesilo	1
yemesinsin	1
yemesma	2
yemesogwa	1
yemesulou	1
yemet	10
yemetara	2
yemetin	1
yemetogoto	3
yemob	2
yemobdeb	1
yemobga	1
yemobob	1
yemobohuba	1
yemobsara	78
yemoc	7
yemocdo	1
yemocirma	4
yemocuncum	7
yemod	13
yemodo	9
yemog	2
yemogmohosa	1
yemogo	6
yemogod	9
yemogodero	1
yemogungun	1
yemoguro	1
yemoho	12
yemohoiya	21
yemohomero	1
yemohud	1
yemohuresa	1
yemohw	8
yemohwiaga	3
yemomi	3
yemomom	13
yemomomero	2
yemos	7
yemotogoto	3
yemou	4
yemouci	2
yemoudesa	3
yemoudesan	1
yemoudesanero	2
yemouf	3
yemougb	3
yemougdedau	1
yemougwan	1
yemougwin	1
yemouma	1
yemouman	9
yemoung	1
yemousa	9
yemousousa	1
yemouwaharo	1
yemouwan	3
yemouwanero	2
yemowun	19
yemowunim	4
yen	10114
yena	9
yenaba	5
yenahaba	1
yenahabi	14
yenara	54
yenbo	1
yenbuma	6
yendag	2
yendagai	44
yendohobei	1
yenei	7
yenero	91
yeneroei	2
yeng	142
yeni	11
yenin	292
yenina	1
yeninei	1
yeninero	3
yeninohob	3
yenlo	3
yenohob	208
yenohobei	3
yens	61
yeperwei	6
yera	23
yeraga	4
yerba	17
yerbahaba	1
yerei	3
yereiyara	1
yereiyaresa	1
yes	73
yesa	28
yesai	44
yesara	2
yesbes	9
yesbesan	1
yesedeb	14
yesedeh	12
yesedi	2
yesedoc	1
yesedougwo	30
yesenagan	1
yesesa	1
yesga	25
yesgigouhwesem	2
yesi	8
yesijaresa	22
yesinsin	3
yesma	9
yesmesmanim	1
yesmohob	2
yesogwa	22
yesogwesa	5
yesulou	11
yesuloum	3
yet	35
yetara	12
yetim	1
yetir	3
yetob	7
yidahwan	1
yideiya	1
yigdob	1
yigib	1
yigida	6
yigiji	5
yihweda	1
yin	16
yingma	1
yisa	5
yisga	1
yob	3
yobdeb	2
yobga	2
yobob	1
yobsara	21
yobungma	4
yoc	8
yocdo	1
yocirma	5
yocuncum	59
yod	45
yodmun	1
yodo	10
yog	6
yogmac	3
yogo	10
yogod	39
yogodim	2
yogug	1
yogugwo	5
yogun	2
yoguro	2
yoho	15
yohoiya	9
yohoma	2
yohu	3
yohud	9
yohugouhw	2
yohw	14
yom	58
yomceduhu	1
yomnomnan	2
yomom	16
yos	24
yot	1
yoto	1
yotogoto	6
you	18
youci	29
youcimdeb	14
youdesa	71
youduda	1
youf	6
yougarij	1
yougb	5
yougbda	1
yougbdemer	1
yougwan	4
youm	1
youma	13
youman	222
youmesem	1
yousa	44
yousan	1
yousem	3
yousousa	1
youti	1
youwaharo	3
youwan	53
youwara	3
youwou	1
yowun	68
yugdeh	4
yugmahara	42
yugmaharahobei	1
yugun	2
yusud	2
