!	948
,	11082
.	8831
000	17
12	13
1260	2
144	4
1600	1
200	2
276	1
42	2
430	1
50	1
666	1
70	1
:	2314
;	493
?	936
Abaddon	1
Abba	3
Abel	3
Abels	1
Abia	3
Abilene	1
Abiud	2
Abjatar	1
Abraham	57
Abrahams	22
Adam	9
Adams	2
Addi	1
Admin	1
Adramyttium	1
Adriaterhavet	1
Agabus	2
Agrippa	11
Ainon	1
Akaia	10
Akaikus	1
Akas	2
Akim	2
Akvilas	6
Aldri	7
Aleksander	6
Aleksandria	3
Alfa	3
Alfeus	5
All	10
Alle	63
Aller	1
Allerede	3
Allhærs	1
Allmektige	8
Allmektiges	2
Alltid	4
Alt	45
Altså	10
Amen	28
Amfipolis	1
Amminadab	3
Amon	2
Amos	1
Ampliatus	1
Ananias	11
Andre	16
Andreas	13
Andronikus	1
Anklager	1
Anklagerne	1
Anna	1
Annas	4
Annerledes	1
Ansiktet	1
Anstreng	1
Antikrist	3
Antikristens	1
Antiokia	19
Antipas	1
Antipatris	1
Apelles	1
Apollonia	1
Apollos	11
Apollyon	1
Apostlene	6
Appia	1
Appii	1
Arabia	2
Aram	2
Arbeid	1
Arbeideren	1
Areopagos	2
Areopagos-rådet	1
Aretas	1
Arimatea	4
Aristark	5
Aristobolus	1
Arkelaus	1
Arkippus	2
Arni	1
Aron	2
Arons	3
Arpaksjad	1
Artemas	1
Artemis	4
Artemis-templer	1
Asa	2
Asia	20
Asjdod	1
Asjers	2
Asor	2
Assos	2
Asynkritos	1
At	7
Aten	3
Atenske	1
Attalia	1
Augustus	1
Av	15
Avstumpet	1
Babylon	11
Bak	1
Balak	1
Bank	2
Bar	1
Barabbas	12
Barak	1
Barakia	1
Bare	4
Barjesus	1
Barn	2
Barnabas	28
Barnet	2
Barsabbas	2
Bartimeus	1
Bartolomeus	4
Ba’al	1
Be	17
Beelsebul	5
Beelsebuls	2
Begge	2
Begriper	2
Begynn	1
Begynner	1
Bekjenn	1
Beliar	1
Benjamins	4
Beors	1
Berenike	3
Berøa	3
Betal	2
Betaler	1
Betania	13
Betesda	1
Betfage	3
Betlehem	8
Betsaida	7
Bileam	2
Bileams	1
Bind	1
Bitynia	2
Blant	9
Blastus	1
Ble	4
Bli	14
Blinde	3
Blir	3
Blodet	1
Blodåkeren	2
Boanerges	1
Boas	3
Bonden	1
Bort	6
Brant	1
Brennende	1
Brevene	1
Bring	1
Bror	3
Brudgommen	1
Bruk	3
Bruker	1
Bry	2
Brød	2
Brødet	1
Brødre	31
Brødrene	6
Burde	1
Byen	1
Byene	1
Byens	3
Byskriveren	1
Både	8
Båten	2
Bær	1
Bøy	1
Claudius	3
Cæsarea	17
Da	805
Dag	3
Dagen	13
Dalmanuta	1
Dalmatia	1
Damaris	1
Damaskus	15
Daniel	1
Datter	2
Datteren	1
David	28
Davids	33
Davids-sønnen	1
De	495
Dekapolis	2
Dekapolis-landet	1
Dem	6
Demas	3
Demetrius	3
Den	443
Denne	46
Der	67
Derbe	4
Dere	265
Deres	11
Deretter	37
Derfor	150
Derfra	2
Dermed	15
Dersom	41
Derved	1
Dessuten	2
Det	522
Dette	160
Dialekten	1
Din	22
Dine	5
Dionysios	1
Diotrefes	1
Disiplene	26
Disippelen	1
Disse	27
Dit	5
Ditt	1
Djevelen	2
Dommens	1
Dommeren	1
Dorkas	2
Dra	6
Draken	3
Drep	1
Drevet	3
Drikk	3
Driv	1
Driver	1
Dronningen	2
Drusilla	1
Du	159
Dyret	4
Dåpen	1
Dårlig	1
Død	2
Døden	3
Dødens	1
Døgnet	1
Døm	6
Døperen	3
Døren	1
Eber	1
Efesere	1
Efesos	16
Effata	1
Efraim	1
Egentlig	1
Egypt	25
Ekteskapet	1
Elasar	2
Eldste	1
Eli	1
Elia	30
Elieser	1
Elisabet	9
Elisjas	1
Eliud	2
Eljakim	3
Eller	33
Ellers	12
Elmadam	1
Eloï	2
Elsk	7
Elymas	1
Elí	2
Emmaus	1
En	147
Enda	8
Endelig	1
Engelen	6
Englene	1
Enhver	11
Enker	1
Ennå	7
Enok	3
Enosj	1
Enten	3
Epafras	3
Epafroditus	2
Epainetos	1
Er	101
Erastus	3
Esau	3
Esli	1
Et	21
Ett	1
Etter	45
Ettergi	1
Etterpå	7
Eubulus	1
Eufrat	2
Eunike	1
Eutykus	1
Eva	2
Evodia	1
Fader	12
Faderen	105
Faderens	5
Faders	1
Fagerporten	2
Fall	2
Falt	2
Fangen	1
Fangevokteren	2
Fanuels	1
Far	110
Faren	4
Fariseeren	2
Fariseerne	11
Fars	23
Farvel	1
Feberen	1
Fedrene	2
Feliks	9
Fell	1
Fem	4
Festen	1
Festmåltidet	1
Festus	13
Fienden	1
Fikentreet	1
Fikk	2
Filadelfia	2
Filemon	1
Filetus	1
Filip	36
Filippi	7
Filologus	1
Finn	1
Finnes	2
Fiskerne	1
Fjorten	1
Flegon	1
Flere	1
Flytt	2
Folk	14
Folkemassen	1
Folkemengden	3
Folkene	1
Folket	3
Folkets	1
For	662
Foran	2
Forbannelsen	1
Forbannet	3
Fordi	28
Fordøm	1
Foreldrene	2
Forferdelig	1
Forførelsene	1
Forhenget	1
Forklar	2
Forkynn	1
Forlat	1
Fornekter	1
Forræderen	3
Forskrekket	1
Forstavnen	1
Forstår	4
Forsøm	1
Fortell	1
Fortsett	2
Fortunatus	1
Forum	1
Fra	44
Framfor	2
Fred	12
Fredens	3
Frels	3
Frelseren	1
Frihet	1
Fryd	1
Frygia	3
Frykt	14
Frykter	1
Fygelus	1
Fyll	1
Fylt	2
Få	2
Får	2
Fø	2
Føbe	1
Følg	13
Fønikia	4
Føniks	1
Før	21
Først	7
Første	1
Gabbata	1
Gabriel	2
Gadarener-landet	1
Gads	1
Gaius	5
Galatia	4
Galatia-landet	1
Galatialandet	1
Galilea	57
Galilea-sjøen	6
Galileere	1
Gallio	3
Gamaliel	1
Gamaliels	1
Gasa	1
Gaten	1
Gennesaret	2
Gennesaret-sjøen	1
Gerasener-landet	2
Getsemane	2
Gi	21
Gideon	1
Gir	1
Gjelder	1
Gjeldsbrevet	1
Gjengjeld	2
Gjennom	7
Gjerningenes	1
Gjeterne	1
Gjorde	1
Gjør	33
Gled	12
Glem	3
Gode	2
Godhavn	1
Godtfolk	1
Gog	1
Golgata	3
Gomorra	3
Gomorras	1
Gransk	1
Gravene	1
Grenene	1
Gresset	1
Gresshoppene	1
Grip	3
Grunnsteinene	1
Gråt	5
Gråtende	1
Gud	894
Gudene	1
Guds	530
Gutten	2
Gå	52
Ha	10
Hadde	13
Hagar	3
Hakeldama	1
Halleluja	4
Ham	16
Hamors	1
Han	620
Hanen	1
Hans	24
Har	53
Harmageddon	1
Harpespillere	1
Havet	1
Hedningene	1
Hedningfolkene	1
Helbred	1
Hele	9
Hellas	1
Helleplassen	1
Heller	9
Hellig	6
Hellige	95
Helt	2
Henne	1
Hennes	3
Her	34
Heretter	2
Herlighetens	1
Hermas	1
Hermes	2
Hermogenes	1
Herodes	49
Herodias	6
Herodion	1
Herre	216
Herredømmet	1
Herren	313
Herrenes	1
Herrens	112
Herres	2
Hesron	3
Hierapolis	1
Hils	27
Hilsen	2
Himmel	3
Himmelen	4
Himmelens	1
Himmelriket	7
Hiskia	2
Hittil	2
Hjelp	2
Hodeskallen	4
Hodet	2
Hoffmannen	1
Hogg	1
Hold	13
Holder	2
Hor	1
Hos	4
Hosea	1
Hosianna	6
Hovedsaken	1
Hun	40
Hunden	1
Hundre	2
Huset	3
Husk	8
Husker	3
Hva	140
Hvem	80
Hver	20
Hvert	5
Hveten	1
Hvilke	1
Hvilken	3
Hvilket	2
Hvis	48
Hvor	56
Hvordan	40
Hvorfor	75
Hvorledes	1
Hyklere	2
Hymeneus	2
Håndverkere	1
Hånlig	1
Håret	1
Hør	15
Hører	5
Høsten	3
Høster	1
Høyeste	5
Høyestes	4
Høylovedes	1
Høyt	1
I	150
Idumea	1
Igjen	11
Ikke	23
Ikonium	6
Ild	1
Illyria	1
Imens	8
Imidlertid	2
Immanuel	1
Ingen	45
Innbyggerne	1
Inne	1
Innskriften	1
Inntil	1
Isai	3
Isais	2
Isak	15
Isaks	5
Iskariot	11
Israel	32
Israelitter	4
Israelittiske	1
Israels	29
Israels-folkets	1
Isteden	1
Italia	4
Iturea	1
Ja	72
Jaffa	11
Jag	2
Jairus	2
Jakob	55
Jakobs	13
Jambres	2
Jannai	1
Jannes	2
Jared	1
Jason	4
Jasons	1
Javel	1
Jefta	1
Jeg	495
Jeremia	3
Jeriko	5
Jerikos	1
Jerusalem	141
Jerusalems	1
Jesabel	1
Jesaja	21
Jesajas	1
Jesu	136
Jesus	988
Jissakars	1
Jo	12
Jobs	1
Joda	1
Joel	1
Johanan	1
Johanna	2
Johannes	135
Johannes-dåpen	4
Jojakin	2
Jona	7
Jona-tegnet	3
Jonam	1
Joram	2
Jord	1
Jordan	15
Jorden	2
Jordens	2
Jorim	1
Josef	31
Josefs	5
Josek	1
Joses	3
Josjafat	2
Josjia	2
Josva	3
Jotam	2
Juda	10
Judas	37
Judea	41
Judea-landet	1
Judeas	1
Julia	1
Julius	2
Junias	1
Justus	3
Jøde	1
Jødeland	3
Jødene	18
Jødenes	2
Jødiske	1
Kaifas	9
Kain	3
Kaldeerlandet	1
Kall	1
Kan	16
Kana	4
Kanaan	2
Kananeus	2
Kandake	1
Kanskje	4
Kapernaum	16
Kappadokia	2
Karan	2
Karpus	1
Kast	4
Kedron-bekken	1
Kefas	10
Keiseren	3
Kenan	2
Kenkreæ	2
Kilikia	8
Kios	1
Kisj	1
Kjemp	2
Kjenn	1
Kjenner	1
Kjennetegnet	1
Kjente	1
Kjære	2
Kjærligheten	4
Kjærlighetens	1
Kjøpmennene	1
Kjøtt	1
Klag	1
Klarte	1
Klauda	1
Klaudia	1
Kle	1
Klemens	1
Kleopas	1
Kloes	1
Klopas	1
Knidos	1
Kobbersmeden	1
Kolossæ	1
Kom	46
Kommandanten	4
Kommer	1
Kong	4
Konge	1
Kongen	2
Kongene	3
Kongenes	1
Korah	1
Korasin	2
Korint	8
Kornelius	9
Korsfest	8
Kort	2
Kos	1
Kosam	1
Kraftens	2
Kreskens	1
Kreta	5
Kreterne	1
Krev	1
Krispus	2
Kristi	160
Kristus	329
Kunne	2
Kusa	1
Kvartus	1
Kvernen	1
Kvinne	6
Kvinnen	5
Kvinnene	2
Kvinner	1
Kvirinius	1
Kypros	8
Kyréne	6
La	102
Lag	2
Lamek	1
Lammet	26
Lammets	10
Lampen	1
Landsfyrsten	1
Landshøvdingen	1
Landshøvdingens	1
Langt	2
Laodikea	7
Lar	1
Lasarus	17
Lasea	1
Lat	1
Led	1
Lege	1
Legemet	2
Legg	9
Legion	2
Lenge	1
Let	2
Leter	1
Lev	6
Levi	8
Levis	1
Libyaområdet	1
Lid	1
Lider	1
Lignelsen	1
Lik	1
Like	4
Likedan	1
Likene	1
Likesom	9
Likeså	9
Likevel	21
Linet	1
Linus	1
Litt	4
Livet	1
Lod	3
Lois	1
Lot	2
Lots	2
Loven	7
Lovet	5
Lovløse	3
Lovløshetens	1
Lovsyng	1
Lukas	3
Lukius	2
Lukk	1
Lyden	1
Lydia	2
Lykaonia	1
Lykia	1
Lykkelig	2
Lykkelige	2
Lysanias	1
Lysets	1
Lysias	3
Lystra	6
Lær	2
Lærer	1
Løft	3
Løp	1
Løs	5
Løser	1
Løslat	1
Magadan	1
Magdalena	12
Magog	1
Mahalalel	1
Majestet	3
Majestetens	2
Makedonia	22
Makten	1
Malkus	1
Malta	1
Malurt	1
Mammon	2
Man	1
Manaen	1
Manasse	3
Mange	29
Manna	1
Mannen	14
Marana	1
Maria	53
Marias	2
Markus	8
Marta	14
Maten	1
Mattan	2
Mattat	2
Mattata	1
Mattatja	2
Matteus	6
Mattias	2
Ma’at	1
Med	48
Meg	1
Meget	1
Melea	1
Melk	1
Melki	2
Melkisedek	5
Melkisedeks	5
Men	1024
Mener	3
Mengden	3
Menigheten	3
Menighetene	3
Menn	2
Mennene	5
Menneske	1
Menneskene	1
Mennesker	3
Menneskesønnen	79
Menneskesønnens	4
Mennesket	3
Mens	40
Mer	2
Merk	1
Mesopotamia	2
Messias	57
Mest	1
Mester	30
Mesteren	4
Metusjalah	1
Midjan	1
Midt	2
Mikael	2
Milet	3
Min	35
Mine	27
Miskunn	1
Mist	1
Mitt	7
Mitylene	1
Mnason	1
Moloks	1
Mose	1
Moseboken	1
Moseloven	9
Moses	73
Mot	1
Muren	1
Mye	2
Myra	1
Mysia	2
Må	5
Måtte	11
Naboene	1
Naftali	2
Naftalis	1
Naggai	1
Nahum	1
Nain	1
Nakor	1
Naksjon	3
Narkissos	1
Nasaret	25
Natan	1
Natanael	6
Natt	3
Natten	3
Navnet	2
Na’aman	1
Neapolis	1
Nedtrykt	1
Nei	52
Nerevs	1
Neri	1
Neste	16
Nettopp	3
Niger	1
Nikanor	1
Nikodemus	5
Nikolaus	1
Nikopolis	1
Ninive	3
Noah	5
Noahs	3
Noe	10
Noen	50
Nymfa	1
Nå	90
Nåde	16
Nåden	6
Når	125
Nød	1
Obed	3
Offeret	1
Offiseren	1
Ofte	1
Og	641
Også	43
Oljeberget	12
Olympas	1
Om	113
Omega	3
Omkring	2
Omskjærelsen	1
Omvend	1
Onesiforos	2
Onesimus	2
Oppfyll	1
Opphever	1
Ord	1
Ordet	21
Ordets	2
Ormeyngel	3
Over	5
Overalt	2
Overengelen	1
Overprestene	13
Pafos	2
Pamfylia	5
Paradis	2
Parmenas	1
Pass	14
Patara	1
Patmos	1
Patrobas	1
Paulus	172
Peleg	1
Peres	3
Pergamon	2
Perge	3
Persis	1
Peter	165
Peters	3
Pike	1
Piken	1
Pilatus	58
Pin	1
Pisidia	2
Pontius	3
Pontos	3
Porkius	1
Press	1
Presten	1
Pris	1
Priska	3
Priskilla	3
Profeter	1
Prokorus	1
Prøv	2
Prøver	1
Ptolemais	1
Publius	2
Pudens	1
Puteoli	1
Pyrrus	1
På	87
Påsken	1
Rabbi	12
Rabbuni	2
Rahab	3
Rakel	1
Rama	1
Ransak	1
Rebekka	1
Regium	1
Regnet	2
Rehabeam	2
Reis	11
Rekk	4
Rens	2
Resa	1
Rett	3
Rettferdig	1
Rettferdige	6
Rettsbetjentene	1
Revene	2
Re’u	1
Rhodos	1
Rikdommen	1
Riktignok	2
Riv	1
Rode	1
Roma	9
Romfas	1
Rop	1
Rubens	1
Rufus	2
Rundt	1
Rut	1
Rydd	3
Rykk	1
Ryktet	3
Rytterens	1
Råd	1
Rådet	16
Rått	1
Rødehavet	2
Røken	2
Rør	2
Røsten	1
Sa	1
Sabbaten	1
Sadok	2
Saffira	1
Sakarja	13
Sakarjas	1
Sakkeus	3
Salamis	1
Salem	2
Salig	10
Salige	20
Salim	1
Salma	3
Salmene	1
Salmenes	2
Salmone-neset	1
Salome	2
Salomo	7
Salomos	5
Salt	2
Salvede	5
Salven	1
Samaria	8
Samarias	1
Samme	5
Sammen	15
Samos	1
Samotrake	1
Samson	1
Samtidig	1
Samuel	3
Sank	2
Sanne	2
Sannelig	76
Sannferdig	1
Sannferdige	1
Sara	3
Saras	1
Sardes	3
Sarepta	1
Saron	1
Satan	31
Satans	5
Saueporten	1
Saul	9
Saulus	16
Se	71
Sealtiel	1
Sebaot	1
Sebedeus	5
Sebedeus-sønnene	6
Sebulon	1
Sebulons	2
Seieren	3
Seks	3
Sekundus	1
Seleukia	1
Selg	2
Selges	2
Selv	21
Sem	1
Send	6
Sende	1
Sender	1
Senere	9
Ser	3
Serah	1
Sergius	1
Serubabel	3
Serug	1
Set	1
Sett	16
Settes	1
Si	23
Siden	16
Sidon	10
Sidons	1
Sier	10
Sikem	2
Silas	13
Siloa	2
Siloa-dammen	1
Siloa-tårnet	1
Silvanus	4
Simeon	7
Simeons	1
Simon	71
Simons	3
Sin	1
Sinai	2
Sinai-fjellet	2
Sion	4
Sions	3
Sist	2
Sjealtiel	2
Sjelah	1
Sjimi	1
Sju	5
Sjøen	1
Sjøfolkene	1
Skaff	2
Skal	10
Skam	2
Skaper	1
Skaperen	2
Skevas	1
Skipet	1
Skjeller	1
Skjul	1
Skjønner	3
Skjønte	1
Skremt	1
Skriften	23
Skriv	11
Skulle	5
Sky	1
Skynd	6
Slaktoffer	2
Slanger	1
Slavene	1
Slett	13
Slik	98
Slike	3
Slikt	3
Slokk	1
Slutt	1
Slutten	1
Slå	1
Smyrna	2
Snakker	1
Snart	2
Snublet	1
Sodoma	7
Sodoma-landet	1
Sodomas	1
Sol	1
Soldatene	6
Solen	3
Som	15
Sopatros	1
Sosipater	1
Sostenes	2
Spania	2
Sparte	1
Spenn	2
Spør	2
Stadig	1
Stakkars	3
Stakys	1
Stans	1
Stedet	2
Stefanas	3
Stefanus	9
Stemmene	1
Stig	2
Stikk	2
Stille	1
Stivnakker	1
Stjernen	1
Stjernene	2
Stjernens	1
Stor	2
Store	2
Straffen	2
Straks	21
Streb	1
Streng	1
Strid	1
Striden	1
Strømmer	1
Stunden	1
Styremakten	1
Stå	19
Står	2
Susanna	1
Svak	1
Svar	3
Svarer	3
Sverg	1
Sving	2
Sykar	1
Synagogeforstanderen	1
Synd	1
Synden	5
Syndens	1
Synder	1
Synes	1
Syntyke	1
Synzygus	1
Syrakus	1
Syria	9
Syrtebukten	1
Så	278
Såkornet	1
Således	2
Såmannen	1
Særlig	1
Søk	2
Søker	1
Sølv	1
Sømmer	1
Sønn	75
Sønnen	36
Sønnens	1
Sønner	1
Sønns	9
Sørg	4
Søstrene	1
Ta	51
Tabernæ	1
Tabita	2
Taddeus	2
Takk	1
Takker	1
Takket	1
Tal	3
Taler	2
Talita	1
Tallet	2
Tamar	1
Tarah	1
Tarsus	5
Tenk	8
Tenn	1
Teofilus	2
Tertius	1
Tertullus	2
Tessalonika	9
Teudas	1
Ti	2
Tiberias	1
Tiberias-sjøen	2
Tiberius	1
Tiden	6
Tidlig	4
Til	29
Tilbe	1
Tilgi	1
Timen	3
Timeus	1
Timon	1
Timoteus	23
Titius	1
Titus	13
Tjen	1
Tjenere	1
Tjeneren	3
Tjenerne	2
To	8
Tollere	1
Tolleren	2
Tollerne	1
Tolv	1
Tomas	11
Trakonitis	1
Tre	11
Tredje	1
Treet	1
Trekk	1
Trellkvinnens	1
Trengsel	1
Tres	1
Tro	9
Troas	6
Troen	2
Trofast	2
Trofimus	3
Tror	7
Tryfena	1
Tryfosa	1
Trøst	1
Tunger	1
Tvert	2
Tvillingen	3
Tvinger	1
Tyatira	4
Tykikus	5
Tyrannus-skolen	1
Tyrus	12
Tyven	2
Uforstandige	2
Ulykkelige	1
Under	2
Underordne	1
Underveis	1
Undre	1
Unge	1
Urbanus	1
Urias	1
Uroen	2
Ussia	2
Ut	4
Uten	4
Utenfor	2
Uvettige	1
Vaktene	2
Vaktmannen	1
Vaktsjefen	1
Vannene	1
Vannet	1
Var	26
Ve	26
Ved	27
Velsign	1
Velsignelsens	1
Velsignet	8
Vend	9
Venn	3
Vennene	1
Vent	2
Verden	3
Verdig	3
Verken	3
Verre	1
Vet	15
Vi	186
Videre	2
Vik	2
Vil	13
Viljen	1
Vin	1
Vinden	2
Vis	15
Visdommen	2
Visse	1
Visst	2
Vitnene	1
Vitner	2
Vokt	3
Våk	8
Våkn	2
Vår	16
Våre	9
Vårt	1
Vær	80
Ydmyk	2
Yngre	1
Zenas	1
Zevs	1
Zevs-templet	1
adgang	3
adlyd	1
adlyde	3
adlyder	7
advare	1
advarende	1
advarsel	1
advarte	3
advokat	1
agnene	2
akkurat	6
aks	5
akset	1
akt	3
akte	1
aktede	1
aktelse	2
akter	1
akterskipet	1
akterstavnen	1
aktes	1
aktet	3
alabastkrukke	3
alder	1
aldri	69
aleksandrinere	1
alen	4
alene	26
all	112
alle	611
aller	4
allerede	28
alles	11
alltid	65
alminnelig	1
alminnelige	1
almisse	1
almisser	5
aloë	1
alt	362
alter	2
altere	1
alteret	19
altfor	1
altså	46
alvor	3
alvorlige	2
amen	1
ametyst	1
an	3
anbefale	2
anbefaler	3
anbefaling	3
anbefalingsbrev	3
andre	298
andres	10
anerkjennelse	2
anerkjent	1
anførte	1
angi	3
angitt	1
angrep	2
angrepene	1
angrer	5
angret	5
angst	11
angår	5
anis	1
anker	3
ankere	2
ankerne	1
anket	4
anklage	12
anklagen	7
anklager	22
anklagere	1
anklagerne	3
anklages	1
anklaget	10
anklagetale	1
anklene	1
ankom	1
anledning	7
anløp	1
anmode	1
annen	115
annens	2
annerledes	5
annet	53
ansett	2
ansette	4
ansikt	26
ansiktene	1
ansiktet	22
anstrenger	1
anstøt	3
anstøtelig	2
ansvarlig	1
antall	1
antikrister	1
apostel	20
apostelembete	3
apostels	1
apostlene	30
apostlenes	5
apostler	17
arabere	1
arbeid	21
arbeide	11
arbeider	13
arbeidere	3
arbeiderne	7
arbeidet	21
arbeidsfolkene	1
arbeidstøy	1
arge	1
argumenter	1
ark	1
arken	3
arm	2
armen	1
armene	2
armer	1
arrestere	1
arrestert	1
arresterte	3
arv	5
arve	8
arven	12
arverett	1
arvet	1
arving	5
arvingen	3
arvingene	2
arvinger	5
aske	3
asken	1
at	1477
atenerne	1
atten	3
av	1946
avfall	1
avgjort	4
avgjøre	6
avgrunnen	8
avgrunnens	1
avgud	3
avguden	1
avgudene	9
avguder	1
avgudsbilder	2
avgudsdyrkelse	3
avgudsdyrkelsen	1
avgudsdyrkere	4
avgudsdyrkerne	1
avgudsoffer	4
avgudstempel	1
avhenger	1
avhengig	1
avholdende	3
avkall	2
avkledd	1
avkrok	1
avla	2
avlagt	1
avlegge	3
avlingen	5
avløst	1
avmektig	1
avsatt	1
avsatte	1
avse	1
avsides	1
avsiler	1
avskaffet	1
avskrekkende	1
avsky	4
avskyelig	1
avskyelige	2
avskyr	3
avslo	1
avslutning	1
avsluttet	2
avsløre	1
avslørt	3
avstamning	2
avstand	1
avsvidd	2
avta	1
avtalt	3
avtalte	1
avveier	9
avviser	5
avvist	1
avviste	4
avvæpnet	1
bad	122
badet	3
bak	11
bakfra	3
bakhold	1
bakholdet	1
bakken	3
baktalelse	2
baktaler	1
baktalt	1
baktanker	3
bandt	7
banesår	2
banke	1
banker	5
banket	1
banne	2
bar	31
barbere	1
bare	238
barmhjertig	7
barmhjertige	2
barmhjertighet	18
barn	145
barna	18
barndommen	2
barnebarn	1
barnefødsel	1
barnekår	2
barnekåret	1
barnekårets	1
barnet	29
barnets	1
barnløs	4
barnløse	3
barnslige	1
barnsnød	1
bart	1
basun	8
basunblåsere	1
basunen	7
basuner	3
bataljon	2
baugen	1
be	65
bebreide	2
bebreidelser	1
bebreidet	3
bedra	7
bedrag	6
bedrageren	1
bedrar	3
bedratt	2
bedre	35
bedrog	1
bedrøvet	17
bedt	10
bedømme	1
bedømmes	2
befale	1
befaler	8
befaling	13
befalingen	1
befalinger	1
befalt	4
befalte	11
befeste	2
befolkning	2
befolkningen	1
befri	2
befridd	1
beger	17
begeret	3
begge	25
begjær	19
begjære	2
begjærer	1
begjæret	3
begrave	5
begraves	3
begravet	9
begrenser	1
begriper	2
begynne	4
begynnelse	3
begynnelsen	28
begynner	3
begynt	1
begynte	66
begå	1
begår	3
begås	1
begått	5
behag	14
behage	1
behaget	2
behandle	4
behandler	2
behandlet	2
behold	1
beholde	1
beholdt	2
behøve	1
behøver	4
beite	2
beitet	2
bekjempe	1
bekjenne	4
bekjennelse	3
bekjennelsen	3
bekjenner	12
bekjent	1
bekjente	7
bekrefte	2
bekrefter	3
bekreftet	2
bekymre	3
bekymret	9
bekymring	3
bekymringer	6
belaste	1
belgene	1
belte	3
belter	1
beltet	9
belære	1
belønning	1
beløpet	1
ben	6
bena	2
benekte	1
benker	4
benyttet	2
ber	89
beredskap	1
beredt	7
berettet	1
berg	1
berge	10
berger	1
berget	2
berghamrene	1
berghamrer	1
bergveggen	3
beroliget	1
berusende	1
beruset	1
beryktet	1
beryll	1
besatt	25
besatte	7
besindig	2
beskjed	12
beskyldninger	4
beslutning	2
besluttet	8
besmittet	2
bespottelige	1
best	4
beste	13
bestemmer	1
bestemt	36
bestemte	8
bestreber	1
bestå	1
består	11
bestått	3
besverger	1
besøk	2
besøke	10
besøkte	3
bet	2
betale	12
betaler	1
betales	2
betalt	7
betalte	1
betenke	2
betenkt	1
betro	1
betrodd	9
betror	1
bety	5
betydde	2
betyr	35
bevar	1
bevare	10
bevarer	1
bevares	1
bevart	4
bevarte	1
bevegelse	1
beveger	1
beven	2
bevis	4
bevise	2
bevissthet	1
beviste	1
bevitne	4
bevoktet	1
bilde	21
bilder	5
bildet	7
billedstøtte	1
bind	1
binde	5
binder	6
bindes	1
bissel	1
bisselet	1
biter	1
bitter	4
bittert	3
bjelke	1
bjelken	5
bjelle	1
bjørn	1
blad	4
bladene	1
blander	1
blandet	4
blanding	1
blant	140
ble	654
bleker	1
blekk	1
blendende	2
bli	416
blikk	3
blikket	11
blind	20
blinde	27
blindet	3
blindfødt	1
blinker	1
blir	321
blitt	176
blod	72
bloddråper	1
blodet	12
blodpenger	1
blods	1
blokken	1
blomst	1
blomsten	3
blomsterkranser	1
blyges	1
blåse	3
blåser	3
blåste	13
blødningen	2
blødninger	3
bo	10
bodde	27
boende	4
bok	19
boken	16
bokrull	2
bokrullen	4
bokser	1
bokstav	4
bokstaven	2
bokstaver	2
bolig	13
boliger	1
bonde	1
bor	52
bord	21
bordene	1
bordet	9
bords	22
boret	1
borg	1
borgen	13
borger	6
borgere	3
borgerrett	1
borgerretten	2
borggården	1
bort	216
borte	57
bortenfor	2
bortføringen	3
bortført	2
bortførte	1
bortkomne	3
bortover	1
bosatte	2
bot	2
bra	4
brakt	1
brakte	9
brann	5
brant	1
brast	2
bre	1
bred	2
bredden	2
breddfullt	1
brede	1
bredt	1
bredte	4
brenne	7
brennemerket	1
brennende	12
brenner	8
brennes	2
brenning	1
brenningene	1
brennoffer	3
brent	4
brente	3
brev	13
brevene	2
brevet	13
bringe	10
bringer	7
brodd	3
brodden	1
bronse	3
bror	99
broren	5
brorens	1
brors	7
brorskap	1
brorskapet	2
brud	3
bruden	3
brudepikene	2
brudepiker	1
brudgom	3
brudgommen	11
brudgommens	2
bruk	18
bruke	11
bruker	15
brukes	3
brukket	3
brukt	11
brukte	4
brus	2
bruser	1
bruset	2
brutt	3
bry	4
brydde	6
bryllup	3
bryllupet	4
bryllupsgjestene	3
bryllupsklær	2
bryllupsmåltid	1
bryllupssalen	1
brynje	2
brynjer	1
bryr	9
bryst	6
brystet	4
brystplater	1
bryt	2
bryte	18
bryter	18
brytes	2
bråk	2
bråsint	1
brått	2
brød	54
brødene	15
brødet	16
brødre	129
brødrene	58
brødres	1
brøds	7
brødsbrytelsen	1
brødstykker	2
brølende	1
brøler	1
brønn	1
brønnen	6
brøt	44
bud	68
budbærer	3
buden	1
budene	9
budet	10
budsendt	1
budskap	24
budskapet	11
bue	1
buegang	3
bueganger	1
buk	1
bukkene	1
bukker	3
bukt	1
bundet	30
bunter	1
burde	8
buskapen	1
by	57
byen	95
byene	14
byens	6
byer	9
byfengslet	1
bygd	17
bygde	9
bygden	1
bygdene	2
bygg	1
byggbrød	1
byggbrødene	1
bygge	23
bygger	17
bygges	2
byggmester	2
byggverk	1
bygning	2
bygningen	1
bygningene	1
bygningsmenn	1
bygningsmennene	4
byllene	1
byller	1
bymuren	4
byporten	3
byportene	1
byr	3
byrde	11
byrder	2
byretten	1
byrådet	1
bytte	2
byttet	1
både	95
bål	2
bålet	2
bånd	3
båre	2
båren	13
bårer	2
båret	17
båsen	1
båt	6
båten	37
båtene	4
båter	3
bær	8
bære	41
bærer	55
bæres	4
bød	13
bøkene	3
bøker	3
bølge	1
bølgene	4
bølger	1
bønn	31
bønnen	3
bønnene	4
bønnens	3
bønner	13
bønneremmer	1
bønnested	1
bønnestedet	1
bønnetime	1
bønnfalt	8
bønnhørt	2
bønnhørte	1
bør	9
bører	2
børster	1
bøte	1
bøtte	2
bøyd	3
bøyde	9
bøye	5
bøyer	3
da	795
dag	225
dagen	70
dagene	7
dagens	2
dager	104
daggry	1
daglig	2
daglige	4
dagliglivet	2
dagliglivets	1
daglønn	2
dal	1
dalte	2
dam	1
dammen	3
danner	1
dannet	3
dans	1
danse	3
danset	2
datter	20
datteren	2
de	2746
deg	587
deig	4
deigen	4
dekke	1
dekker	2
dekket	4
del	66
dele	11
delen	2
deler	7
deles	1
dels	1
delt	3
deltar	2
delte	12
deltok	1
dem	1365
demoniske	1
den	1587
denar	7
denarer	7
denne	249
dens	13
der	285
dere	2795
deres	362
deretter	10
derfor	77
derfra	29
derimot	1
dermed	7
dernest	3
derpå	1
dersom	35
dess	2
dessuten	3
desto	6
det	3035
dets	8
dette	537
diakon	1
diakonene	1
diakoner	2
diakontjeneste	1
diet	1
dikt	1
diktere	1
din	187
dine	93
direkte	1
disiplene	164
disiplenes	3
disipler	51
disippel	17
disippelen	10
disippelflokken	1
diskusjon	4
diskusjoner	2
diskutere	3
diskuterte	3
disse	107
dit	57
ditt	94
djevel	1
djevelen	27
djevelens	5
djevelsk	1
dobbel	1
dobbelt	4
dom	42
dommen	25
dommens	9
dommer	15
dommere	6
dommeren	5
dommerne	2
dommersetet	5
doms	2
domstol	4
domstolen	4
domstolene	2
dra	50
drake	3
draken	6
drakens	1
drakk	10
drakt	1
drakten	1
drap	1
drapet	4
drapsmennene	1
drar	20
dras	1
dratt	6
dreid	1
dreide	1
dreier	1
drepe	25
dreper	2
drepes	2
drept	25
drepte	14
drev	23
drevet	17
driften	1
drikk	9
drikke	44
drikker	25
drikkfeldig	2
dristighet	1
driv	1
drivankeret	1
drive	19
driver	32
drives	5
drog	122
dronning	2
drueklasene	1
druene	2
druer	2
drukkenbolt	1
drukkenbolter	2
drukket	4
drukne	1
druknet	4
dryge	1
dryger	1
drysser	1
drøfte	2
drøftet	4
drøm	5
drømmer	2
drønn	6
drønnende	1
drønnet	1
du	850
due	4
duehandlernes	2
duer	3
dueunger	1
duft	4
duften	1
duger	2
duk	2
duken	1
dumrian	1
dumt	1
durer	1
dybden	1
dybdene	1
dybder	1
dyktig	2
dyp	9
dype	2
dypere	1
dypeste	1
dypet	1
dyppe	1
dypper	2
dyppet	4
dypt	6
dyr	16
dyre	1
dyrebar	2
dyrebare	4
dyrebareste	1
dyrebart	1
dyrene	1
dyret	25
dyrets	11
dyrke	2
dyrker	10
dyrket	2
dysenteri	1
dyster	1
dåp	11
dåpen	2
dårer	1
dårlig	11
dårlige	4
dårskap	3
dø	36
død	82
dødbringende	1
dødd	1
døde	168
dødelig	1
dødelige	8
døden	67
dødens	6
dødes	8
dødningeben	1
dødsangst	1
dødsdom	1
dødsdømte	2
dødsfare	1
dødsklage	1
dødsriket	9
dødsrikets	1
dødsstraff	6
dødt	1
døende	1
døgn	2
døm	2
dømme	34
dømmekraft	3
dømmekraften	1
dømmer	27
dømmes	8
dømt	25
dømte	5
døpe	14
døper	8
døperen	12
døpes	7
døpt	38
døpte	9
dør	35
døren	17
dørene	3
dørkarmene	1
dørvokteren	1
døtre	4
døv	1
døve	4
ed	10
eddikvin	4
eddikvinen	1
edelsten	1
edelstener	5
edelt	1
eden	1
edrue	1
edruelige	2
efeseren	1
efesernes	3
egen	69
egenrådig	1
egentlig	4
eget	56
egg	1
egge	2
egger	1
egget	2
egne	35
egnen	2
egoistiske	1
egypteren	3
egypterkongen	1
egypterne	1
egyptisk	1
eide	16
eie	11
eiendom	4
eiendommen	1
eiendommer	1
eier	34
eieren	5
eksempel	16
eksempler	1
ekte	13
ektemenn	1
ekteskap	2
ekteskapet	14
ekteskapsbrudd	10
ekteskapsbryter	1
ekteskapsbrytere	1
elamitter	1
eldes	1
eldgamle	1
eldgammel	1
eldre	4
eldste	67
eldsteråd	1
eldstes	1
elementene	2
elendig	1
elendighet	1
elfenben	1
eller	360
ellers	11
elleve	6
ellevte	3
elsk	2
elske	38
elskede	13
elsker	63
elskes	2
elsket	37
elv	3
elven	8
elvene	4
elver	1
embetsboligen	1
embetsmann	3
embetsmenn	2
embetsmennene	3
en	1567
enbårne	5
enda	84
ende	31
endelig	3
endeløse	1
enden	8
ender	5
endetiden	1
endog	1
endte	2
ene	47
enes	3
eneste	43
enfoldige	3
engang	19
engel	46
engelen	46
engelens	4
engels	1
engledyrkelse	1
englemakter	2
englene	26
englenes	2
engler	53
englers	3
engstelig	2
engstelige	2
enhet	1
enheten	1
enhver	45
enig	5
enige	12
enighet	6
enke	9
enkelt	20
enkeltes	1
enken	7
enkene	5
enker	7
enkers	3
enn	202
ennå	77
ens	4
ensomme	2
ensomt	5
entall	1
enten	20
enøyd	2
epikureiske	1
er	3169
erfare	1
erkjenne	1
erkjennelse	1
erkjenner	1
erklærer	4
erklæres	2
erklært	6
erklærte	1
esel	4
eselet	3
eselfole	3
et	560
etasje	1
ete	3
ethvert	2
etiopisk	1
etiopiske	1
ett	70
etter	356
etterfølger	1
ettergav	4
ettergitt	1
etterkommer	1
etterkommere	5
etterlate	1
etterlater	2
etterligning	1
etterlot	4
ettersøkte	1
ettertrykkelig	1
evangeliet	72
evangeliets	8
evangelist	1
evangelisten	1
evangelister	1
evangelium	31
evig	60
evige	25
evighet	40
evigheter	2
evne	4
fag	1
fakkel	1
fakler	2
faktisk	1
fall	25
falle	18
faller	33
fallet	2
falne	1
falsk	1
falske	25
falskhet	3
falskt	7
falt	74
familie	15
familien	4
familier	1
famlet	1
fang	1
fange	20
fangehullet	1
fangene	3
fangenskap	7
fanger	8
fanges	2
fanget	4
fangevoktere	1
fangevokteren	1
fangst	1
fangsten	1
fant	59
fantes	3
far	94
farao	3
faraos	2
fare	22
faren	10
farens	1
farer	20
fariseer	7
fariseere	22
fariseeren	4
fariseerne	45
fariseernes	7
fariseerpartiet	2
farlige	1
fars	2
fart	8
farvel	6
fast	63
faste	23
fastedagen	1
faster	8
fastere	1
fastet	3
fasthet	2
fastholder	1
fastholdt	1
fastsatt	6
fastsetter	1
fat	8
fatet	3
fatning	1
fatt	7
fatte	6
fatter	1
fattet	3
fattig	8
fattigdom	4
fattige	35
favn	1
favner	2
fe	1
feber	4
feberen	3
fedre	30
fedreland	1
fedrene	17
fedrenes	5
fedres	5
feid	3
feier	1
feige	1
feil	11
feiler	2
feilfri	1
feilfrie	2
feiltrinn	1
feire	1
feiret	2
felle	4
feller	1
felles	7
fellesskap	3
fellesskapet	3
felt	2
fem	40
femte	4
femten	2
femtende	1
femti	6
femtitre	1
fengsel	34
fengselsdørene	1
fengselsportene	1
fengsle	2
fengslet	17
ferd	9
ferde	1
ferdes	4
ferdig	19
ferdige	5
fersk	1
ferskt	1
fest	4
festdagen	1
feste	1
festen	5
festet	1
festing	3
festninger	1
fete	1
fetter	1
fiende	8
fiendehånd	1
fienden	1
fiendens	1
fiender	20
fiendskap	4
fiendskapet	2
fiendtlig	1
fiendtlige	1
fiken	3
fikener	1
fikentre	5
fikentreet	8
fikk	279
filosofer	1
fin	3
fine	9
fineste	3
finger	3
fingeren	5
fingertuppen	1
fingrene	1
finn	2
finne	36
finner	29
finnes	30
fint	12
firbente	3
fire	47
firedobbelt	1
firkant	1
firt	1
firte	2
fisk	12
fisken	3
fiskene	9
fiskens	1
fisker	5
fiskere	2
fiskerne	1
fisket	1
fjell	15
fjellbygdene	2
fjellene	6
fjellet	30
fjerde	8
fjerdedelen	1
fjor	2
fjorten	7
flakker	2
flakket	1
flammen	2
flammende	8
flammer	1
flammet	1
flat	1
flekk	2
flekke	1
flekkes	1
flekket	1
flere	21
flerret	3
flertall	1
flertallet	1
fleste	8
flettet	3
flinkere	1
flisen	6
flokk	7
flokken	11
flokker	2
flokket	2
flommen	3
flommet	2
flotte	1
flukt	2
flukten	1
fly	1
flykt	2
flykte	8
flykter	2
flyktet	5
flyr	2
flytte	5
flytter	2
flyttet	2
fløt	1
fløy	2
fløyte	3
fløytespillere	1
fløytespillerne	1
fole	2
folen	7
folk	200
folkeforsamling	1
folkemassen	5
folkemasser	2
folkemengde	9
folkemengden	31
folkemengder	2
folkene	17
folkenes	4
folkeslag	26
folkeslagene	21
folkeslagenes	1
folket	125
folketellingens	1
folkets	11
folks	4
foll	13
for	2437
forakt	6
forakte	4
forakter	4
foraktet	5
foran	53
forandre	3
forandres	3
forandret	1
forandring	1
forarget	12
forbandt	1
forbann	1
forbannelse	6
forbannelser	1
forbanner	3
forbannet	7
forbarm	2
forbarme	1
forbarmer	1
forbarmet	1
forbauset	2
forberedt	2
forbi	22
forbilde	14
forbildet	1
forbindelse	2
forbitrelse	1
forbitret	4
forblir	1
forbrutt	5
forbrytelse	2
forbrytelser	1
forbryter	2
forbrytere	1
forbryterne	2
forbud	1
forbudt	1
forby	1
forbyr	1
forbød	7
forbønn	6
forbønner	1
fordekt	1
fordel	1
fordervet	3
fordi	183
fordommer	1
fordreie	1
fordreier	1
fordreiet	1
fordrevet	1
fordrevne	1
fordums	1
fordømme	1
fordømmelse	3
fordømmelsens	1
fordømmer	4
fordømt	4
fore	1
foreldet	2
foreldre	11
foreldreløse	2
foreldrene	8
forener	1
forenet	1
foreskrevet	1
foreskriver	1
forestår	1
forfall	1
forfallet	2
forfalsker	1
forfedre	2
forferdelig	1
forferdelige	1
forferdelse	2
forferdet	15
forfulgt	10
forfulgte	9
forfusker	1
forfølge	5
forfølgelse	6
forfølgelser	5
forfølger	10
forføre	4
forførelser	2
forførende	1
forfører	5
forførere	1
forføreren	1
forført	1
forførte	2
forgiftet	1
forgjengelig	3
forgjengelige	6
forgjengelighet	1
forgjengeligheten	1
forgjeves	10
forgå	16
forgår	7
forgården	1
forhekset	1
forhenget	5
forherd	3
forherder	1
forherdet	9
forherlige	3
forherliget	11
forhold	3
forholdet	3
forhånd	15
forhør	2
forhøre	4
forhøres	1
forhøret	1
forhørt	3
forhørte	2
forkastelig	2
forkastelige	1
forkaster	6
forkastet	7
forklare	3
forklarer	1
forklart	1
forklarte	5
forkomne	1
forkortes	1
forkortet	3
forkynn	3
forkynne	48
forkynnelse	4
forkynnelsen	5
forkynner	32
forkynnere	1
forkynnes	8
forkynt	26
forkynte	53
forlangt	1
forlangte	1
forlate	7
forlatelse	1
forlater	3
forlatt	18
forledet	1
forlike	2
forlikes	1
forlikt	1
forlot	27
forlovet	1
forløp	1
forløper	1
forløsning	4
forløsningen	4
forløsningens	1
forløst	1
form	1
formane	3
formanende	1
formaner	14
formaning	3
formante	3
formet	4
formuen	2
formyndere	1
formørket	6
fornedret	2
fornekte	14
fornekter	8
fornektet	8
fornem	1
fornemme	2
fornuft	2
fornye	1
fornyer	1
fornyes	2
fornyet	2
forpakte	1
forpakterne	5
forpaktet	3
forpliktelser	1
forplikter	2
forpliktet	1
forreste	3
forretning	1
forråd	5
forråde	13
forråder	7
forrådt	3
forrådte	6
forræder	1
forsamlet	1
forsamlingen	6
forseelser	1
forseglet	1
forseilet	1
forsett	3
forsikret	2
forsker	1
forskjell	13
forskjellig	2
forskjellige	7
forskrekket	4
forskrift	2
forskriftene	1
forskrifter	12
forslaget	1
forslåtte	1
forsone	3
forsonet	3
forsoning	1
forsoningen	2
forsoningens	1
forsonlig	1
forsonlige	1
forsonte	2
forspiller	1
forstand	20
forstanden	12
forstander	2
forstandere	1
forstandig	3
forstandige	3
forstandigere	1
forstod	14
forstyrr	1
forstå	28
forståelse	1
forstår	19
forstått	5
forsvant	3
forsvar	6
forsvare	5
forsvarer	4
forsvarlig	1
forsvarstale	1
forsvarstalen	1
forsvarte	3
forsvinne	1
forsyninger	1
forsynte	1
forsøke	2
forsøker	1
forsøkt	2
forsøkte	15
forsømmes	2
forsømte	1
fort	3
fortalt	6
fortalte	53
fortapelse	6
fortapelsen	4
fortapt	15
fortell	4
fortelle	17
forteller	1
fortelles	2
fortellingen	3
fortere	1
fortjener	14
fortjeneste	2
fortjent	3
fortjente	2
fortrinn	3
fortrolig	2
fortrolighet	1
fortsatt	4
fortsatte	14
fortsette	6
fortsetter	3
fortvilelse	1
fortvilet	1
fortære	4
fortærende	1
fortæres	1
fortærte	1
fortøyde	1
forunderlig	1
forundret	10
forundring	1
forut	3
foruten	3
forutsagt	1
forutså	1
forvalter	5
forvaltere	4
forvalteren	5
forvalteroppdrag	1
forvalteroppgave	1
forvandle	2
forvandles	2
forvandlet	5
forvaring	1
forveien	12
forventning	2
forvillede	1
forvillet	2
forvirrer	2
forvirret	5
forvirring	1
forvrenge	1
forvrenger	1
foster	1
fot	5
foten	6
fotjern	2
fotjernene	1
fots	2
fotsbredd	1
fotsid	1
fotskammel	1
fotspor	2
fottrinnene	1
fra	953
frafallet	1
fram	257
framfor	10
framover	2
fraskilt	2
fratatt	5
fravær	1
fred	69
fredelig	1
freden	5
fredens	9
fredsæl	1
frekke	1
frels	6
frelse	48
frelsen	10
frelsens	5
frelser	22
frelsers	2
frelsesgoder	1
frelsesplan	3
frelst	58
frelste	2
fremdeles	14
fremfører	1
fremførte	1
fremgang	7
fremhever	1
fremkaller	1
fremme	2
fremmed	11
fremmede	14
fremragende	1
fremsi	1
fremskritt	3
fremskynder	1
fremst	12
fremste	7
fremstilling	1
fremstående	1
fremtiden	1
fremtreden	1
fremtrer	1
frender	1
fri	46
fridd	3
frie	12
frifinnelse	2
frigi	1
frigitt	4
frigitte	2
frigjort	5
frihet	8
friheten	2
frihetens	2
frikjenne	1
frikjenner	1
frikjent	2
frikjøpt	3
frimodig	7
frimodige	3
frimodighet	14
frimodigheten	2
frisk	31
friske	10
friskt	4
friste	3
fristelse	7
fristelsen	1
fristelser	2
frister	2
fristeren	1
fristes	3
fristet	7
frisyrer	2
fritt	7
frivillig	4
from	1
fromhet	2
fromheten	1
fromme	2
frosker	1
frue	2
frukt	61
frukten	10
fruktene	2
frukter	3
frukttiden	1
fryd	4
fryde	1
fryder	1
frydet	1
frykt	31
frykte	6
fryktelig	1
frykten	3
frykter	7
fryktet	3
fråder	2
frådet	1
fråtser	1
frø	2
fuglene	10
fugler	8
fuktet	1
fulgt	13
fulgte	67
full	25
fullbrakt	2
fullbyrde	1
fullbyrdes	1
fullbyrdet	2
fulle	21
fullendelse	4
fullendelsen	4
fullender	2
fullendes	1
fullendt	4
fullfør	1
fullføre	15
fullfører	2
fullført	13
fullførte	1
fullkommen	10
fullkomment	1
fullkomne	9
fullmakt	11
fullmoden	2
fullt	23
funnet	26
fylde	6
fyll	3
fylle	4
fyller	8
fylles	4
fylt	41
fylte	11
fyrst	1
fyrste	3
fyrstene	2
fyrster	3
få	363
får	129
fått	144
færre	1
fór	18
føde	15
føder	3
fødes	4
fødsel	2
fødselen	1
fødselsdag	2
fødselsveene	2
fødselsveer	2
født	59
fødte	5
føle	2
følg	6
følge	41
følgende	2
følger	28
før	142
føre	51
fører	59
føres	10
førlighet	1
først	76
første	92
førstefødselsrett	1
førstefødt	1
førstefødte	8
førstegrøden	1
ført	27
førte	60
førti	17
førtiseks	1
føttene	34
føtter	43
føyd	1
føyde	1
føyelig	1
gagn	7
gagne	2
gagner	7
gagnlig	1
gal	1
galatere	1
gale	2
galer	6
galileer	3
galileere	3
galileeren	1
galle	2
galskap	3
galt	12
gamle	24
gamles	1
gammel	14
gammelt	6
gang	142
gangen	6
ganger	34
ganske	4
gap	4
gapet	4
garn	1
garnene	4
garnisonen	1
gartneren	3
garver	1
garveren	2
gate	1
gatehjørnene	1
gaten	4
gatene	5
gater	1
gav	189
gave	30
gaven	10
gaver	21
gavmilde	1
geitene	2
geiteskinn	1
gerasenerne	1
gi	183
gift	13
gifte	15
gifter	12
giftet	9
gikk	368
gir	119
gis	6
gitt	142
giver	1
gjaldt	4
gjallende	1
gjeld	4
gjelde	3
gjelden	4
gjeldende	1
gjelder	26
gjeldsbrev	2
gjemmer	2
gjemt	7
gjemte	6
gjendrive	1
gjenferd	2
gjenføder	1
gjengjeld	3
gjengjelde	5
gjengjelder	1
gjenkomst	1
gjenmæle	1
gjennom	89
gjennomboret	2
gjennomføre	1
gjennomfører	1
gjennomgå	3
gjennomgått	1
gjennomreisen	1
gjennomsiktig	1
gjennomsyret	2
gjenopprettes	1
gjenreise	2
gjenstander	1
gjenstridig	1
gjenta	1
gjentar	1
gjentok	1
gjerde	3
gjerne	47
gjerning	38
gjerningene	3
gjerningenes	1
gjerningens	1
gjerninger	109
gjest	8
gjeste	1
gjestebud	5
gjestebudet	1
gjesten	1
gjestene	9
gjestenes	1
gjester	5
gjestet	2
gjestfri	3
gjestfrie	1
gjestfrihet	2
gjete	1
gjeter	3
gjetere	1
gjeterne	3
gjette	2
gjevere	1
gjorde	139
gjort	164
gjødsel	1
gjødsle	1
gjøfeet	1
gjøkalven	3
gjøn	2
gjør	294
gjøre	296
gjøremål	1
gjører	1
gjøres	3
glad	22
glade	19
glans	2
glansen	3
glass	3
glasshav	1
glasshavet	1
gled	2
glede	82
gleden	6
gledens	1
gleder	11
gledesbud	1
gledesbudskap	1
gledet	8
glefser	1
glem	1
glemme	1
glemmer	5
glemsom	1
glemt	6
glemte	1
glir	1
glupske	2
glødende	1
glødet	1
gned	1
god	60
gode	112
goder	8
godhet	10
godkjente	1
gods	3
godskrevet	1
godt	115
godta	3
godtar	3
godtas	1
godtatt	2
godtgjøres	1
godtok	2
godtroende	1
godvær	1
gol	4
granske	2
gransker	3
gransket	1
grav	8
gravde	4
grave	2
graven	32
gravene	3
graver	2
gravferd	1
gravferden	1
gravhulene	4
gravla	1
gravlagt	1
gravmælene	1
gravmæler	2
gravplass	1
gravsteder	1
greid	1
greide	1
greie	2
greker	9
grekere	15
grekerne	2
gren	3
grendene	2
grender	1
grenen	1
grenene	12
grener	2
grense	1
grenselandet	1
grensene	1
grep	33
grepet	28
gresk	4
greske	2
gresktalende	2
gress	2
gresset	8
gresshopper	3
gribbene	2
grip	1
gripe	22
griper	2
gripes	1
grisen	1
grisene	1
griskhet	2
grotter	1
grove	1
gru	3
grundig	2
grundigere	1
grunn	95
grunne	15
grunnen	2
grunnet	3
grunnfestet	3
grunnkreftene	4
grunnla	1
grunnlag	3
grunnlagt	1
grunnleggende	1
grunnmur	1
grunnmuren	3
grunnsteinen	1
grunnsteiner	1
grunnvoll	11
grunnvollen	3
grunnvoller	1
gruppe	3
grupper	2
grus	1
gruvekkende	1
gryr	1
grådige	1
gråt	20
gråte	10
gråtende	3
gråter	11
grøde	7
grøden	4
grøft	1
grøften	2
grønne	3
grønnsaker	2
grønt	1
gud	6
guddommelig	1
guddommelige	2
guddommelighet	1
guddommen	1
guddomsfylden	1
guden	1
guder	11
gudfryktig	10
gudfryktige	4
gudinne	3
gudløse	2
gudsbespottelse	1
gudsbespottelsen	2
gudsfrykt	11
gudsfrykten	4
gudsfryktens	1
gudstjeneste	7
gudstjenesten	2
gulblek	1
gull	28
gullalteret	2
gullbeger	1
gullet	4
gullkjeder	1
gullkrukke	1
gullring	1
gullskåler	2
gullsmykker	1
gulvet	1
gunst	1
gutt	3
guttebarn	2
guttebarnet	1
gutten	20
guttens	1
guvernør	1
guvernøren	3
guvernører	1
gyldig	5
gå	205
gående	4
går	128
gård	1
gårde	2
gården	2
gårdene	2
gårdsplassen	6
gåte	1
gåtefull	1
gåter	2
gått	52
ha	176
hadde	612
hage	2
hagen	2
hagevekster	2
hagl	3
haglet	1
halen	1
halene	3
haler	1
halm	1
halsen	5
halshogd	1
halshogde	1
halshogge	3
halt	2
halte	2
halv	4
halvannet	1
halvdelen	2
halvdød	1
ham	1782
han	2728
handel	5
handler	3
handlet	3
handling	5
hanegal	1
hanen	10
hang	1
hankjønn	1
hans	476
har	1907
hard	3
harde	9
hardere	3
hardhet	1
hardt	10
harm	5
harme	6
harmes	2
harpe	1
harper	2
harpespillere	1
hat	2
hate	6
hater	19
hates	4
hatet	7
hatt	28
haug	2
haugene	1
hav	6
havet	31
havets	4
havn	1
havnen	1
havnene	1
havnet	1
havstykket	1
hebraisk	10
hebraisktalende	1
hebreer	1
hebreere	2
hedensk	8
hederskrans	1
hedersplassene	3
hedning	1
hedningene	34
hedningenes	3
hedninger	9
hedningers	2
hedningfolkene	2
hedningkristne	3
hedre	8
hedret	3
hefter	2
heftet	1
heftig	3
hel	4
helbred	1
helbrede	14
helbredelser	1
helbreder	2
helbredet	36
hele	196
helgaften	6
helhjertet	4
heller	98
hellig	39
helligdom	4
helligdommen	11
helligdommer	1
hellige	95
helliges	7
helliget	12
helliggjort	1
helliggjør	1
helliggjørelse	8
hellighet	4
hellighets	1
helligste	1
helst	4
helt	89
helte	4
helter	1
helvete	10
helvetes	2
hemmelige	1
hemmelighet	20
hemmeligheten	3
hemmeligheter	5
hemningsløse	1
hen	12
hende	7
hendelsene	1
hendene	37
hender	41
henders	1
hendt	15
hendte	14
henge	1
hengende	2
henger	3
hengivenhet	1
hengte	4
henne	133
hennes	37
henrette	3
henrettes	2
henrettet	3
henrykkelse	3
hensikt	2
hensiktsløst	1
hensyn	12
hent	3
hente	13
henter	2
hentet	6
her	116
herberge	1
herberget	1
heretter	3
herfra	14
herlig	4
herlige	1
herligere	1
herlighet	85
herligheten	11
herlighetens	6
herodianere	1
herodianerne	2
herold	2
herre	54
herredømme	6
herredømmet	1
herren	13
herrene	2
herrenes	2
herrer	16
herres	3
herske	13
hersker	8
herskere	4
herskeren	1
hersket	3
hest	6
hesten	2
hestene	3
hestenes	1
hester	5
hete	7
heten	1
heter	37
hette	43
hev	1
hevde	1
hevder	3
hevdet	1
hevet	1
hevn	1
hi	2
hils	2
hilse	5
hilsen	10
hilser	45
hilset	6
hilst	2
hilste	5
himlene	3
himler	4
himmel	15
himmelbryn	2
himmelen	201
himmelens	15
himmelhvelvet	3
himmelriket	21
himmelrikets	4
himmelrommet	2
himmelrommets	3
himmelsk	2
himmelske	20
himmelskes	1
hinder	1
hindre	13
hindrer	2
hindres	1
hindret	13
hindringer	1
hint	1
hisset	4
hissighet	3
hit	35
hittil	2
hjalp	6
hjel	41
hjelm	2
hjelp	43
hjelpe	23
hjelpeløse	1
hjelpen	4
hjelper	6
hjelpetjenester	1
hjelpsomme	1
hjem	59
hjemby	2
hjembyen	1
hjemløse	1
hjemme	21
hjemmefra	1
hjemmene	5
hjemover	2
hjemsted	6
hjemveien	1
hjerte	49
hjertelag	2
hjertelig	1
hjertene	6
hjertens	1
hjerter	29
hjerters	1
hjertes	2
hjertet	32
hjertets	3
hjord	4
hjorden	5
hjulpet	2
hjørne	2
hjørnene	2
hjørner	1
hjørnestein	6
hjørnesteinen	1
hode	21
hodene	2
hoder	9
hodestups	1
hodet	37
hoffmann	1
hoffmannen	3
hoften	1
hogd	10
hogg	8
hogge	4
hold	15
holde	81
holdepunkt	1
holder	94
holdes	13
holdning	1
holdt	114
honning	4
hopen	1
hopp	1
hoppet	1
hor	34
horeliv	4
horing	1
horn	10
hornene	2
hos	206
hovedstaden	1
hovmod	2
hovmodig	7
hovmodstanker	1
hovne	1
hu	4
hule	1
huler	3
hull	1
hun	188
hundene	8
hundre	25
hungersnød	9
hungre	2
hungrer	2
hus	75
husbond	3
husbonden	6
husene	1
huset	46
husets	2
husfolk	2
husk	4
huske	6
husker	4
husket	10
husly	1
husmødre	1
hustakene	2
hustru	35
hustruen	3
hustruene	1
hustruens	1
hustruer	3
hva	207
hvem	91
hver	93
hverandre	111
hverandres	4
hvert	28
hvete	5
hvetekornet	1
hveten	4
hvil	1
hvile	16
hviledag	1
hvilen	4
hviler	8
hvilested	2
hvilke	1
hvilken	17
hvilket	4
hvilte	3
hvis	61
hvisket	4
hvit	9
hvite	14
hvitkalkede	1
hvitt	4
hvor	178
hvordan	92
hvorfor	35
hvorledes	8
hyasint	1
hykler	2
hyklere	11
hykleri	3
hykleriet	3
hyklerne	4
hyklet	1
hylle	2
hyller	1
hyllet	4
hymner	2
hyrde	13
hyrden	2
hyrder	4
hytte	1
hytter	3
hånd	69
hånden	48
håndhevet	1
håndskrift	1
håndspåleggelse	2
håndverk	1
håndverkerne	2
håne	3
håner	4
hånet	5
hånlige	1
hånsordene	1
hånte	8
håp	54
håpe	2
håper	14
håpes	1
håpet	16
håpets	2
hår	11
håret	6
hælen	1
hær	1
hæren	1
hærer	3
hærførere	2
hærføreren	1
hærskare	1
hærskarer	2
høne	2
hør	26
høre	110
hører	138
høres	4
hørsel	1
hørselen	1
hørt	76
hørte	148
hørtes	1
høst	4
høste	11
høsten	3
høstens	2
høster	11
høstet	3
høstfolkene	2
høstfolkenes	1
høstregnet	1
høsttid	1
høvding	5
høvdingen	5
høvisk	1
høy	30
høyde	2
høyden	5
høyder	1
høye	13
høyere	13
høyeste	5
høyhellige	1
høyhet	1
høylys	2
høylytt	4
høyre	52
høysinnet	1
høyslette	1
høyt	35
høytid	10
høytiden	14
høytider	4
høytidsdag	1
høytidsdagene	1
høytidssamling	1
i	3083
iallfall	3
iblant	11
idet	9
idrettsbanen	1
idrettsmann	2
ifølge	1
igjen	203
igjennom	8
iherdig	1
ikke	2611
ikke-troende	3
ikketroende	1
ild	44
ilden	16
ildovnen	2
ildprøve	1
ildrød	1
ildrøde	1
ildsjøen	4
ildsøyler	1
ille	4
imellom	1
imens	1
imot	154
inderlig	21
indre	8
ingen	217
ingenting	16
inn	321
innanke	1
innanker	1
innbill	1
innbilsk	1
innbilske	1
innbudt	7
innbudte	4
innby	2
innbyggere	1
innbyggerne	2
innbyrdes	1
innbød	4
inne	22
innenfor	1
innenfra	2
innerste	5
innestengt	1
innestod	1
innflytter	2
innflyttere	2
innfri	1
inngangen	3
inngav	1
inngitt	1
innhold	1
innhøsting	1
inni	1
innlandet	1
innprente	1
innsamlingen	3
innsatt	8
innsatte	3
innse	1
innsette	1
innsetter	2
innsikt	10
innsikten	1
innskjerpe	2
innskrevet	1
innskrift	6
innskriften	2
innskrive	2
innskrives	2
innskrivning	1
innstilling	1
innså	1
inntekter	2
inntil	28
inntok	1
inntrengende	6
inntrykk	1
innvende	1
innvendig	5
innvendige	1
innvendingene	1
innvendinger	3
innvier	1
innviet	7
innvollene	1
innynde	1
intet	19
irettesett	1
irettesette	3
isop	1
isopstilk	1
israelitt	2
israelittene	4
israelittenes	2
israelitter	3
istedenfor	3
italiske	1
iver	17
ivrig	5
ivrige	3
ivrigere	1
ja	56
jag	1
jage	4
jager	3
jaget	1
jammer	1
jamre	1
jamret	3
jaspis	4
jeg	1782
jern	2
jernporten	1
jernstav	3
jevnaldrende	1
jevne	1
jo	143
jomfru	2
jomfruen	1
jomfruer	1
jord	37
jordeliv	1
jorden	146
jordens	29
jordisk	2
jordiske	14
jordiskes	1
jordlaget	2
jordskjelv	10
jordskjelvet	1
jordstykke	1
jordstykket	1
jubel	1
jubelen	1
juble	4
jublende	1
jubler	1
jublet	4
julte	1
jærtegn	1
jøde	25
jødedom	1
jødedommen	1
jødefolket	1
jødekristne	2
jøden	1
jødene	74
jødenes	43
jøder	42
jødisk	5
jødiske	4
kald	4
kaldt	3
kalk	6
kalkede	1
kalken	4
kall	7
kalle	14
kaller	30
kalles	24
kalsedon	1
kalt	53
kalte	69
kaltes	1
kalven	1
kalvene	1
kalver	1
kamel	3
kamelen	1
kamelhår	2
kameratene	1
kammerherre	1
kamp	6
kampen	1
kan	526
kanaaneisk	1
kanel	1
kannene	1
kanskje	24
kanten	4
kanter	4
kappe	7
kappen	22
kappene	9
kapper	4
kappet	2
kapteinen	1
kar	15
kare	1
karene	1
karneol	2
karve	1
kasse	1
kassen	1
kast	13
kaste	17
kastende	2
kaster	7
kastes	10
kasteskuflen	2
kastet	87
keiser	4
keiseren	19
keiserens	7
keiserlige	1
kilde	3
kilden	2
kildene	1
kilder	3
kinn	1
kinnet	1
kirke	4
kirken	10
kirkens	1
kisten	4
kje	1
kjelleren	1
kjeltringstrek	1
kjempe	5
kjemper	9
kjempet	5
kjenne	42
kjennemerket	1
kjenner	100
kjennes	7
kjenning	1
kjennskap	5
kjensel	1
kjent	46
kjente	25
kjeruber	1
kjortel	3
kjortelen	1
kjortler	3
kjær	16
kjære	45
kjærlighet	89
kjærligheten	19
kjærlighetens	2
kjærlighetsmåltidene	1
kjært	1
kjøkemesteren	2
kjønnsliv	1
kjøp	2
kjøpe	13
kjøper	4
kjøpmann	1
kjøpmannen	1
kjøpmenn	3
kjøpt	6
kjøpte	9
kjørte	1
kjøtt	22
kjøttet	1
klag	1
klage	7
klagemål	1
klagen	1
klager	3
klagerop	2
klandret	1
klang	2
klar	23
klare	6
klarer	1
klarere	2
klareste	1
klarhet	1
klarnet	1
klart	27
klarte	12
klatret	1
kle	7
kledd	32
kledde	7
klede	1
kledet	1
kledning	1
kler	3
klesplagg	3
klesplagget	1
klingende	1
klippe	7
klippen	1
klippene	1
klippes	1
klipte	1
klok	4
kloke	13
klokes	1
klokskap	1
klokt	2
klyver	1
klær	36
klærne	21
kløft	1
klør	1
kløvd	1
kløver	1
knappen	1
kne	15
knekket	2
knelte	3
knep	1
knivstikkerne	1
knuse	2
knuses	1
knust	3
knyttet	1
knyttnevene	1
knær	3
kobber	2
kobberkjeler	1
koldbrann	1
koloni	1
kom	530
kommandanten	13
kommando	2
komme	234
kommende	13
kommer	313
kommet	193
kone	17
konen	3
kong	7
konge	64
kongedømme	1
kongelig	2
kongelige	2
kongemakt	4
kongen	13
kongene	6
kongenes	3
kongens	5
konger	17
kongerike	2
kongeriker	1
konges	1
kongsstav	1
kor	3
korban	1
koret	1
korintere	1
korn	7
kornet	8
kornlasten	1
kornåker	3
kors	13
korset	15
korsets	2
korsfeste	5
korsfestede	3
korsfestelse	2
korsfester	1
korsfestes	5
korsfestet	28
korstreet	1
kort	16
korte	1
korthet	1
kostbar	3
kostbarhetene	1
kostbarheter	1
kostbart	1
koste	1
kostet	1
kraft	104
kraften	5
kraftig	8
kraftige	4
krangel	3
kranglevoren	1
krans	5
kranser	3
krav	8
kravet	1
kreftene	2
krefter	6
krenker	3
krenket	1
kreter	1
kretere	1
krets	2
kretsen	2
krev	1
krevd	2
krevde	3
kreve	2
krever	12
kreves	4
krig	14
krigen	1
kriger	2
krigsbyttet	1
kringsatt	1
kristen	8
kristne	16
kristnes	1
kritikk	1
krokete	1
krone	7
kroner	2
kronet	2
kropp	11
kroppen	27
kroppens	1
kroppslig	1
krukken	1
krumbøyd	1
krus	1
krybbe	2
krybben	1
krydderier	1
krydderplanter	1
krypdyr	4
krysolitt	1
krysopras	1
krystall	2
krystallklar	1
krøp	1
kulden	1
kull	1
kullild	2
kumi	1
kunne	145
kunnet	2
kunngjorde	3
kunngjort	6
kunngjør	1
kunngjøre	8
kunnskap	19
kunnskapen	6
kunnskapens	2
kunst	1
kunsten	1
kunster	1
kurs	2
kurv	2
kurver	10
kuttet	4
kvalte	6
kveld	13
kvelden	7
kvelds	1
kveldsmaten	1
kveler	2
kveles	1
kvern	1
kvernen	1
kvernstein	4
kvige	1
kvinne	58
kvinnelig	1
kvinnen	41
kvinnene	16
kvinnens	5
kvinner	32
kvinners	1
kvinnes	3
kvister	1
kyllingene	2
kyreneere	1
kyss	5
kysse	2
kysser	2
kysset	5
kysten	3
kystene	1
kyststrøkene	1
kår	2
la	242
lag	2
lage	7
lager	1
laget	18
lags	9
lagt	54
lam	14
lamme	16
lammet	1
lampe	4
lampene	6
lamper	2
lamá	1
land	43
landene	1
landet	35
landsby	10
landsbyen	4
landsbyene	7
landsbyer	3
landsdelen	2
landsfyrste	1
landsfyrsten	2
landshøvding	3
landshøvdingen	13
landshøvdingene	1
landshøvdingens	1
landshøvdinger	3
landsmann	3
landsmenn	9
lang	9
lange	3
langs	7
langsmed	1
langt	45
langveisfra	1
lapp	3
lappe	1
lappen	2
lar	39
larmen	1
larmer	1
last	1
lasten	1
late	3
latin	1
latt	15
latteren	1
lav	1
lave	2
lavere	4
lavt	8
le	3
led	27
ledd	5
lede	12
ledende	4
leder	8
ledere	5
lederen	1
lederne	1
ledet	5
ledig	1
ledige	1
leg	1
lege	7
legedom	3
legeme	74
legemer	5
legemes	1
legemet	29
legemets	3
legemlig	3
legen	1
leger	2
leget	3
legg	6
legge	40
legger	20
legges	2
legioner	1
leid	3
leide	2
leie	3
leiefolkene	1
leiekar	2
leiekarene	1
leier	1
leir	1
leire	1
leiren	3
leirkar	2
lekfolk	1
lekmann	1
lem	6
lemmene	10
lemmer	15
lemá	1
lend	1
lengden	2
lenge	55
lenger	59
lengre	2
lengsel	3
lengst	1
lengte	4
lengter	9
lengtet	2
lenke	1
lenken	1
lenkene	5
lenker	17
lent	1
lente	1
leopard	1
leppene	4
lepper	2
ler	1
lese	3
leser	7
leses	2
lesser	1
lest	17
leste	4
lete	3
leter	10
leting	3
lett	5
lette	10
lettere	9
lettest	3
lettet	2
lettvæpnede	1
lev	1
levd	11
levde	29
leve	70
levende	60
levenet	1
lever	90
leverte	1
levitt	2
levitter	1
levittiske	1
lid	1
lidd	8
lide	34
lidelse	2
lidelsen	1
lidelsene	1
lidelser	15
lidenskapene	1
lidenskaper	3
lider	17
ligge	15
liggende	7
ligger	47
ligget	8
ligne	3
lignelse	16
lignelsen	14
lignelsene	3
lignelser	12
ligner	13
lignes	10
lignet	9
lik	23
like	45
likedan	3
likegyldige	1
likene	1
liker	3
likesom	43
likeså	10
liket	3
likevel	28
likhet	2
liksvøp	1
likt	4
likte	4
liljene	2
lille	5
lin	6
lindring	2
linje	1
linklede	5
linkledet	2
linklær	1
linklærne	4
lir	1
list	6
listige	1
lit	5
lite	30
liten	21
liter	2
litt	9
liv	183
livberge	1
live	5
livet	64
livets	25
livløs	1
livløse	1
livnet	1
livs	4
livsførsel	1
livshjulet	1
livskraft	1
livslengde	2
livsverk	1
livsånde	1
livvakten	1
lo	3
lodd	9
loddet	3
lokker	9
lokkes	2
losse	1
lot	81
lov	75
lovboken	1
lovbrudd	5
lovbryter	2
lovbrytere	2
lovbud	2
love	1
loven	138
lovens	10
lover	1
lovet	5
lovgiver	1
lovgjerninger	6
lovkyndig	1
lovkyndige	7
lovlige	1
lovlærer	1
lovlærere	2
lovløsheten	1
lovord	2
lovpriser	1
lovprisning	1
lovprisningsoffer	1
lovprist	1
lovpriste	7
lovsang	1
lovsangen	2
lovsanger	2
lovsynge	3
lovt	20
lovte	4
luften	5
luftens	1
luke	2
lukk	2
lukke	4
lukker	1
lukkes	2
lukket	7
luksus	2
lukter	1
luktesansen	1
lumske	1
lunken	1
lur	1
lure	3
lurte	1
lutret	1
lyd	1
lyde	9
lyden	3
lyder	6
lydig	5
lydige	14
lydighet	11
lydigheten	1
lydt	1
lykaonisk	1
lykke	2
lykkelig	4
lykkelige	6
lykkeligere	1
lyn	5
lynet	3
lys	43
lyse	3
lysende	3
lysenes	1
lyser	7
lysestaken	2
lysestakene	1
lysestaker	5
lyset	42
lysets	6
lysne	1
lysnet	1
lysskjæret	1
lyst	11
lyste	3
lysten	1
lystene	4
lyster	13
lystre	2
lyte	3
lyteløst	1
lytte	2
lytter	1
lyttet	4
lyv	2
lyve	2
lyver	8
lå	29
lån	2
låne	1
låner	2
låste	2
låve	1
låven	3
låvene	1
lær	3
lærbelte	2
lærd	1
lærdom	1
lærdommen	1
lærdommer	3
lære	74
læren	8
lærer	38
lærere	9
læreren	1
lærerne	1
læres	1
lærling	1
lært	26
lærte	36
lød	19
løft	1
løfte	23
løftene	5
løfter	8
løftes	1
løftet	38
løgn	9
løgnaktige	1
løgnen	2
løgnens	1
løgner	7
løgnere	4
løgneren	1
lønn	32
lønne	6
lønnen	3
lønner	1
løp	18
løpe	1
løpende	3
løper	3
løpet	3
løs	9
løse	5
løsepenge	3
løser	5
løskjøpt	1
løslate	2
løslates	1
løslatt	5
løslot	1
løst	9
løste	5
løv	1
løve	4
løven	1
løvens	1
løver	2
løvetenner	1
løvgrener	1
løvhyttefesten	1
løyet	1
mage	4
magen	5
majestet	1
makedonier	1
makedonieren	1
makedonierne	1
maken	2
makt	98
makten	9
maktene	2
makter	13
maktesløs	1
maktet	2
male	2
malm	1
malt	1
malurt	1
manende	1
mange	187
mangedobbelt	2
mangel	1
manges	2
mangfoldige	2
mangle	2
mangler	11
manglet	4
mann	179
manna	4
mannen	119
mannens	5
manns	8
manntall	1
marg	1
mark	2
markedsplass	1
marken	13
markene	4
markens	1
marmor	1
mat	48
matbod	1
maten	8
materiale	1
materielle	2
med	1711
medarbeider	8
medarbeidere	7
medarbeiderne	1
medarvinger	2
medborgere	1
meddele	2
medere	1
medfange	2
medfart	1
medfølelse	4
medhjelper	1
medhjelpere	1
medlem	1
medlemmer	1
medlidenhet	4
medskyldig	2
medtjener	1
medtjenere	1
meg	940
meget	19
mektig	11
mektige	25
mel	3
meld	1
melde	5
melding	2
meldingen	1
meldte	4
melk	3
melken	1
mellom	35
mellommann	5
mellommannen	1
mellomtiden	1
men	827
mener	36
mengde	17
mengden	30
mengder	3
mengdevis	1
menighet	11
menigheten	51
menighetene	22
menighetenes	1
menighetens	3
menigheter	10
menighetsforstandere	1
menighetssamlingene	1
mening	7
meningen	1
meninger	1
meningsløs	1
meningsløst	1
menn	81
mennene	22
menneske	109
menneskeansikter	1
menneskebud	2
menneskefiskere	2
menneskehender	3
menneskehjertet	1
menneskehånd	5
menneskelig	11
menneskelige	6
menneskeliv	1
menneskenaturen	2
menneskene	47
menneskenes	3
menneskeord	1
mennesker	145
menneskers	19
menneskes	7
menneskesønn	3
mennesket	21
menneskets	6
menneskeverk	3
menns	1
mens	90
ment	1
mente	19
mer	147
merk	1
merke	16
merkelig	2
merker	4
merket	17
merkverdig	1
merkverdige	1
messiaser	2
mest	6
mester	13
mesteren	4
mett	1
mette	17
mettes	2
mettet	1
middag	1
middagstid	1
midnatt	2
midnattstid	1
midt	28
mil	1
mild	1
milde	2
mildhet	4
militære	1
min	266
mindre	8
mine	126
minne	17
minnedusker	1
minnes	2
minnet	3
minst	2
minste	16
mintes	1
misfornøyde	1
misgjerning	2
misgjerninger	2
mishandle	1
mishandlet	8
mishandling	1
mishandlingen	1
miskunn	34
miskunne	1
miskunner	1
misnøye	1
mist	1
mistanker	1
miste	18
mister	16
mistet	7
misunnelige	5
misunnelse	13
misunner	2
mitt	156
moden	2
modenhet	3
modent	1
modig	2
modne	5
mor	76
moralske	1
morbærtre	1
morbærtreet	1
mord	6
morder	5
mordere	1
morderne	1
mordet	1
mordlyst	1
moren	7
morens	1
morgen	21
morgendagen	2
morgenen	7
morgengry	1
morgenstjerne	1
morgenstjernen	2
morges	1
mormor	1
mors	5
morsliv	2
morsmål	1
mot	345
motarbeidet	1
motbilde	1
motet	5
motiver	3
motløs	1
motløse	2
motløshet	1
motpart	3
motsa	1
motsagt	1
motsi	1
motstand	5
motstander	2
motstandere	3
motstanderen	1
motstanderne	1
motstykke	1
motstå	1
motta	2
mottar	2
mottas	1
mottatt	16
mottok	3
motvind	2
muleband	2
mulig	19
mulige	1
mulighet	2
muligheten	1
mumlet	2
munn	24
munnen	22
muntlig	2
mur	1
muren	1
murer	2
murringen	1
musikk	1
musikkinstrumentene	1
mye	99
myggen	1
myndig	1
myndige	1
myndighet	22
myndighetene	8
myndigheter	8
myndighetstegn	1
mynt	2
mynte	2
mynten	1
myrder	2
myrdet	3
myrra	3
mysterium	1
mytene	1
myter	3
må	251
mål	29
måle	3
måles	3
målestang	1
målestokk	4
målet	5
målløse	1
målte	2
måltid	10
måltidet	7
måne	3
måned	3
måneden	1
måneder	15
månen	6
månesyk	1
månesyke	1
måte	42
måten	11
måter	9
måtte	56
måttet	5
mén	1
mødre	2
møll	3
møllspist	1
mørk	2
mørke	18
mørkeblå	1
mørket	27
mørkets	3
mørkt	8
møt	1
møte	19
møter	5
møtes	1
møtetelt	1
møteteltet	2
møtt	5
møtte	10
møttes	2
nabobyer	1
naboer	3
nabokoner	1
nabolaget	2
nagle	1
naglemerket	1
naglet	1
naken	4
nakenhet	1
nakent	2
nakke	1
nakne	3
nardussalve	2
narr	10
narre	1
narret	2
nasareer	1
nasareer-sekten	1
nasareeren	2
nasareerens	2
nasjon	1
nasjoner	6
natt	29
nattemørke	1
natten	24
nattetime	1
nattevakt	4
nattevåk	1
natur	21
naturen	9
naturens	2
naturlig	1
naturlige	4
navn	175
navnene	4
navnet	19
navns	12
ned	252
nede	8
nedenfra	1
nederlag	1
nederst	5
nedlesset	1
nedover	1
nedsettende	1
nedslått	1
nedstammer	1
nedtrykt	1
nei	11
nekt	1
nekte	5
nekter	3
nektet	9
nemlig	12
neppe	1
nest	3
neste	29
nesten	7
netter	3
nettopp	15
nevene	1
nevne	3
nevner	7
nevnes	1
nevnt	5
ni	1
niende	10
nikket	1
nikolaittenes	2
nittini	4
noe	304
noen	407
noens	1
nok	40
nokså	1
nord	2
nordostvinden	1
nordvest	1
not	3
noten	8
nu	1
ny	52
nye	20
nyfødte	1
nylig	2
nymånedag	1
nyomvendt	1
nyrer	1
nyss	1
nyte	3
nytelse	1
nytelser	2
nytelsessyke	1
nyter	1
nytt	23
nytte	8
nytter	1
nyttet	1
nyttig	7
nyttige	1
nå	405
nådd	14
nådde	11
nåde	85
nådegave	7
nådegaven	1
nådegavene	1
nådegaver	4
nåden	15
nådens	4
nådeord	2
nådes	4
nådig	1
nådige	1
nåløye	3
når	294
nåværende	6
nær	44
nærer	1
nærheten	6
næring	1
nærme	1
nærmer	1
nærmere	5
nærmest	2
nærmeste	3
nærmet	18
nærsynt	1
nærvær	4
nød	20
nødde	1
nøden	1
nødrop	1
nødstid	1
nødutstyret	1
nødvendig	8
nødvendige	2
nødvendigvis	1
nøkkel	2
nøkkelen	2
nøklene	1
nøkler	1
nøktern	2
nøkterne	2
nøler	1
nøy	1
nøye	9
nøyer	1
nøyere	2
nøysomhet	1
odel	2
offentlig	2
offer	34
offerblod	1
offerdyrene	1
offeret	2
offergave	1
offergaven	3
offergavene	1
offergaver	1
offerkjøtt	5
offiser	4
offiseren	16
offiserene	5
offiserer	1
ofre	6
ofrene	1
ofrer	3
ofres	3
ofret	7
ofringen	1
ofte	22
oftere	1
og	7273
også	441
okse	4
oksen	1
oksene	3
okser	5
oliven	1
oliventre	2
oliventrær	1
olje	9
oljekvist	1
oljen	2
oljene	1
oljer	2
om	972
omegn	1
omegnen	1
omfavnet	1
omgang	2
omgitt	5
omgås	2
omkom	1
omkomme	3
omkring	95
omringer	1
omringet	1
områdene	2
områder	3
området	5
omskar	2
omskjære	9
omskjærelse	2
omskjærelsen	5
omskjærelsens	1
omskjærer	1
omskjæres	2
omskåren	1
omskåret	17
omskårne	11
omsorg	15
omsorgen	1
omtanke	1
omtrent	2
omvende	2
omvendelse	13
omvendelsen	4
omvendelsens	2
ond	9
onde	144
ondes	1
ondsinnet	1
ondskap	14
ondskapen	1
ondskapens	1
ondt	38
opp	465
oppassere	1
oppbrakt	2
oppbygd	1
oppbygge	2
oppbyggelse	1
oppbygger	1
oppdiktede	1
oppdra	3
oppdrag	5
oppdragelse	1
oppdrar	1
oppdratt	1
oppdrog	1
oppe	13
oppfarende	1
oppfatte	2
oppfordret	4
oppfostret	1
oppfyll	1
oppfylle	4
oppfyllelse	9
oppfyllelsen	1
oppfyller	1
oppfylles	11
oppfylt	24
oppfylte	3
oppføre	1
oppgav	2
oppgave	5
oppgaven	1
oppgaver	1
oppgir	1
oppgjøret	1
oppgløder	1
opphav	4
opphavet	2
opphavsmann	1
oppheve	4
opphever	3
opphevet	4
oppholdt	1
opphøre	1
opphøyd	4
opphøye	3
opphøyer	2
opphøyes	3
opphøyet	2
opplest	1
opplevd	1
opplevde	1
oppleve	5
opplysninger	1
opplyst	1
opplæring	5
opplært	3
oppløp	1
oppløses	1
oppløsning	1
oppløst	1
oppmerksomt	1
oppmuntre	3
oppmuntret	4
oppmuntring	2
oppnådd	2
oppnådde	2
oppnår	1
oppreise	4
oppreiser	1
oppreisning	1
oppreist	6
oppreiste	5
oppretter	2
opprettet	3
oppriktig	11
oppriktige	3
oppriktighet	2
opprør	5
opprørere	2
opprørt	3
oppsatt	1
oppsetsige	2
oppsikt	1
oppskaket	1
oppskremt	1
oppskrevet	1
oppslukt	2
oppslått	1
oppspist	1
oppstandelse	23
oppstandelsen	9
oppstanden	1
oppstod	2
oppstyr	3
oppstyret	2
oppstå	11
oppstår	3
oppstått	9
oppsynet	2
oppsøke	2
oppsøkte	2
opptatt	9
opptil	1
opptre	3
opptreden	1
opptrer	2
opptrådt	1
opptrådte	4
opptøyer	3
oppveid	1
oppvekker	1
oppvigle	1
oppvigler	3
oppvokst	1
oppøvd	1
ord	261
orde	24
orden	6
ordene	6
ordentlig	1
ordet	40
ordets	2
ordne	3
ordnet	1
ordning	1
ordre	13
ordren	2
ords	1
ordskiftet	1
ordtaket	2
orket	1
orm	3
ormegift	1
ormen	1
ormer	2
ormeyngel	1
oss	513
ovenfor	1
ovenfra	7
ovenpå	5
over	453
overalt	13
overapostlene	2
overbevis	1
overbevise	4
overbevisning	3
overbevist	8
overbeviste	2
overbrakt	1
overbrakte	1
overbringe	2
overbringer	1
overbærende	2
overbærenhet	3
overdrar	1
overdratt	1
overdådige	1
overengelen	1
overens	4
overfalt	1
overflate	1
overflod	20
overfor	12
overgav	11
overgi	7
overgir	8
overgis	10
overgitt	20
overgår	2
overgått	1
overhodet	1
overholde	1
overholder	1
overhyrden	1
overhånd	1
overilet	1
overkledd	1
overkledning	1
overlat	1
overlate	2
overlater	1
overlatt	3
overlegent	1
overlegne	2
overleve	1
overlevering	1
overleveringer	1
overlevert	1
overleverte	1
overlot	4
overmanner	1
overmannet	1
overmenneskelig	1
overmodig	1
overmodige	3
overmåte	1
overprestene	49
overprestenes	1
overprester	2
overrakt	2
overrasket	1
overrumple	1
overs	5
oversende	1
overser	1
overskygge	1
overstrømmende	1
oversvømt	1
oversådd	1
overta	2
overtaket	1
overtale	3
overtalelseskunster	1
overtalende	1
overtaler	3
overtalt	2
overtatt	8
overtok	1
overtoller	1
overtredelsene	1
overtredelser	1
overtredere	2
overveldet	7
overvinn	1
overvinne	1
overvunnet	2
overvåke	1
ovn	2
ovnen	2
pakt	20
pakten	7
paktene	2
paktens	2
pakter	1
paktkisten	1
pakts	2
paktsblodet	1
paktstavlene	1
palmegrener	2
panne	1
pannen	6
panner	1
pant	2
pantet	1
par	4
paradis	1
part	2
partere	1
parti	1
partier	2
partisk	1
pass	2
passe	3
passer	6
passerte	2
passet	2
patriarken	1
peker	1
pekte	2
pengebegjær	2
pengegrisk	2
pengegriske	2
pengejag	4
pengekjær	1
pengekjære	1
pengene	22
pengepungen	1
penger	26
pengestykket	1
pengesum	1
pengeutlåner	1
pengevekslerne	1
pengevekslernes	3
pent	1
pergamentrullene	1
perle	2
perler	7
person	3
personlig	2
pest	4
pike	3
piken	9
pikene	1
pikens	1
piler	1
pin	1
pine	5
pinebenken	1
pinen	1
pinens	1
piner	1
pines	3
pinse	1
pinsedagen	2
pinsel	1
pint	2
pintes	1
piske	13
piskes	2
piskeslag	1
pisket	4
plage	7
plagen	2
plagene	5
plager	16
plaget	7
plagget	2
plan	8
planen	2
planer	9
planker	1
plante	1
planten	1
planter	3
plantet	8
plass	20
plassene	1
pleide	10
pleiebror	1
pleier	2
pleiet	1
plikt	2
plikter	1
plogen	1
plukke	2
plukker	1
plukket	1
plutselig	9
plyndre	2
plyndrer	1
plyndret	1
pløyer	2
pode	1
podet	5
port	4
porten	5
portene	5
porter	5
porthvelvingen	1
portrommet	1
pottemakeren	1
pottemakerens	2
prakt	5
praktfull	1
prat	1
pratmakeren	1
prege	1
preget	2
preke	1
presset	5
prest	15
prestedømme	2
prestedømmet	2
presten	3
prestene	9
prester	10
presteskap	2
prestetjeneste	2
pris	15
prise	13
prisen	2
priser	11
priset	1
prist	1
priste	13
privat	1
profet	36
profeten	34
profetene	49
profetenes	6
profetens	1
profeter	29
profetere	2
profeters	1
profetert	2
profeterte	5
profeti	3
profetien	1
profetisk	19
profetiske	10
profetord	3
profetordene	1
profetordet	2
profets	1
proselytt	1
protesterte	1
provins	1
provinsen	4
pryd	2
pryder	1
prydet	1
prøv	3
prøvd	1
prøvde	13
prøve	30
prøvede	1
prøvelser	6
prøven	4
prøver	3
prøves	3
prøvet	6
puff	1
pund	7
pundet	4
pung	3
punger	1
punkt	1
purpur	4
purpurkappe	2
purpurkappen	2
purpurtøy	1
pusten	1
pute	1
puter	2
pynte	1
pyntet	3
på	1751
påbud	12
påbudet	1
påbudt	5
pådømt	1
påført	1
pågående	1
påhør	1
påkalle	1
påkallelse	3
påkaller	9
påkledd	2
påla	10
pålagt	7
pålegg	1
pålegge	4
pålegger	7
pålegges	1
pålitelig	1
pålitelige	3
påminning	1
påske	9
påskefest	2
påskefesten	1
påskehøytiden	1
påskelam	1
påskelammet	2
påskemåltid	4
påskemåltidet	7
påskjønne	1
påskudd	2
påstandene	1
påstander	1
påstod	2
påstå	1
påstår	1
påsyn	2
pøbelen	1
rabbi	4
rad	1
rakk	1
rakte	10
ramme	5
rammer	4
rammes	3
rammet	5
ramse	1
randen	1
rang	4
ransmann	1
ransmenn	2
rant	1
rasende	6
raser	1
raseri	2
raske	1
raskt	1
raste	5
ravnene	1
re	1
red	2
redd	20
redde	39
redder	2
reddet	14
rede	7
reder	2
redning	2
redningsmann	1
redningsmannen	1
redsel	7
redskap	1
refse	2
refser	3
refset	2
regjering	1
reglene	4
regn	6
regnbue	1
regnbuen	1
regne	5
regner	3
regnes	6
regnet	18
regning	1
regnskap	10
regnskapet	2
regnskapsfører	1
reis	4
reise	43
reisefølget	1
reisen	8
reiser	10
reist	10
reiste	73
rekke	2
rekker	1
religion	2
religiøse	1
ren	21
rene	17
renhet	4
renhets	1
renne	1
renner	3
rens	1
rense	12
renselse	2
renselsen	2
renselser	1
renselsesbad	1
renselsestiden	2
rensende	1
renser	5
renses	4
renset	9
rent	24
rente	1
renter	2
respekt	16
rest	3
resten	2
retning	1
rett	117
rette	52
retten	8
retter	1
rettere	1
rettes	1
rettesnor	1
rettet	5
rettferd	11
rettferdig	38
rettferdige	50
rettferdiggjøre	3
rettferdighet	36
rettferdigheten	11
rettferdighetens	6
rettferdighets	2
rettferds	5
rettighetene	1
rettigheter	2
rettlede	4
rettleder	2
rettledning	2
rettsbetjentene	1
rettsgyldig	1
rettsindig	1
rettskaffen	6
rettskaffent	1
rettskafne	2
rettsmøter	1
rettssaker	1
rettssalen	2
rev	8
reven	1
revet	8
revne	2
revnet	5
ridedyr	1
ridende	2
riften	2
rik	34
rikdom	17
rikdommen	1
rikdommens	2
rikdommer	1
rike	132
rikelig	10
riker	2
rikere	1
rikes	3
riket	13
rikt	8
riktig	3
riktignok	4
ring	2
ringe	1
ringeste	2
riset	1
risikerer	1
risset	1
riste	3
ristet	6
riv	3
rivalisering	2
rive	17
river	7
rives	5
ro	10
rodd	1
rodde	1
rokke	2
rokkes	6
rolig	2
rolige	2
rom	6
romerne	2
romersk	7
romerske	3
romme	1
rommes	1
rommet	3
rop	4
rope	15
roper	17
ropt	2
ropte	74
ror	1
rorene	1
ros	11
rose	22
roser	7
roses	1
rost	2
roste	2
rot	11
roten	7
rotfestet	2
rotskudd	3
rulle	1
ruller	1
rullet	5
runde	1
rundt	31
rusen	1
rusten	1
ruster	1
rustet	2
rustning	2
ry	1
rydde	5
ryddes	1
ryddet	5
rygg	1
ryggen	1
rykende	1
rykke	2
rykket	10
rykter	2
ryktet	8
rynke	1
ryste	1
rystet	4
ryttere	3
rytteren	1
rytterens	1
rytterne	2
rå	2
råd	7
råde	1
råder	1
rådførte	1
rådgiver	1
rådgivere	1
rådighet	1
rådsherre	3
rådsherrene	5
rådsherrer	5
rådslo	2
rådslå	1
rådsmedlemmene	2
rådsmøte	1
rådvill	1
rår	7
råtner	1
rått	1
råttent	1
rød	3
røk	4
røkelse	6
røkelsesalter	1
røkelsesalteret	1
røkelseskar	1
røkelseskaret	1
røken	4
røkskyer	1
rømme	2
rømt	1
rømte	2
røpe	1
røper	1
rør	4
røre	12
rører	3
røret	1
rørt	4
rørte	19
røst	64
røsten	10
røstene	1
røster	1
røve	2
røver	6
røvere	6
røverhule	3
røverne	1
røvet	3
sa	1007
sabaktáni	2
sabbat	21
sabbaten	34
sabbatens	1
sabbater	1
sabbatsdagen	1
sabbatsreise	1
saddukeere	6
saddukeerne	6
saddukeernes	1
saddukeerpartiet	1
safir	1
saget	1
sagn	1
sagt	145
sak	27
saken	18
sakene	1
saker	4
saksøke	1
sal	2
salen	2
salig	5
salige	7
saligprisningen	1
salme	2
salmer	2
salt	8
saltes	2
saltet	3
salve	9
salven	6
salveolje	1
salver	1
salvet	14
salving	2
samaritan	3
samaritanerne	3
samaritanernes	1
samaritansk	3
samfulle	1
samfunn	11
samfunnet	1
samle	17
samler	12
samles	12
samlet	55
samling	5
samliv	2
samlivet	2
samme	163
sammen	282
sammenfatte	1
sammenfattes	1
sammenfattet	1
sammenføyd	2
sammenføyes	1
sammenheng	1
sammenkomstene	1
sammenligne	6
sammenligner	2
sammenrullet	1
sammenstimling	1
sammensvergelse	3
sammensvergelsen	1
samrådde	1
samstemmer	1
samstemmig	1
samsvar	4
samtale	1
samtaler	3
samtalte	5
samtidig	7
samtykke	1
samvittighet	25
samvittigheten	2
samvittighetens	2
samvittighets	1
samværet	1
sand	3
sandalene	2
sandaler	2
sandalremmen	4
sandbanke	1
sanden	1
sang	10
sangen	1
sanger	2
sangere	1
sanke	1
sanker	2
sanket	2
sann	3
sanne	20
sannelig	35
sannferdig	1
sannferdige	1
sannhet	24
sannheten	57
sannhetens	9
sannhets	3
sans	8
sanselig	2
sanselige	3
sanselighet	2
sanser	2
sant	49
sardonyks	1
satt	124
satte	84
sau	2
saueham	1
sauen	3
sauene	16
sauer	13
saueskinn	1
savnet	1
se	229
sedvane	1
seende	5
seg	1061
segl	23
seglene	2
seglet	2
seier	5
seieren	2
seierskrans	1
seierskransen	2
seierspris	1
seiersprisen	1
seierstog	1
seile	4
seilte	16
seire	3
seirer	10
seiret	9
sekk	3
sekkene	6
seks	6
seksti	6
sekten	1
sektlære	1
selg	2
selge	2
selges	2
seloten	2
selskap	4
selskaper	3
selv	422
selvbeherskelse	3
selvbeherskelsen	1
selve	5
selvfornektelse	1
selvfornektelsen	1
selvgjorte	1
selvhevdelse	5
selvkloke	1
selvsikkert	1
selvsikre	1
selvtukt	1
sen	4
send	2
sende	34
sendebud	1
sendebudene	1
sendemenn	1
sender	31
sendes	3
sendt	76
sendte	96
sene	1
senere	23
seng	3
sengen	3
senger	1
sengs	3
senkes	1
senket	3
sennepsfrø	4
sennepsfrøet	1
sent	3
ser	118
sete	1
setning	1
sett	91
sette	52
setter	34
settes	13
sevje	2
sevjen	1
si	187
side	38
siden	71
sider	3
sier	455
sies	2
sigd	3
sigden	5
signal	1
sikker	2
sikkerhet	2
sikkert	4
sikre	1
sikret	1
sikte	2
sikter	1
siktet	4
silke	1
simpelt	2
sin	448
sindig	1
sindige	1
sindighet	1
sine	196
sinn	23
sinne	10
sinnelag	1
sinnet	2
sinns	2
sint	4
sinte	4
sist	10
siste	42
sitar	1
sitt	201
sitte	31
sittende	4
sitter	28
sittet	3
siv	3
sjefen	2
sjefer	1
sjel	29
sjelelige	1
sjelen	2
sjelene	3
sjeler	5
sjette	14
sju	84
sjuende	9
sjø	3
sjøen	39
sjøfolkene	1
sjømenn	1
sjøreisen	1
sjøs	3
skade	12
skadelige	1
skader	1
skadet	1
skaff	1
skaffe	4
skaffet	2
skal	1921
skalv	5
skam	18
skamflekker	1
skamfulle	1
skamløshet	1
skamme	12
skammel	5
skammelig	3
skammer	8
skammet	1
skamskjære	1
skamskjærer	1
skamslo	2
skape	1
skapelsen	3
skaper	10
skapers	1
skaperverk	1
skapes	1
skapning	5
skapninger	2
skapt	25
skapte	16
skar	4
skare	2
skarlagen	3
skarlagenrød	2
skarlagenrødt	1
skarp	3
skarpe	4
skarpere	1
skarpt	4
skatt	18
skatten	3
skattene	1
skatter	4
skattkammeret	1
skibbrudd	2
skifte	1
skiftende	1
skiftes	2
skiftet	1
skikk	5
skikkelig	1
skikkelse	9
skikken	2
skikker	6
skikket	3
skill	1
skille	19
skiller	9
skilles	3
skilling	2
skilsmissebrev	3
skilt	3
skilte	4
skiltes	1
skinn	1
skinne	5
skinnende	6
skinner	5
skinnet	1
skinnsekker	6
skinte	1
skip	8
skipene	1
skipet	11
skipsbåten	2
skipslaster	1
skipsmerke	1
skipsutstyret	1
skitne	1
skitnes	1
skje	38
skjebne	4
skjedd	21
skjedde	14
skjell	1
skjellsord	3
skjelne	5
skjelte	2
skjelve	2
skjelvende	4
skjelver	2
skjenk	1
skjenket	2
skjensel	1
skjente	4
skjer	24
skjold	1
skjorten	2
skjortene	1
skjul	1
skjule	1
skjuler	1
skjules	2
skjult	23
skjulte	14
skjær	1
skjære	1
skjærer	7
skjøge	1
skjøgen	6
skjøgene	1
skjøger	4
skjøges	1
skjønne	8
skjønner	10
skjønneste	1
skjønnhet	1
skjønt	1
skjønte	23
skjøt	5
skjøv	1
sko	5
skog	1
skole	1
skorpion	2
skorpioner	3
skrap	1
skrek	19
skrekk	5
skremme	8
skremt	3
skrev	17
skrevet	120
skriftene	18
skrifter	6
skriftlesningen	1
skriftlærd	4
skriftlærde	58
skriftlærdes	1
skriftord	1
skriftordet	6
skriftsted	1
skrik	4
skrike	1
skrin	1
skritt	1
skriv	4
skrive	13
skriver	26
skrives	2
skrud	1
skryt	3
skryte	5
skryter	7
skrål	1
skråningen	1
skrøpelige	2
skubbet	1
skudd	1
skuebrødene	4
skuespill	1
skuffer	1
skuldrene	1
skuldrer	1
skulle	326
skummer	1
sky	9
skyen	10
skyene	3
skyer	6
skygge	4
skyggebilde	1
skyggen	2
skygget	4
skyld	103
skylder	11
skyldes	1
skyldig	12
skyldige	4
skyldnere	2
skyldte	4
skylle	2
skylte	2
skynd	1
skyndte	8
skyr	1
skyter	3
skål	7
skålene	3
skåner	1
skånsel	1
skånte	1
sladder	8
slag	20
slagene	1
slags	42
slakt	3
slakte	1
slaktedagen	1
slakter	1
slaktes	2
slaktesauer	1
slaktet	8
slaktoffer	1
slange	2
slangen	4
slangene	1
slanger	3
slapp	11
slappe	2
slave	9
slavehandlere	1
slavene	1
slaver	19
slavinne	1
slekt	36
slekter	5
slektledd	1
slektning	2
slektninger	6
slepte	5
slet	7
slett	5
slette	1
slik	265
slike	33
slikket	1
slikt	31
slippe	15
slipper	6
slippes	2
sliren	1
sliter	1
slites	1
slitt	1
slo	52
slokke	2
slokket	1
slokner	6
sloss	1
slott	2
slottsborgen	1
slu	1
sluke	2
sluker	1
slukte	1
sluppet	2
slutt	35
slutte	5
slutten	1
sluttet	10
slå	34
slår	19
slås	1
slått	21
slør	2
sløret	3
sløse	1
sløsingen	2
sløste	2
sløve	2
sløvet	1
sløvt	2
smak	1
smake	6
smakt	3
smakte	3
smal	1
smaragd	2
smelte	1
smerte	3
smertene	2
smerter	1
smigrende	1
smigrer	1
smitter	1
smittet	1
smulene	2
smurte	2
smykke	1
smykket	1
små	19
småbarn	1
småbyene	1
småfe	1
småfisk	2
småmynter	2
småsaker	1
smått	4
snakk	8
snakke	14
snakker	17
snakket	17
snar	2
snare	3
snaren	1
snarer	1
snarere	1
snart	48
snauklipt	1
sneket	2
sniker	1
snuble	1
snubler	4
snublestein	2
snublesteinen	1
snudde	12
snyter	1
snø	2
snøre	1
sol	6
soldat	3
soldaten	1
soldatene	14
soldater	7
soldatkappe	1
solen	19
solgt	5
solgte	14
solnedgang	1
soloppgang	1
som	3985
sommeren	3
sone	1
soning	3
soningsstedet	1
sonoffer	1
sorg	25
sorgen	6
sov	6
sove	2
sovende	6
sover	11
sovnet	8
spak	1
spann	1
spare	3
sparsomt	2
spart	3
sparte	2
spe	1
spedalsk	2
spedalske	7
spedalskhet	1
spedalskheten	3
spedbarn	1
spedbarna	2
speiderne	1
speil	3
spekulasjoner	1
spenne	1
spent	3
spente	1
spill	3
spille	1
spiller	1
spilt	1
spilte	2
spinner	2
spionere	1
spirer	1
spis	9
spise	54
spiser	44
spist	7
spiste	35
spliden	1
splittelse	6
splittet	3
spor	6
spore	1
spott	16
spotte	5
spottende	2
spotter	15
spottere	1
spottet	15
sprang	7
spre	1
spredt	11
spredte	13
sprekker	1
sprenge	2
sprengt	1
sprengte	1
sprer	5
springe	1
springer	4
språk	7
språket	1
spurt	3
spurte	160
spurver	4
spy	1
spyd	1
spydd	1
spydde	1
spytt	2
spytte	3
spyttet	5
spådde	1
spådomsånd	1
spør	20
spørre	20
spørsmål	16
spørsmålet	3
stadfeste	1
stadfester	2
stadfestet	4
stadfesting	1
stadier	5
stadig	26
stake	3
staken	1
stakk	8
stamfar	4
stamfars	1
stamfedre	1
stamme	20
stammen	2
stammene	2
stammer	13
stampe	1
stand	55
stang	2
stangen	1
stans	1
stanse	1
stanset	9
stappet	1
stas	2
stater	1
stav	7
sted	118
stede	10
steder	7
stedet	23
stedets	1
steg	34
steget	5
stein	23
steine	5
steinen	18
steinene	5
steiner	8
steines	2
steinet	7
steingrunn	6
steinkast	1
stekt	1
stell	1
stelle	2
steller	2
stelles	1
stelt	1
stelte	4
stemme	6
stemmen	2
stemmer	2
stemt	1
stemte	4
stenge	2
stenger	2
stenges	1
stengt	5
stenket	3
sterk	15
sterke	15
sterkere	10
sterkes	2
sterkt	1
stevne	2
stiene	1
stier	4
stifte	1
stifter	1
stig	2
stige	16
stiger	4
stikk	2
stikke	3
still	3
stille	20
stiller	2
stillere	1
stilles	1
stillferdig	1
stillhet	4
stilling	5
stillingen	1
stilnet	2
stilt	4
stilte	20
stimle	1
stimlet	3
stirrer	1
stirret	7
stiv	1
stjal	1
stjele	8
stjeler	3
stjerne	5
stjernen	2
stjernene	3
stjerner	11
stod	121
stoiske	1
stokk	1
stokker	5
stol	1
stole	2
stoler	3
stolt	8
stolte	9
stolthet	3
stoppe	3
stoppet	2
stor	111
storartet	1
store	75
storeter	2
storfe	1
storflommen	2
storhet	3
storm	4
stormen	1
stormenn	1
stormer	1
stormet	4
stort	25
storverk	3
straff	10
straffe	5
straffen	7
straffens	1
straffer	2
straffes	1
straffet	3
straks	42
strakte	1
strand	3
strande	1
stranden	7
streb	2
streder	1
strekk	2
strekke	1
strekker	3
strekning	1
streng	4
strengere	2
strengeste	1
strengt	18
strev	6
strevd	1
strevde	2
streve	1
strever	4
strid	40
stridd	1
stride	1
striden	1
strider	2
stridigheter	2
stridskamerat	2
stridsmann	1
stridsspørsmål	3
strupe	1
strupetak	1
stryke	1
strå	1
stråle	1
strålende	1
stråler	2
strålte	4
strødd	2
strødde	5
strøk	3
strøket	1
strøm	1
strømmen	1
strømmer	1
strømmet	5
stukket	1
stum	6
stumme	7
stund	39
stunden	1
stunder	1
stup	2
stupet	2
styggedom	5
stygt	2
stykke	11
stykkene	5
stykker	13
stykket	3
stykkevis	4
styr	1
styre	10
styremaktene	1
styrende	1
styres	1
styringsoppgaver	1
styrk	2
styrke	16
styrkes	2
styrket	8
styrmannen	1
styrte	1
styrter	2
styrtes	1
styrtet	5
stå	79
stående	28
står	216
stått	26
støe	1
stønner	1
større	57
størst	5
største	13
støt	2
støte	2
støter	4
støtes	2
støtt	1
støtte	8
støttende	1
støttes	1
støttet	1
støv	2
støvet	6
støyende	1
suge	1
sukk	1
sukke	1
sukker	3
sukket	2
sult	4
sulte	1
sulten	13
sulter	1
sultet	2
sultne	5
sum	1
summen	1
sunget	2
sunn	1
sunne	8
surdeig	8
surdeigen	4
surret	1
surringene	1
suser	1
svaier	2
svak	10
svake	20
svakere	1
svakest	1
svakhet	11
svakhetene	1
svakt	2
svale	1
svamp	3
svampen	1
svangert	1
svant	2
svar	4
svare	18
svarer	11
svaret	6
svart	5
svarte	309
svartekunster	1
sved	1
svelget	1
svepe	1
sverd	29
sverdet	8
sverge	10
sverger	8
sverget	12
svetten	1
svi	1
svidd	1
svigerdatter	3
svigerfar	1
svigermor	6
svik	5
svikefull	1
svikefulle	1
svikte	1
sviktende	1
svikter	1
svin	2
svindel	1
svindlere	1
svineflokk	3
svineflokken	1
svinene	5
svinger	1
svir	1
svire	1
svor	1
svovel	6
svovelen	1
svovelgule	1
svær	3
svære	1
svært	9
svøm	1
svømme	1
svøpt	1
svøpte	6
sydd	1
syk	23
sykdom	3
sykdommen	2
sykdommer	10
sykdomsånd	1
syke	28
sykeseng	1
sykt	2
syn	20
synagoge	8
synagogedomstolene	1
synagogeforstander	1
synagogeforstanderen	3
synagogeforstanderens	4
synagogeforstanderne	2
synagogen	24
synagogene	22
synagoger	2
synd	63
synde	4
syndefullt	2
synden	42
syndene	15
syndenes	2
syndens	7
synder	84
syndere	26
synderen	1
synderes	2
synderne	3
synders	2
syndet	16
syndig	5
syndige	11
syndoffer	3
syndstilgivelse	1
syne	9
syner	4
synes	8
synet	18
syng	2
synge	2
synger	2
synke	2
synlig	8
synlige	6
syns	3
syntes	8
syrer	2
syreren	1
sytti	3
syttifem	1
så	1093
sådd	23
sådde	8
såkalte	3
såkorn	2
således	1
såmannen	1
sår	15
sårene	3
sårer	2
såret	2
sårt	1
sæd	2
særlig	4
særskilt	1
søk	2
søke	10
søker	16
søksmål	2
søkt	1
søkte	7
sølen	1
sølt	1
sølv	10
sølvet	1
sølvmynter	1
sølvpengene	2
sølvpenger	2
sølvsmed	1
sølvstykker	1
sømmelig	5
sømmelighet	1
sømmer	9
søndag	1
sønn	195
sønnavind	2
sønnen	21
sønnene	4
sønner	12
sør	6
sørg	4
sørge	10
sørgedrakt	1
sørger	4
sørgesanger	2
sørget	3
sørgetøy	1
sørover	1
sørvest	1
søsken	8
søster	13
søsters	1
søstersønnen	1
søstre	5
søstrene	2
søt	2
søtt	1
søvn	6
søvne	1
søvnen	2
søvnige	1
søyle	1
søylene	1
ta	136
tak	2
taket	7
takk	25
takke	8
takkebønn	2
takkebønnen	8
takken	3
takker	17
takket	9
takknemlig	1
takknemlige	2
takknemlighet	1
takstein	1
tal	7
tale	87
talekunst	2
talemåter	1
talen	1
talens	1
talent	3
talenten	2
talenter	9
taler	100
tall	6
tallet	8
tallrik	3
tallrikt	2
talløs	1
talsmann	2
talsmannen	3
talt	40
talte	96
tanke	11
tankebygninger	1
tankegang	1
tanken	2
tankene	2
tanker	20
tann	2
tap	5
taper	3
tapet	3
tapre	1
tapt	6
tar	103
tas	6
tatt	66
tau	2
tauene	1
taushet	1
tavle	1
tavler	1
teatret	2
tegn	74
tegnene	1
tegnet	6
telle	1
telt	12
teltet	5
teltmakere	1
temme	2
tempel	19
tempelbygningene	1
tempelgavene	1
tempelinnvielsen	1
tempelkisten	4
tempelmuren	2
tempelplassen	27
tempelporten	1
tempelrøvere	1
tempelskatten	1
tempeltjenesten	1
tempelvakten	4
tempelvokter	1
templene	1
templer	1
templet	56
templets	2
tenk	6
tenke	14
tenker	14
tenkt	4
tenkte	25
tennene	1
tenner	13
tent	4
tente	1
testamente	2
tett	1
ti	25
tid	145
tidde	8
tide	1
tiden	46
tidenes	4
tidens	2
tider	16
tidlig	9
tidligere	8
tidspunkt	1
tie	10
tiende	12
tiendedel	1
tier	2
tigge	3
tigget	4
til	3387
tilbad	14
tilbake	125
tilbe	21
tilbedere	2
tilbedt	2
tilber	10
tilbes	1
tilbrakt	1
tilbød	2
tildelt	2
tilfalt	1
tilfelle	2
tilflekket	1
tilflukt	1
tilfreds	1
tilfredsstille	1
tilgav	1
tilgi	18
tilgir	12
tilgitt	19
tilgivelse	19
tilgodesett	1
tilhenger	2
tilhengere	4
tilhengerne	2
tilhold	1
tilholdssted	1
tilhøre	1
tilhører	18
tilhørte	1
tilintetgjort	2
tilintetgjøre	1
tilintetgjøres	1
tilkalle	1
tilkalt	1
tilkalte	2
tillate	1
tillatelse	4
tillater	2
tillatt	16
tillegg	3
tillit	12
tillitsfullt	1
tillot	2
tilmed	1
tilmålt	2
tilnavnet	11
tilregn	1
tilregner	3
tilregnes	1
tilregnet	3
tilreisende	1
tilsagn	1
tilsier	1
tilskynde	1
tilstå	2
tilstår	1
tilsyn	2
tilsynsembete	2
tilsynsmann	3
tilsynsmenn	2
tilsøler	1
tiltak	1
tiltaket	1
tiltar	1
tiltatt	1
time	47
timen	6
timer	3
times	1
ting	106
tinge	1
tingen	1
tingene	2
tings	1
tistel	1
tistler	2
titusener	2
tjen	2
tjene	22
tjener	98
tjenere	35
tjeneren	17
tjenerens	4
tjeneres	1
tjenerinne	2
tjenerne	20
tjenernes	1
tjeners	1
tjeneste	49
tjenestefolk	1
tjenesteguttene	1
tjenesten	13
tjenestepike	2
tjenestepiken	2
tjenestepikene	2
tjenester	1
tjenestetiden	1
tjent	8
tjente	7
tjue	4
tjuefem	1
tjuefire	6
tjuetre	1
to	147
toget	1
tok	212
tolker	1
tolket	1
toll	3
tollboden	3
toller	3
tollere	11
tolleren	2
tollerne	2
tolv	61
tolvstammefolk	1
tolvte	1
tom	2
tomannshånd	1
tomhendt	3
tomhendte	1
tomhet	2
tomme	7
tomt	4
tonen	1
tonene	1
tont	1
topas	1
torde	1
torden	2
tordenbrak	5
tordener	2
tordensønner	1
tordnet	1
torget	13
torn	2
tornebusk	1
tornebusken	3
tornebuskene	3
tornebusker	8
tornekrone	1
tornekronen	1
torner	2
tradisjonene	1
tradisjoner	1
traff	13
trakk	10
traktene	4
trakter	3
trampe	1
trang	1
trange	2
trangt	3
trappen	2
trass	1
trassige	2
travelt	1
tre	105
tredje	45
tredjedel	3
tredjedelen	7
tredjepart	1
tredjeparten	1
treet	8
treffe	4
treffende	1
treffer	1
trege	2
trekkdyrets	1
trekke	4
trekker	5
trell	7
trelldom	3
trelldommen	1
trelldommens	2
trelle	2
treller	6
trellkvinnen	3
trellkvinnens	1
trellkvinner	1
trenge	4
trenger	33
trenges	1
trengs	5
trengsel	4
trengselen	4
trengselstid	1
trengselstiden	1
trengslene	2
trengsler	11
trengte	18
trer	3
treskeplassen	2
tresker	3
treslag	1
trett	3
trette	5
tretti	9
trettini	1
trettiåtte	1
triumferte	1
tro	241
trodd	11
trodde	61
troen	88
troende	22
troendes	1
troens	13
trofast	16
trofaste	7
trofasthet	1
trolldom	3
trolldomskunstene	1
trolldomskunster	1
trollmann	1
trollmannen	1
trollmenn	1
trollmennene	1
trolovede	3
trolovet	2
troløse	3
trompeten	1
trone	22
tronen	31
troner	10
tropper	1
tror	123
tros	1
trosgave	1
troskap	8
troskyldige	1
trosset	2
troverdig	7
troverdige	4
true	1
truet	9
trukket	4
truslene	1
trusler	1
trygg	2
trygge	1
tryggeste	1
trygt	3
trykker	1
trå	2
trådt	2
trådte	6
tråkke	2
tråkkes	1
tråkket	2
trær	2
trærne	7
trøst	17
trøste	5
trøsten	1
trøstens	1
trøster	2
trøstes	2
trøstet	2
tukt	3
tukter	2
tuktes	1
tuktet	4
tunge	9
tungemål	10
tungen	10
tungene	1
tunger	16
tungetale	5
tungetalen	2
tunghørte	1
tungt	2
turen	1
turtelduer	1
tusen	32
tusener	3
tusentall	1
tusenvis	2
tvang	10
tveeggede	1
tveegget	2
tvers	2
tvert	2
tvil	1
tvile	1
tvilen	1
tviler	5
tvillingene	1
tvilrådige	1
tvilte	4
tving	1
tvinge	4
tvinger	2
tvunget	4
tyde	7
tydelig	3
tydeligere	1
tyder	3
tydes	2
tydning	2
tynger	1
tynget	3
tyngre	1
tynt	2
tyv	7
tyven	2
tyver	5
tyveri	3
tyverier	1
tåkedotter	1
tåle	14
tåler	9
tålmod	7
tålmodig	10
tålmodige	4
tålmodighet	6
tålsom	1
tålsomhet	4
tålsomme	1
tålt	1
tålte	1
tåpelige	4
tåre	2
tårene	2
tårer	6
tårn	1
tårnet	1
tøddel	2
tøm	1
tømme	2
tømmermannen	1
tømmermannens	1
tømte	7
tønner	1
tørke	2
tørker	1
tørket	5
tørkle	1
tørklær	1
tørre	1
tørst	9
tørste	3
tørster	5
tørt	1
tøy	2
uangripelig	2
uangripelige	2
uansvarlig	1
uavhengig	1
ubarmhjertig	1
ubarmhjertige	1
ubefestede	1
ublandet	1
ubotferdige	1
ubrukelige	1
ubrytelige	1
udelt	1
udødelig	1
udødelighet	3
uekte	1
uendelig	5
uenige	1
uenighet	2
ufattelige	2
uforanderlig	1
uforberedt	1
uforfalsket	1
uforgjengelig	6
uforgjengelige	2
uforgjengelighet	5
uforskyldte	1
uforsonlige	1
uforstand	6
uforstandig	4
uforstandige	15
ufortjent	1
ufred	2
ufruktbare	1
ufullbåret	1
ufødt	1
ugift	3
ugifte	5
ugjerning	1
ugjerningen	1
ugjort	1
ugress	1
ugresset	8
ugudelig	2
ugudelige	12
ugudeliges	1
ugudelighet	3
ugudeligheten	1
uhederlige	1
uhørt	1
ujevne	1
uke	3
uken	9
ukjent	2
ukjærlige	2
uklanderlig	3
uklanderlige	2
ukrympet	2
ukyndige	1
ulike	3
ulikt	1
ull	2
ulven	2
ulver	4
ulydig	4
ulydige	17
ulydighet	3
ulydigheten	1
ulykke	3
ulykkelige	2
ulykken	1
ulyst	1
ulærd	1
ulærde	1
uminnelige	1
umoden	1
umodne	4
umoral	6
umoralske	1
umulig	9
umyndig	1
umyndige	1
umælende	1
unaturlig	1
unaturlige	1
under	160
underfulle	3
underfullt	2
undergang	6
undergangen	1
underhold	1
underkuet	1
underlagt	3
underlegge	1
underlegges	1
underlig	1
underne	1
underordne	15
underordner	1
underordnet	1
undertrykker	1
undertrykte	1
underveis	8
undervise	5
underviser	1
undervisning	2
undervisningen	1
undervist	4
underviste	6
undre	5
undrer	3
undres	1
undret	24
undring	17
ung	10
ungdommens	1
unge	14
unna	9
unnfanget	2
unngå	5
unnlatt	1
unnskylde	1
unnskyldning	4
unnskyldt	2
unnslippe	2
unntatt	4
unyttig	4
unyttige	3
uomskåren	1
uomskåret	9
uomskårne	7
uorden	1
uordens	1
uordentlig	4
upartisk	1
upassende	1
upålitelige	1
uransakelige	1
uredd	1
uredelig	2
uren	7
urene	28
urenhet	8
urenheten	1
urent	21
urett	46
urette	1
uretten	3
urettferdig	3
urettferdige	2
urettferdighet	1
urimelige	1
uro	3
uroen	2
urokkelig	2
urolig	4
urolige	2
uroligheter	1
uråd	1
usigelige	2
usikker	1
usikre	2
uskadd	1
uskikket	3
uskyldig	2
uskyldige	5
usle	1
ustø	1
usynlig	1
usynlige	8
usyrede	8
usyret	1
usømmelig	2
ut	522
utakknemlige	2
utallige	1
utbasunere	1
utbrer	1
utbrøt	3
utdelingen	2
ute	36
utelukker	1
utelukket	1
uten	180
utenfor	42
utenforstående	1
utenfra	2
utenlands	2
utenom	1
utenpå	1
utestengt	1
utfor	4
utfordre	2
utfordrende	1
utfordrer	1
utfordret	2
utforsker	1
utforsket	1
utfri	2
utfyller	1
utføre	3
utfører	1
utførlig	1
utført	1
utførte	3
utgang	1
utgangen	1
utgiftene	1
utgår	2
utgått	8
utholdende	4
utholdenhet	11
utholdenheten	3
utholder	2
uti	1
utide	1
utildekket	1
utkikk	1
utlandet	1
utlegge	1
utlending	1
utlendingene	1
utlendinger	4
utlevere	7
utleveres	1
utlevert	6
utleverte	2
utlån	2
utlært	1
utløp	1
utmattet	2
utmerket	1
utnyttet	3
utover	1
utpeke	1
utpekte	2
utrette	1
utrettelig	2
utretter	1
utro	4
utrolig	1
utrolige	1
utroskap	1
utruste	6
utrustet	1
utrydde	4
utryddet	3
utsagn	2
utsatt	4
utsatte	1
utseende	2
utsending	2
utsendingen	1
utsendingene	3
utsendinger	2
utsendt	9
utsendte	1
utsett	1
utsette	8
utsetter	1
utsettes	1
utsiden	1
utskeielser	7
utskjelt	2
utskudd	1
utslette	1
utsmykker	1
utsmykket	1
utstråling	1
utstøte	1
utstøter	1
utstøtes	1
utstøtt	1
utsuger	1
utsvevelser	2
utsvevende	2
uttale	1
uttaler	1
uttrykk	2
uttrykkes	1
utukt	3
utuktig	1
utukts	1
utvalgt	23
utvalgte	23
utvalgtes	2
utvei	3
utvelge	1
utvelgelse	3
utvelgelsen	1
utvendig	3
utvendige	1
utydelig	1
utåndet	3
utøse	3
utøses	3
utøst	8
utøste	1
uvanlig	1
uvanlige	1
uvaskede	1
uvenn	1
uverdige	1
uvilje	1
uvirksomme	1
uvisshet	1
uvitenhet	3
uvitenhetens	1
uvær	1
uværet	1
uærlige	1
vakkert	1
vakle	1
vaklende	1
vaklet	1
vakling	1
vakre	2
vakt	22
vakte	2
vakten	1
vaktene	8
vakter	2
vakthold	1
vaktmannskap	1
vaktpostene	1
vaktposter	1
vaktskift	1
vaktstyrken	3
vakttårn	2
valgt	3
valgte	5
vandre	3
vandrer	6
vandret	1
vandringen	1
vaner	1
vanfør	3
vanføre	6
vanhellig	3
vanhellige	4
vanhelliget	2
vanlig	6
vanlige	3
vann	55
vannenes	1
vanner	2
vannet	26
vannkar	1
vannkildene	1
vannkrukke	2
vannkrukken	1
vannmasser	3
vanskelig	9
vanskelige	3
vanskeligheter	7
vant	7
vantro	25
vantros	1
vanvidd	1
vanære	6
vanæren	1
vanærende	1
vanærer	1
vanæret	1
var	1289
vare	22
varene	1
varer	6
varetekt	6
varm	3
varme	2
varmere	1
varmet	4
varmt	1
varsel	2
varsler	1
varslet	4
varsomhet	1
varsomme	1
vart	1
varte	2
varter	1
vartet	1
vask	2
vaske	7
vasker	5
vasket	14
vattersott	1
ve	15
ved	492
vederlag	5
vedkjent	2
vedtak	2
vedtatt	2
vedtok	1
veer	3
vegg	1
veggs	1
vegne	2
vei	58
veien	72
veiene	2
veier	8
veikryssene	1
veilede	2
veileder	1
veiledere	4
veiledning	1
vek	2
veke	1
vekk	4
vekke	3
vekkes	1
vekket	4
veksling	1
vekst	6
vekt	3
vel	54
velbehag	1
velberget	2
velde	6
veldig	6
veldige	9
velg	1
velge	2
velger	1
velgjerning	1
velgjerninger	1
velgjørere	1
velkomstkyss	1
veller	1
vellevnet	2
vellukt	1
velluktende	6
velsign	3
velsigne	3
velsignelse	9
velsigner	3
velsignes	2
velsignet	15
velskapt	1
velstand	1
veltalenhet	1
velter	1
veltet	6
velvilje	2
velvillig	1
vend	5
vende	35
vender	24
vendt	12
vendte	41
venn	14
vennekyss	1
vennene	3
venner	19
venninner	1
vennlig	7
vennlige	3
vennlighet	3
vennskap	1
vennskaps	1
venstre	11
vente	16
venter	27
ventes	1
ventet	22
verd	23
verden	194
verdens	38
verdenshjørner	3
verdi	2
verdien	1
verdier	1
verdifull	2
verdifulle	1
verdig	18
verdige	7
verdighet	1
verdsatt	1
verdsette	1
verdsettes	1
verdslige	2
verdt	2
verk	17
verken	41
verkende	1
verre	12
vert	1
verten	3
verv	1
vesen	4
vesener	15
vesenet	1
veske	6
vest	5
vet	226
vett	1
vettløs	1
vettløse	1
vettløshet	1
vevd	1
vever	1
vi	877
vid	1
vidder	2
videre	45
vidt	6
vie	1
viet	3
viftet	1
viker	1
viktig	2
viktigere	1
vil	508
vilje	79
viljes	1
vill	26
villdyr	3
ville	204
villede	2
villedet	1
villfarelse	4
villfarelsens	2
villig	9
villige	5
villspor	1
vilt	3
vin	26
vind	5
vinden	15
vindene	2
vinder	3
vindrikker	2
vinduet	2
vindyrkere	3
vindyrkerne	4
vinen	9
vingene	3
vinger	3
vingård	6
vingården	16
vingårdens	3
vingårdsmannen	1
vinn	10
vinne	24
vinner	10
vinning	7
vinnings	2
vinpresse	3
vinpressen	2
vinter	1
vinteren	6
vinteropplag	2
vintre	2
vintreet	2
vintreets	3
virak	1
virke	1
virkekraftig	1
virkelig	23
virkelige	2
virkeliggjort	1
virkeligheten	3
virker	12
virket	3
virkninger	1
virksom	6
virksomhet	1
virvelstorm	1
virvelvind	2
virvler	1
vis	29
visdom	47
visdommen	4
visdommens	1
visdomslære	2
vise	78
viselig	1
viser	26
vises	2
vismenn	2
vismennene	3
visne	2
visner	7
visnet	6
viss	9
visse	6
vissen	3
visshet	3
visst	8
visste	59
vist	26
viste	45
vite	76
vitende	1
vitne	31
vitner	46
vitners	4
vitnesbyrd	53
vitnesbyrdet	8
vitnesbyrdets	2
vitnet	21
vittigheter	1
vogn	1
vognen	3
vogner	2
vokse	8
vokser	9
voksne	1
vokst	3
vokste	10
vokte	1
vokter	3
vokteren	3
vokterne	1
voktet	1
vold	5
volde	3
volder	1
voldsom	6
voldsomme	1
voldsomt	3
voll	1
vond	1
vonde	2
vondt	19
vraket	6
vrakrester	1
vrang	2
vrange	4
vranglære	1
vranglærer	1
vranglærere	1
vred	1
vrede	18
vreden	3
vredens	4
vredes	3
vredes-vin	1
vredesdag	1
vredesdom	4
vredesdommen	2
vunnet	11
våge	3
våger	7
våget	14
våk	6
våke	5
våker	4
våket	1
våkne	8
våknet	3
våpen	7
våpnene	1
vår	209
våre	70
vårregnet	1
vårt	55
væpne	1
væpnet	2
vær	24
være	477
været	1
vært	110
væte	2
vætte	1
ydmyk	2
ydmyke	6
ydmyket	1
ydmykhet	4
ydmykt	1
yngre	4
yngste	4
ynkelig	1
ynkeligste	1
yppe	1
yrke	1
yte	1
ytre	13
ytterdøren	1
ytterste	3
«	1760
¬	370
»	1762
Å	8
Åkeren	1
Ånd	145
Ånden	106
Åndens	12
Ånds	6
Åpent	1
År	1
Åtte	1
Æneas	2
Ære	1
Ærede	1
Én	7
Ødelegg	1
Øksen	2
Ørene	1
Øs	1
Østen	2
Øv	1
Øversteprest	1
Øverstepresten	5
Øye	1
Øyeblikkelig	2
Øyet	1
å	1545
åk	4
åker	6
åkeren	6
åkerland	1
åket	1
åkrene	1
åkrer	3
ånd	70
ånde	1
åndehær	1
åndelig	5
åndelige	12
åndemanere	1
ånden	14
åndene	9
åndenes	1
ånder	67
ånders	2
åndet	1
åndsfylt	1
åndsgavene	2
åndsåpenbaringer	2
åpen	5
åpenbare	7
åpenbarer	12
åpenbares	7
åpenbaring	8
åpenbaringen	1
åpenbaringene	1
åpenbaringer	1
åpenbart	25
åpenbarte	7
åpenlyst	3
åpent	11
åpne	14
åpner	4
åpnet	42
åpning	1
år	65
årene	3
året	6
års	1
årsak	1
åsyn	13
åt	1
åtselet	2
åtte	5
åttende	5
åtti	1
åttifire	1
ærbødighet	1
ære	87
ærede	3
ærefrykt	4
æren	10
ærer	8
æreskrans	1
ærestribune	1
æret	4
ærgjerrighet	2
ærlig	1
ærlige	1
ætling	1
ætlinger	1
ætt	45
ætten	1
ætter	1
ættetavle	1
ættetavlen	1
ættetavler	2
én	114
ét	1
òg	1
øde	12
ødelagt	9
ødelegge	11
ødeleggelse	2
ødeleggende	5
ødelegger	7
ødemark	1
ødemarken	20
økte	3
ønske	7
ønsker	13
ønsket	15
øre	8
ørene	7
ører	20
øret	9
ørken	1
ørkenen	15
ørn	2
ørnen	1
øst	8
østsiden	3
øvd	1
øverst	3
øverste	2
øversteprest	18
øverstepresten	23
øversteprestens	9
øversteprester	3
øving	1
øvrig	3
øvrigheter	1
øy	4
øya	8
øye	33
øyeblikk	4
øyeblikket	1
øyentjenere	2
øyenvitner	2
øyet	7
øyne	36
øynene	46
øynenes	1
—	150
’	17
