(	14
)	14
,	20276
.	15080
100	1
144,000	1
3	1
30	1
60	1
75	1
:	1
?	1336
A	52
ARI	3
Aang	4
Abadon	1
Abaisa	2
Abayat	1
Abayata	1
Abe	21
Abimbi	2
Adam	21
Admin	2
Adramitiam	1
Aga	1
Agabas	2
Aget	1
Agir	2
Agr	3
Agripa	8
Agripao	2
Agripaye	1
Ai	2
Aibilini	1
Aidolaminga	1
Aidole	4
Aidolekinaminga	1
Aidolekinanga	1
Aidolere	3
Aidolimingere	2
Aidolungure	1
Aidolungwo	3
Aikoniam	6
Airaminga	1
Airamingere	1
Airangure	1
Airangwiwe	1
Airangwo	1
Aire	12
Airimia	3
Airing	3
Airo	1
Airungure	8
Airungwiwe	3
Airungwo	4
Aisaia	21
Aisak	27
Aisaya	4
Aiyulang	3
Akaia	3
Akaikas	1
Akeldama	1
Akeleas	1
Aki	8
Akipas	2
Akun	1
Akwila	8
Al	51
Ala	2
Aleksanda	6
Aleksandria	4
Algaling	1
Algi	6
Alhuno	10
Aling	2
Alpias	5
Ama	10
Amagedon	1
Amagir	3
Amagirye	1
Amane	9
Ametis	1
Ami	8
Aminadap	3
Ampipolis	1
Amplietas	1
Ana	10
Anai	2
Ananaias	11
Ananaiasiye	1
Ananga	1
Anas	4
Andronaikas	1
Angure	2
Angwo	3
Ani	3
Antiok	25
Antipas	1
Antipatris	1
Apaksat	2
Apelis	1
Apia	1
Apias	1
Apoliyon	1
Apolonia	1
Apolos	12
Aposel	6
Ara	14
Arabia	1
Are	2
Areb	1
Arebia	1
Arere	2
Aretas	1
Ari	325
Arihobi	25
Arimatia	4
Ariopagas	3
Aristakas	5
Aristobulas	1
Ariwo	1
Asa	2
Asaia	1
Asdot	1
Asinkritas	1
Asos	2
Atelia	1
Atemas	1
Atemis	5
Atens	7
Au	7
Aulangure	1
Aule	5
Aulekiminga	1
Aulimba	1
Aulinba	1
Aulungwo	1
Aun	1
Auna	2
Awa	6
Awai	7
Awi	1
Aya	1
Aye	21
Ayo	57
Ba	4
Babilon	2
Bai	3
Bal	2
Bala	1
Banabas	39
Baniya	4
Banta	2
Barabas	15
Bare	1
Basabas	2
Batimias	1
Batolomeu	1
Batolomyu	3
Beal	1
Bebilon	35
Bekimba	1
Bekinangure	1
Belam	8
Belamye	1
Beloke	1
Bemba	2
Bemia	2
Benaisi	3
Benangure	1
Benangwo	1
Bengure	4
Bengwo	1
Bensamin	4
Beo	1
Bere	1
Berek	1
Berekaia	1
Beria	8
Beril	1
Betani	14
Betelehem	4
Betesda	1
Betlehem	9
Betpasi	3
Betsaida	9
Bielsebul	8
Bil	9
Bilere	1
Bilkimba	1
Binangure	1
Binangwo	1
Bini	2
Bir	1
Biria	1
Bisnisi	1
Bitinia	2
Blastas	1
Bli	1
Bling	2
Boanesis	1
Boas	3
Bobilua	1
Boi	2
Bol	16
Bolbin	2
Bole	7
Bolere	25
Bolga	1
Bolgere	1
Boling	1
Bolkinanga	1
Bolkiraba	1
Bolkire	1
Bomba	8
Bomia	2
Bomiba	1
Bona	6
Bonamba	5
Bonamia	1
Bonaminga	2
Bonanga	4
Bonangere	1
Bonangiwe	1
Bonangure	4
Bonangwo	5
Bonba	1
Bonga	3
Bongiwe	1
Bongure	16
Bongwiwe	1
Bongwo	8
Breng	5
Breti	9
Bring	4
Bu	1
Buku	3
Bukunere	2
Bukunungure	1
Bulamahau	1
Bulaminga	1
Bulungure	1
Bulungwo	1
Bungure	4
Bungwo	1
Capernaum	1
Daionisias	1
Daiotrepis	1
Dal	1
Dale	1
Dalere	2
Dalkire	1
Dalmanuta	1
Dalmesia	1
Dalungure	1
Damaris	1
Damaskas	21
Damba	2
Danangure	1
Danangwo	2
Dangure	1
Daniel	1
Debi	4
Debit	82
Dekapolis	2
Dekimba	2
Demas	1
Demetrias	1
Denamba	1
Denanga	1
Denangure	1
Denangwo	4
Denba	1
Dere	1
Detega	1
Di	129
Diga	5
Digere	3
Digiwe	1
Diiba	7
Dikapolis	1
Dikiba	3
Dikiga	1
Dikimba	1
Dikimia	1
Dikinamba	2
Dikinamua	1
Dikinanga	2
Dikinangure	2
Dikinangwiwe	1
Dikire	5
Dikungure	2
Dikungwo	2
Dimas	1
Dimba	203
Dimia	35
Dimiawe	6
Diminba	5
Diminga	3
Dimingere	4
Dimiraba	2
Dimitrias	3
Dinamba	18
Dinaminba	2
Dinaminga	1
Dinanba	2
Dinanga	3
Dinangere	2
Dinangure	39
Dinangwiwe	3
Dinangwo	16
Dinba	7
Dinga	11
Dingiwe	3
Dipinamba	1
Dipire	1
Dipungure	1
Diralba	1
Diralga	4
Dire	155
Direre	56
Dirima	1
Dite	3
Ditega	1
Ditegere	1
Ditekinamba	1
Ditekinangure	1
Ditekungure	3
Ditekungwo	1
Ditenamba	4
Ditenamia	1
Ditenanga	4
Ditenangure	10
Ditenangwo	2
Ditengere	3
Ditere	46
Diterere	2
Ditomba	15
Ditomia	16
Ditomiawe	1
Ditominba	1
Ditominga	1
Ditomingiwe	1
Ditongure	90
Ditongwiwe	1
Ditongwo	16
Dokas	2
Dokta	4
Doling	2
Domba	3
Dongure	3
Dongwo	11
Drusila	1
Du	2
Dua	3
Dulung	1
Dumba	4
Dunanga	1
Dunangure	1
Dungure	611
Dungwiwe	7
Dungwo	94
Dure	2
E	3
Ea	2
Eban	1
Ebel	9
Ebering	6
Ebilga	1
Ebin	1
Ebir	6
Ebraham	136
Edai	2
Edria	1
Ega	2
Egerangwo	1
Egere	2
Egin	1
Ehas	1
Eiya	1
Eke	19
Ekim	1
Ekinamba	1
Ekinanga	1
Ekire	1
Ekungwo	5
Elaiakam	2
Elayakim	1
Elayat	1
Eli	1
Eliesa	3
Elmedam	2
Eloi	1
Emanyuel	1
Emba	3
Embawe	2
Emeas	2
Ememe	1
Emeral	1
Emgi	54
Emia	6
Emiawe	1
Emigi	1
Eminga	1
Emingere	1
Emos	3
Ena	1940
Enamba	2
Enambi	19
Enambiye	4
Enambiyo	2
Enan	2
Enanba	1
Enanga	4
Enangiwe	1
Enangure	5
Enangwo	2
Enania	1
Enba	1
Endo	4
Endru	13
Enga	1
Engere	3
Engiwe	1
Engure	20
Engwiwe	3
Engwo	47
Enin	2
Ening	1
Eno	3
Enok	1
Ensel	10
Epapras	5
Epaprodaitas	5
Epesas	26
Epikurian	1
Epinitas	1
Epraim	1
Er	32
Eralga	1
Erastas	3
Ere	29
Erere	23
Erin	10
Eron	6
Esa	1
Esia	20
Eslai	2
Eso	1
Eumbi	2
Eungbi	1
Gabman	10
Gadara	1
Gaias	6
Gaiasiye	1
Gaing	1
Gal	11
Gala	3
Gale	2
Galeng	2
Galere	5
Galesia	7
Galili	82
Galio	3
Galkiba	1
Galkiralba	1
Galkire	1
Galni	1
Galsina	7
Gaman	1
Gameliel	2
Gamia	1
Gaminga	1
Gamna	1
Gamnahobo	4
Gananga	1
Ganangwo	3
Ganba	66
Gang	1
Gangure	3
Gangwo	3
Ganulun	3
Garu	3
Gat	1
Gaun	8
Gauna	12
Gaung	14
Gd	1
Gebriel	2
Gegesa	2
Genesaret	4
Gerasa	1
Gesa	1
Getsemani	2
Gia	1
Gidion	1
Gin	11
Ginangwo	1
Gintani	2
Gir	49
Gire	2
Girekungure	1
Girhobo	6
Girungwo	2
Giu	1
Gobari	2
God	4566
Gogo	4
Gok	1
Gol	1
Golalgiwe	1
Gole	6
Golere	23
Golgota	2
Goliba	3
Goling	1
Golkiga	1
Golkinam	1
Golkinga	1
Golkire	5
Golkirere	1
Golkungure	1
Golkungwo	1
Gomba	8
Gombawe	1
Gomia	5
Gominba	4
Gomingere	1
Gomora	3
Gomoro	2
Gonam	2
Gonamba	2
Gonaminga	1
Gonanga	3
Gonangure	3
Gonangwo	9
Gongarai	1
Gongure	19
Gongwiwe	2
Gongwo	17
Grabena	1
Grabin	2
Grana	2
Grang	4
Grep	1
Griki	32
Gu	1
Guamoro	1
Gul	8
Gule	1
Guman	1
Gun	1
Ha	284
Haang	6
Habang	14
Habilai	1
Hadagi	1
Hahoba	3
Hai	2
Haiasin	1
Haimenias	2
Halabusi	3
Hama	1
Hamba	5
Hamen	103
Hamia	4
Hamiawe	1
Hamiba	1
Haminba	6
Haminda	1
Haminga	6
Hamingere	9
Haminiraba	1
Han	20
Hana	7
Hanamba	2
Hananga	5
Hanangiwe	4
Hanangure	9
Hanangwiwe	1
Hanangwo	7
Hananiba	1
Hane	2
Hanega	6
Hanere	108
Hanga	9
Hangere	5
Hangiwe	2
Hangure	44
Hangwiwe	1
Hangwo	9
Hani	1
Haniba	5
Haniga	7
Hanigere	32
Haniraba	5
Haniwa	1
Hanki	1
Hankimba	3
Hankiminba	5
Hankinamba	2
Hankinanga	1
Hankinangure	1
Hankinangwo	1
Hankinga	1
Hankire	3
Hankirere	1
Hankungure	2
Hankungwo	4
Hano	3
Hanya	1
Hasu	15
Hau	12
Haung	13
Haungure	2
Haungwo	1
Haure	1
Haweni	1
Haya	8
Heba	3
Hega	5
Hemas	1
Hemis	2
Hemo	1
Hemosenis	1
Heran	2
Herodion	1
Herot	68
Heroti	1
Herotias	8
Hesekaia	1
Hesron	3
Het	1
Hibru	6
Hilai	2
Hirapolis	1
Ho	2
Hoale	4
Hobana	2
Hobi	1
Hobo	1
Hogal	3
Hol	10
Holere	9
Holi	2
Holkinama	1
Holkinangure	1
Holkiniraba	1
Holkungure	1
Homa	166
Homba	4
Homena	51
Homia	1
Homiba	1
Hon	11
Hona	2
Honagi	26
Honagrang	2
Honamia	2
Honanga	1
Honangwo	2
Hong	40
Hongarawe	1
Hongebe	14
Hongure	8
Hongwiwe	1
Hongwo	4
Honmil	2
Horalga	1
Hosia	1
Hul	1
Hulu	8
Humiba	1
Hunangure	1
I	170
IWE	1
Ib	4
Iba	3
Ibilgere	1
Idumia	1
Igiwe	1
Iiba	1
Ikinamba	1
Ikire	3
Ilaisa	1
Ilaiya	30
Ilam	1
Ilaya	1
Ilirikam	1
Ilisabet	12
Imba	1
Imiawe	1
Iminba	2
Imingere	1
Imiraba	2
Inamba	3
Inaminga	2
Inamingiwe	1
Inanba	2
Inanga	3
Inangure	2
Inangwiwe	1
Inangwo	5
Inaniawe	1
Inanua	1
Ingure	6
Ingwo	16
Inias	3
Ino	1
Inok	4
Inos	2
Irabilga	1
Irai	1
Iralua	1
Irang	19
Ire	18
Irere	10
Iri	2
Isaka	1
Isime	3
Isip	46
Iskeriot	5
Iso	5
Israel	1
Isrel	192
Itali	5
Ite	2
Itiopia	1
Ituria	1
Iwe	10
KING	4
Kaiapas	9
Kaios	1
Kaldia	1
Kapadosia	2
Kapaneam	17
Kapas	1
Kara	2
Kaunsil	8
Ke	5
Kebena	3
Kebering	2
Kee	2
Kela	2
Kemba	1
Kemia	1
Kemingere	3
Ken	9
Kena	4
Kenan	7
Kenangwo	1
Kenba	13
Kene	9
Kenga	1
Kengure	1
Kengwo	3
Kepten	5
Keralga	1
Keranga	1
Kere	4
Kerere	1
Keriot	4
Kerosin	1
Keunumbi	1
Kewa	8
Kiana	3
Kiang	4
Kiani	2
Kidron	1
Kilau	1
Kina	1
King	2
Kingiwe	1
Kire	2
Kis	1
Klemen	1
Kliopas	1
Klodia	1
Klodias	3
Klopas	1
Klowi	1
Koda	1
Kolosi	5
Konilian	1
Konilias	17
Kora	2
Korasin	2
Korin	16
Kos	1
Kosam	2
Kraist	1072
Krait	1
Kraun	2
Kraung	2
Krehaman	19
Kresens	1
Kri	1
Kriast	1
Krisolait	1
Krisopres	1
Krispas	3
Kristen	6
Krit	10
Kugal	1
Kul	24
Kulere	5
Kulmoma	3
Kuman	1
Kumba	2
Kumia	2
Kumil	4
Kumingere	1
Kumoigi	2
Kun	14
Kunamba	1
Kunaminga	1
Kunanga	1
Kunangere	1
Kungure	1
Kungwiwe	1
Kungwo	6
Kuni	6
Kunung	1
Kunungure	1
Kura	9
Kuria	1
Kuru	1
Kwahawa	1
Kwahulu	1
Kwaling	1
Kwi	2
Kwia	23
Kwian	6
Kwiana	16
Kwiang	314
Kwotas	1
Lainas	1
Laion	2
Laisenias	1
Lasaras	24
Lasia	1
Latin	1
Lebai	1
Lemek	2
Leodisia	7
Lepat	1
Libai	22
Libia	2
Lida	4
Lidia	2
Likionia	2
Lisia	1
Lisias	3
Lista	1
Listra	5
Liwai	5
Lo	274
Lois	1
Lot	6
Luk	3
Lusia	1
Lusias	1
MOLIO	1
MOLIWA	1
MOMIRAYA	1
MOMUA	1
MOMUE	1
Maa	2
Maga	1
Magadala	2
Magadan	1
Magdala	10
Mahalalil	2
Maikel	6
Maila	1
Mailitas	2
Maing	1
Maini	1
Mak	11
Makena	2
Maket	4
Mala	4
Malekungwo	1
Malgi	6
Malkas	1
Mama	1
Man	3
Manasa	2
Marasin	3
Maria	80
Mariao	2
Masedonia	27
Mastet	4
Mata	14
Mataias	4
Matan	1
Matat	4
Matata	2
Matataias	4
Mataye	1
Matyu	5
Maulung	1
Me	8
Meat	2
Meginamba	1
Megok	1
Meiba	1
Mekio	1
Melia	2
Melkai	4
Melkisedek	29
Memini	4
Mena	5
Menan	1
Meneyen	1
Mengure	1
Mengwo	1
Mere	5
Mesaia	1
Mesopotemia	2
Metusala	2
Midia	1
Midian	1
Miki	4
Miling	9
Milna	1
Milni	7
Mining	7
Misia	2
Mitilini	1
Mo	7
Mobilga	1
Mobilgere	1
Mobilgiwe	1
Mobilia	1
Mol	19
Molabilgere	2
Molala	1
Molalba	1
Molalga	2
Mole	97
Molena	2
Molere	300
Molga	10
Molgere	15
Moli	31
Molia	2
Moliba	9
Molkiba	3
Molkiga	1
Molkimba	4
Molkimia	3
Molkiminba	1
Molkimua	1
Molkinama	1
Molkinaminba	1
Molkinanga	1
Molkinangwo	2
Molkinba	3
Molkinia	1
Molkire	3
Molkirere	2
Molkungure	2
Molkungwiwe	2
Molkungwo	1
Moloko	1
Molta	2
Momba	36
Momia	31
Momiawe	1
Momiba	1
Mominba	9
Mominga	18
Momingere	16
Momingiwe	9
Mominia	1
Monamba	6
Monamia	1
Monaminba	1
Monaminga	8
Monamingere	1
Monaminua	1
Monanba	3
Monanga	26
Monangere	6
Monangiwe	4
Monangure	18
Monangwiwe	2
Monangwo	21
Monangwona	1
Monba	7
Monga	21
Mongere	14
Mongiwe	5
Mongure	184
Mongwiwe	10
Mongwo	91
Moni	22
Monia	4
Moniraba	1
Moses	124
Mulu	1
Mulungure	2
Mulusin	1
Muru	2
NA	1
Na	845
Nabale	1
Nabe	182
Nabile	2
Nabilgere	2
Nabilungwo	1
Nabin	10
Nagai	2
Naidas	1
Naikena	1
Naisa	1
Nala	2
Nalba	2
Nalga	1
Nalgere	3
Nalia	1
Naliba	1
Namba	7
Namine	3
Naminga	4
Namingere	2
Nan	160
Nanba	3
Nanga	7
Nangere	2
Nangure	19
Nangwiwe	1
Nangwo	11
Nania	1
Naptalai	3
Nasaret	28
Nasarete	5
Nasias	1
Nason	3
Nataniel	5
Nateniel	1
Ne	7
Neam	2
Neaman	1
Nebare	1
Nebona	2
Negere	1
Neho	2
Nekiba	1
Nekimia	2
Nekinaminga	1
Nekire	2
Nekungwo	1
Nen	2
Nenamba	1
Nenaminga	1
Nenaminio	1
Nenana	1
Nenanga	4
Nenangure	1
Nenangwo	8
Nenba	1
Nengiwe	1
Nerai	2
Nere	7
Nerere	1
Nerias	1
Neson	2
Netan	2
Ni	884
Niapolis	1
Nibil	8
Nigi	5
Nikapolis	1
Nikodimas	5
Nikolas	4
Nimai	12
Nimin	5
Nimni	5
Nimpa	1
Nin	19
Nineba	4
Nir	35
Noa	17
Nol	3
Nomani	33
Nomba	4
Nomia	1
Nominga	3
Nominua	1
Nona	3
Nongure	4
Nongwiwe	1
Nongwo	5
Nu	9
Nugun	1
Nugung	1
Nungure	1
O	47
OO	1
Oa	1
Obet	3
Obilga	2
Obilgere	2
Ogastas	1
Ogere	1
Ogiwe	2
Ogolo	2
Oiba	3
Ol	87
Olalba	1
Olalga	1
Olalgere	2
Olalua	2
Olamba	6
Olamia	1
Olamiba	1
Olanga	12
Olangarai	2
Olangure	16
Olangwo	6
Ole	4
Olekiba	1
Olekiga	1
Olekiminba	1
Olekinamba	1
Olekinanga	1
Olekingere	1
Olekire	1
Olekirere	1
Olekungwo	1
Olemia	2
Olere	106
Olga	12
Olgere	5
Olgiwe	4
Oli	3
Olib	2
Oliba	4
Olibe	1
Olibi	10
Olimba	15
Olimgere	1
Olimia	3
Oliminba	2
Olimpas	1
Olinga	2
Olingere	2
Oliwa	2
Olkiminba	1
Olkinaminga	2
Olkinanga	1
Olkinangwo	1
Olkire	4
Olo	2
Olungure	45
Olungwiwe	4
Olungwo	23
Omaga	73
Omba	43
Omeling	7
Omen	2
Omena	1
Omia	23
Omiawe	1
Omin	5
Ominba	2
Ominga	11
Omingere	18
Omingiwe	10
Ominia	1
Ominua	2
Onamba	6
Onaminga	1
Onanga	5
Onangere	1
Onangiwe	1
Onangure	6
Onangwo	8
Onangworai	1
Onba	1
Onesiporas	4
Onga	14
Ongere	2
Ongi	7
Ongiwe	2
Ongure	139
Ongwiwe	9
Ongwo	59
Oniba	1
Onisimas	5
Oo	30
Ooni	1
Oun	1
Owa	29
Owo	11
PARA	2
Pa	47
Paba	10
Pablias	3
Pai	7
Paikimba	25
Paikimia	1
Paikinamba	1
Paikinamia	2
Paikinamua	1
Paikinangure	1
Paikinangwo	1
Paikirere	1
Paikungure	7
Paikungwo	8
Pailat	83
Pailitas	1
Pamba	66
Pamenas	1
Pamia	11
Pamiawe	1
Pamiba	6
Pampilia	5
Pamua	1
Pana	3
Panamba	4
Pananga	2
Panangiwe	1
Panangure	11
Panangwiwe	1
Panangwo	8
Panba	1
Panga	1
Pangure	22
Pangwiwe	6
Pangwo	82
Pania	1
Panuel	2
Papua	1
Para	40
Paradais	1
Pare	11
Pasi	9
Pasoba	7
Patara	1
Patmos	1
Patrobas	1
Pega	3
Pegamam	2
Pelek	2
Penga	1
Pentikos	3
Pepa	2
Pepos	2
Pere	1
Peres	4
Perisi	104
Perisiye	5
Pero	13
Pesi	1
Pestas	17
Pestasye	1
Philip	3
Pi	92
Pibi	1
Pibilga	1
Pil	3
Piladelpia	2
Piliks	11
Pilimon	4
Pilip	41
Pilipai	7
Pilipi	1
Pilipo	1
Pilologas	1
Pimba	18
Piminba	3
Piminga	14
Pimingere	2
Piminia	1
Pinamba	4
Pinamiba	2
Pinaminba	1
Pinamingere	1
Pinanba	4
Pinanga	6
Pinangere	1
Pinangiwe	1
Pinangure	2
Pinangwo	5
Pinba	10
Pinga	19
Pingiwe	1
Piniks	2
Pinisia	4
Pino	13
Pir	49
Pirari	2
Piras	1
Pire	103
Pirega	1
Pireki	1
Pirekire	2
Pirere	205
Pirerewe	1
Piriba	14
Piriga	6
Pirigere	8
Pirigiwe	1
Pirikiba	1
Pirikimba	1
Pirikiminba	1
Pirikinanga	1
Pirikinangwo	2
Pirikinga	1
Pirikire	2
Pirikungwo	1
Pirio	1
Pirkingiwe	1
Pirkire	2
Piro	8
Piselas	1
Pisi	3
Pisidia	4
Pisolanga	3
Pisolangwo	5
Pisole	1
Pisolere	3
Pisoliga	1
Pisolimia	1
Pisolo	1
Pisolungwo	1
Pita	236
Pitao	5
Pitia	1
Piutiolai	1
Plegon	1
Pol	321
Polas	2
Polye	3
Pontas	2
Pontias	3
Pontus	1
Posias	1
Potyunetas	1
Prainde	3
Praiposa	1
Pring	9
Prisia	3
Prisila	4
Priska	2
Probins	5
Prokoras	1
Pudens	1
Pungure	18
Pungwiwe	1
Pungwo	9
Ram	1
Rama	1
Rebeka	2
Rehab	3
Rehap	1
Rehep	2
Repan	1
Resa	2
Resel	1
Riaboam	1
Risiam	1
Riyu	2
Roda	1
Rom	21
Roman	30
Ros	1
Rubin	1
Rupas	1
Rupus	1
Rut	1
SINGABA	5
Sabat	54
Sadis	2
Sadisi	1
Sadiusi	6
Sadonikis	1
Sadyusi	11
Saidon	13
Saika	1
Sailas	26
Saimon	78
Sainai	6
Saion	6
Saipras	8
Sairakyus	1
Sairini	7
Sairinius	1
Sakias	5
Salamis	1
Salmon	3
Salmoni	1
Salomi	2
Sam	6
Sameria	29
Samotres	1
Samson	1
Samyuel	3
Sapaia	1
Sapaira	1
Sapta	1
Sara	1
Sare	4
Sareba	3
Sarebil	1
Sarebir	7
Sarepat	1
Sebedi	12
Sebiyulan	1
Sebyulan	2
Sedok	1
Sekandas	1
Sekaraia	17
Sekaraiao	1
Sekaria	1
Selem	2
Selim	1
Selusia	1
Sem	2
Semen	2
Semena	1
Semos	1
Senkria	2
Sera	11
Serababel	2
Serak	2
Serebabel	1
Seron	1
Sesias	2
Sesipata	1
Set	2
Setan	2
Seten	142
Seus	2
Si	48
Sia	2
Sialtiel	3
Siba	3
Sibirangwo	3
Siga	3
Sigare	4
Sigere	1
Siging	1
Sigonamia	1
Sigonangwo	1
Sigongwiwe	1
Siiba	1
Siina	1
Sikem	1
Sikiba	2
Sikibilia	1
Sikibilio	1
Sikimba	3
Sikimia	2
Sikiminba	2
Sikiminga	1
Sikinaminba	1
Sikinaminga	1
Sikinanga	3
Sikinangure	3
Sikinangwo	2
Sikinba	1
Sikinga	2
Sikire	8
Sikirere	2
Sikul	3
Sikungure	6
Sikungwiwe	1
Sila	2
Silbenes	2
Silbens	1
Silisia	8
Siloam	3
Simba	16
Simbu	1
Sime	2
Simena	1
Simia	11
Simiana	1
Simiawe	3
Siminga	1
Simingere	1
Simion	10
Simiraba	1
Sina	1
Sinamba	5
Sinamia	1
Sinanba	1
Sinanga	3
Sinangere	1
Sinangure	20
Sinangwiwe	2
Sinangwo	6
Sinas	1
Sinba	2
Singa	8
Singaba	25
Singi	1
Singiwe	4
Sintikiye	1
Sipas	2
Sipi	7
Sipisipi	1
Siralgere	1
Sire	31
Sirere	13
Sirewe	1
Siria	9
Sirin	6
Sisa	35
Sisaria	22
Sitere	1
So	5
Sodom	11
Sol	42
Soldia	4
Solere	1
Solgere	1
Solinga	3
Solingere	1
Solomon	13
Solye	2
Sopata	1
Sostenis	2
Spak	1
Spen	3
Spirit	2
Stepanas	4
Stiben	19
Stoik	1
Stret	1
Stua	2
Su	2
Sui	1
Sungure	27
Sungwiwe	6
Sungwo	21
Susa	1
Susana	1
Sutani	1
TANI	4
TE	1
Ta	131
Tabin	1
Tabita	1
Tabitao	1
Tadias	1
Tadius	1
Tai	1
Taia	12
Taiataira	2
Taibirias	4
Taimon	1
Taipina	1
Taitas	24
Taiya	1
Takisi	4
Tal	155
Talhan	41
Talime	5
Talongure	10
Talongwo	26
Talwa	3
Tamamba	1
Tamba	1
Tanangwo	1
Tangure	5
Tani	1
Tasas	5
Tau	13
Tayataira	1
Te	994
Tega	23
Tegarai	1
Tegere	4
Tegiwe	3
Teiba	17
Teiyana	1
Tekiba	4
Tekigere	1
Tekimba	7
Tekimbawe	1
Tekimia	3
Tekiminga	1
Tekimua	1
Tekinamba	7
Tekinanba	1
Tekinanga	2
Tekinangure	1
Tekinangwo	4
Tekinania	1
Tekinba	2
Tekinga	1
Tekingere	1
Tekingiwe	2
Tekire	11
Tekirere	5
Tekungure	1
Tekungwiwe	1
Tekungwo	7
Tema	1
Tenamba	14
Tenaminga	8
Tenamingere	2
Tenaminia	1
Tenanba	1
Tenanga	38
Tenangere	2
Tenangiwe	3
Tenangure	23
Tenangwiwe	3
Tenangwo	24
Tenania	1
Tenba	7
Tenga	16
Tengere	10
Tengiwe	5
Tenia	1
Teniba	1
Tera	2
Terala	1
Teralga	3
Teralgere	3
Teralia	1
Teraliba	1
Tere	180
Terere	26
Tesalonaika	10
Tetalas	3
Tetias	1
Teya	2
Ti	1
Tikikas	5
Timias	1
Timiya	4
Timoti	49
Tiopilas	2
Tiranas	1
Tisa	14
Tisao	43
Tisias	1
Tiudas	1
To	1
Tobilba	1
Tobilgere	1
Tobo	10
Togwo	1
Tolemes	1
Tomas	13
Tomba	64
Tombawe	1
Tomia	23
Tomiawe	2
Tomiba	2
Tominba	8
Tominga	6
Tomingere	6
Tomiraba	2
Tomua	1
Tongure	129
Tongwiwe	14
Tongwo	138
Topas	1
Torari	1
Trekonaitis	1
Troas	8
Tropimas	3
Tul	2
U	40
Ubilgiwe	1
Uga	1
Ugere	1
Ul	5
Uling	1
Ulubi	1
Umba	13
Umia	4
Umiba	2
Uminga	1
Unamba	1
Unamua	1
Unanga	1
Unangere	2
Unangiwe	1
Unangure	5
Unangwo	18
Ungiwe	4
Ungure	29
Ungwiwe	4
Ungwo	20
Uning	1
Uralga	4
Uralgiwe	5
Ure	27
Urere	20
WENI	2
Wa	22
Wabilgere	1
Waga	2
Wagere	1
Wai	20
Waiba	1
Wain	1
Wakimba	1
Wakimia	1
Wakinanga	2
Wakinangwo	1
Wakire	5
Wakirere	1
Wakungwo	2
Walaing	1
Wamba	11
Wamia	1
Wamiba	2
Waminba	6
Waminga	1
Wamingere	1
Wamingiwe	1
Wana	8
Wanamba	3
Wanamia	1
Wananba	1
Wananga	9
Wanangure	4
Wanangwo	1
Wanaye	2
Wanba	3
Wang	154
Wanga	6
Wangere	1
Wangiwe	2
Wangure	8
Wangwo	22
Wani	3
Wara	1
Ware	58
Warere	10
Wel	2
Weni	96
Widinio	1
Wiiba	1
Wiimbi	1
Win	1
Wine	4
Wiya	1
Wiyol	23
Wou	5
Wu	8
YAL	1
YALI	1
YISAS	1
YUDA	3
Ya	11
Yagaleng	1
Yagaling	1
Yagir	2
Yagr	1
Yahuna	7
Yahuno	44
Yairas	6
Yairus	1
Yal	620
Yalhobi	68
Yalhobiwe	2
Yalhobo	10
Yalhuno	1
Yali	27
Yaliwe	5
Yalkiabo	1
Yalta	1
Yamba	2
Yambris	2
Yaminga	1
Yamoni	2
Yanai	2
Yanangwo	3
Yangere	1
Yangure	3
Yangwiwe	1
Yangwo	4
Yanis	2
Yare	3
Yarere	2
Yas	3
Yasingaba	8
Yaspa	3
Yastas	3
Yasu	2
Yasuri	10
Yasuro	2
Yaulangure	1
Yaule	1
Yaung	1
Yekob	1
Yekonaia	2
Yekop	33
Yems	45
Yepta	1
Yeremaia	3
Yeret	2
Yeriko	9
Yerusalem	182
Yesebel	3
Yesi	4
Yeson	5
Yias	1
Yihosapat	1
Yis	4
Yisa	1
Yisas	2578
Yisasye	1
Yo	2
Yoana	2
Yoanan	2
Yob	1
Yobilangure	1
Yobilere	2
Yobilungure	4
Yoda	2
Yodan	15
Yoel	2
Yol	11
Yolang	1
Yon	235
Yona	20
Yonam	2
Yone	1
Yong	10
Yopa	10
Yoram	1
Yorim	2
Yosaia	1
Yosek	2
Yosep	63
Yoses	1
Yosis	2
Yosua	6
Yotam	1
Yu	409
Yubyulas	1
Yuda	444
Yudari	26
Yudas	48
Yudia	51
Yui	1
Yulagi	1
Yulana	1
Yulang	49
Yulia	1
Yulias	2
Yunias	1
Yunis	1
Yuodia	1
Yupretis	2
Yuraia	1
Yut	1
Yutikas	1
a	1054
aa	1
aang	131
abalabo	1
abama	1
abangwo	1
abe	3
abeng	1
abimbi	6
abin	7
abina	2
abinambi	6
abing	5
abirungure	1
abiyame	7
abring	1
adagi	5
aga	1
agal	6
agarai	1
agi	10
agir	15
agr	24
aho	1
aholo	1
ai	109
aibin	4
aibina	3
aibing	81
aidolala	8
aidolalga	4
aidolam	4
aidolama	3
aidolamba	1
aidolame	1
aidolamia	2
aidolaminga	2
aidolaminio	2
aidolaminua	1
aidolamna	1
aidolamne	1
aidolamua	6
aidolamue	1
aidolana	1
aidolanga	5
aidolangere	1
aidolangure	1
aidolangwo	19
aidolania	1
aidole	205
aidolekimia	2
aidolekinama	3
aidolekinamia	1
aidolekinaminua	1
aidolekinamne	1
aidolekinamo	1
aidolekinamua	2
aidolekinana	1
aidolekinanga	1
aidolekinangwo	2
aidolekinia	1
aidolekinirawa	1
aidolekio	1
aidolekiralia	1
aidolekire	7
aidoleminia	1
aidolere	51
aidoligere	1
aidolimba	3
aidolimia	3
aidoliminia	1
aidolimino	1
aidoliminua	1
aidolimno	1
aidolimo	1
aidolimua	7
aidoline	1
aidolinga	1
aidolinia	1
aidolinua	1
aidolkirala	1
aidolo	12
aidolungure	1
aidolungwi	2
aidolungwo	3
ailan	3
aimbi	2
aina	1
ainaa	1
aine	50
ainere	53
aing	2
aingbi	1
aini	1
ainimbi	1
ainingere	1
ainungwo	1
airala	2
airalga	11
airalgiwe	1
airalua	8
airama	3
airame	2
airaminga	7
airamingere	1
airaminua	3
airamo	1
airamua	18
airanga	1
airangure	1
airangwo	16
airanua	2
aire	172
airekima	1
airekinamba	1
airekinaminga	3
airekinamua	6
airekinangwo	3
airemia	1
airemua	1
airere	9
airhobi	3
airiga	1
airikimia	1
airikinama	2
airikinaminua	1
airikinamio	1
airikinamo	1
airikinamua	1
airikiralga	1
airima	6
airimia	18
airiminia	1
airimio	1
airimua	16
airing	22
airingere	2
airirawa	1
airo	7
airungure	4
airungwi	7
airungwiwe	1
airungwo	35
ais	1
aiwa	1
aiyulang	33
ak	1
aki	708
akia	1
akiminia	1
akinangwo	1
akio	1
akire	1
aklu	4
akrigi	2
akru	1
akun	39
akung	1
al	595
ala	573
alba	1
albe	9
aldimani	4
aleng	53
alga	1
algaleng	2
algaling	1
algi	206
alhobi	23
ali	85
alibe	1
aling	177
alsuri	1
alta	1
ama	95
amagir	2
amahobi	4
amane	177
ame	2
ami	116
amia	3
amil	2
amilgi	1
aming	7
amingiwe	1
amio	1
amua	4
ana	316
anama	2
anamba	1
anaminba	1
anana	1
ananba	1
ananga	1
anangwo	6
anekungwo	3
anere	1
anga	3
angere	1
angure	11
angwi	4
angwo	22
ani	35
anigi	12
aning	1
anini	1
anka	4
anon	1
anongwiwe	1
anongwo	5
anu	11
apalapa	1
apalapo	8
apila	4
apla	1
apli	1
aporomal	2
aposel	108
ara	100
arala	4
aralhobi	1
arawe	6
are	53
arere	14
arewo	1
ari	2928
arihobi	629
arihobo	2
arikri	16
arin	2
arina	10
aring	4
arinhobo	1
arini	3
ariwo	1
aru	3
au	219
aulamia	1
aulanga	2
aulangwo	1
aule	288
aulekiminua	1
aulekio	2
aulekire	2
aulere	7
auli	13
aulimia	1
aulimua	1
aulingere	1
aulingiwa	1
aulinua	1
auliwa	1
aulu	6
aulung	16
aulungure	2
aulungwi	1
aulungwo	1
aun	15
auna	31
aunabo	3
aung	50
aura	35
ausi	24
awa	131
awai	174
awala	101
awi	28
aya	16
ayo	10
ayulang	2
ayuwo	22
ba	143
bai	268
baina	20
baing	1
baira	2
bal	48
bala	60
balang	3
bali	13
bama	2
bamua	1
ban	12
banangwo	1
banba	1
bane	13
baneng	1
bangere	1
bangi	152
bangure	1
bangwi	1
bangwo	8
bani	2235
bania	8
baning	3
banisi	1
baniwe	3
baniya	94
bano	1
banta	141
bantau	2
bare	27
baregi	2
barere	1
basket	7
be	17
bege	2
begi	3
bekimua	1
bekinamia	1
bekinamua	4
bekio	1
bekungure	1
bemba	1
bemia	9
bemiraya	1
bemua	8
ben	6
benam	1
benama	6
bename	4
benaminga	2
benamo	2
benamua	10
benanga	3
benangure	6
benangwo	7
bengure	3
bengwi	11
bengwo	11
beni	6
bera	2
berala	1
bere	6
besi	1
beyo	1
bi	11
bia	18
biame	2
bigi	75
biging	1
bii	3
biing	45
biirangwiwe	2
biire	49
biirere	1
biiringere	1
biiro	2
bil	166
bilala	3
bilalga	1
bilalgere	1
bile	12
bilere	54
bilgere	4
bili	1
bilimahau	9
bilkima	2
bilkimia	1
bilkimua	1
bilkinamio	1
bilkinamo	1
bilkinangwo	2
bilkinua	1
bilkirere	1
bilkungure	1
bilkungwo	2
bilo	2
bima	3
bimba	1
bimia	19
biminga	2
bimio	1
bimo	2
bimua	4
bin	7
bina	191
binama	4
binamia	1
binaminga	1
binaminua	1
binamua	1
binanagure	1
binanga	2
binangure	25
binangwiwe	2
binangwo	7
binano	1
binga	2
bini	16
binin	1
bining	9
bino	1
binua	1
bir	796
biralga	2
biralgere	1
bire	1
birega	1
birere	1
biriga	1
birimia	1
bisi	9
bisnis	3
bisnisi	11
biyame	3
blasben	3
bleng	1
bli	80
bling	101
blo	5
bo	2
bobo	2
boi	32
boksi	5
bol	948
bolabilga	1
bolala	33
bolalba	3
bolale	1
bolalga	11
bolalgiwe	1
bolalia	1
bolalua	1
bolbani	1
bolbin	68
bole	435
bolembani	2
boleng	4
bolere	85
bolga	17
bolgere	6
bolgi	1
boli	7
bolia	3
bolie	1
bolimbani	47
boling	78
bolio	1
bolirawa	1
boliwa	11
bolkibilo	1
bolkiga	1
bolkima	3
bolkimia	12
bolkiminia	3
bolkiminua	2
bolkimio	1
bolkimno	1
bolkimua	1
bolkinama	3
bolkinamba	2
bolkinamia	3
bolkinaminia	1
bolkinaminua	1
bolkinamo	1
bolkinamua	1
bolkinana	2
bolkinanba	1
bolkinanga	5
bolkinangwo	1
bolkinania	4
bolkinanio	1
bolkinanua	3
bolkinga	1
bolkinia	6
bolkino	1
bolkio	5
bolkiralga	2
bolkirawa	2
bolkire	3
bolkirere	2
bolkiwa	2
bolkun	1
bolkungure	1
bolkungwo	3
bolo	82
boma	4
bomai	5
bome	2
bomgirawe	1
bomia	26
bominga	14
bomingere	2
bomingi	1
bomingiwe	1
bominia	2
bominio	1
bominua	9
bomio	4
bomiraya	2
bomno	2
bomo	2
bomua	49
bon	4
bona	87
bonama	11
bonamba	3
bonamia	14
bonamina	1
bonaminba	1
bonaminga	13
bonaminio	1
bonaminua	3
bonamio	3
bonamna	1
bonamo	2
bonamua	30
bonan	2
bonana	8
bonanga	31
bonangarai	1
bonangiwe	6
bonangure	10
bonangwiwe	2
bonangwo	34
bonangworai	3
bonania	4
bonanua	5
bonba	1
bone	1
bonga	27
bongere	1
bongiwe	3
bongure	33
bongwi	34
bongwo	217
boni	1
bonia	2
bonio	2
bonua	8
boregi	1
bosbe	1
bosboi	2
boskru	1
botol	6
breng	101
brengbani	1
breti	54
bring	87
brum	2
bu	30
bubu	1
bugu	1
buku	177
bukunamua	1
bukunangwo	2
bukunania	1
bukuneminua	1
bukunere	13
bukuniminga	1
bukuninua	1
bukunungwi	12
bulamahau	15
bulaminua	1
bulana	2
bulanga	2
bulangwo	5
bulanua	1
bule	9
bulere	1
bulikimia	1
bulimua	3
bulmahau	1
bun	3
bungure	64
bungwi	4
bungwiwe	2
bungwo	13
daang	6
dagi	14
dainere	1
daing	8
dainungwo	1
dal	156
dalalga	1
dale	38
daleng	6
dalere	10
dalga	2
dalgere	1
dalie	1
dalimia	2
daliminia	1
daling	19
dalinio	1
daliwa	3
dalkima	2
dalkimia	1
dalkinua	1
dalkio	12
dalkire	1
dalkiwa	1
dalna	3
dalni	2
dalo	5
dalungure	3
dalungwi	4
dama	3
damba	2
damia	4
daminga	2
daminia	1
daminua	1
damua	6
danamia	1
danamua	6
dananga	2
danangiwe	2
danangure	2
danangwo	6
danga	2
dangwi	10
dangwo	17
dani	2
daning	3
dara	1
daralga	1
daram	4
daulaminga	1
daulanga	1
daulangure	5
daule	106
daulekinamia	1
daulere	1
daulingere	1
daulungure	2
de	275
deben	1
debigi	1
debing	1
dega	1
deginangwo	1
degirime	2
deiba	1
deiwa	1
dekimba	1
dekimia	12
dekimio	2
dekimua	2
dekinamia	3
dekinaminga	1
dekinamio	2
dekinamua	4
dekire	3
dekungure	1
dekungwo	2
dela	1
demini	10
denama	4
denamba	2
dename	1
denamia	8
denaminga	1
denaminia	1
denamio	1
denamo	2
denamua	16
denamue	1
denana	3
denanga	2
denangure	7
denangwo	27
denanua	5
denba	1
denboma	4
dene	1
denga	9
denia	2
denua	3
derala	1
deralua	1
dere	66
derere	2
deu	1
di	5796
dia	19
diberala	1
dibilga	1
dibilgere	1
didagi	2
die	1
diga	114
digan	195
digarai	5
digarawe	1
digere	11
digi	1
digiwe	15
diguane	1
diiba	7
diing	11
diir	5
diiranga	1
diirangiwe	1
diiraya	1
diire	5
diiwa	34
dikere	2
dikia	14
dikiba	4
dikiga	1
dikim	1
dikima	12
dikimba	4
dikime	3
dikimia	57
dikimingere	1
dikiminia	7
dikiminua	3
dikimiraya	2
dikimno	1
dikimo	1
dikimua	33
dikinama	1
dikinamia	17
dikinaminga	1
dikinaminia	1
dikinamio	2
dikinamua	17
dikinanba	1
dikinanga	5
dikinangure	4
dikinangwo	18
dikinanio	1
dikinanua	4
dikinia	18
dikinirawa	1
dikino	2
dikinua	4
dikio	27
dikirale	1
dikiralga	5
dikiralia	4
dikiralua	3
dikire	15
dikirere	1
dikiwa	15
dikungure	8
dikungwi	7
dikungwo	18
dim	41
dima	72
dimane	1
dimani	32
dimba	76
dime	314
dimi	1
dimia	380
dimiawe	3
dimin	6
diminba	4
diming	1
diminga	25
dimingere	4
dimingi	23
dimingiwe	1
dimingul	2
diminia	9
diminio	2
diminirawa	1
dimino	2
diminua	25
dimio	27
dimirawa	3
dimiraya	30
dimne	2
dimo	15
dimua	245
din	4
dina	18
dinaa	1
dinaga	1
dinam	2
dinama	38
dinamba	22
diname	2
dinamia	71
dinaminba	9
dinaminga	23
dinamingarai	1
dinamingere	1
dinaminia	6
dinaminio	1
dinaminua	9
dinaminue	1
dinamio	3
dinamna	2
dinamne	4
dinamno	4
dinamo	7
dinamua	78
dinamue	3
dinana	6
dinanba	2
dinanga	65
dinangere	2
dinangi	1
dinangiwe	8
dinangure	89
dinangwiwe	14
dinangwo	283
dinangworai	10
dinania	7
dinanio	3
dinanua	17
dinau	1
dinba	45
dine	50
dinga	78
dingarai	2
dingere	9
dingi	4
dingirawe	1
dingiwe	35
dini	3
dinia	74
dining	1
dinio	2
diniraya	5
dinirayo	2
dino	20
dintenamua	1
dinteralga	1
dinua	46
dio	12
dipimba	1
dipiminga	1
dipimua	2
dipinamia	2
dipinamua	1
dipinanga	1
dipinangwiwe	1
dipine	1
dipire	4
dipungwi	10
diral	2
dirala	19
diralba	1
dirale	10
diralga	51
diralgarai	1
diralge	1
diralgere	1
diralia	9
diralio	1
diralua	7
diralue	1
dirane	3
dirang	1
dirangwo	1
dirani	9
dirawa	1
diraya	1
dire	3989
direre	32
diri	7
diria	8
diriala	3
dirin	5
diring	1
diriya	4
diriyala	16
disi	11
distrikt	1
dite	6
ditega	11
ditegere	5
ditegi	3
diteiwa	8
ditekima	7
ditekimba	1
ditekimiraya	1
ditekimua	2
ditekinamia	1
ditekinaminio	1
ditekinamua	3
ditekinangure	1
ditekinangwo	1
ditekinania	1
ditekinia	1
ditekino	1
ditekio	14
ditekiralga	1
ditekiralia	2
ditekiralua	1
ditekire	2
ditekiwa	1
ditekungwi	2
ditenama	1
ditenamba	3
ditenamia	87
ditenamina	1
ditenaminba	1
ditenaminga	1
ditenaminio	1
ditenaminua	2
ditenamio	1
ditenamna	3
ditenamne	3
ditenamua	13
ditenan	1
ditenana	11
ditenanga	6
ditenangiwe	2
ditenangure	6
ditenangwo	12
ditenania	6
ditenanio	1
ditenanua	4
ditene	1
ditenga	8
ditengarai	1
ditengere	7
ditenia	1
ditenio	1
diteniraya	3
diterala	12
diteralba	1
diteralga	9
diteralia	3
diteralua	4
ditere	76
diterere	1
diteya	5
dito	42
ditomba	1
ditomia	64
ditominga	3
ditomingi	9
ditominia	1
ditominua	3
ditomiraya	9
ditomna	1
ditomno	1
ditomo	1
ditomua	13
ditongure	41
ditongwi	1011
ditongwiwe	1
ditongwo	61
ditongworai	2
diu	3
diwa	23
diya	3
diyo	2
do	45
doining	2
dokta	5
dol	1
dolala	1
dolamin	1
dolanga	1
dole	3
dolekiralua	3
doleng	3
dolere	6
doling	340
dolkimia	1
dolna	67
dolni	14
dom	4
doma	3
domba	12
dome	3
domia	31
domio	3
domiraba	3
domo	7
domua	40
don	31
dongure	17
dongwi	3
dongwo	1097
donki	14
donwo	1
du	120
dua	14
dubilua	1
duga	6
dugarai	1
dugu	2
dui	2
duiba	3
duiyo	1
dukiba	1
dukima	1
dukimua	1
dukinamua	2
dukinia	1
dukinua	2
dukiwa	1
dukungwo	1
dulagi	2
dulung	11
dumba	9
dumia	1
duminba	1
duminga	1
duminua	2
dumio	1
dumua	6
dun	1
dunamia	3
dunaminio	1
dunamua	4
dunanba	6
dunanga	6
dunangure	1
dunangwo	11
dunangworai	1
dunanua	1
dunba	1
dune	3
dunga	6
dungiwe	1
dungure	237
dungwe	1
dungwi	884
dungwiwe	26
dungwiyawe	1
dungwo	857
dungworai	8
dungworawe	1
dunua	1
duralga	2
dure	16
duwama	1
duyo	2
dwi	1
e	659
eang	8
eba	2
eber	4
eberimbi	4
ebering	56
ebil	18
ebilga	3
ebilia	2
ebin	15
ebina	15
ebinambi	1
ebinhobo	2
ebir	203
ebiring	2
ebr	1
ebring	2
ega	40
egarai	3
egerala	1
egeramua	1
egerana	1
egeranga	1
egerangure	1
egerangwo	1
egere	45
egereng	2
egerere	1
egeriga	1
egering	3
egeringere	1
egero	1
egerungure	1
egerungwo	2
egin	42
egiranua	1
egire	1
egirimua	1
egiwe	1
ei	5
eikire	3
eikirere	3
eit	4
eiwa	12
eiya	1
eke	10
ekia	1
ekima	2
ekimia	9
ekiminua	1
ekimio	2
ekimno	1
ekimua	11
ekin	1
ekinama	3
ekinamia	1
ekinaminua	1
ekinamio	1
ekinamna	1
ekinamua	2
ekinanga	2
ekinangiwe	1
ekinangwiwe	1
ekinangwo	4
ekinangworai	2
ekinua	2
ekio	4
ekiralua	1
ekire	4
ekirere	7
ekungure	9
ekungwo	15
elamaila	2
elame	3
eleben	1
eli	1
eloi	1
ema	7
emba	12
embawe	2
eme	29
ememe	19
emgi	440
emia	140
emiba	1
emibawe	1
emigi	12
emin	5
eming	3
eminga	98
emingere	1
eminia	4
eminua	5
eminue	1
emio	2
emiraba	1
emirawa	3
emiraya	45
emirayo	1
emne	1
emo	2
emua	101
en	1
ena	13
enahobi	3
enahobo	1
enama	6
enamba	6
enambi	19
ename	1
enamia	11
enamina	2
enaminga	7
enaminia	2
enaminua	5
enamio	1
enamna	4
enamne	4
enamo	4
enamua	28
enan	14
enana	1
enanba	1
enanga	6
enangere	2
enangiwe	5
enangure	23
enangwiwe	5
enangwo	80
enania	2
enanua	11
enda	2
endo	137
ene	5
enga	30
enganwo	1
engere	6
engi	14
engiwe	3
engure	81
engwi	64
engwiwe	24
engwo	531
engwobani	1
engworai	7
engworawe	1
eni	5
enia	4
enin	78
ening	20
enirawa	1
enominga	1
ensel	221
enua	6
er	247
erabilga	2
erakere	30
erala	15
eralga	11
eralia	2
eralo	1
eralua	1
erba	1
ere	1268
ereho	220
ereme	1
ereng	1
erepara	1
erepo	9
erere	63
ereyu	127
eri	1
erin	166
ering	25
esa	4
et	3
eti	2
eumbi	52
eun	1
eunambi	5
eunbi	14
eung	6
eungbi	16
eya	2
eyo	20
ga	1
gaang	2
gabman	71
gai	99
gaing	2
gaini	1
gal	410
gala	226
galabilua	2
galala	4
galalba	2
galalga	1
galalo	1
galang	1
gale	140
galeng	28
galere	15
galga	3
galia	1
galikire	1
galing	7
galio	2
galiwa	2
galkimua	2
galkinangure	1
galkio	2
galkiralga	1
galkiralua	1
galkire	1
galkiwa	3
galna	5
galne	1
galni	13
galo	4
galsina	66
gama	10
gamahobi	88
gamahobo	157
gaman	4
gamba	1
gamia	4
gamina	5
gaminahobi	3
gaminahobo	6
gaminga	2
gamingere	1
gaminua	2
gamna	29
gamnahobi	23
gamnahobo	48
gamno	2
gamo	1
gamua	8
gan	13
gana	62
ganama	4
ganamba	1
ganamia	3
ganaminga	2
ganaminio	1
ganaminua	2
ganamio	1
ganamua	7
ganana	1
gananga	5
ganangiwe	1
ganangure	3
ganangwo	17
gananua	4
ganba	885
ganbana	4
ganbani	11
ganbawai	1
gang	130
ganga	5
gangarai	1
gangere	1
gangure	7
gangwi	4
gangwiwe	1
gangwo	26
gangye	2
gania	1
ganig	1
ganing	21
ganulun	88
ganulung	1
garala	2
gare	6
garu	20
gau	2
gaubi	1
gaun	120
gauna	165
gaunbi	1
gaung	396
ge	2
gebe	2
gengwo	1
gerai	1
geral	27
gerewa	1
geruwa	2
gi	104
gia	14
giboi	1
giini	1
gima	1
gin	294
gina	87
ginangwo	25
gine	1
ginga	1
gini	1
ginta	5
gintani	146
gir	245
giramba	4
giramio	1
giranga	2
girangure	5
girangwo	3
girano	1
gire	14
girekimua	1
girenangwo	1
girere	1
girhobi	2
girhobo	12
giri	38
girikinama	1
girikinaminua	1
girikinamio	2
girikinangure	1
girikinangwo	1
girimba	1
girimia	10
girimil	7
girimingere	1
girimingi	1
giriminua	2
girimio	1
girin	5
girine	2
giring	57
giringarai	2
giro	1
girungure	36
girungwi	7
girungwo	66
gita	4
giu	39
go	28
gobari	110
gobere	8
goberungure	1
gobirala	1
gobiramue	1
gobirimua	1
gobo	7
gogo	421
goi	12
going	2
goiring	1
gol	262
golabila	1
golal	5
golala	55
golale	1
golalga	30
golalia	2
golalio	1
golalua	7
golau	1
golaun	1
golba	2
gole	114
golere	84
golga	4
golgarai	1
goli	5
golia	6
goliba	7
golin	1
goling	12
goliwa	5
golkie	1
golkima	1
golkimia	11
golkimingi	1
golkiminua	1
golkimua	9
golkinam	1
golkinama	1
golkinamba	2
golkinamia	4
golkinaminba	1
golkinaminga	5
golkinaminia	2
golkinaminua	8
golkinamio	2
golkinamua	8
golkinana	1
golkinangere	1
golkinangure	1
golkinangwo	6
golkinania	4
golkinanio	1
golkinanua	6
golkinga	1
golkinia	1
golkino	4
golkio	6
golkirala	3
golkiralga	2
golkiralua	4
golkire	11
golkirere	7
golkiwa	5
golkungure	1
golkungwo	2
golo	24
gom	2
goma	3
gomba	10
gome	3
gomia	46
gomiba	1
gominba	1
gominga	2
gomingere	2
gomingi	1
gominia	6
gominua	5
gomio	2
gomiraba	1
gomiraya	4
gomo	2
gomua	39
gon	13
gonam	3
gonama	34
gonamba	13
goname	2
gonamga	1
gonamia	20
gonamiba	1
gonamin	5
gonaminba	1
gonaminga	32
gonaminia	2
gonaminio	1
gonaminua	6
gonamio	1
gonamna	6
gonamno	1
gonamo	1
gonamua	21
gonamue	1
gonan	1
gonana	5
gonanba	2
gonanga	17
gonangarai	1
gonangi	2
gonangiwe	1
gonangure	10
gonangwiwe	2
gonangwo	69
gonangworai	2
gonania	1
gonanio	1
gonanua	11
gonba	2
gone	2
gonga	2
gongere	1
gongi	1
gongure	72
gongwi	26
gongwiwe	8
gongwo	184
gongworai	5
gongworawa	1
gonia	4
goniraya	1
gonua	2
gonwo	4
goptani	2
gorani	1
gore	2
grabalga	3
grabeling	8
grabena	2
grabiling	3
grabin	2
grabina	1
gran	54
grana	79
grang	605
grep	5
grisi	1
gu	11
gua	2
guamoro	4
gubu	8
gui	1
gul	369
gula	6
gulala	1
gule	79
gulere	6
guling	1
guliya	3
gulu	2
gulung	6
guma	94
guman	45
gumana	64
gumang	186
gumiling	9
gumuling	2
gun	94
guna	15
gung	9
guru	25
gurumil	1
guu	1
guung	24
guwa	17
gwa	24
gwal	13
gwi	6
gwire	1
gwiring	9
gwo	1
ha	5171
haang	385
haba	33
habal	1
habalai	1
habang	197
habilai	17
habilga	1
habilua	1
haboba	1
hadagi	5
hagu	4
hahoba	30
hai	71
haina	2
haini	3
haining	2
hair	61
hakubi	11
hakuria	1
hal	62
hala	10
halabusi	99
halibusi	1
ham	5
hama	36
haman	1
hamba	48
hame	5
hamel	3
hamen	703
hamia	26
hamil	27
haminba	7
haminga	17
haminge	2
hamingere	8
hamingi	10
hamingirawe	1
haminia	15
haminio	1
haminiraya	1
hamino	1
haminua	36
haminue	1
hamiraya	3
hamo	3
hamua	83
hamue	1
han	843
hana	402
hanagwo	1
hanama	78
hanamba	11
hanamia	17
hanamin	1
hanaminba	5
hanaminga	9
hanamingere	1
hanamingiwe	1
hanaminua	9
hanaminue	2
hanamna	9
hanamne	4
hanamo	5
hanamua	52
hanana	13
hananba	3
hanane	4
hananga	25
hanangarai	5
hanangure	7
hanangwo	36
hanania	16
hananiba	2
hananio	1
hananua	36
hanba	2
handere	4
handire	2
handred	11
handret	25
hane	83
hanega	14
hanegere	1
hanere	877
hang	139
hanga	30
hangarai	2
hangere	3
hangi	1
hangirawe	3
hangiwe	24
hangure	61
hangwi	140
hangwiwe	1
hangwo	31
hani	107
hania	31
haniba	12
haniga	11
hanigere	34
haning	14
hanio	10
haniraba	3
hanirawa	5
haniraya	1
hanirayo	6
haniwa	79
haniwe	1
hankiga	1
hankigarawa	1
hankigarawe	1
hankigirawe	1
hankima	5
hankimba	4
hankime	1
hankimgirawe	1
hankimia	15
hankiminba	4
hankiminga	12
hankiminia	6
hankiminio	1
hankiminua	9
hankiminue	1
hankimio	3
hankimo	1
hankimua	20
hankinama	7
hankinamba	2
hankinamia	4
hankinaminga	2
hankinaminia	1
hankinamio	1
hankinamo	3
hankinamua	11
hankinanga	4
hankinangure	1
hankinangwo	10
hankinania	3
hankinanua	9
hankinba	3
hankinga	2
hankinia	2
hankinirawa	1
hankino	16
hankinua	3
hankio	6
hankiralua	1
hankiraya	2
hankire	15
hankirere	2
hankiwa	11
hankiwe	2
hankun	8
hankungure	2
hankungwi	8
hankungwo	4
hano	73
hantret	3
hanu	7
hanua	30
hanue	1
hap	3
hapenda	1
hara	10
harala	55
haralga	1
haralua	4
haralue	1
has	1
hasu	180
hau	249
haukiminia	1
haukinangwo	1
haukire	1
haumia	1
hauminga	2
haumua	6
haunaminga	1
haunana	2
haunanga	1
haunangwo	2
haung	764
haunga	1
haunge	1
haungure	1
haungwi	2
haungwo	11
hauno	2
haunua	3
haure	19
hausi	3
hawai	30
haweni	4
hawi	2
hawo	3
haya	265
hayul	1
heba	15
het	20
hetpris	4
hibru	2
ho	17
hoale	12
hob	1
hoba	1
hobai	2
hobale	9
hobana	54
hobang	134
hobani	3
hobel	1
hobi	3773
hobil	6
hobimilna	1
hobing	3
hobini	3
hobirai	2
hobiwe	13
hobiya	1
hobo	198
hogal	47
hoha	1
hoho	3
hoibi	25
hoin	1
hoing	4
hoiri	46
hoiwa	1
hoiya	1
hokimia	1
hol	978
holala	8
holalga	1
holalia	1
holbani	8
hole	82
holekinamia	1
holengure	1
holere	35
holga	2
holgi	13
holi	124
holia	2
holiwe	2
holiwo	1
holiya	1
holkima	2
holkimia	7
holkimio	1
holkimirawa	1
holkimua	2
holkinam	1
holkinama	2
holkinamia	1
holkinaminga	3
holkinamua	3
holkinangwo	3
holkinanua	1
holkingirawe	1
holkino	1
holkire	2
holkirere	1
holkungure	3
holkungwi	1
holkungwo	9
holo	578
holulu	3
hom	2
homa	543
homan	1
homaulu	1
homaulung	40
homba	9
homena	574
homia	18
homilgi	5
homin	1
hominga	4
homini	19
hominia	2
homio	3
homiri	2
homnil	1
homno	1
homo	3
homua	25
hon	1207
hona	98
honagi	1023
honagrang	9
honam	3
honama	7
honamba	5
honamia	11
honaminga	3
honaminia	2
honaminua	2
honamo	2
honamua	21
honana	1
honanga	8
honangere	2
honangure	3
honangwo	13
honania	2
honanua	6
honba	1
hone	4
honere	3
hong	284
honga	3
hongebe	36
hongere	1
hongi	1
hongiwe	2
hongure	36
hongwi	13
hongwiwe	2
hongwo	81
honia	2
honirayo	1
honmil	34
honua	1
hoong	2
hopi	5
hora	33
horala	1
hore	4
horega	37
horo	17
horoga	2
houng	1
howa	69
hoyo	10
hua	1
huhu	3
huiwa	3
hul	88
hulu	135
huma	3
humba	1
humia	9
huminga	1
humingere	1
huminia	1
huminiraya	1
huminua	2
humua	5
huna	2
hunama	8
hunamia	6
hunaminua	1
hunamua	5
hunangure	2
hunangwo	3
hunania	1
hungarai	2
hungi	1
hungure	13
hungwo	3
hunia	2
hural	1
huralga	1
huralia	2
huralua	2
hure	1
huya	3
huyo	3
i	7095
ibil	2
ibilua	1
iga	7
igayawe	1
iger	11
igere	9
igiwe	2
iiba	1
iime	3
iina	4
iiwa	3
ikimba	1
ikimua	2
ikinama	5
ikinamba	1
ikinamia	2
ikinaminga	4
ikinaminia	1
ikinamio	1
ikinamua	4
ikinan	1
ikinanga	1
ikinangure	1
ikinangwo	6
ikinanua	4
ikinga	3
ikingere	1
ikinua	4
ikio	3
ikirala	1
ikiralga	2
ikiralia	1
ikiralua	2
ikire	4
ikirere	2
ikiwa	1
iku	3
ikungure	1
ikungwo	5
ikwi	38
iling	1
imaulung	13
imaumbi	1
imba	3
ime	191
imia	21
iminba	2
iminga	9
imingere	3
imingiwe	2
iminia	5
imino	1
iminua	4
imirawa	1
imna	1
imu	14
imua	39
ina	2
inaa	12
inalga	1
inam	2
inama	18
iname	4
inamia	12
inamin	1
inaminba	1
inaminga	29
inaminio	2
inaminua	6
inamio	1
inamna	3
inamne	2
inamno	1
inamo	4
inamua	42
inamue	1
inan	4
inana	9
inanba	3
inane	1
inanga	61
inangarai	2
inangere	2
inanging	1
inangiwe	3
inangnwo	1
inangure	10
inangwiwe	3
inangwo	102
inania	4
inaning	63
inanio	1
inano	2
inanua	40
inba	1
ine	1
inga	24
ingere	2
ingi	1
ingiwe	3
ingure	9
ingwi	15
ingwo	83
inia	6
inio	1
iniraya	1
ino	1
inua	5
ipire	556
ipirere	4
ipre	1
ira	7
irabilga	1
irabilua	2
irai	262
irala	75
iralba	1
irale	4
iralga	27
iralia	1
iralio	2
iralua	5
iralue	1
irang	202
irawa	1
irawe	87
ire	1610
irere	71
iri	48
iriala	2
iriya	1
iriyala	8
isime	46
isine	7
isra	4
isusu	122
itibi	3
iwa	3
iwe	1668
iwo	3
iya	7
iye	1
iyo	4
kala	1
kalanda	1
kalenda	1
kara	290
kaunsel	1
kaunsil	22
ke	262
kebe	3
keben	8
kebena	83
keber	4
kebereng	3
kebering	130
kebin	16
kebina	1
kebir	16
kei	1
kekima	1
kekimba	1
kekio	1
kekiralia	1
kekuni	1
kel	3
kela	55
kema	1
kemba	1
kemia	5
kemilanga	2
kemilimua	2
kemiliwa	1
kemilungwo	1
keminua	2
kemio	2
kemiraba	1
kemua	9
kenama	2
kenamba	1
kenamina	2
kenamna	1
kenamua	2
kenanga	3
kenangure	1
kenangwo	1
kenanua	1
kenba	20
kenbe	6
kene	860
kenga	2
kengure	2
kengwi	1
kengwo	66
kenua	2
kepaga	2
kepai	1
kepanamia	1
kepanangwo	1
kepanga	3
kepangwo	53
keparala	1
kepare	1
keptan	1
kepten	2
keptin	1
ker	2
kera	16
kerala	8
keralia	1
keralua	7
keramo	1
kere	248
kerekima	1
kerekimna	1
kerere	18
keriga	3
kerimba	2
keringa	1
kero	2
kerosin	3
keru	7
kerulu	5
kerungwo	4
kesi	8
keulu	1
keumbi	3
keunambi	4
keunbi	1
keuni	3
keunimbi	4
keunumbi	3
keuru	9
kewa	53
kewaa	1
keyo	3
ki	144
kiabo	1
kiaing	3
kiana	24
kiang	90
kiani	22
kigi	2
kilomita	2
kin	1
kina	1030
kinanga	1
kinbe	8
kine	21
kinere	1
king	87
kininga	1
kino	1
kir	3
kirau	1
kire	3
kirebini	1
kirime	4
kirimua	1
kirulu	11
kirungure	1
kli	7
klok	12
klu	4
komiti	1
koptani	1
kra	1
krai	2
kraing	5
kraist	1
krau	4
kraun	45
krauna	28
kraung	79
kraungi	2
kre	1
krehaman	365
krehamen	3
kri	86
krigi	3
krismasi	1
kru	2
ku	236
kuari	3
kuba	44
kubu	2
kugal	4
kugul	1
kuku	3
kul	747
kula	29
kulala	12
kulale	1
kulalga	2
kulang	44
kulangi	2
kule	199
kulegin	1
kulekio	1
kuleminba	1
kulere	20
kulga	6
kulgere	1
kulimna	1
kulimua	1
kulina	3
kuling	5
kulkimia	1
kulkinamia	1
kulkinangere	1
kulkinangwo	4
kulkinia	1
kulkinio	1
kulmoma	29
kulmona	1
kulna	6
kulni	5
kultaing	15
kultobane	1
kultobani	1
kulu	122
kulung	41
kuma	1
kuman	27
kumia	6
kumil	10
kuminga	3
kumingere	3
kuminua	2
kumio	1
kumo	25
kumoigi	9
kumua	20
kumue	2
kun	267
kunama	4
kunamia	4
kunaminga	2
kunaminua	1
kunamna	1
kunamua	6
kunana	2
kunanga	1
kunangure	6
kunangwo	14
kunania	1
kunanua	3
kung	8
kunga	4
kungiwe	1
kungure	18
kungwi	5
kungwo	40
kuni	59
kuning	4
kunu	92
kunung	173
kunungwi	1
kura	192
kurani	5
kuri	3
kuria	20
kuru	9
kurulu	1
kuu	12
kuun	2
kuung	18
kuwa	5
kwahawa	23
kwahowa	1
kwahulu	23
kwal	7
kwalin	13
kwaling	39
kwane	1
kwang	2
kwari	3
kwasuli	2
kwasulu	13
kwi	180
kwia	234
kwian	46
kwiana	113
kwiang	40
kwiba	11
kwime	2
kwin	5
kwir	3
laion	5
lama	1
lampi	12
lema	1
lita	1
lo	13
ma	36
maa	192
maga	14
maganba	7
mai	62
maing	1991
maini	74
maka	4
makena	42
maker	15
maket	9
mala	158
malama	2
malamba	1
malamia	1
malangure	1
malangwo	4
malawe	1
malaya	5
malbere	1
male	27
malekimua	2
malekinama	1
malekinamba	1
malekinamio	1
malemba	1
malere	4
malgi	575
malgir	1
malgiya	3
mali	1
maliminga	3
malimua	1
malinga	7
malkinamio	1
malungwo	25
mama	31
mamaki	3
mamba	2
mambol	1
mamia	17
mamio	1
mamua	1
man	57
mana	65
manaa	11
manala	12
manamba	1
manangwo	1
manbi	55
mane	2
mangal	8
mangwo	7
maning	5
marasin	7
marega	1
masiki	1
masin	1
mastet	2
maul	20
maule	6
mauling	2
maulingere	1
maulung	153
maun	4
mauna	3
maungal	1
maure	1
maya	16
me	100
meberi	1
mebil	5
mebin	14
mebiri	1
medugu	7
meger	1
meginamua	1
meginangwo	2
megine	5
meginekinanua	1
meginere	2
meginungwo	4
meiwa	1
mekinaminua	1
mekio	3
meme	18
memia	1
memini	414
memua	1
mena	235
menamno	1
menamua	5
menamue	1
menan	33
menang	3
menanua	1
mene	3
menga	1
mengere	1
mengure	1
mengwi	3
merala	1
meralga	1
mere	238
meri	1507
meule	1
meyo	3
mibi	17
migi	69
migiga	17
migima	3
migir	1
miin	5
miina	5
miing	53
miki	411
milin	11
miling	538
milion	1
miliyon	1
milna	194
milni	180
mimini	1
min	6
mindebe	7
mine	2
mini	37
minibani	2
mining	248
mita	2
mo	632
mobeng	2
mobilga	9
mobilgarai	1
mobilgere	2
mobilia	8
mobiliraya	2
mobilua	14
mobilue	1
mobin	24
mobina	12
mobing	68
modui	1
moi	2
moiring	5
moiya	10
mokene	9
mol	421
molabil	2
molabila	1
molabilba	1
molabilga	3
molabilua	5
molabilue	1
molal	4
molala	51
molalba	1
molale	1
molalga	33
molalgarayo	1
molalia	4
molalio	3
molalua	14
molbilga	1
moldinio	7
mole	754
molega	1
molena	1
molere	525
molga	136
molgarai	2
molge	1
molgere	25
molgi	2
molgiwe	5
moli	340
molia	145
moliba	13
molimo	1
molio	81
moliraba	2
moliraya	2
moliwa	199
moliwe	3
molki	1
molkia	3
molkiba	6
molkibilia	1
molkiga	3
molkigere	1
molkim	1
molkima	18
molkimba	2
molkimia	44
molkimingere	1
molkiminia	13
molkiminirawa	1
molkiminua	3
molkiminue	1
molkimna	1
molkimno	3
molkimo	2
molkimua	38
molkin	6
molkinam	1
molkinama	15
molkinamba	3
molkinamia	10
molkinaminba	2
molkinaminga	2
molkinaminia	3
molkinaminua	1
molkinamio	1
molkinamo	2
molkinamua	9
molkinamue	1
molkinana	1
molkinanga	7
molkinangere	2
molkinangure	1
molkinangwo	12
molkinania	5
molkinanua	2
molkinba	5
molkinia	13
molkinio	8
molkino	11
molkinua	12
molkio	9
molkirabilua	2
molkiralba	1
molkiralga	5
molkiralia	1
molkiralio	1
molkiralua	1
molkire	5
molkirere	3
molkiwa	17
molkun	3
molkungwi	3
molkungwo	10
molo	250
molpai	8
mom	13
moma	141
momba	87
mome	23
momgi	1
momia	493
momiba	1
momin	1
momina	1
mominba	25
mominga	145
momingarai	2
mominge	3
momingere	20
momingi	36
momingiwe	3
mominia	51
mominio	1
mominirawa	1
momino	3
mominua	114
mominue	1
momio	47
momiraba	2
momiraya	4
momna	5
momno	10
momo	14
momua	424
momue	3
mon	13
mona	31
monam	6
monama	60
monamba	9
moname	8
monamia	53
monamiba	1
monamin	3
monamina	2
monaminba	1
monaminga	65
monamingere	2
monamingiwe	1
monaminia	2
monaminio	7
monaminua	32
monaminue	4
monamio	4
monamna	8
monamne	2
monamno	1
monamo	6
monamua	155
monamue	11
monan	3
monana	58
monanba	7
monane	1
monanga	102
monange	1
monangere	8
monangi	1
monangiwe	11
monangure	45
monangwiwe	13
monangwo	257
monangworai	2
monania	21
monanio	8
monano	1
monanua	75
monba	10
mone	67
mong	56
monga	352
mongarai	3
monge	1
mongere	20
mongi	2
mongiwe	4
mongure	245
mongwe	1
mongwi	448
mongwiwe	14
mongwo	1191
mongwobani	2
mongwohobi	2
mongwomeri	1
moni	325
monia	114
moniba	1
moning	1
monio	8
monirawa	3
moniraya	2
mono	19
monua	93
mori	9
moro	3
moya	127
moyu	24
mu	63
mua	3
mubil	1
mudinba	1
mugu	37
mulanga	1
mulangwo	1
mule	2
mulere	1
muli	2
mulimua	1
mulu	27
mulungure	1
mulungwi	1
mulusin	8
muma	2
mun	7
muru	230
musik	2
na	5599
naa	9
naang	1
nabale	1
nabaleng	2
nabaling	2
nabalungwo	1
nabe	65
nabila	2
nabilama	1
nabilamua	1
nabilba	1
nabile	29
nabilere	1
nabilga	5
nabilgere	1
nabilia	1
nabilua	6
nabilungwo	33
nabin	31
nablimua	1
nagi	2
nain	8
nainpela	1
nainti	2
nala	120
nalba	2
nale	2
nalga	56
nalgarawa	1
nalge	1
nalgere	2
nalgiwe	3
nalia	3
nalua	26
nam	6
nama	78
namba	51
nambatu	1
nambawan	30
nambol	5
name	9
namia	59
namiba	1
namin	1
naminba	10
namine	15
naminga	112
namingere	1
namingiwe	1
naminia	2
naminio	3
naminua	52
naminue	2
namio	9
namna	41
namne	2
namo	2
namua	128
namue	3
nan	899
nana	32
nanba	5
nane	3
nanga	128
nangere	2
nangi	1
nangiwe	7
nangure	51
nangwiwe	8
nangwo	266
nania	6
nanio	4
nano	2
nanua	60
nanue	1
narawe	1
ne	80
nebona	23
nega	129
negere	1
negiwe	3
neiraya	3
neiwa	2
neiyo	1
nekia	1
nekiga	1
nekigarawe	1
nekima	3
nekimba	4
nekimia	5
nekiminga	1
nekiminia	1
nekiminua	1
nekimio	1
nekimno	1
nekimua	3
nekin	1
nekinaminga	1
nekinamio	1
nekinamne	1
nekinamno	1
nekinamo	2
nekinamua	4
nekinana	1
nekinanba	1
nekinangwo	8
nekinania	1
nekinanua	2
nekinua	2
nekio	23
nekiralba	2
nekire	14
nekirere	3
nekiwa	1
nekungwi	1
nekungwiwe	2
nekungwo	16
nen	1
nenaga	1
nenama	18
nenamba	2
nename	4
nenamia	10
nenamin	4
nenaminba	4
nenaminga	10
nenamingere	1
nenaminia	1
nenaminua	3
nenamio	1
nenamna	8
nenamua	11
nenamue	2
nenan	1
nenana	13
nenanba	1
nenanga	35
nenangarai	1
nenangi	1
nenangiwe	10
nenangure	3
nenangwiwe	5
nenangwo	52
nenania	2
nenanio	2
nenanua	5
nene	2
nenga	29
nengarai	1
nengi	1
nengiwe	3
neniba	2
neniraya	2
nenua	2
nera	1
nerabilua	2
nerabilue	1
nerala	48
neralba	2
nerale	7
neralga	4
neralgiwe	1
neralia	1
neralua	3
nere	179
nerere	2
neya	1
neyo	3
ni	4207
nibil	182
nigi	1121
nil	5
nilbli	1
nima	126
nimai	12
nimaki	7
nimeng	1
nimin	32
nimini	10
nimne	1
nimni	310
nin	1192
ningi	1
ninimni	7
nir	928
niri	8
nirimil	2
nirin	1
niring	10
niyalhobi	1
no	14
nobilang	1
nobilga	3
nobilua	3
nobu	1
nol	48
nolo	1
nom	2
noma	1
nomane	2
nomani	1081
nome	5
nomia	15
nominga	8
nomingere	1
nomingi	1
nomingiwe	1
nominia	1
nominiraya	1
nominirayo	1
nominua	5
nomio	2
nomiraya	1
nomno	1
nomo	3
nomua	16
non	21
nona	64
nonanga	1
none	2
nonere	6
nongure	8
nongwi	15
nongwiwe	5
nongwo	136
nonungure	1
nonungwo	1
nu	474
nubigi	1
nugu	4
nugun	6
nuguna	6
nugung	28
nulu	17
numua	1
nungure	3
nungwo	3
nure	11
nurere	1
nusigere	1
nusolangwo	1
nusolingere	1
o	26
oba	1
obe	2
obel	2
obelga	1
obil	273
obilga	122
obilgere	3
obilgi	2
obilua	8
obliga	1
oga	17
ogere	15
ogi	3
ogiwe	2
ogolo	154
oiba	1
oine	5
oiwa	30
oiya	12
oiyo	1
okiminia	1
ol	4152
ola	2
olabila	1
olabilga	1
olabilua	5
olal	1
olala	93
olalba	4
olale	14
olalga	60
olalgarai	1
olalgere	3
olalgiwe	2
olalia	5
olaliba	1
olalio	1
olalo	1
olalua	35
olalue	1
olam	12
olama	22
olamba	5
olame	1
olamia	26
olamin	3
olaminga	15
olaminia	1
olaminua	6
olamio	4
olamna	1
olamne	1
olamno	1
olamo	2
olamua	43
olan	3
olana	6
olanba	5
olane	1
olanga	32
olangere	2
olangiwe	5
olangue	1
olangure	33
olangwiwe	6
olangwo	73
olania	4
olanio	1
olano	1
olanua	11
olba	5
ole	825
olebilua	1
olega	6
olekia	5
olekiba	1
olekima	3
olekimba	5
olekimia	9
olekiminga	1
olekiminio	1
olekiminua	4
olekimua	7
olekinam	4
olekinama	1
olekiname	1
olekinamia	5
olekinamin	1
olekinaminga	1
olekinaminia	2
olekinaminio	1
olekinaminua	2
olekinamio	3
olekinamno	1
olekinamua	2
olekinan	1
olekinana	1
olekinane	1
olekinanga	4
olekinangure	1
olekinangwiwe	1
olekinangwo	8
olekinanua	4
olekine	1
olekinga	3
olekingere	1
olekinia	3
olekino	3
olekinua	4
olekio	11
olekiralga	1
olekiralua	1
olekire	10
olekirere	1
olekiwa	5
olekiwe	3
olekungure	1
olekungwi	1
olekungwo	11
olem	1
olemina	1
oleminia	2
oleminua	1
olemiraya	1
olemua	4
olena	3
olene	1
oleng	4
olenio	1
olere	447
olga	102
olgarai	2
olgere	32
olgi	2
olgiwe	6
oli	144
olia	15
oliba	5
olibi	1
olie	1
oligere	1
olikiralua	1
olikiwa	1
olimba	14
olime	3
olimia	50
oliminba	1
oliminga	10
olimingere	7
olimingi	2
olimingiawe	1
oliminia	2
oliminua	3
olimio	2
olimirawa	1
olimiraya	2
olimno	1
olimo	2
olimua	66
olin	1
olinba	1
oline	4
oling	1
olinga	17
olingarai	1
olingere	26
olingi	1
olinia	2
olinio	1
oliniraya	1
olinua	6
olio	12
olirawa	1
oliraya	2
oliwa	62
olkia	7
olkiba	1
olkim	3
olkima	2
olkimba	4
olkime	2
olkimia	21
olkiminba	1
olkimingiwe	1
olkiminia	6
olkiminua	7
olkimio	3
olkimno	4
olkimua	11
olkin	1
olkinama	13
olkinamba	3
olkinamia	1
olkinaminga	10
olkinamingere	1
olkinaminia	4
olkinamio	5
olkinamna	4
olkinamne	1
olkinamua	5
olkinan	3
olkinana	6
olkinanga	24
olkinangiwe	2
olkinangwiwe	1
olkinangwo	18
olkinangworawa	1
olkinania	1
olkinanio	1
olkinano	1
olkinanua	1
olkinba	1
olkinga	4
olkingiwe	1
olkinia	5
olkinio	1
olkinua	6
olkinue	1
olkio	47
olkiral	1
olkirala	42
olkiralga	5
olkiralia	1
olkiralua	8
olkire	39
olkirere	3
olkiwa	10
olkungure	2
olkungwi	1
olkungwo	20
olo	184
olungere	1
olungure	124
olungwe	4
olungwi	100
olungwiwe	5
olungwo	119
om	10
oma	36
omaga	406
omare	19
omba	56
ome	21
omeleng	1
omeling	133
omen	3
omena	48
omgere	1
omia	138
omiawe	2
omiba	4
omil	2
omiling	2
omin	59
omina	2
ominba	7
ominga	91
omingere	25
omingi	48
omingiwe	5
ominia	11
ominio	1
ominirawa	1
ominiraya	1
omino	1
ominua	69
ominue	3
omio	16
omiraya	4
omne	1
omno	13
omo	27
omua	243
omue	2
on	4
ona	4
onam	5
onama	80
onamba	5
oname	10
onamia	20
onamiba	5
onamin	2
onamina	1
onaminba	1
onamine	1
onaminga	48
onamingere	5
onaminia	1
onaminio	1
onaminua	7
onaminue	1
onamio	5
onamna	20
onamne	18
onamno	4
onamo	1
onamua	46
onan	6
onana	44
onanba	2
onane	4
onanga	111
onangarai	1
onangere	5
onangi	10
onangiwe	15
onangure	36
onangwiwe	22
onangwo	232
onangworai	2
onania	2
onaniba	2
onanua	10
onanue	1
onba	49
one	24
onga	169
ongarai	1
ongere	33
ongi	17
ongirai	1
ongiwe	14
ongure	199
ongwi	496
ongwiwe	33
ongwo	1384
ongworai	1
oni	1
onia	20
oniba	2
onibani	1
onio	1
oniraba	1
onirawa	1
oniraya	1
ono	5
onua	43
onwo	2
oo	851
oon	17
oona	20
oonan	1
oong	21
opis	1
opisi	7
orabilua	1
oulang	1
oulu	11
oun	248
owa	6
owo	9
p	1
pa	406
paba	21
pabilga	1
paga	2
pagere	1
pai	808
paib	19
paikia	1
paikim	3
paikima	15
paikimba	21
paikime	1
paikimia	143
paikimio	6
paikimo	13
paikimua	150
paikin	1
paikinama	27
paikinamba	3
paikiname	3
paikinamia	24
paikinamio	2
paikinamo	4
paikinamua	22
paikinanga	1
paikinangure	4
paikinangwo	8
paikinga	4
paikinia	1
paikino	1
paikinua	1
paikio	4
paikire	12
paikirere	8
paikiwa	1
paikmua	1
paikungure	9
paikungwi	3
paikungwo	26
paine	1
paing	12
paip	2
paiwa	1
paiya	1
palan	3
pam	12
pama	52
pamba	136
pame	7
pamia	617
pamiba	6
pamibawe	1
paminba	1
paminga	6
pamingere	2
pamingi	2
paminia	1
pamio	35
pamiraya	17
pamo	9
pamua	945
pamue	11
pan	3
pana	134
panam	10
panama	21
panamba	11
paname	6
panamia	32
panamiba	1
panaminga	12
panaminia	1
panaminua	3
panamio	3
panamna	1
panamo	34
panamua	81
panana	5
pananga	24
panangiwe	2
panangure	35
panangwiwe	1
panangwo	172
panangworai	2
panania	2
pananua	16
panba	1
pane	3
panga	11
pange	1
pangiwe	1
pangure	65
pangwe	2
pangwi	29
pangwiwe	3
pangwo	707
pangworai	1
pania	14
panio	1
pano	11
panua	7
paola	1
papa	2
para	1400
parabilua	4
parala	3
parale	1
paralga	9
paralio	1
parama	1
pare	381
parekire	1
parere	7
pari	8
parimua	1
paru	5
parungwo	2
pasendia	6
pasi	104
pasoba	1
pasto	1
paule	2
paun	1
pauna	3
pauni	6
paura	4
paya	2
payo	2
pe	13
pegare	6
pege	72
peira	1
pela	9
pele	15
pema	4
pemua	1
pen	4
penamua	2
penanga	1
penangarai	1
penangwo	2
pene	4
penio	1
penua	2
pepa	6
pera	143
pere	11
perere	2
peyo	1
pi	685
pia	55
pibilio	1
pibilua	5
piga	5
piksa	5
pil	36
pila	38
pilagi	2
pilaua	3
pilawa	1
pilo	2
pilu	4
pim	2
pima	1
pimba	41
pime	2
pimia	42
piminba	13
piminga	44
piminge	1
pimingere	9
pimingerewe	1
pimingi	4
piminia	16
piminio	2
piminiraya	2
pimino	1
piminua	81
pimio	8
pimiraya	1
pimne	3
pimo	3
pimua	66
pin	11
pinam	3
pinama	28
pinamba	13
piname	5
pinamia	28
pinaminba	4
pinaminga	18
pinamingere	1
pinaminia	2
pinaminio	2
pinaminua	9
pinaminue	1
pinamio	7
pinamna	4
pinamne	5
pinamo	1
pinamua	52
pinan	1
pinana	43
pinanba	19
pinane	4
pinanga	109
pinangarai	2
pinangere	1
pinangi	2
pinangiwe	23
pinangure	4
pinangwiwe	4
pinangwo	89
pinangwomeri	1
pinania	14
pinanio	3
pinanua	22
pinba	13
pine	29
ping	1
pinga	115
pingarai	1
pingere	5
pingirawe	1
pingiwe	12
pinia	27
pinio	5
pinirawa	5
piniraya	6
pinirayo	1
pino	57
pinua	42
pio	45
pipt	1
pipti	8
piptin	1
pir	2024
piragi	3
pirala	41
piralba	4
pirale	1
piralga	20
piralia	2
piralua	3
pirari	156
pire	2115
pirega	7
piregere	3
piregi	1
piregin	1
pirekimia	1
pirekiminga	1
pirekimua	2
pirekinaminga	4
pirekinaminua	1
pirekinamua	1
pirekinangwo	2
pirekinania	1
pirekine	1
pirekinga	2
pirekinia	2
pirekino	4
pirekio	9
pirekire	8
pirekirere	1
pirekiwa	3
pirekungwo	1
pirere	535
piri	6
piria	23
piriba	10
pirie	13
piriga	40
pirige	1
pirigere	6
pirikere	2
pirikia	8
pirikiba	3
pirikiga	1
pirikima	2
pirikimba	3
pirikimia	13
pirikiminba	1
pirikiminga	2
pirikiminia	1
pirikimino	2
pirikiminua	5
pirikiminue	1
pirikimio	4
pirikimna	1
pirikimno	1
pirikimua	13
pirikina	1
pirikinam	1
pirikinama	5
pirikinamba	1
pirikinamia	4
pirikinaminga	1
pirikinaminua	4
pirikinamua	1
pirikinan	1
pirikinana	1
pirikinanga	2
pirikinangiwe	1
pirikinangure	1
pirikinangwo	7
pirikinania	2
pirikinanio	1
pirikinba	1
pirikine	1
pirikinga	4
pirikinia	10
pirikino	23
pirikinua	12
pirikio	44
pirikiralua	3
pirikire	36
pirikirere	4
pirikiwa	15
pirikiwe	1
pirikungwi	2
pirikungwo	31
piring	2
pirio	12
piriwa	201
piriwe	1
piriyo	1
pirkia	2
pirkima	5
pirkimba	1
pirkimia	4
pirkiminua	2
pirkiminue	1
pirkimio	1
pirkimua	4
pirkin	1
pirkinamba	1
pirkinamia	4
pirkinamua	1
pirkinana	2
pirkinangure	1
pirkinangwo	5
pirkinania	2
pirkinanua	3
pirkinga	4
pirkinia	2
pirkino	13
pirkinua	5
pirkio	18
pirkiralia	1
pirkire	9
pirkirere	7
pirkiwa	4
pirkiwe	1
pirkungwo	23
piro	182
piru	3
pisi	49
pisolala	3
pisolalga	2
pisolamia	4
pisolaminga	1
pisolaminue	1
pisolamno	1
pisolamua	3
pisolana	1
pisolanga	1
pisolangure	2
pisolangwo	2
pisolano	1
pisole	72
pisolekinama	1
pisolekinaminia	1
pisolekinanga	1
pisolekinangere	1
pisolekire	2
pisolere	85
pisolga	2
pisolgere	1
pisolia	2
pisolimba	1
pisolimia	8
pisoliminga	1
pisoliminia	1
pisolimo	1
pisolimua	7
pisolimue	1
pisolinia	4
pisolinio	4
pisolinua	5
pisoliwa	8
pisolo	18
pisolungure	17
pisolungwi	5
pisolungwo	1
piu	2
plaua	4
plawa	1
pli	7
plisman	6
po	627
poa	1
poing	12
poira	20
poklok	1
pol	18
pole	6
poleng	1
polisman	15
polo	1
pore	7
posen	1
posin	5
poti	8
potin	3
potipo	2
pre	1
president	2
priga	1
prin	33
prina	44
pring	328
pris	61
probins	71
propet	2
propit	1
pu	14
pudimia	1
pudinangwo	4
pudungure	4
pudungwo	9
pul	5
pule	61
puli	3
pulungure	2
pulungwo	5
pungure	21
pungwi	164
pungwiwe	1
pungwo	253
pusa	1
puul	1
raisi	1
re	1
saa	1
saagu	1
saala	1
saang	5
sabaktani	2
sabat	1
sagu	2
sahala	2
sala	8
sam	1
sanda	2
sanesi	4
sanisi	1
santa	7
santu	5
sare	6
se	5
seba	1
seben	3
sebenpela	5
semen	1
sen	5
sewen	7
sewen-pela	1
sewenpela	1
sewenti	1
si	3274
sia	17
sibala	1
sibil	2
sibilga	1
sibirangwo	3
sibire	2
sibirikima	1
sibole	1
sibongwo	1
sidina	3
siga	35
sigala	1
sigale	1
sigare	266
sigere	13
sigi	2
sigin	3
sigina	1
sigine	1
siging	18
sigirala	3
sigirangure	3
sigire	1
sigirere	1
sigiri	1
sigirimia	1
sigirimua	1
sigirungwo	1
sigiu	27
sigolala	3
sigolale	1
sigolalua	1
sigole	1
sigolkinamia	1
sigolkio	2
sigomia	1
sigomio	1
sigomua	2
sigonaamia	2
sigonama	3
sigonaminua	2
sigonamua	1
sigonanga	1
sigonangure	2
sigonangwo	6
sigongwo	4
sigu	2
sigui	2
sigune	2
sigwi	3
sihonere	5
sii	1
siiba	1
siina	68
siiwa	6
sikel	1
siker	1
sikere	3
sikia	2
sikiba	1
sikibilia	1
sikibilua	2
sikima	8
sikimba	3
sikimia	19
sikiminga	1
sikimingere	3
sikimingi	2
sikiminia	6
sikiminua	5
sikiminue	1
sikimio	8
sikimna	2
sikimo	1
sikimua	29
sikin	1
sikina	1
sikinama	12
sikinamba	2
sikiname	1
sikinamia	14
sikinaminba	1
sikinaminga	2
sikinaminia	3
sikinamio	1
sikinamua	25
sikinana	1
sikinanba	2
sikinanga	4
sikinangure	6
sikinangwo	14
sikinanua	9
sikinba	1
sikine	1
sikinga	1
sikinia	15
sikiniraya	2
sikino	7
sikinua	9
sikio	23
sikir	1
sikira	10
sikiral	1
sikirala	2
sikiralgere	1
sikiralua	3
sikire	27
sikirere	6
sikis	9
sikisti	3
sikiwa	3
siks	4
siksti	3
sikul	11
sikungure	6
sikungwi	7
sikungwo	9
silba	1
sima	5
simane	2
simba	25
sime	21
simeng	1
simia	77
simile	2
similo	1
simimua	1
simin	4
siminba	1
siminga	9
simingere	3
simingi	1
siminia	4
siminio	1
siminua	18
siminue	1
simio	17
simirawa	1
simirayo	1
simne	2
simno	1
simo	4
simua	133
sin	13
sina	515
sinaa	2
sinali	13
sinam	9
sinama	50
sinamba	41
siname	6
sinamia	34
sinamin	1
sinaminba	3
sinaminga	8
sinaminia	2
sinaminua	10
sinamio	7
sinamna	3
sinamne	1
sinamo	19
sinamoki	10
sinamua	91
sinamue	2
sinan	1
sinana	19
sinane	1
sinanga	32
sinangere	5
sinangiwe	1
sinangure	68
sinangwiwe	7
sinangwo	152
sinania	6
sinanio	3
sinanua	19
sinaya	1
sinba	5
sine	24
sinere	1
sinering	2
singa	31
singaba	487
singabao	1
singere	2
singiwe	3
sini	6
sinia	24
sinio	5
siniraya	2
sino	3
sinongwo	2
sinua	18
sio	6
sipangure	1
sipapa	5
sipi	296
sipia	6
sipisipi	13
sipli	1
sira	2
siral	2
sirala	60
siralga	9
siralgere	2
siralua	4
sire	817
sirere	36
siribi	29
sirin	353
siru	25
sitere	1
sitongwi	3
sitongwo	3
sitori	1
situa	2
siwa	19
siwaire	2
siya	1
siyame	1
skul	1
so	40
sogal	1
sol	3
solanga	1
soldia	106
sole	1
solere	1
solungure	2
soo	1
soulu	3
spa	1
spak	21
stei	2
stia	1
stua	3
su	170
sua	1
suala	2
suang	12
sugul	5
sui	197
suitai	1
sule	3
sulere	5
sulimba	1
sulu	1
sungure	202
sungwi	80
sungwiwe	6
sungwo	229
suri	81
suro	1
susu	57
sutal	1
sutani	221
suwa	2
swit	2
ta	3570
tabil	65
tabilai	1
tabile	5
tabilungure	1
tabin	115
taga	8
tai	113
taing	1
takimia	1
takis	10
takisi	27
tal	2163
talhan	370
tali	123
talime	78
taling	24
taliwe	4
talmere	24
talna	9
talni	5
talongure	21
talongwo	111
talta	17
talwa	32
talwe	1
talwo	20
tama	2
tamama	6
tamamba	1
tamamia	39
tamamua	9
taman	58
tamanamia	1
tamangure	3
tamangwo	1
tamba	1
tame	2
tamia	2
tamo	1
tan	42
tanamia	2
tanangure	2
tanangwo	23
tane	1
tangure	16
tangwi	4
tangwo	40
tani	778
taniga	163
taning	2
taniya	1
taporal	10
tarala	1
tare	10
tariba	1
tau	1232
taul	2
taun	4
tausen	78
tayomo	1
te	1383
tebol	2
tee	1
tega	232
tegarai	17
tegarawe	1
tege	135
tegere	68
tegi	5
tegirawe	1
tegiwe	25
tei	14
teiba	16
teiraba	1
teirawa	6
teiraya	3
teiwa	270
teiwe	1
teiya	22
teki	1
tekia	9
tekiba	5
tekiinua	1
tekima	30
tekimba	14
tekime	1
tekimia	69
tekiminba	1
tekiminga	1
tekiminia	7
tekiminio	1
tekiminua	11
tekimio	4
tekimirawa	1
tekimno	5
tekimo	6
tekimua	39
tekinam	6
tekinama	21
tekinamba	16
tekinamia	24
tekinamina	2
tekinaminga	13
tekinaminia	1
tekinaminio	4
tekinamino	1
tekinaminua	4
tekinamio	7
tekinamna	1
tekinamno	2
tekinamo	6
tekinamua	33
tekinana	5
tekinanga	26
tekinangiwe	3
tekinangure	9
tekinangwiwe	1
tekinangwo	48
tekinangworai	1
tekinania	9
tekinanio	3
tekinano	2
tekinanua	4
tekinanue	1
tekinba	2
tekine	5
tekinga	8
tekingere	1
tekingiwe	2
tekinia	20
tekinirawa	4
tekiniraya	3
tekino	14
tekinua	23
tekio	111
tekiraba	1
tekirala	7
tekiralba	4
tekiralga	10
tekiralgere	1
tekiralia	7
tekiralua	9
tekirawa	1
tekire	60
tekirer	1
tekirere	18
tekiwa	15
tekiwe	1
tekiya	1
tekungure	20
tekungwi	5
tekungwiwe	1
tekungwo	42
tema	1
temine	6
temini	12
ten	31
tena	3
tenam	27
tenama	169
tenamba	39
tename	25
tenamgiwe	1
tenamia	121
tenamin	5
tenamina	3
tenaminba	8
tenaminga	82
tenamingere	1
tenamingiwe	2
tenaminia	14
tenaminio	2
tenaminua	24
tenaminue	3
tenamio	29
tenamna	28
tenamne	12
tenamno	4
tenamo	9
tenamua	247
tenamue	2
tenan	13
tenana	72
tenanba	21
tenanbao	1
tenane	5
tenanga	213
tenangere	7
tenangi	4
tenangiwe	23
tenangure	236
tenangwiwe	17
tenangwo	653
tenangworai	6
tenania	20
tenanio	5
tenano	7
tenanua	47
tenanue	1
tenba	7
tene	50
tenga	207
tengarai	18
tengere	71
tengi	3
tengirawe	2
tengiwe	25
teni	7
tenia	32
teniba	3
tenio	21
teniraba	1
tenirawa	4
teniraya	1
teno	6
tenpela	2
tenua	71
tenue	1
terabila	2
terabilua	1
teral	5
terala	219
teralba	14
terale	7
teralga	138
teralgarawa	1
teralgere	11
teralgiwe	5
teralia	75
teralio	3
teralo	4
teralua	102
teralue	4
tere	1867
terere	47
terewa	9
teri	4
teti	6
teya	56
teye	1
teyo	6
ti	31
tibi	1232
tima	5
timawe	8
time	2
timi	17
timiya	22
tisa	32
tiwi	1
to	481
toba	1
tobilga	5
tobilua	5
tobo	222
toea	5
togu	196
tol	53
tole	4
tolinio	1
tolo	9
tom	15
toma	16
tomba	57
tome	29
tomia	527
tomiba	2
tomimua	1
tomin	2
tominba	8
tominga	103
tomingere	10
tomingi	4
tomingiawe	1
tomingiwe	8
tominia	13
tominio	2
tominiraba	1
tominirawa	1
tominiraya	2
tomino	5
tominua	81
tomio	38
tomiraba	3
tomirawa	3
tomiraya	21
tomne	4
tomno	20
tomo	38
tomua	543
tomue	3
tongure	463
tongwi	429
tongwiwe	45
tongwo	1388
tongworai	6
torari	48
trausisi	1
tri	14
tripela	2
tu	28
tul	22
tulangure	3
tule	8
tulekire	1
tulere	6
tulungure	1
twel	15
twelb	1
twelpela	2
twenti	15
u	1849
ubilga	2
ubilgarai	3
ubilia	1
ubiliraba	1
ubilua	3
uga	38
ugarai	2
uge	1
ugere	6
ugiwe	6
uku	5
ul	82
ulbe	31
ulgi	14
uli	8
ulibi	3
uling	86
ulna	8
ulni	3
ulu	2
ulubi	26
ulubu	1
ulung	1
um	1
uma	12
umba	11
ume	5
umi	1
umia	77
umin	1
uminga	30
umingere	1
umingirawe	1
uminia	14
uminio	1
uminua	18
umiraya	2
umiwa	1
umua	76
umue	1
un	7
una	1
unam	1
unama	22
unamba	4
uname	5
unamia	42
unaminba	3
unaminga	8
unaminua	1
unamio	1
unamna	2
unamua	34
unana	13
unanba	2
unane	1
unanga	10
unangarai	2
unangure	18
unangwiwe	2
unangwo	110
unangworai	2
unanua	1
unba	1
une	12
unga	13
ungarai	3
ungere	8
ungi	1
ungiwe	2
ungure	64
ungwi	81
ungwiwe	2
ungwo	158
ungworai	2
uni	1
unia	9
uning	108
uno	2
unua	3
ura	123
urabila	1
ural	12
urala	13
uralba	2
urale	1
uralga	66
uralgarai	1
uralgiwe	3
uralia	7
uralua	19
ure	509
urere	75
ususu	10
wa	492
wabilga	1
wabilua	1
wabo	36
waga	33
wagarai	1
wagere	2
wagiwe	3
wagu	2
wahangwo	1
wai	2311
waiba	3
wain	60
wainta	6
waire	5
waiwa	15
waiya	5
waiye	9
waiyo	1
wakia	1
wakima	5
wakimba	3
wakimia	15
wakiminia	3
wakimua	4
wakimue	1
wakina	1
wakinama	2
wakinaminia	1
wakinaminua	2
wakinamio	3
wakinamua	1
wakinana	2
wakinanga	11
wakinangere	1
wakinangiwe	1
wakinangure	2
wakinangwiwe	1
wakinangwo	4
wakinania	1
wakinanua	1
wakine	1
wakingiwe	2
wakinia	3
wakinua	3
wakio	41
wakire	16
wakirere	2
wakiwa	1
wakula	4
wakungure	1
wakungwi	1
wakungwo	1
wal	1
wala	6
walaing	3
walalga	1
walga	3
waling	1
wam	3
wama	60
wamba	26
wamga	1
wamia	28
wamiba	1
waminba	4
waminga	129
wamingere	2
wamingiwe	4
waminia	4
waminio	4
waminua	32
wamio	3
wamirawa	1
wamna	1
wamo	3
wamua	82
wamue	1
wan	46
wana	74
wanam	1
wanama	11
wanamba	1
wanamia	8
wanamin	1
wanaminba	1
wanamine	1
wanaminga	23
wanamingiwe	1
wanaminia	1
wanaminio	1
wanaminua	2
wanamio	6
wanamua	19
wanan	1
wanana	17
wananba	1
wanane	1
wananga	55
wanangarai	1
wanangere	1
wanangiwe	8
wanangure	7
wanangwiwe	1
wanangwo	51
wanano	1
wananua	4
wanaye	1
wanba	2
wang	222
wanga	159
wangarai	1
wangere	7
wanghobi	1
wangiwe	4
wangure	30
wangwi	24
wangwiwe	2
wangwo	360
wangye	1
wani	38
wania	15
wanihobi	1
wanihobo	1
wanio	4
waniraya	3
wanua	35
waole	1
wara	54
warakere	1
warala	10
waralba	2
waralga	3
ware	347
warena	1
warere	26
warungwi	1
warungwo	1
waya	4
wayo	62
we	12
wekinaminia	1
wel	18
wenabo	3
wengwo	1
weni	1612
weniga	45
wenin	1
wera	3
werai	46
weran	8
werang	15
were	3
werere	3
werigi	18
wi	18
widinio	3
wie	1
wigi	18
wiiba	3
wiimbi	37
wiing	2
wimbi	6
win	7
winambi	9
windoa	1
wine	885
winimbi	16
wio	4
wiraba	1
wirawa	2
wiraya	1
wire	1
wiriyala	2
witi	4
wiwa	44
wiwe	2
wiya	14
wiyala	13
wiyla	1
wiyo	4
wiyol	229
wo	167
woda	1
womo	7
woongure	1
wou	72
woumbi	2
wu	275
wumbi	1
wunamia	1
wunangure	1
wungure	3
wure	8
y	1
ya	1061
yadani	1
yagaling	18
yagir	13
yagr	4
yahobi	1
yahuna	28
yahunanin	3
yahuno	30
yaime	3
yakel	6
yakimia	1
yakinama	3
yakinamia	1
yakinamua	3
yakio	4
yal	3609
yala	1
yaldimani	3
yalgir	1
yalhobi	1696
yalhobiwe	3
yalhobiya	5
yalhobo	29
yalholbi	1
yali	393
yaliwe	20
yalkun	1
yalsu	3
yalta	10
yaltau	1
yalye	1
yamia	1
yaminia	1
yaminiraba	1
yamio	1
yamone	1
yamoni	58
yamua	12
yanam	1
yanamba	1
yanamia	2
yanaminga	2
yanamio	1
yanamo	1
yanamua	11
yanana	1
yananga	2
yanangwo	16
yanga	4
yangure	6
yangwi	6
yangwo	38
yania	1
yanua	1
yarala	1
yare	46
yarere	2
yas	8
yasingaba	15
yasu	42
yasuri	205
yasutani	1
yau	7
yaubi	1
yaulala	1
yaulalga	1
yaulamia	1
yaule	18
yaulo	5
yaulungere	1
yaulungure	4
yaulungwo	3
yaunam	1
yaung	6
yaungure	1
yaure	8
yawe	12
yawo	3
ye	136
yia	23
yis	6
yo	96
yoba	1
yobilamua	1
yobilangure	1
yobile	24
yobilema	1
yobilere	6
yobilimia	1
yobilimio	2
yobilimua	1
yobilungure	5
yobilungwi	6
yobilungwo	5
yol	167
yolang	37
yolbi	1
yole	11
yolekimba	1
yolekinamua	1
yolibi	1
yoling	1
yolna	2
yolo	2
yolungwi	1
yoluwai	1
yon	299
yona	260
yone	57
yong	560
yoro	1
yorowai	2
yorowaing	1
yu	2545
yugere	4
yukinangwo	3
yukirala	2
yul	1
yulagi	34
yulan	15
yulana	20
yulang	352
yulin	1
yuling	2
yulung	1
yumia	4
yumil	5
yunangure	11
yunangwo	1
yune	1
yung	3
yunga	2
yungure	35
yungwi	1
yungwo	10
yuralga	1
yure	39
yurere	3
yuri	1
yuung	3
yuwa	2
yuwo	208
yuyau	1
	115
	110
	2291
	2157
