	4
!	775
"	3788
'	742
(	37
)	37
,	10432
-	24
.	10328
000	44
1	12
10	2
100	13
10Nej	1
12	13
120	1
14	6
144	4
15	1
153	1
18	3
19-20	1
20	1
200	3
2000	1
23	1
24	14
25:4	1
260	2
276	1
3	4
30	10
36Håll	1
38	1
39	1
4	5
40	18
400	2
42	2
430	1
450	1
46	1
5	7
50	5
500	1
60	5
600	1
666	1
7	2
70	3
72	2
75	1
80	1
84	1
99	4
:	1981
;	7
?	839
Abaddon	1
Abel	5
Abels	3
Abilene	1
Abraham	93
Abrahams	17
Absolut	1
Acceptera	3
Achaia	12
Achaikos	1
Achas	1
Adam	13
Addi	1
Admin	1
Adramyttion	1
Adriatiska	1
Agabos	2
Agrippa	13
Aineas	3
Ainon	1
Akeldamak	1
Akim	1
Akta	13
Aldrig	12
Alexandria	4
Alexandros	6
Alfaios	5
All	4
Alla	93
Allra	1
Allt	39
Alltid	1
Alltsammans	1
Alltså	5
Amfipolis	1
Amminadav	2
Amon	1
Amos	1
Ampliatus	1
Ananias	12
Ande	273
Anden	14
Andens	1
Andes	12
Andra	17
Andreas	13
Andronikos	1
Anklagaren	2
Anledningen	1
Annars	10
Anse	1
Anser	2
Ansvaret	1
Antagligen	1
Antalet	1
Antingen	3
Antiochia	22
Antipas	1
Antipatris	1
Använd	2
Apelles	1
Apfia	1
Apollonia	1
Apollos	12
Apollyon	1
Appii	1
Aquila	8
Arabien	2
Arbeta	2
Arbetaren	1
Arbetsgivaren	1
Archelaos	1
Archippos	2
Aretas	1
Arimataia	4
Aristarchos	5
Aristoboulos	1
Arni	1
Aron	4
Arons	1
Arpakshad	1
Artemas	1
Artemis	7
Asa	1
Ashdod	1
Ashers	2
Asien	17
Asiens	1
Asor	1
Assos	2
Asynkritos	1
Athen	4
Athenare	1
Att	29
Attaleia	1
Augustus	1
Av	4
Avdela	1
Avgör	1
Avia	1
Avias	1
Avihud	1
Avsky	1
Avslöja	2
Avstå	1
Avundsjuka	1
Baals	1
Babylon	11
Babylons	1
Balak	1
Bana	3
Bara	6
Barabbas	13
Barak	1
Barjesus	1
Barn	2
Barnabas	45
Barnen	1
Barsabbas	2
Bartimaios	4
Bartolomaios	4
Batsheba	1
Be	33
Bedra	3
Befaller	1
Befriaren	1
Behandla	6
Behåll	1
Behöver	1
Bekänn	1
Benjamins	4
Beordra	1
Berekjas	1
Berenike	3
Berget	1
Beroia	5
Beror	1
Berätta	5
Berättelsen	2
Besättningen	1
Betala	2
Betalar	1
Betania	13
Betesda	1
Betfage	3
Betlehem	11
Betsaida	7
Bevaka	1
Bevisa	2
Bildligt	2
Bileam	3
Bileams	1
Bind	1
Bithynien	2
Bitterhet	1
Bland	6
Blastos	1
Bli	2
Blinda	3
Blir	1
Blodet	1
Blodsåkern	2
Boas	2
Borde	2
Bort	1
Bosors	1
Bota	1
Bra	5
Brudgummen	1
Bry	1
Bröder	8
Bröllopsfesten	1
Bröllopsgästerna	2
Budbärarnas	1
Buden	1
Budskapet	2
Bästa	1
Bäva	1
Båda	3
Både	9
Börja	1
Börjar	1
Caesarea	20
Ceremonin	1
Chios	1
Chloes	1
Claudia	1
Claudius	3
Clemens	1
Cornelius	11
Crescens	1
Crispus	2
Cypern	8
Dag	6
Dagarna	1
Dagen	5
Dalmanuta	1
Dalmatien	1
Damaris	1
Damaskus	19
Daniel	1
David	43
Davids	23
De	491
Dela	1
Delta	3
Dem	3
Demas	3
Demetrios	3
Den	306
Denna	19
Deras	18
Derbe	5
Dessa	30
Dessutom	9
Det	607
Detsamma	1
Detta	99
Din	20
Dina	3
Dionysios	1
Diotrefes	1
Diskutera	1
Dit	4
Ditt	3
Djävulen	1
Domaren	1
Domarna	1
Domen	3
Dopet	1
Dorkas	1
Dra	1
Draken	1
Drick	3
Driv	1
Drusilla	1
Druvorna	1
Drygt	1
Du	177
Duken	2
Där	90
Däremot	3
Därför	169
Därifrån	5
Därinne	1
Då	400
Dö	1
Död	2
Döda	4
Döden	4
Dödens	1
Döm	3
Döp	1
Dörren	1
Efesos	25
Effata	1
Efraim	1
Efter	74
Efterföljaren	3
Eftersom	12
Efteråt	4
Egentligen	2
Egypten	28
Egyptens	2
Elasar	1
Elden	1
Eli	3
Elia	30
Elieser	1
Elihud	1
Elisabet	12
Elisabets	1
Elisha	1
Eljakim	2
Eller	6
Elmadam	1
Eloi	2
Elymas	1
Emmaus	3
En	187
Ena	2
Enligt	3
Enosh	1
Epafras	3
Epafroditos	2
Epainetos	1
Er	11
Era	3
Erastos	3
Erkänn	3
Ert	2
Esau	3
Etiopiens	1
Ett	16
Euboulos	1
Eufrat	2
Eunike	1
Euodia	1
Eutychos	1
Eva	2
Ever	1
Evjatar	1
Exakt	3
Fader	2
Fadern	54
Faderns	3
Faktum	3
Fall	2
Fanuel	1
Far	193
Fariseerna	8
Farisén	1
Fars	10
Fast	8
Felix	11
Fem	4
Femte	1
Fenikien	3
Festus	13
Fick	1
Fienden	1
Fikonträdet	1
Filadelfia	2
Filemon	2
Filetos	1
Filippi	6
Filippos	38
Filologos	1
Finns	8
Fira	2
Flegon	1
Flera	2
Flicka	1
Flickan	4
Fly	1
Flytta	2
Foibe	1
Foinix	2
Folk	11
Folken	2
Folket	22
Folkets	2
Folkhopen	1
Folkmassan	1
Fortfarande	1
Fortsätt	15
Fortunatus	1
Forum	1
Foten	1
Fram	4
Framför	3
Framförde	1
Frestaren	1
Frid	4
Fruktansvärda	1
Frun	1
Frygien	3
Fråga	3
Från	33
Fröet	1
Fullkomlige	2
Fuskar	1
Fygelos	1
Fyll	2
Fyra	1
Fysisk	1
Fälten	1
Fängelseportarna	1
Fäst	1
Fången	1
Fångvaktaren	3
Får	7
Fåren	1
Fårporten	1
Födas	1
Föddes	1
Följ	8
Följande	2
För	86
Fören	1
Föreståndaren	1
Förhänget	2
Förklara	1
Förlåt	4
Förmana	1
Förrädaren	2
Församlingarna	4
Församlingen	5
Församlingsledare	1
Förskräckta	1
Först	6
Förstår	12
Förstöraren	1
Försvinn	3
Försök	5
Försöker	1
Förut	4
Förutsägelsen	1
Förvaltaren	1
Förvåna	1
Förvånad	1
Förvånade	1
Föräldrarna	2
Gabbata	1
Gabriel	3
Gads	1
Gaius	5
Galatien	6
Galileen	74
Galileens	1
Galileiska	9
Gallio	3
Gamaliel	2
Gaza	1
Ge	23
Genast	6
Generation	1
Gennesaret	3
Genom	74
Gerasa	2
Gerasa‑området	1
Getsemane	2
Gideon	1
Gifta	1
Gläd	2
Glöm	6
Goda	3
Godafton	1
Gode	2
Gog	1
Golgota	3
Gomorra	5
Grekland	1
Grindvakten	1
Grubbla	1
Grundstenarna	1
Gräset	1
Gräshopporna	1
Gräva	1
Gråt	6
Gud	2257
Gudarna	1
Guden	5
Gudens	3
Guds	932
Gudstjänstbyggnaden	1
Gäller	1
Gå	63
Gör	45
Ha	8
Hagar	2
Hamors	1
Han	550
Handla	2
Hanna	2
Hannas	3
Hans	45
Har	44
Harmagedon	1
Harran	2
Havet	1
Hela	10
Helig	1
Helige	1
Helst	2
Helt	1
Hemlighåll	1
Hemma	1
Hennes	4
Henok	4
Herdarna	3
Herden	1
Hermas	1
Hermes	2
Hermogenes	1
Herodes	57
Herodias	6
Herodion	1
Herre	210
Herren	414
Herrens	17
Hesli	1
Hesron	2
Hierapolis	1
Himlen	4
Himlens	1
Hiskia	1
Hittar	2
Hjälp	10
Hjälpare	1
Hjälparen	5
Hon	52
Honom	7
Hoppa	2
Hos	2
Hosea	2
Hunden	1
Hur	70
Huvudpunkten	1
Hylla	9
Hymenaios	2
Häll	1
Hälsa	21
Hälsningar	1
Hämnas	1
Hämnden	2
Hämta	2
Häpna	1
Här	38
Härskare	1
Hästarnas	1
Håll	29
Håller	1
Hånet	1
Högste	2
Högt	1
Hör	6
I	66
Ibland	5
Icke-judiska	1
Idag	8
Idrottsmannen	1
Idumeen	1
Ifrån	2
Ignorera	1
Igår	1
Ikonion	6
Illyrien	1
Immanuel	1
Inatt	3
Inbilla	3
Inbillar	1
Inför	1
Inga	3
Ingen	61
Ingenting	3
Inget	9
Innan	10
Inne	5
Innebär	1
Insamlingen	1
Inser	5
Inte	12
Intill	1
Invånare	1
Invånarna	2
Isak	17
Isaks	8
Isaskars	1
Isebel	1
Iskariot	8
Iskariots	3
Israel	14
Israeliter	4
Israels	93
Istället	7
Italien	4
Italiska	1
Itureen	1
Ja	293
Jag	702
Jaha	1
Jairos	9
Jakob	59
Jakobs	10
Jambres	1
Jannaj	1
Jannes	1
Jason	4
Jasons	1
Javisst	1
Jefta	1
Jered	1
Jeremia	3
Jeriko	7
Jerikos	1
Jerusalem	186
Jerusalems	5
Jesaja	24
Jesajas	2
Jesus	2096
Jishaj	2
Jishajs	1
Jo	38
Job	1
Jobs	1
Jochanan	1
Joda	1
Joel	1
Johanna	2
Johannes	186
Jojakin	2
Jona	9
Jonam	1
Jonas	1
Jonatas	1
Joppe	11
Joram	1
Jordan	6
Jordandalen	1
Jordanfloden	8
Jorden	1
Jordens	4
Jordstycket	1
Jorim	1
Josef	43
Josefs	5
Josek	1
Joses	3
Joshafat	1
Josia	1
Josua	3
Jotam	1
Ju	5
Jubla	3
Juda	5
Judarna	7
Judarnas	2
Judas	51
Judasoch	1
Judeen	46
Judeens	2
Julia	1
Julius	2
Junias	1
Just	13
Justus	3
Kafarnaum	18
Kafarnaums	2
Kain	3
Kains	1
Kajafas	9
Kalla	1
Kallar	1
Kan	31
Kana	5
Kanaan	2
Kanaans	1
Kandake	1
Kanske	12
Kappadokien	2
Karpos	1
Kasta	2
Kauda	1
Kejsarbataljonen	1
Kejsarens	3
Kenan	2
Kenchreai	2
Kidrondalen	1
Kilikien	8
Kishs	1
Klaga	1
Klarade	2
Klarar	1
Kleopas	1
Klockan	6
Klopas	1
Klä	1
Knacka	2
Knidos	1
Kolossai	1
Kom	91
Kommendanten	6
Kommer	9
Koppla	1
Korach	1
Korasin	2
Korinth	12
Kort	1
Kos	1
Kosam	1
Kraften	1
Kreta	6
Kretas	1
Kring	1
Kristus	622
Kroppen	1
Krukmakaråkern	1
Kräv	1
Kräver	1
Kung	10
Kungen	3
Kusas	1
Kvinna	2
Kvinnan	10
Kvinnorna	8
Kyrene	7
Kämpa	1
Känn	3
Kära	47
Käre	5
Kärlek	2
Kärleken	2
Kärnan	1
Köp	1
Lagen	4
Lagläraren	1
Laglärarna	3
Laglöse	3
Laglösheten	1
Lammet	31
Lammets	10
Landshövdingen	2
Laodikeia	7
Lasaia	1
Lasaros	21
Ledarna	1
Legion	1
Lemek	1
Lev	7
Leve	4
Levi	10
Levis	10
Libyen	1
Likadant	1
Likheten	1
Lilla	1
Linos	1
Listan	1
Lita	2
Litar	2
Lite	8
Ljug	2
Ljus	1
Locka	1
Lois	1
Lot	3
Lots	2
Lova	1
Lovsången	1
Lucius	2
Lugna	4
Lukas	3
Lukten	1
Lutad	1
Lycklig	12
Lyckliga	18
Lyd	2
Lydda	3
Lydia	1
Lydias	1
Lykaonien	1
Lykien	1
Lysanias	1
Lysias	2
Lyssa	1
Lyssna	38
Lyssnar	1
Lystra	6
Lägg	6
Läkare	1
Lämna	17
Lämnar	1
Längst	1
Lär	5
Läs	2
Läser	1
Långt	2
Låt	121
Löftet	1
Lösensumman	1
Lösgör	1
Machat	1
Magadan	1
Magdala	12
Magog	1
Mahalalel	1
Makedonien	26
Makthavarna	2
Malkos	1
Malta	2
Mamma	1
Man	33
Manaen	1
Manasse	1
Manasses	1
Mannen	24
Maria	66
Marias	3
Marken	4
Markus	12
Marta	14
Maten	1
Mattan	1
Mattat	2
Mattatias	2
Mattatta	1
Matteus	7
Mattias	2
Med	22
Medan	35
Medhjälparna	1
Medlemmarna	2
Medlemmarnas	1
Melea	1
Melki	2
Melkisedek	17
Melkisedeks	1
Men	1283
Menar	4
Menna	1
Mer	1
Mesopotamien	2
Messias	65
Metushelach	1
Midjans	1
Mika	1
Mikael	2
Miletos	3
Min	43
Mina	12
Mitt	17
Mitylene	1
Mnason	1
Mnasons	1
Moloks	1
Mose	68
Moseboken	1
Moseböckerna	1
Moses	136
Motståndare	1
Motståndaren	4
Munnen	2
Muren	1
Mycket	2
Myndigheterna	2
Myra	1
Mysien	1
Mysiens	1
Männen	4
Människan	4
Människor	12
Människorna	12
Människoson	1
Människosonen	79
Människosonens	2
Märket	1
Mästare	46
Mästaren	2
Målet	1
Många	39
Måste	3
Mörkret	1
Möt	1
Naaman	1
Nachor	1
Nachshon	2
Naftali	1
Naftalis	2
Naggaj	1
Nahum	1
Nain	1
Namnet	1
Narkissos	1
Nasaret	31
Natan	1
Natanael	6
Natten	2
Naturligtvis	5
Neapolis	1
Nej	192
Ner	1
Nereus	1
Ni	317
Nikanor	1
Nikodemos	5
Nikolaos	1
Nikopolis	1
Nineve	2
Nineves	1
Noa	8
Noas	4
Nog	1
Nordostorkanen	1
Nu	72
Nutiden	1
Nyheten	3
Nymfas	1
När	402
Nära	1
Nästa	23
Någon	4
Någons	1
Något	4
Några	43
Nöd	1
Och	957
Också	10
Odjuret	5
Offer	1
Officeren	2
Ogräset	1
Olivberget	10
Olivbergets	2
Oljan	1
Olycka	16
Olympas	1
Om	273
Omsorgen	1
Onda	1
Onde	10
Ondes	2
Onesiforos	2
Onesimos	5
Ord	1
Ordet	6
Ormar	1
Oroa	8
Osynlige	1
Ovanför	1
Ovanpå	1
Oved	2
Pafos	2
Pamfylien	5
Pappa	5
Pappas	1
Parmenas	1
Patara	1
Patmos	1
Patrobas	1
Paulus	237
Peleg	1
Peres	2
Pergamon	2
Perge	2
Persis	1
Petrus	201
Pilatus	66
Pisidien	1
Planera	1
Platsen	1
Plötsligt	1
Pojken	1
Pontius	3
Pontos	3
Porcius	1
Portarna	1
Precis	2
Prisca	3
Priscilla	5
Problemet	2
Prochoros	1
Profeten	3
Prästen	1
Pröva	2
Psaltaren	3
Ptolemais	1
Publius	2
Pudens	1
Puteoli	1
Pyrrhos	1
På	117
Påminn	2
Påskhögtiden	1
Påstår	1
Quartus	1
Quirinius	1
Rabbi	1
Rabbla	1
Rabbouni	1
Rachav	3
Raka	1
Rakel	1
Ram	1
Rama	1
Rebecka	2
Redan	6
Regeringen	1
Regium	1
Regler	1
Reglerna	3
Regu	1
Rehabeam	1
Res	24
Resa	1
Resten	2
Resultatet	1
Rhode	1
Rhodos	1
Riskera	1
Riv	3
Ro	1
Rom	13
Romarna	3
Romfas	1
Rubens	1
Rufus	2
Rulla	1
Rummet	2
Runt	2
Rut	1
Ryck	1
Ryktet	5
Ryttaren	5
Ryttarna	1
Räck	3
Räcker	1
Rädda	1
Räddare	4
Räddningen	2
Rädsla	1
Räta	1
Rätta	3
Rättvis	1
Röda	3
Röken	2
Rör	3
Rösten	4
Rösterna	2
Sa	1
Sackaios	6
Saddukeerna	1
Sadok	1
Sakarias	14
Sakarja	3
Salamis	1
Salem	2
Salim	1
Salma	2
Salmone	1
Salome	2
Salomo	6
Salomos	5
Samarien	10
Samariens	1
Samariern	1
Samla	4
Samma	12
Samos	1
Samothrake	1
Samtidigt	10
Samuel	3
Sann	2
Sanningen	2
Sapfeira	1
Sara	7
Sardes	2
Sarefat	1
Satan	44
Satans	6
Satsa	2
Saul	35
Sauls	1
Se	72
Sebedaios	10
Sebulon	1
Sebulons	2
Secundus	1
Sedan	320
Seleukia	1
Sem	1
Senare	6
Ser	1
Serach	1
Serubbabel	2
Serug	1
Set	2
Sex	3
Sharonslätten	1
Shealtiel	2
Shekem	1
Shelach	1
Shimi	1
Sicilien	1
Sidon	12
Silas	24
Siloa	2
Siloadammen	2
Silvanus	4
Simon	74
Simons	4
Simson	1
Sinai	6
Sions	2
Sju	3
Sjung	2
Själv	13
Själva	1
Självklart	7
Sjömännen	1
Ska	11
Skada	1
Skaka	3
Skallen	4
Skapare	2
Skaparen	1
Skeuas	1
Skicka	12
Skriften	157
Skriv	11
Skryt	1
Skräckslagna	2
Skulle	11
Skynda	6
Sköna	2
Skörden	2
Skördetiden	1
Slavkvinnans	1
Sluta	6
Slutet	1
Slutligen	1
Släpp	1
Slå	1
Slår	2
Slöjan	1
Smaka	1
Smeden	1
Smyrna	2
Snart	9
Snuskiga	1
Sodom	11
Soldaterna	7
Solen	2
Som	17
Somliga	4
Son	94
Sonen	47
Sons	3
Sopatros	1
Sortera	1
Sosipatros	1
Sosthenes	2
Spanien	2
Spika	6
Sprid	1
Spänn	1
Stachys	1
Stackars	3
Staden	1
Stadskassören	1
Stadsmuren	1
Stanna	5
Stefanas	3
Stefanos	17
Stengården	1
Stig	1
Stjärnan	2
Stjärnorna	2
Stjärntydarna	1
Stopp	1
Stoppa	2
Stor	3
Stora	4
Straffet	1
Strax	4
Strunta	1
Sträva	4
Ställs	1
Stå	3
Står	1
Stör	1
Stötta	1
Susanna	1
Svara	1
Svaret	1
Svär	1
Sykar	2
Symeon	7
Synda	1
Syndare	1
Synden	6
Syndens	1
Syntyche	1
Syrakusa	1
Syrien	11
Syrten	1
Syskon	1
Säden	1
Säg	21
Sälj	2
Sänker	1
Särskilt	1
Sätt	5
Sätter	1
Så	90
Sådana	4
Sådant	1
Söderns	2
Sök	2
Ta	47
Tabernae	1
Tabita	4
Tack	6
Tacka	3
Taddaios	2
Tala	11
Talita	1
Tamar	1
Tanken	1
Tappa	2
Tar	1
Tarsos	6
Tempelvakterna	1
Terach	1
Tertius	1
Tertullus	3
Texten	1
Theofilos	1
Thessalonike	9
Theudas	1
Thyatira	4
Tiberias	1
Tiberiassjön	1
Tiberius	1
Tiden	3
Tidigare	1
Tidigt	9
Tig	3
Tiggaren	1
Till	59
Tillbe	1
Tills	1
Tillsammans	8
Tillåter	2
Timaios	1
Timon	1
Timotheos	35
Tio	1
Tiostadsområdet	3
Titius	1
Titta	6
Titus	18
Tjuven	1
Tjänaren	1
Tjänarna	1
Tjänstefolket	1
Tolv	1
Tomas	12
Trachonitis	1
Tre	8
Tres	1
Tro	13
Troas	7
Troende	1
Trofimos	3
Tron	3
Tror	10
Trots	12
Trovärdig	1
Tryfaina	1
Tryfosa	1
Trädet	1
Trösta	1
Tullindrivarna	2
Tveka	2
Tvillingen	3
Tvillinggudarna	1
Tvinga	1
Tvivla	3
Tvärtom	6
Två	6
Tychikos	6
Tycker	1
Tyrannos	1
Tyros	11
Tyvärr	2
Tältet	2
Tänk	52
Tänker	8
Under	28
Underordna	1
Underskatta	1
Undervisa	4
Undra	1
Undvik	1
Unge	1
Ungefär	4
Upp	2
Uppmana	2
Upprorsmakare	1
Upprörda	1
Uppträd	2
Ur	1
Urbanus	1
Uria	1
Ussia	1
Utan	3
Utanför	1
Uttrycket	1
Va	1
Vad	116
Vaka	3
Vakna	3
Vandra	1
Var	131
Vare	1
Varenda	2
Varför	91
Varifrån	3
Varje	19
Varken	2
Varma	1
Varna	1
Varsågod	1
Vart	4
Vem	48
Vems	5
Verklig	2
Vet	9
Vi	225
Vid	13
Vilka	6
Vilken	10
Vilket	4
Vill	3
Ville	6
Visa	18
Visar	1
Vissa	9
Visserligen	2
Visst	8
Visste	1
Vägen	1
Vägled	1
Vägrar	1
Välj	2
Väljer	1
Vänd	3
Vänta	3
Värden	1
Värdig	1
Världen	2
Världens	1
Vår	20
Våra	7
Yngre	1
Zenas	1
Zeus	1
[	1
]	2
absolut	6
acceptera	10
accepterad	3
accepterade	13
accepterar	4
accepterat	4
adresserade	2
advokaten	2
affärer	7
affärsmän	2
affärsmännen	1
aggressioner	1
agnarna	4
akta	5
aktade	1
akter	1
aktern	2
aktivitet	1
aktiviteter	1
aldrig	191
alfa	3
alkohol	4
all	88
alla	931
allas	9
alldeles	33
allesammans	1
allihop	17
allmän	1
allmänt	1
allra	21
alls	22
allt	471
allteftersom	1
alltför	3
alltid	118
alltigenom	2
alltihop	7
allting	20
alltings	1
alltmer	6
alltsammans	2
alltså	133
allvar	3
allvarliga	2
allvarligt	1
alnar	1
aloe	1
altare	1
altaren	2
altaret	26
ambitioner	1
ametist	1
amma	1
ammar	3
ammat	1
anade	1
analysera	1
andades	1
andan	3
andar	44
andarna	28
andarnas	5
andas	4
ande	43
andemakt	1
andemakter	1
anden	27
andeutdrivare	1
andevärldens	3
andlig	7
andliga	10
andlige	1
andligt	23
andra	492
andras	10
andre	19
andres	2
anfall	1
anfaller	1
angrepp	3
angripa	2
angripen	1
angriper	2
angående	2
angår	1
anhängare	11
anhängarna	2
anhöriga	3
aning	2
ankar	1
ankare	3
ankarna	1
ankartrossarna	1
anklaga	25
anklagad	3
anklagade	15
anklagades	2
anklagar	15
anklagare	3
anklagas	3
anklagat	1
anklagelse	1
anklagelsen	1
anklagelser	16
anklagelserna	2
ankomst	2
anledning	6
anlägger	1
anlänt	4
anmärka	4
annan	142
annans	1
annanstans	1
annars	8
annat	73
annorlunda	1
anpassa	1
anse	1
ansedda	1
anseende	3
anser	26
anses	3
ansett	2
ansikte	14
ansikten	4
ansiktet	7
ansträngningar	2
anställa	2
anställd	1
anställda	2
anställde	1
anställt	1
anställts	1
ansvar	16
ansvara	2
ansvaret	4
ansvarig	4
ansvariga	1
ansvarslöse	2
ansåg	5
ansågs	1
antal	4
antalet	5
antar	1
antingen	5
antog	4
anvisningar	1
använd	1
använda	20
användas	3
användbara	1
använde	8
använder	17
användes	3
används	3
använt	4
använts	1
araber	1
arameiska	8
arbeta	26
arbetade	5
arbetande	1
arbetar	30
arbetare	5
arbetaren	2
arbetarna	4
arbetat	17
arbete	31
arbetet	3
arbetsdagens	1
arbetsgivare	1
arbetskamrat	2
areopagen	3
arg	10
arga	6
argt	1
argument	3
argumentera	1
arken	4
arkens	1
arkitekt	1
arma	1
armar	2
armarna	1
armen	2
armé	6
arméer	5
armén	1
arrenderade	3
arrenderar	1
arrestera	16
arresterad	3
arresterade	9
arresteras	1
arresterat	3
arresteringen	1
artighetsbesök	1
artigt	1
arv	8
arvet	7
arvingen	2
arvsrätt	1
aska	1
askhögar	1
athenare	1
athenarna	1
att	6222
attack	3
attacken	1
attacker	1
attackera	2
attackeras	1
attraktivt	1
auktoritet	2
av	1592
avbild	1
avbilderna	1
avbruten	1
avdelning	2
avfall	1
avger	1
avgifter	1
avgrunden	8
avgrundens	1
avgud	7
avgudabild	2
avgudabilden	1
avgudabilder	2
avgudadyrkan	8
avgudadyrkare	1
avgudadyrkarna	1
avgudar	21
avgudarna	2
avgudatempel	1
avgudatemplen	1
avguden	1
avgör	2
avgöra	9
avgörande	1
avgöras	2
avhålla	2
avhåller	1
avhållsamhet	1
avklippt	1
avkomlingar	1
avkomma	3
avkomman	1
avkrok	1
avlägset	2
avlägsna	1
avläsa	1
avrätta	5
avrättad	4
avrättade	3
avrättades	3
avrättas	2
avrättningen	1
avrättningsplatsen	8
avsatte	1
avsikt	1
avsikter	1
avsked	1
avskeda	1
avskrev	3
avskyr	1
avskyvärda	4
avskyvärt	1
avsluta	3
avslutade	1
avslutar	1
avslutat	7
avslöja	13
avslöjad	1
avslöjade	9
avslöjades	2
avslöjar	10
avslöjas	7
avslöjat	7
avstod	1
avstå	4
avstånd	13
avstår	4
avtar	2
avtrubbad	2
avtrubbade	1
avund	1
avundsjuk	3
avundsjuka	19
avvisad	1
avvisade	1
avvisar	7
avvisat	1
ax	4
axen	1
axlar	1
axlarna	1
bad	133
bada	1
badat	1
bak	1
baka	1
bakar	2
bakat	2
bakgrund	1
bakgrunden	5
bakhåll	1
bakifrån	2
bakom	10
baktill	1
bana	2
band	7
banditer	4
bank	1
bankar	1
banken	1
banor	2
bar	17
bara	369
barn	183
barnbarn	1
barndom	1
barnen	14
barnet	23
barnlös	5
barns	1
barnsliga	2
barnsligt	1
bars	1
basunerar	1
bataljonen	1
be	104
bedra	3
bedragare	5
bedragaren	1
bedragit	1
bedrar	7
bedrog	2
bedrägeri	2
bedrägeriet	1
bedrägliga	1
bedrövad	5
bedrövade	5
bedrövat	1
bedrövelser	1
bedrövliga	1
bedöma	3
bedömer	5
bedömt	1
befalla	5
befallde	19
befaller	12
befallning	22
befallningar	7
befallt	23
befann	6
befinna	1
befolkning	1
befria	13
befriad	4
befriade	14
befriar	4
befriare	1
befrias	3
befriat	5
befrielse	2
befäl	1
befälhavare	1
begav	1
begick	1
begrava	4
begravd	4
begravda	1
begravde	5
begravdes	3
begravning	2
begravningar	1
begravningen	2
begravningsfölje	1
begravningsmusik	2
begravningsmusiken	1
begravs	1
begravt	1
begrep	1
begripa	1
begränsa	1
begränsad	1
begränsade	1
begränsat	1
begär	44
begärde	1
begäret	1
begärt	1
begå	2
begår	1
begått	5
behagligt	1
behandla	17
behandlade	8
behandlar	9
behandlat	1
behandlats	1
behov	24
behärska	1
behärskar	1
behåll	6
behålla	9
behåller	2
behöva	10
behövas	1
behövde	17
behövdes	1
behöver	109
behövs	9
behövt	5
bekant	1
bekanta	1
bekräfta	1
bekräftad	1
bekräftade	2
bekräftar	6
bekräftat	3
bekräftelser	1
bekymmer	12
bekymra	3
bekymrad	1
bekymrade	1
bekände	4
bekänna	5
bekännelse	1
bekänner	8
bekänt	2
belopp	1
belägrar	1
belåtna	1
belöna	13
belönar	2
belönas	1
belöning	7
ben	6
benen	3
beordrade	1
ber	134
bereda	4
beredd	24
beredda	30
beredskap	3
berett	6
berg	28
bergen	11
berget	22
berggrunden	1
bergsbygd	1
bergssluttningen	4
bergstopp	1
beroende	8
beror	4
berusad	2
berusade	3
berusat	1
beryll	1
beräkna	1
berätta	95
berättade	94
berättades	1
berättar	29
berättat	14
berättelse	8
berättelsen	7
berättelser	2
beröm	5
berömd	2
berömma	5
berömmer	2
beröring	1
besatt	23
besatta	13
besegra	10
besegrad	1
besegrade	2
besegrar	2
besegras	1
besegrat	3
besked	1
beskriva	1
beskriver	1
beskrivning	1
beskrivs	1
beskurna	1
beskydd	2
beskydda	1
beskyddare	2
beskyller	3
beskär	1
beslag	3
beslut	6
beslutat	6
beslutna	1
beslöt	8
bespara	1
bestod	4
bestraffas	1
bestämd	1
bestämda	1
bestämde	16
bestämma	8
bestämmer	3
bestämt	56
bestänkas	1
bestå	1
bestående	2
består	4
besvarad	1
besvikelse	2
besviken	6
besvär	3
besvärjelseböcker	1
besvärliga	1
besättningar	1
besättningen	5
besök	12
besöka	11
besökare	1
besöker	1
besöket	2
besökt	3
besökte	7
bet	1
betade	3
betala	20
betalade	4
betalar	7
betalas	1
betalat	4
betalats	1
betald	1
betalning	2
betalt	3
bete	1
betedde	2
beteende	1
beter	3
betjäna	1
betjänade	1
betsel	1
betslet	1
bett	13
betyda	8
betydde	1
betydelse	2
betydelsefull	10
betydelsefulla	7
betydelsen	2
betyder	47
betytt	2
beundra	2
beundran	1
bevaka	1
bevakade	2
bevakar	1
bevakas	1
bevakning	1
bevara	10
bevarade	1
bevarar	3
bevarat	2
bevis	17
bevisa	18
bevisade	8
bevisades	1
bevisar	9
bevisat	3
beviset	4
beväpna	3
beväpnad	2
beväpnade	1
bidra	2
bild	46
bilda	1
bilden	16
bilder	21
bilderna	3
bildligt	7
binda	11
bindande	2
bindas	4
binder	1
bit	11
bitar	11
bitarna	1
biten	1
bitter	2
bitterhet	3
bitti	5
bittra	1
bjud	4
bjuda	4
bjuden	1
bjuder	4
bjudit	2
bjudna	2
bjöd	9
björns	1
blad	3
bladen	2
bland	150
blandade	1
blandar	4
blandat	5
blandning	1
blandningen	1
blankt	1
bleknade	2
blekningsmedel	1
blev	380
bli	475
blickar	1
blicken	5
blind	24
blinda	27
blinka	1
blir	276
blivande	1
blivit	142
blixt	1
blixtar	1
blixten	3
blixtra	1
blixtrade	2
blixtsnabbt	1
blod	59
blodet	11
blodig	1
blodiga	2
blodröd	1
blodsdroppar	1
blomma	1
blommorna	2
blomsterkransar	1
blyga	1
bläck	1
bländande	3
blåsa	6
blåser	4
blåste	10
blödningar	3
blödningen	2
bo	21
bodde	35
bojorna	1
bok	14
boken	9
bokrulle	3
bokrullen	11
bokstavliga	1
bokstäver	1
bon	2
bonde	1
bonden	4
bor	55
bord	5
borde	18
borden	2
bordet	19
borgen	1
borstade	1
bort	148
borta	54
bortförandet	3
bortifrån	1
bortkastad	2
bortkastat	3
bortom	2
bortrullad	3
borttagen	1
borttvättade	1
bosatte	2
boskap	2
bostad	3
bota	28
botad	7
botade	37
botar	4
botat	7
bottenlösa	5
boxare	1
bra	40
brak	2
brann	2
brasa	1
brast	6
bred	3
breda	1
bredde	3
bredvid	18
brett	1
brev	31
breven	2
brevet	10
brinna	1
brinnande	11
brinner	4
brist	2
brister	2
brons	3
bror	60
brors	2
brott	9
brottsligt	1
brottsling	10
brottslingar	6
brottslingen	1
brud	4
bruden	4
brudgum	3
brudgummen	9
brudgummens	2
brukade	14
brukar	6
brunn	2
brunnar	1
brunnen	4
brutalt	1
brutit	7
brutits	2
bry	2
brydde	4
bryr	2
bryta	20
brytas	2
bryter	11
bryts	1
bräcklig	1
brände	3
brändes	3
bränna	5
brännande	2
brännas	6
bränner	4
bränningarna	1
brännoffer	2
bränns	2
bråk	7
bråka	4
bråkar	1
bråkdel	1
bråket	2
bröd	53
bröden	9
bröder	34
bröderna	4
brödet	24
brödkaka	1
brödkakor	1
brödstycket	2
bröllop	3
bröllopet	2
bröllopsfest	4
bröllopsfesten	2
bröllopsgästerna	1
bröllopskläder	2
bröllopsmusik	2
bröllopsvärden	1
bröstet	4
bröstsköld	2
bröstsköldar	2
bröt	26
bröts	4
bud	35
budbärare	7
budbärarna	2
buden	9
budet	5
budorden	3
budskap	296
budskapen	1
budskapet	260
budskapets	1
bukt	1
bulta	1
bultade	1
bunden	12
bundit	1
bundna	3
bunta	1
burit	1
by	8
byar	7
byarna	10
bygatan	1
bygga	19
byggd	4
byggda	1
byggde	10
bygger	19
bygget	1
byggmästare	5
byggmästaren	2
byggnad	1
byggnader	3
byggnadsarbetarna	2
byggnadsstenar	1
byggs	2
byggstenarna	1
byggt	11
byn	11
byta	1
bytas	1
byte	1
bägare	11
bägaren	6
bälte	4
bältet	1
bänk	2
bär	32
bära	29
bärande	2
bärarna	1
bäst	10
bästa	8
bättre	56
bäva	1
bävan	1
bävar	1
båda	38
både	153
bår	5
bårar	1
båren	2
båt	20
båtar	2
båtarna	4
båten	27
båtens	1
båtkanten	1
böcker	2
böckerna	4
böja	1
böjde	5
bölder	2
bön	14
bönade	1
bönen	4
böner	13
böneremmar	1
bör	16
börda	1
bördig	3
bördiga	3
bördor	2
börja	41
började	194
början	49
börjar	25
börjat	30
bötesbeloppet	1
cancer	1
celldörren	1
cellen	4
centrum	2
ceremoni	5
ceremonin	2
chans	7
chansen	6
chef	1
chockade	1
cirka	1
citera	1
citerade	1
cymbal	1
dag	299
dagar	72
dagarna	9
dagars	1
dagen	68
dagens	2
dagliga	3
dags	23
dagsljuset	3
dagslön	4
dagslöner	2
dalarna	1
damm	4
dammen	3
dammet	3
dans	2
dansa	4
dansade	1
darrade	2
darrande	3
darrar	2
de	2789
deg	6
degbiten	1
degen	8
del	123
dela	38
delade	17
delades	1
delar	34
delarna	6
delas	2
delegation	2
delen	2
dels	2
delta	4
deltog	2
delvis	1
dem	1370
demoner	3
demoniska	1
den	1812
denna	82
densamma	3
deprimerad	1
deras	208
dess	31
dessa	176
dessförinnan	1
dessutom	17
desto	10
det	3003
detalj	2
detsamma	1
detta	394
dialekten	1
diarré	1
dig	559
diken	1
dill	1
dimma	1
dimmoln	1
din	171
dina	83
direkt	9
direkta	2
disciplinerad	1
disciplinerade	1
diskriminera	1
diskussion	3
diskussionen	3
diskussioner	6
diskussionerna	1
diskutera	31
diskuterade	6
diskuterar	1
diskuterat	2
dit	97
ditsatta	1
ditt	79
djup	8
djupa	2
djupare	2
djupet	5
djupt	6
djur	17
djurblod	1
djuren	5
djurens	2
djävul	1
djävulen	32
djävulens	4
doft	2
doften	2
dog	77
dold	1
dolda	1
dolt	3
dom	28
domar	3
domare	11
domaren	3
domarna	4
domarsätet	4
domen	3
domens	26
domsalen	1
domstol	10
domstolar	2
domstolen	13
dop	5
dopet	4
doppa	1
doppade	4
doppar	2
doppats	1
dotter	14
dra	10
drabba	38
drabbad	1
drabbade	3
drabbades	1
drabbar	4
drabbas	19
drabbat	4
drabbning	1
drack	9
dragit	2
drake	2
draken	11
drakens	1
drar	18
dras	8
drev	18
drevs	3
drick	3
dricka	38
dricker	26
driv	1
driva	20
drivas	3
driver	17
drivit	3
drivits	1
drivs	12
drog	23
droger	1
drogs	3
drottning	3
drottningen	1
druckit	4
drunknade	4
druvklasarna	2
druvorna	4
dryck	7
drycker	1
drygt	1
dränka	2
dränkte	2
dröja	2
dröjde	9
dröjer	3
dröm	4
drömmar	1
drömmare	1
du	814
dubbeleggade	1
dubbeleggat	2
dubbelmoral	1
dubbelt	4
dubbla	1
duger	3
dugg	2
duk	5
dukar	1
dukat	2
duken	1
duktig	2
duktiga	4
dum	1
dumhet	1
dumheter	1
dumma	5
dumt	3
duva	4
duvor	6
dygn	4
dygnet	1
dyker	2
dyrbar	4
dyrbara	10
dyrbart	2
dyrka	1
dyrkan	1
dyrkas	1
dyrt	2
dystra	1
där	430
däremot	21
därframme	2
därför	404
därhemma	2
däribland	3
därifrån	41
därinne	2
därmed	1
däromkring	2
därpå	3
därtill	2
därute	1
då	748
dålig	4
dåliga	5
dåligt	8
dån	3
dånet	5
dåraktiga	1
dårar	5
dåre	6
dårskap	1
dårskapen	1
dåtida	1
dö	103
död	67
döda	244
dödad	9
dödade	22
dödades	6
dödande	1
dödar	6
dödas	17
dödat	10
dödats	2
döde	5
döden	55
dödens	3
dödlig	2
dödliga	10
dödligt	1
döds	3
dödsbädd	1
dödsdom	1
dödsdömda	1
dödsfara	2
dödsfruktan	2
dödsförskräckta	1
dödshot	1
dödsklagan	1
dödsstraff	2
dödsängeln	1
döende	1
dög	6
dök	1
dölj	1
dölja	2
döljer	1
döma	74
dömas	21
dömd	12
dömda	12
dömde	5
dömdes	5
dömer	22
dömt	9
dömts	2
döpa	26
döparen	33
döparens	8
döpas	3
döper	8
döpt	11
döpta	11
döpte	13
döptes	7
döpts	2
dör	31
dörr	2
dörrar	3
dörrarna	1
dörren	10
dörrposterna	1
dött	29
döttrar	4
döv	1
döva	5
e	2
ed	12
eden	1
eder	2
efesiernas	3
efter	298
efterföljare	358
efterföljaren	9
efterföljares	1
efterföljarna	20
efterföljarnas	1
efterkommande	16
eftermiddag	3
eftermiddagen	4
eftersom	318
efterträdare	1
efteråt	6
egen	75
egendom	3
egenskap	1
egenskapen	1
egenskaper	3
egentliga	1
egentligen	20
eget	119
egna	77
egoism	2
egypterna	1
egyptier	1
egyptiern	3
egyptiska	1
egyptiskt	1
ej	7
ekonomisk	1
elaka	3
elakhet	2
elamiter	1
eld	47
elden	17
eldhav	1
eldprovet	1
eldröd	1
eldröda	1
eldsjön	1
eldskenet	1
eldslågor	5
elev	1
elfenben	1
elfte	1
eller	402
elva	7
elände	3
eländiga	1
emot	198
en	2214
ena	19
enda	117
endast	1
ende	6
ene	7
enhet	9
enhälligt	1
eniga	8
enkel	2
enkelt	4
enkla	3
enligt	47
enorm	3
enorma	5
ens	50
ensam	20
ensamhet	1
ensamma	2
ensamt	1
enskilt	1
enslig	2
entusiasm	2
entusiasmen	2
envisa	1
envisades	1
envist	4
enögd	1
epidemier	1
epikureer	1
er	1855
era	189
erbjudande	6
erbjudandet	2
erbjuder	2
erbjudit	3
erbjudna	3
erbjöd	2
erfaren	1
erfarenhet	3
erkänd	2
erkände	2
erkänn	3
erkänna	5
erkännande	1
erkänner	13
ersatt	1
ersatts	1
ersätta	1
ersättas	1
ersätter	2
ersättning	7
ert	67
erövrade	1
erövrat	1
etiopiska	2
ett	724
ettiden	1
evig	14
eviga	33
evighet	32
evighet.Och	1
evigt	182
exakt	10
exakta	1
exempel	48
existens	1
existera	4
existerar	3
expert	1
extra	14
extremt	1
facklor	2
fader	2
fakta	1
faktiskt	12
faktum	1
fall	29
falla	16
faller	21
fallet	6
fallit	6
falsk	11
falska	59
falskhet	3
falskhetens	1
falskt	15
familj	26
familjen	8
familjer	1
famn	1
famnen	1
fanatiska	1
fanatism	1
fann	11
fanns	85
fantasier	2
fantasin	1
fantastisk	4
fantastiska	17
fantastiskt	6
far	25
fara	6
farao	5
faraos	3
fariseer	22
fariseerna	55
fariseernas	7
farisé	8
farisén	3
farit	2
farlig	3
farligt	1
faror	3
fars	1
fart	1
fartyg	7
fartyget	18
fartygets	2
fartygsägare	1
farväl	5
fasad	1
fasor	3
fast	151
fasta	12
fastade	4
fastan	1
fastar	6
fastat	1
fastkedjad	1
fastspikad	1
fastspikade	3
fastställt	1
fat	7
fatet	3
fatta	5
fattade	1
fattar	1
fattas	2
fattat	4
fattig	8
fattiga	41
fattigdom	4
fattige	1
feber	4
feberfri	1
febern	4
fega	2
fel	57
felfri	6
felfria	9
felfritt	1
fem	33
femte	4
fest	9
festa	1
festande	1
festen	9
fester	4
festerna	3
festmåltid	1
festsalen	1
feta	1
fick	336
fiende	10
fienden	2
fiendens	1
fiender	29
fienderna	1
fiendetrupperna	1
fiendskap	3
fiendskapen	1
fientliga	1
fikon	7
fikonträd	5
fikonträdet	9
filipper	1
filosoferna	2
fin	3
fina	5
finanser	1
finaste	2
finger	1
fingertoppen	1
fingrar	2
fingrarna	1
fingret	2
finna	6
finnas	29
finner	11
finns	200
fint	4
fira	12
firade	8
firar	3
fisk	15
fiskar	11
fiskare	3
fiskarna	9
fisken	3
fjärde	6
fjärdedel	1
flagor	1
flammade	1
flammande	3
flammar	3
flammor	1
flaska	4
flaskan	1
fler	33
flera	22
flesta	9
flicka	8
flickan	11
flickans	3
flickor	1
flickorna	1
flocken	1
flod	2
floden	7
floder	1
floderna	2
flodstrand	1
fly	14
flydde	6
flyga	1
flygande	1
flyger	5
flykten	1
flyta	2
flytt	2
flytta	2
flyttade	2
flyttades	1
flyttat	3
fläck	1
fläckat	1
fläckfria	2
flöda	2
flög	3
flöjt	1
flöjter	1
flöt	2
fogar	2
fogat	1
folk	380
folken	15
folket	201
folkets	36
folkförsamlingen	1
folkhop	3
folkhopen	15
folkmassa	8
folkmassan	16
folkmassor	5
folkmassorna	2
folks	2
folksamlingen	1
folkskaran	2
for	23
form	3
formade	1
formades	1
formar	1
formas	1
formel	1
formeln	1
formuleringar	2
forska	1
forskade	1
forskar	1
fort	9
fortare	1
fortfarande	90
fortsatt	2
fortsatta	4
fortsatte	69
fortsätt	2
fortsätta	34
fortsätter	34
fortsättningen	2
foster	1
fosterbror	1
fostra	2
fostrade	1
fostran	1
fostrar	5
fot	4
fotbojor	1
fotbojorna	1
foten	4
fots	2
fotspår	1
fotändan	1
fradga	3
fram	190
framför	85
framföra	50
framförde	35
framförs	1
framfört	12
framgång	2
framgångsrik	1
framhäva	4
framhäver	1
framme	7
framsteg	1
framstupa	1
framtid	8
framtiden	16
framtill	1
framåt	2
framåtböjd	1
fred	13
fredag	1
fredagen	2
freden	1
fredens	1
fresta	4
frestad	3
frestade	3
frestades	1
frestar	3
frestas	7
frestat	2
frestelse	2
frestelsen	1
frestelser	6
frestelserna	6
fri	29
fria	46
frias	1
frid	77
friden	1
fridens	1
frigav	1
frige	6
friger	2
friges	4
frigivnas	1
frihet	14
friheten	2
frihetens	2
frikostigt	1
friköpt	1
friköpta	2
friluftsteater	1
frisk	38
friska	15
friskt	3
frisläppta	2
frisyrer	2
fritt	2
frivillig	1
frivilligt	3
frossa	2
fru	55
frukt	28
fruktansvärd	6
fruktansvärda	9
fruktansvärt	11
frukten	2
frukter	1
frun	2
frusit	1
främling	7
främlingar	7
främlingars	1
främlingen	1
främmande	9
främst	5
främsta	13
främste	3
fråga	45
frågade	199
frågan	10
frågar	17
frågat	3
frågor	16
från	1084
frånskild	3
fråntagen	2
frånvarande	1
frö	2
frön	3
fukt	1
full	13
fulla	21
fullgjort	1
fullhet	1
fullheten	1
fullkomlig	1
fullkomliga	2
fullmakt	3
fullständig	9
fullständiga	1
fullständigt	27
fullt	21
fullvuxna	1
fundera	3
funderade	1
funderar	1
funderingar	1
fungerar	1
funktion	1
funktioner	1
funnen	1
funnit	6
funnits	14
fuska	1
fylla	26
fyllas	6
fylld	29
fyllda	16
fyllde	8
fylldes	15
fyller	4
fylleri	1
fylls	5
fyllt	14
fyllts	1
fyra	32
fysisk	2
fysiska	6
fysiskt	1
fäll	1
fälla	2
fällt	1
fälten	4
fängelse	42
fängelseportarna	1
fängelset	22
fängelsets	1
fängsla	1
fängslad	9
fängslade	5
fängslat	2
färdig	9
färdiga	4
färdigt	2
färdigutvecklat	1
färsk	1
färska	1
fäste	1
fästen	1
fästmö	1
fästningen	6
få	633
fåglar	2
fåglarna	11
fållan	1
fång	1
fånga	6
fångade	2
fångar	7
fångarna	5
fångas	2
fånge	7
fångenskap	5
fångna	2
fångvaktare	1
fångvaktaren	4
får	395
fåren	15
fårfållan	1
fårhjord	3
fårskinn	1
fått	243
föda	13
födan	1
födas	5
född	13
födda	7
födde	4
föddes	20
födelse	4
födelsedag	2
föder	5
föds	7
födseln	4
föl	1
fölet	1
följ	9
följa	123
följande	8
följd	3
följde	77
följderna	1
följer	71
följeslagare	5
följs	1
följt	21
föll	75
fönstret	2
för	2832
föra	22
föraktar	1
föraning	2
förargat	1
föras	12
förband	1
förbanna	4
förbannade	6
förbannar	4
förbannelser	2
förbereda	1
förberedde	2
förberedelsedagen	3
förberedelserna	1
förberett	2
förbi	6
förbjuder	2
förbjudet	11
förbjudit	2
förbjöd	13
förbli	3
förblindade	3
förblindat	3
förblir	4
förbluffade	3
förbrukas	1
förbryllad	1
förbund	34
förbundet	23
förbundets	1
förbundsarken	2
förbundstecknets	2
förd	2
förde	35
fördel	3
fördela	1
fördes	10
fördriva	1
före	31
förebild	7
förebilder	1
förebilderna	1
föredrar	3
föredöme	8
föregångare	1
förekomma	1
förekommer	1
föreläsningssal	1
föremål	2
fören	1
förena	4
förenad	3
förenade	5
förenas	2
förenat	3
föreskrifter	2
föreslog	3
föreslår	2
föreställa	1
föreståndare	1
föreståndarna	1
förfader	9
förflyttats	1
förfäder	35
förfäderna	5
förfädernas	1
förfäders	7
förfäran	1
förfölja	6
förföljd	5
förföljda	10
förföljde	8
förföljdes	1
förföljelse	4
förföljelser	7
förföljer	10
förföljs	2
förföljt	1
förföljts	2
förgiftade	1
förgäves	3
förhastade	1
förhuden	1
förhänge	2
förhänget	5
förhäxat	1
förhållande	9
förhållanden	1
förhållandet	1
förhör	2
förhöra	1
förhörda	1
förhört	2
förinta	2
förkastade	2
förkastar	1
förklara	22
förklarade	36
förklarar	4
förklaras	1
förklarat	5
förklaring	1
förklaringen	1
förklädda	1
förklär	1
förkolnade	2
förkortades	1
förkortas	1
förkortat	2
förlamad	9
förlamade	22
förleda	1
förleder	2
förlora	13
förlorad	11
förlorade	26
förlorar	15
förlorat	10
förlossningen	1
förlovad	3
förlovade	1
förlovat	2
förlovningen	1
förluster	1
förlänga	2
förlät	6
förlåt	7
förlåta	22
förlåtas	1
förlåtelse	71
förlåtelsen	1
förlåten	4
förlåter	18
förlåtet	1
förlåtit	12
förlåtna	10
förlöjliga	2
förlöjligar	1
förman	1
förmana	8
förmanade	2
förmanar	4
förmanat	1
förmaning	2
förmaningar	3
förmedla	1
förmedlar	2
förmedlare	1
förmultna	3
förmultnade	2
förmyndare	1
förmåga	12
förmågan	42
förmågor	18
förmån	2
förmånen	7
förmögenhet	5
förmörkades	2
förmörkas	2
förnedrad	1
förnedrar	3
förnedras	1
förneka	12
förnekad	1
förnekar	7
förnekat	5
förnuft	4
förnuftigt	1
förnyas	2
förnämsta	1
förolämpa	4
förolämpad	2
förolämpade	2
förolämpar	1
förolämpningar	1
förr	11
förra	2
förresten	1
förruttnelse	3
förrädare	1
förräderi	1
förrän	44
förråd	1
förråda	24
förrådd	7
förrådda	1
förrådde	5
förråder	3
förrått	3
förs	1
församling	33
församlingar	17
församlingarna	24
församlingen	108
församlingens	8
församlingsledare	3
församlingsledarna	10
församlingsmedlemmar	1
förseglad	1
förseglade	2
förseglet	1
försiggick	1
försiktiga	2
förskingrade	1
förskingrar	1
förskingrat	1
förskräckligt	1
förskräckt	4
förskräckta	17
förslag	3
förslöas	1
försmak	1
försonad	1
försonade	7
försonades	1
försonas	3
försonats	1
försoning	2
först	98
första	81
förste	16
förstfödde	1
förstod	46
förstärka	1
förstå	103
förstånd	17
förståndet	4
förståndiga	2
förståndigas	1
förståndigt	2
förstår	52
förstått	14
förstör	6
förstöra	6
förstöras	2
förstörda	3
förstörde	2
förstörs	3
förstört	5
försvann	14
försvar	3
försvara	8
försvarade	1
försvarar	2
försvarare	1
försvarat	1
försvarstal	3
försvinn	1
försvinna	13
försvinner	4
försvunnen	1
försvunnet	1
försvunnit	5
försäkra	2
försäkrar	85
försök	27
försöka	29
försöker	35
försökt	9
försökte	50
försörja	11
försörjda	1
försörjt	1
fört	11
förtal	3
förtid	1
förtjust	1
förtjusta	2
förtjäna	2
förtjänade	2
förtjänar	13
förtjänat	3
förtjänt	1
förtjänta	1
förtroende	2
förtryckas	1
förtrycker	1
förtryckta	1
förts	2
förtvivlad	2
förtvivlan	19
förtvivlat	3
förtärande	2
förundrad	2
förundrade	1
förut	23
förutom	8
förutsa	6
förutsagt	46
förutsäga	3
förutsägelse	1
förutsägelser	1
förvalta	5
förvaltar	1
förvaltare	7
förvaltaren	3
förvaltat	2
förvaltningen	1
förvandla	10
förvandlad	1
förvandlade	5
förvandlades	4
förvandlande	1
förvandlar	3
förvandlas	3
förvandlat	3
förvandlats	1
förvandling	3
förvar	2
förvarade	1
förvaras	1
förvarat	1
förverkligades	1
förvirra	1
förvirrad	3
förvirrade	4
förvirring	2
förvirringen	1
förvränga	3
förvränger	3
förväg	20
förväntansfulla	1
förvåna	1
förvånad	7
förvånade	22
förvånades	3
förvånas	1
förvåning	7
förädlas	2
förälder	1
föräldralösa	2
föräldrar	43
föräldrarna	4
föräldrarnas	1
förändras	1
förändrat	1
föråldrat	1
förödmjukad	1
förödmjukade	1
förödmjukas	2
fött	5
fötter	50
fötterna	5
fötts	5
gadarenernas	1
gaddar	1
gal	3
gala	4
galater	2
galen	6
galileerna	1
galla	1
galna	1
gamarna	2
gamla	49
gamle	2
gammal	14
gammalt	5
ganska	6
gap	2
gapade	1
garanti	2
garantin	3
gardet	1
garnisonen	1
gatan	8
gathörnen	2
gator	4
gatorna	5
gav	206
gavs	1
ge	226
gemensam	2
gemensamma	3
gemensamt	2
gemenskap	120
gemenskapen	17
genast	105
generad	1
generation	2
generationen	1
generationer	3
generös	2
generösa	2
generöst	3
genom	517
genomborrade	1
genomborrat	1
genomföra	1
genomfört	1
genomresa	1
genomskinligt	2
genomskådade	1
ger	146
ges	2
gester	1
gethudar	1
gett	150
getter	4
getterna	2
gick	336
gift	22
gifta	38
gifte	10
gifter	11
giftgaddar	1
giftgaddarna	1
gillade	1
giltigt	2
giriga	1
girighet	6
givmildhet	1
gjord	3
gjorda	3
gjorde	182
gjordes	2
gjort	202
gjorts	5
glad	44
glada	139
gladare	1
gladde	6
glans	1
glas	6
glatt	5
glider	1
glittrande	1
glupska	2
gläd	2
gläder	20
glädja	8
glädjas	4
glädje	59
glädjebud	1
glädjebudskap	1
glädjen	3
glädjesånger	1
glödande	2
glöden	1
glöm	5
glömd	2
glömde	3
glömma	2
glömmer	6
glömt	8
gnissla	1
gnista	2
gnistrade	2
gnuggade	1
god	54
goda	93
godas	1
gode	4
godhet	93
godheten	1
godkänd	2
godkända	1
godkänna	1
gol	5
golvet	6
gonggong	1
gott	100
grannar	5
granskar	1
granskas	1
granskningen	1
gratis	4
grav	9
gravar	6
gravarna	4
graven	27
gravid	4
gravida	3
gravmonument	1
gravplats	1
gravplatsen	1
grek	1
greker	2
grekerna	2
grekiska	5
grekisktalande	2
gren	5
grenar	6
grenarna	11
grep	15
grepp	1
greps	4
grilla	1
grinden	5
gripa	15
gripas	4
griper	2
gripit	2
gripits	1
grips	1
gro	3
grop	6
grotta	1
grottor	2
grubbla	1
grund	107
grunda	2
grundar	3
grunden	10
grunderna	1
grundlig	1
grundläggande	2
grundregeln	1
grundstenar	1
grupp	15
gruppen	4
grupper	9
grym	2
grymma	2
gryningen	4
gräl	3
gräla	1
grälar	1
grälet	1
gränder	1
gräns	1
gränsen	1
gränser	6
gräs	3
gräset	6
gräshoppor	3
grässtrå	2
grät	12
gräva	1
grävde	4
gräver	2
gråt	4
gråta	18
gråtande	2
gråter	6
gröna	4
grönsaker	2
grönt	1
gud	10
gudar	14
guden	1
gudinna	2
gudinnan	4
gudlös	1
gudlösa	7
gudomliga	2
gudsförnekare	1
gudstjänst	2
gudstjänstbyggnad	5
gudstjänstbyggnaden	3
gudstjänsten	1
gudstjänsterna	4
guld	30
guldbägare	1
guldbälten	1
guldet	4
guldmynt	10
guldring	1
guldskål	1
guldöverdragen	1
gälla	9
gällde	10
gäller	66
gärna	22
gärning	5
gärningar	25
gäster	11
gästerna	14
gästfrihet	2
gå	245
gående	6
gång	133
gången	31
gånger	38
går	103
gård	2
gårdar	1
gårdarna	2
gården	7
gårdsplanen	1
gåta	1
gått	38
gåva	33
gåvan	13
gåvor	23
gåvorna	2
gödkalven	3
gödning	1
gödselhögen	1
göm	1
gömd	7
gömda	2
gömde	5
gömma	1
gömmer	7
gömt	6
gör	298
göra	423
göras	4
ha	214
habegäret	1
hade	898
haft	15
hagel	3
haglade	1
haglet	1
halm	1
halsen	3
halshugga	3
halshuggits	1
halshögg	1
halshöggs	1
halva	1
halvdöd	1
halvmil	1
halvt	2
halvtimme	1
hamn	2
hamna	4
hamnarna	2
hamnstaden	1
han	2586
hand	92
handduk	1
handduken	1
handeln	1
handelsfartygens	1
handen	25
handfat	2
handikappad	3
handikappade	4
handkvarn	1
handla	20
handlade	13
handlande	7
handlar	54
handlat	7
handling	25
handlingar	39
handlingarna	1
handlingskraftig	1
handskas	1
handstil	1
hann	3
hans	689
hantverkare	3
har	2421
harmoni	5
harpa	2
harpor	3
hat	4
hata	13
hatade	6
hatar	20
hatat	2
hav	3
haven	2
havet	43
havets	2
havsstrand	1
havsstranden	1
hebreiska	2
hedersplatserna	2
hedrad	1
hejdade	2
hejdlösa	3
hel	7
hela	272
helade	2
helhjärtat	3
helig	13
heliga	103
heligaste	15
helige	2
helighet	1
heligt	8
heller	54
hellre	11
helst	22
helt	135
helvetet	11
helvetets	6
hem	83
hembjuden	2
hembjudna	1
hemifrån	1
hemland	3
hemlig	3
hemliga	9
hemlighet	21
hemligheten	2
hemlighetens	1
hemligheter	4
hemligt	1
hemlös	1
hemma	8
hemmen	4
hemstad	12
hemtrakt	1
hemvägen	1
hemåt	2
henne	145
hennes	57
herdar	3
herdarna	2
herdarnas	1
herde	9
herden	7
herrar	5
herrars	4
herre	38
herres	3
heta	10
heter	19
hetsa	1
hetsade	4
hetsar	1
hett	1
hetta	2
hettan	2
hettar	1
hette	57
himlakroppar	1
himlen	307
himlens	11
himmel	5
himmelska	17
himmelskt	1
hindra	13
hindrade	4
hindrar	10
hindras	1
hindrat	3
hindrats	1
hindret	1
hinna	1
hinner	5
hissade	1
historier	2
historisk	1
hit	62
hitskickade	1
hitta	22
hittade	15
hittades	1
hittar	7
hittat	5
hittills	2
hjord	3
hjorden	5
hjälm	2
hjälp	70
hjälpa	110
hjälpare	1
hjälper	23
hjälplös	1
hjälplösa	3
hjälplöst	1
hjälpsamma	1
hjälpt	14
hjälpte	13
hjärta	44
hjärtan	23
hjärtas	2
hjärtat	33
hjärtligt	3
homosexualitet	3
homosexuella	1
hon	222
honnörsborden	3
honom	1732
honung	1
hopp	36
hoppa	1
hoppade	4
hoppades	3
hoppas	27
hoppet	12
hopplös	1
hopplösa	2
hoprullad	1
horisonten	1
horn	9
hornen	2
hos	160
hot	5
hotade	2
hotar	2
hov	1
hovet	1
hovfolket	1
hugg	4
hugga	4
huggas	2
hugger	1
huggit	3
huggorm	1
huggormsgift	1
huggormsyngel	4
huggs	1
humör	4
hundarna	6
hunger	1
hungersnöd	6
hungrar	2
hungrig	15
hungriga	14
hunnit	4
hur	234
hurdan	1
hus	88
husbyggarna	3
husen	1
huset	46
husets	4
hushåll	2
husrum	2
hustaken	2
husägaren	2
huvud	34
huvuden	15
huvudena	1
huvudet	18
huvudstad	2
huvudstaden	1
huvuduppgift	1
huvudändan	1
hyacint	1
hyddor	3
hylla	32
hyllad	1
hyllade	25
hyllar	13
hyllas	6
hyrt	1
häda	5
hädade	4
hädar	6
hädat	1
hädelse	6
häftig	1
häftigt	2
hälften	2
hälla	1
hällas	1
hällde	4
häller	2
hällts	1
hälsa	7
hälsade	9
hälsar	29
hälsat	2
hälsning	6
hälsningar	4
hälsningskyss	8
hämnades	1
hämnas	3
hämnats	1
hämnd	2
hämta	27
hämtade	3
hämtar	1
hända	37
hände	42
händelse	7
händelsen	3
händelser	7
händelserna	2
händer	59
händerna	27
hänga	2
hängde	8
hänger	5
hängiven	2
hängivenhet	1
hängivet	1
hängivna	5
hängt	1
hänsyn	3
hänsynsfulla	1
hänt	48
häpna	14
häpnad	1
häpnade	1
häpnar	1
här	492
härifrån	10
härlig	1
härliga	5
härlighet	83
härligheten	12
härligt	2
häromkring	1
härska	7
härskade	1
härskar	2
härskare	29
härskaren	2
härskarna	2
härstammar	2
häråt	1
häst	8
hästar	5
hästarna	1
hästarnas	1
hästen	4
hävda	1
hävdar	2
hål	1
hålen	1
hålet	2
håll	23
hålla	81
hållen	1
håller	90
hållet	3
hållit	7
hållits	1
hålls	1
hålor	1
håna	11
hånad	7
hånade	18
hånar	19
hånfulla	1
hånfullt	2
hånskrattade	3
hår	10
hård	6
hårda	13
hårdare	5
hårdhjärtade	3
håret	2
hårstrå	3
hårstråna	2
hårt	23
hög	23
höga	12
högar	1
höger	5
högerhand	1
högfärd	1
högfärdig	1
högfärdiga	3
högg	5
högljudd	1
högljudda	1
högljutt	4
högra	39
högre	10
högst	2
högsta	6
högt	38
högtid	2
högtiden	4
högtider	2
högtiderna	1
höjden	4
höjder	1
höjderna	1
höjdpunkt	1
höll	67
hölls	1
hönan	2
hör	58
höra	125
höras	4
hörde	118
hördes	8
hörn	5
hörnsten	1
hörnstenen	5
hörs	3
hörsel	2
hört	88
hösten	2
höstregn	1
i	2842
ibland	27
icke-judar	22
icke-judarna	1
icke-jude	3
icke-judisk	1
icke-judiska	23
idag	41
identifiera	1
idiot	1
idrottsman	1
idrottstävling	1
idé	6
idéer	4
idéerna	1
idén	1
ifall	3
ifred	12
ifrågasatt	1
ifrågasätta	1
ifrån	42
igen	233
igenkänd	1
igenom	44
igång	3
igår	2
ihjäl	3
ihjälslagen	1
ihjälslagna	1
ihop	43
ihåg	72
ikväll	1
iland	11
illa	35
illustrera	1
illvilja	1
ilska	5
imorgon	13
imponera	1
imponerad	1
imponerade	2
impulser	4
in	232
inatt	2
inbillar	3
inbjuda	2
inbjudan	31
inbjuden	1
inbjuder	1
inbjudit	13
inbjudits	1
inbjudna	12
inbjöd	7
inbrott	1
indragen	2
inflytande	7
infria	13
infriat	3
infångade	1
infödda	1
inföll	1
inför	273
infört	1
inga	32
ingen	206
ingenstans	1
ingenting	28
inget	78
ingick	4
ingicks	2
ingrep	1
ingreppet	1
ingå	2
ingående	1
ingången	4
ingår	6
ingås	2
ingått	3
inhuggen	1
inifrån	3
initiativet	1
inklusive	1
inkomst	1
inkomster	1
inkonsekvent	1
inlandet	1
inlindad	1
inlindade	1
innan	102
innanför	1
inne	8
innebar	2
innebär	16
innefattar	1
innehåller	1
innehållet	3
innehöll	3
innerst	1
innersta	13
inom	24
inre	17
inriktad	1
inriktade	4
insamlad	1
insamling	2
insamlingen	3
insatt	1
inse	8
inser	8
insidan	3
insikt	6
inskriften	1
inspektera	1
inspiration	1
inspirerad	3
inspirerar	2
inspireras	1
instiftat	1
instinkter	3
instruktioner	3
instrument	1
inställning	5
inställningen	1
instämde	1
instämmer	1
insvept	2
insvepta	1
insåg	9
intalat	1
inte	2400
inteinte	1
intelligens	1
intensivt	1
intill	3
intresse	1
intressen	2
intresserade	3
intriger	2
intryck	3
inträffa	3
inträffade	1
inträffar	2
inträffat	4
intrång	1
intyg	3
intyga	18
intygade	1
intygar	4
intygat	4
inuti	3
inviga	1
invigde	2
inviger	1
invände	2
invänder	2
invändningar	1
invånare	16
invånarna	5
inympad	2
inälvorna	1
iordningställt	2
irrade	1
irrar	2
isopstjälk	1
isopstjälkar	1
israelit	3
israeliter	7
israeliterna	9
israelitiska	2
istället	99
itu	2
iver	7
ivrig	1
ivriga	4
ivrigare	1
ivrige	3
ivrigt	14
iväg	87
ja	70
jag	2044
jagar	2
jagas	1
jakt	1
jaspis	4
jobbar	1
jord	9
jordbrukaren	1
jordbruket	1
jordbävning	6
jordbävningar	3
jordbävningen	1
jorden	175
jordens	27
jordförbättring	1
jordisk	2
jordiska	10
jordlagret	2
jordskalv	1
jordstycket	1
jordägare	2
jordägaren	3
ju	468
jubla	4
jublade	2
jublande	2
jublar	2
judar	77
judarna	82
judarnas	23
jude	23
judendomen	2
judinna	3
judisk	7
judiska	113
just	72
jämför	2
jämföra	2
jämföras	3
jämförelse	1
jämfört	1
jämlikhet	1
jämna	3
jämnas	3
jämra	4
jämställt	1
jämt	1
järn	3
järnporten	1
jäsa	1
jäser	3
jäst	13
jästen	4
kalcedon	1
kaldeernas	1
kall	1
kalla	12
kallade	48
kallades	23
kallar	24
kallas	37
kallat	1
kallats	1
kallna	1
kallt	3
kalv	1
kalvar	3
kamel	3
kameler	1
kamelhår	2
kammarherre	1
kamp	3
kampen	2
kamrater	1
kan	776
kanaaneisk	1
kannor	1
kanske	44
kanten	1
kapade	2
kappan	1
kapten	1
kaptenen	2
kaptener	1
karlarna	1
karln	1
karneol	2
kassa	1
kassan	1
kasta	29
kastad	3
kastade	23
kastades	8
kastar	7
kastas	15
kastat	3
kastats	2
kastrerade	1
kastrerats	1
katastrof	1
kategorin	1
kaxiga	3
kedja	1
kedjades	1
kedjats	2
kedjor	4
kedjorna	3
kejsar	2
kejsaren	15
kejsarens	2
kejserliga	8
keruber	1
kidnappare	1
killing	1
kilo	4
kilometer	2
kinden	2
kista	1
kistor	1
klaga	10
klagade	3
klagan	1
klagar	1
klagomål	1
klamrar	5
klar	6
klara	11
klarade	3
klarar	11
klarat	2
klarhet	1
klart	30
klartext	1
klev	1
klippa	3
klippan	5
klipper	1
klippgravarna	1
klippor	2
klipporna	2
kliv	2
kliver	2
klockan	12
klok	4
kloka	6
klokt	1
klubbor	5
klyfta	1
klä	3
klädd	7
klädda	7
klädde	2
klädedräkt	1
kläder	80
kläderna	3
klädesplagg	3
klär	1
klätt	1
klättrade	1
knacka	1
knackar	5
knappt	4
knep	1
knoppas	1
knuffa	1
knuffade	2
knuffas	1
knyta	4
knytnävarna	2
knä	16
knöt	1
kokade	1
koleld	1
kollade	1
kollegor	4
kom	497
komma	257
kommande	10
kommandorop	1
kommen	1
kommendanten	13
kommer	579
kommit	167
kompakt	1
kompanjoner	1
koncentrationen	1
koncentrera	1
koncentrerade	1
konflikt	1
konflikter	2
konkurrera	1
konsekvenser	1
konsekvenserna	1
konster	1
konstfulla	2
konstigt	1
kontakt	1
kontakten	2
kontakter	1
kontrast	1
kontroll	3
kontrollen	2
kontrollera	7
konverterat	1
kopior	1
koppar	1
kopparormen	1
kopparslantar	2
korg	3
korgar	10
korinthier	1
korn	11
kornbröd	2
korparna	1
korrekt	1
korrigera	1
korrigerar	1
korrupta	1
kors	43
korsen	1
korset	43
kort	19
korta	4
korthet	1
kortvariga	1
kosta	2
kostade	2
kostar	2
kostnad	1
kostnaden	1
koum	1
kraft	133
kraften	14
krafter	10
krafterna	1
kraftfull	1
kraftfulla	1
kraftig	2
kraftiga	1
kraftigt	6
kraftlös	1
kramade	1
krampanfall	1
kramper	2
krans	2
kransar	3
krav	10
kraven	3
kretensare	1
kretslopp	1
krig	11
kriga	1
krigar	1
kriget	1
krigsbytet	1
krigsfångar	1
kring	7
kringresande	1
kristall	2
kristallklar	1
kristen	2
kristna	1
kritik	1
kritisera	6
kritiserade	1
kritiserar	3
kritiseras	1
krona	4
kronor	2
kropp	120
kroppar	30
kropparna	2
kroppen	45
kroppens	6
kroppslig	1
kroppsliga	2
krossa	3
krossad	3
krossas	1
krubba	2
krubban	2
kruka	4
krukmakare	1
krukmakarna	1
krukor	1
krukorna	2
krus	2
kry	1
kryddor	1
kryddväxt	2
kryddväxter	1
kryddväxterna	1
krympa	1
krymper	2
krysolit	1
krysopras	1
kräv	1
kräva	16
krävas	1
krävde	17
kräver	17
krävs	5
krävt	3
krökas	1
krönas	1
krönt	1
kub	1
kudde	1
kultur	1
kulturen	1
kulturer	1
kummin	1
kunde	182
kunder	2
kung	140
kungamakt	1
kungar	9
kungarna	4
kungars	3
kungatron	1
kungen	82
kungens	4
kunglig	8
kungliga	5
kungligt	1
kunna	125
kunnat	18
kunskap	11
kunskapen	1
kunskapens	1
kurs	2
kursen	1
kurvorna	1
kusin	1
kust	2
kusten	4
kustområdet	1
kvar	96
kvarlevor	1
kvarnsten	1
kvickt	1
kviga	1
kvinna	61
kvinnan	47
kvinnans	4
kvinnas	1
kvinnliga	1
kvinnohår	1
kvinnor	46
kvinnorna	16
kvistar	2
kvitt	1
kvittar	1
kväll	9
kvällen	17
kvällsmaten	1
kväva	2
kvävas	1
kvävda	3
kvävde	3
kväver	1
kycklingar	2
kyss	4
kyssa	1
kysst	1
kysste	2
källa	2
källan	1
källorna	1
kämpa	4
kämpade	4
kämpar	13
kämpat	4
känd	3
kända	2
kände	33
kändes	3
känna	65
känner	118
känns	8
känslan	1
känslor	2
känt	6
käpp	4
käppen	1
kära	76
käre	14
kärlek	131
kärleken	7
kärlekens	3
kärleksfull	1
kärleksfulla	3
kärleksfullt	2
kärleksgåva	1
köp	4
köpa	23
köper	1
köpesumman	2
köpman	1
köpmän	2
köpmännen	3
köpt	10
köpte	9
köptes	1
köpts	2
kör	3
köra	1
körde	5
körts	1
kött	17
köttbodarna	1
köttet	3
la	63
lada	1
ladan	2
lador	4
lag	171
lag3	1
laga	2
lagade	1
lagar	13
lagboken	1
lagd	1
lagen	72
lagens	7
laget	3
lagliga	2
lagligt	1
laglärare	13
laglärarna	45
laglärd	2
laglärda	5
laglärde	2
laglösheten	2
laglöshetens	1
lagom	1
lagrar	1
lagt	14
lagts	1
lamm	7
lamms	1
lampa	10
lampor	4
lampställ	2
lampställen	3
land	51
landet	16
landets	3
landsbygden	4
landsförvisad	1
landshövding	8
landshövdingar	1
landshövdingen	24
landshövdingens	4
landsmän	3
landvägen	2
lantbrukare	11
lantbrukaren	4
lantbrukarna	8
lantgård	1
lapp	1
lappen	1
lasten	3
lat	2
lata	4
latin	1
led	9
leda	36
ledande	3
ledare	78
ledaren	2
ledarna	62
ledarnas	1
ledaruppgift	1
ledas	2
ledd	2
ledda	1
ledde	22
leddes	1
leder	38
ledningen	1
leds	2
ledsen	7
ledsna	8
legat	7
legion	1
lejon	2
lejonens	1
lejonet	1
lejonhuvuden	1
lejons	2
lejontänder	1
leker	2
lema	2
leopard	1
lera	5
lerklump	1
lerkruka	1
lerkrukor	1
leta	9
letade	3
letande	1
letar	9
letat	2
lett	1
lev	10
leva	162
levande	60
levde	42
levde.Under	1
lever	197
levnadssätt	2
levt	9
lida	65
lidande	41
lidanden	12
lidandet	2
lidandets	1
lidelser	1
lider	5
lidit	7
lie	7
lien	1
ligga	8
ligger	22
lik	18
lika	94
likadan	2
likadant	10
likblek	1
likgiltiga	2
likgiltighet	1
likgiltigt	2
likhet	1
likna	4
liknade	15
liknande	3
liknar	17
liknas	2
liksom	11
likställa	1
liksvepningen	1
likt	9
liljorna	2
lilla	20
lindad	1
lindade	5
lindrigare	5
lindring	1
linne	4
linneskynke	1
linnesvepningen	3
linnetyg	5
linnetyget	1
list	2
lista	1
listan	1
listiga	1
lita	21
litade	6
litar	19
lite	36
liten	14
liter	1
litet	10
liv	265
livet	71
livets	24
livgivande	9
livlös	1
livs	2
livsande	1
livskraft	1
livstid	1
livsverk	1
livvakter	1
ljud	3
ljuder	2
ljudet	6
ljug	1
ljuga	6
ljuger	18
ljugit	5
ljus	45
ljusa	1
ljuset	38
ljusets	1
ljusna	3
ljusnade	2
ljusnat	1
ljussken	1
ljusstakar	1
ljusstake	1
ljust	2
ljög	1
lock	1
locka	4
lockade	2
lockades	1
lockande	1
lockar	4
lockas	6
lockats	1
lodade	1
lojalitet	1
lokalen	1
lopp	1
loss	2
lossa	1
lott	5
lottdragning	1
lov	3
lova	1
lovade	28
lovar	7
lovat	38
lovsjunga	1
lovsjunger	2
lovsång	2
lovsången	2
lovsånger	3
luften	5
lugn	3
lugna	1
lugnade	2
lugnat	1
lugnt	7
lukt	1
lukten	1
lura	18
lurad	2
lurade	2
lurar	16
luras	4
lurat	5
lustar	2
lusten	1
lustiga	1
lutade	3
lutat	1
lycka	4
lyckades	15
lyckas	6
lyckats	5
lycklig	7
lyckliga	12
lyckligare	1
lyckligt	2
lyd	3
lyda	91
lydde	10
lyder	49
lydig	1
lydnad	2
lyft	1
lyfta	2
lyftas	2
lyfte	4
lyfter	1
lyftes	1
lyfts	1
lyktor	1
lyor	2
lysa	12
lysande	5
lyser	9
lyskraft	1
lyssna	41
lyssnade	20
lyssnar	29
lyssnat	4
lyst	1
lyste	9
lystes	1
lytt	1
lyx	8
lä	3
läderbälte	2
lädervaror	1
lägen	1
läget	1
lägg	5
lägga	22
läggas	1
lägger	13
läggs	3
lägre	2
lägret	2
lägst	1
lägsta	1
läkare	5
läkaren	1
läkemedel	1
läkts	2
lämna	49
lämnade	86
lämnar	17
lämnas	9
lämnat	14
lämpliga	1
lämpligt	2
länder	23
länge	74
längre	91
längs	10
längst	2
längsta	1
längta	3
längtade	8
längtan	5
längtar	13
längtat	1
läppar	3
lär	24
lära	48
läran	7
lärare	12
lärarna	1
lärda	5
lärde	6
läromästare	1
läror	20
lärt	27
läsa	7
läsas	2
läser	10
läses	1
läsningen	1
läst	11
läste	3
lät	136
lätt	8
lättad	2
lättade	1
lättare	6
lättaste	1
lättledda	1
lättlurade	1
lättnad	1
lättvindigt	1
låda	2
låg	44
lågor	1
lågt	4
låna	3
lånade	1
lånar	2
lång	16
långa	9
långsamt	1
långsint	1
långskjortan	1
långt	46
lår	1
låsa	2
låst	2
låsta	3
låste	2
låstes	1
låt	60
låta	101
låter	61
låtit	24
låtsades	2
låtsas	22
löd	3
löfte	42
löften	17
löftena	1
löftet	13
lögn	3
lögnare	5
lögnaren	1
lögnen	2
lögner	5
lömska	2
lön	33
löparbana	1
löpare	1
löparna	1
löpeld	3
löper	3
lördagskvällen	1
lös	3
lösa	2
löser	1
lösgöra	2
lösning	1
lössläppthet	37
löst	3
löv	1
löven	2
lövhyddefesten	1
lövhyddefestens	1
magar	1
mage	4
magen	5
magi	5
makedonier	1
makt	136
maktcentrum	2
makten	14
makter	18
makthavare	23
makthavaren	1
makthavarna	3
maktkamp	1
mala	3
mallig	5
malliga	3
mamma	45
mamman	8
mammor	4
man	574
manna	1
mannen	188
mannens	14
mans	4
mantel	12
manteln	8
mantlar	13
mardrömmar	1
mark	5
marken	31
marknad	1
marknadsplats	1
marknadsplatsen	1
marmor	1
marschera	1
martyrer	1
maskar	1
maskarna	1
massa	11
massor	2
mat	79
mata	1
maten	9
matens	1
material	4
materiella	5
materiellt	1
matförsörjning	1
matta	4
mattan	1
matutdelningen	3
med	1922
medan	116
medarbetare	20
medborgare	10
medborgarna	1
meddela	8
meddelade	4
meddelande	3
meddelat	2
meddelats	1
meder	1
medför	1
medge	1
medger	1
medhjälpare	13
medhjälparna	4
medkämpe	1
medkänsla	2
medla	1
medlare	5
medlem	8
medlemmar	9
medlemmarna	7
medlidande	56
medmänniska	15
medmänniskas	2
medmänniskor	15
medskyldig	1
medverkar	1
medveten	3
medvetet	3
mellan	55
mellanrum	1
melodi	1
men	589
mena	2
menade	15
menar	16
menas	1
mening	7
meningar	1
meningen	2
meningslös	5
meningslösa	5
mentrots	1
mer	189
mera	2
mest	18
meter	3
metkrok	1
metoder	2
middagstiden	3
midjan	2
midnatt	6
mig	1160
mil	2
mild	2
mildhet	6
militärer	2
militärförläggningen	1
militärkoloni	1
miljarder	1
miljoner	1
milt	1
min	411
mina	138
mindes	2
mindre	7
minnas	3
minne	3
minnet	5
minns	6
minsann	1
minst	10
minsta	12
missbildade	2
missbruka	3
missförstod	2
misshandla	6
misshandlad	3
misshandlade	14
misslyckades	1
misslyckande	1
misslyckats	1
missnöjd	1
missnöje	1
misstankar	1
missuppfattning	2
mist	1
mista	5
miste	5
mitt	198
mittemot	1
mitten	2
mjukt	1
mjöl	5
mjölk	3
mjölken	2
mod	11
modell	1
moder	1
modet	2
modig	1
modiga	3
modigt	1
mods	1
mogen	10
moget	1
mogna	3
moln	15
molnen	3
molnet	7
monument	1
mor	6
mord	7
morden	2
mordlust	2
mordängeln	1
morgon	18
morgondagen	1
morgondimman	1
morgonen	11
morgonstjärnan	3
mormor	1
morse	1
moster	1
mot	324
motarbetade	1
motarbetar	2
motiv	16
motpart	3
motstånd	5
motståndare	10
motståndarna	2
mottagliga	1
mottagna	1
motvilligt	1
motvind	2
mulen	1
mullbärsträdet	1
mullra	1
mullrade	3
mullrande	2
mullrat	1
mullret	1
mumla	1
mun	16
munnar	3
munnen	10
muntligt	1
mur	5
murar	1
muren	1
musik	2
muta	1
muttrade	2
mycket	269
myggor	1
myndig	1
myndighet	13
myndigheter	7
myndigheterna	9
myndighetsdagen	1
mynt	5
mynta	2
myntväxlarna	1
myntväxlarnas	1
myrra	3
myter	3
myterna	1
mäktig	11
mäktiga	15
mäktigare	4
mäktigaste	1
mäktige	1
mäktigt	4
män	107
mängd	7
mängder	3
männen	37
människa	134
människan	23
människans	2
människas	18
människohänder	2
människokryp	1
människomassor	1
människor	528
människorna	132
människornas	9
människors	28
människoröst	1
människosläktet	2
människoson	3
människotankar	2
mänsklig	15
mänskliga	31
mänskligheten	1
mänsklighetens	1
mänskligt	11
märka	3
märke	19
märker	1
märket	1
märkliga	11
märkt	1
märkta	3
märkte	8
märkvärdigt	4
mästare	11
mät	1
mäta	3
mätt	1
mätta	13
mättade	6
mättar	1
mätte	3
mål	10
målet	8
målsättning	2
måltid	8
måltiden	4
månad	1
månaden	3
månader	12
månaders	1
månadslön	1
månadslöner	1
måne	1
månen	12
många	181
mångdubbelt	3
måste	315
mått	3
måttet	1
måttstock	3
möda	1
mödrar	1
möjlig	2
möjliga	2
möjligen	1
möjlighet	8
möjligheten	2
möjligheter	6
möjligt	25
mörda	8
mördad	1
mördade	4
mördades	1
mördande	1
mördar	5
mördare	6
mördarna	2
mördat	2
mörk	1
mörka	2
mörkblå	1
mörker	27
mörknade	1
mörkret	21
mörkrets	3
mörkröd	2
mörkröda	3
mörkrött	1
mörkt	9
möta	17
möte	5
möter	7
mötet	1
möts	5
mött	3
mötte	10
möttes	4
naken	7
nakna	3
namn	44
namnen	3
namnet	4
nardusolja	1
nasareernas	1
nasaré	1
natt	28
natten	23
nattsvart	1
natur	26
naturen	7
naturens	3
naturliga	3
naturligt	2
naturligtvis	18
navigera	1
ned	3
nedbrytande	1
nederlag	1
nedskriven	1
nedskrivet	1
nedskrivna	2
nedsättande	1
nedtecknade	2
nedtryckt	2
nedvärdera	1
nedvärderar	1
negativt	1
nej	8
neka	1
nekade	3
ner	260
nere	9
nerför	2
nerifrån	1
nerskrivna	1
nerverna	1
nervös	1
ni	1839
nikolaiternas	2
nio	5
nionde	1
nivå	1
njuta	8
njuter	1
njutningar	2
njutningslystnad	1
njöt	2
nog	13
noga	60
noggrant	2
nonsens	6
nordväst	1
normal	6
norr	1
norrut	3
noterna	1
nu	530
nummer	4
nuvarande	2
ny	33
nya	87
nyckel	1
nyckeln	2
nycklarna	2
nyfiket	1
nyfikna	1
nyfödda	8
nyhet	1
nyheten	6
nyheter	3
nyheterna	16
nyktra	2
nyligen	2
nymånadsdagar	1
nyss	6
nytt	45
nytta	19
nyttig	2
nyttigt	1
nämligen	46
nämnde	1
nämner	1
när	822
nära	36
närhet	2
närheten	9
näring	1
närliggande	3
närma	3
närmade	20
närmar	4
närmare	9
närmast	5
närmaste	37
närvarande	2
närvaro	3
näsan	1
näst	2
nästa	22
nästan	11
nät	8
näten	2
nätet	6
nätter	3
nå	7
nåd	16
nådde	5
någon	310
någons	4
någonsin	20
någonstans	6
någonting	7
något	311
några	197
nålsöga	3
når	7
nås	1
nått	7
nöd	7
nödlidande	1
nödvändiga	2
nödvändigaste	1
nödvändigt	1
nöj	2
nöja	1
nöjd	4
nöjda	3
nöjde	2
nöjen	1
nöjer	1
nötas	1
oanvänd	1
obegripliga	1
obehaglig	1
oberoende	2
obeskrivlig	1
obeskrivligt	1
obetydlig	2
och	7854
också	495
ockultism	5
ockuperas	1
odjur	4
odjuret	27
odjurets	11
oduglig	1
odugliga	1
odödliga	1
odödlighet	1
oeniga	1
oenighet	2
oerhörda	1
oerhört	1
ofattbara	1
ofattbart	1
offentligt	8
offer	49
offergåvor	1
offerkistan	5
offerkött	2
offerköttet	1
officer	6
officerare	6
officerarna	2
officeren	21
officerens	1
officiella	1
offra	18
offrade	21
offrades	2
offrar	7
offras	10
offrat	6
offrats	10
offret	1
ofruktsamma	1
ofrånkomlig	1
ofta	25
oftare	2
ofullständig	1
oförlåtlig	2
oförminskad	1
oförskämd	1
oförstånd	1
oförståndig	1
oförståndiga	4
oförståndigt	1
oförändrat	1
ogift	4
ogifta	7
ogiltigförklarade	1
ogiltigförklarar	2
ogiltigförklaras	1
ogjort	1
ogräs	2
ogräset	6
ohederligt	1
ohjälpligt	1
ointresserade	1
okrympt	1
okunniga	5
okunnighet	1
okänd	1
okända	22
okänt	6
olika	73
oliver	1
olivolja	2
olivträd	5
olja	17
oljan	8
oljelampor	2
oljor	2
olycka	20
olyckan	2
olyckliga	1
olydig	2
olydiga	10
olydnad	3
om	1766
omarkerade	1
ombord	12
omdöme	2
omega	3
omfamna	1
omgav	2
omgavs	2
omgiven	3
omkring	83
omkull	3
omogna	3
omoral	12
omoraliska	3
omoraliskt	6
omringade	2
omringades	1
omringar	1
omringat	1
område	6
områden	1
området	19
omrört	1
omsatts	1
omskar	2
omskars	1
omskuren	9
omskurna	2
omskär	6
omskära	13
omskäras	6
omskärelse	3
omskärelseceremonin	1
omskärelsen	5
omsluta	1
omsorg	13
omstrålad	1
omsätt	1
omsätta	4
omsätter	6
omsätts	3
omtyckt	2
omtyckta	1
omtänksamma	1
omvänts	1
omåttliga	1
omöjliga	5
omöjligt	17
ond	34
onda	189
ondas	2
ondska	27
ondskan	9
ondskans	2
ont	56
onyttigt	1
onödan	3
oordnat	3
oordning	2
opålitlig	1
opålitliga	2
ord	73
orden	15
ordentligt	4
order	27
ordet	1
ordlös	1
ordna	7
ordnade	7
ordnat	2
ordning	30
ordningen	2
ordningsmakten	1
ordspråket	3
orena	4
orenat	1
organisera	1
organiserat	1
orgier	3
orkade	1
orkar	1
orkester	1
orm	2
ormar	5
ormen	4
ormens	1
oro	8
oroa	11
oroade	1
oroar	8
orolig	6
oroliga	8
oroligheter	5
oroligt	2
orsak	5
orsaka	2
orsakade	1
orsakar	4
orsakat	2
orsaken	2
orädd	1
orädda	1
orätt	6
orättvis	4
orättvisa	1
orättvist	5
osjälviskt	1
oskadd	1
oskyldig	6
oskyldiga	9
oss	735
osynlig	1
osynliga	3
osynlige	1
osäker	4
osäkert	1
osäkra	1
otacksamma	2
otro	3
otrogen	24
otrogna	2
otrohet	2
otroligt	2
otydlig	1
otåligt	1
outspätt	1
ovanan	1
ovanför	6
ovanlig	1
ovanliga	1
ovanligt	2
ovanpå	1
ovissheten	1
oväder	2
ovän	1
ovänlig	1
ovänner	2
oväntat	4
ovärdig	7
ovärdiga	8
ovärdigt	3
ovårdade	1
oxar	4
oxarna	2
oxe	3
oändlig	1
oändliga	7
oändligt	9
oärlig	1
oärliga	1
pack	1
packa	4
packat	1
packning	3
paddor	1
palats	4
palatsen	1
pall	4
pallen	1
palmkvistar	2
panik	1
panna	1
pannan	3
pannor	4
pant	1
pappa	36
pappan	8
pappas	1
pappor	3
papporna	1
par	5
paradis	1
paradiset	2
parfymer	1
parten	1
parterna	1
parther	1
parti	1
pass	1
passa	2
passade	5
passagerare	1
passar	9
passerade	4
passerar	2
passion	1
peka	1
pekade	1
pelare	3
pelargångar	2
pelarhall	3
pengar	79
pengarna	27
perfekt	1
pergamentrullarna	1
person	18
personen	12
personer	33
personlig	1
personligen	5
pick	1
pilar	1
pilbåge	1
pingst	1
pingstdagen	1
pingsthögtiden	1
piska	13
piskade	2
piskas	3
piskat	3
piskrapp	1
placerade	2
placeras	1
placerats	1
plagg	2
plagget	4
plan	43
planen	1
planer	13
planerade	3
planerar	3
planerat	2
plankor	1
planta	2
planterade	6
planterar	2
planterat	3
planterats	1
plantorna	5
plats	75
platsen	19
platsens	1
platser	9
platserna	2
plikt	4
plocka	1
plockade	2
plockar	2
plundra	4
plundrade	1
plundrar	1
plåga	10
plågades	1
plågan	1
plågar	2
plågas	7
plågat	1
plågats	2
plågor	14
plågorna	6
plågornas	1
plågsamma	1
plånbok	1
plöjer	2
plöjt	1
plötsligt	53
poeter	1
pojkar	13
pojkarna	1
pojke	7
pojken	16
pojkens	1
politiska	1
politiskt	1
populär	1
porlar	1
port	3
portar	3
portarna	4
porten	16
portvakten	1
positivt	1
pracka	1
prakt	4
praktiken	2
praktisera	1
praktiserar	3
praktiserat	1
praktisk	16
prat	6
prata	9
pratade	6
pratar	3
precis	124
presenter	1
presenterade	1
pressa	2
princip	1
prioritet	1
pris	6
priset	4
prisutdelningen	1
privilegier	1
privilegiet	2
problem	13
problemen	1
problemet	1
processen	1
profet	34
profeten	43
profetens	1
profeter	20
profeterna	54
profeternas	3
profeters	1
proklamera	1
promenerat	1
prostituerad	4
prostituerade	11
protest	1
protestera	3
protesterade	15
protesterar	1
prov	7
provins	1
provinsen	29
provinserna	7
provinsers	1
pryddes	1
prydnad	1
präst	18
prästen	4
präster	18
prästerna	17
prästsläkt	1
pröva	6
prövar	1
prövas	1
prövat	2
prövningar	9
psalmen	1
psalmerna	1
punkt	2
punkten	1
purpurtyger	1
pärla	2
pärlor	6
på	2473
påfrestningarna	1
pågick	4
pågår	1
påhitt	2
påhittade	2
påklädd	2
påklädda	1
pålitlig	6
pålitliga	5
påmind	1
påminna	15
påminnelse	1
påminner	4
påmint	2
påsk	6
påsken	4
påskfirandet	1
påskhögtiden	20
påsklamm	1
påsklammen	1
påsklammet	1
påskmåltiden	11
påstod	6
påstå	14
påstående	3
påståendet	1
påstår	34
påstås	1
påstått	1
påverka	6
påverkade	1
påverkar	8
påverkas	3
rad	4
raden	4
rader	1
rak	1
raka	7
rakat	1
rakt	16
ramlar	1
rann	4
rapport	2
rapporter	4
rapportera	3
rapporterade	7
rasa	1
rasade	1
rasande	10
rasar	1
reagerar	2
reaktion	1
rebeller	1
red	6
reda	41
redan	155
redo	2
redogöra	1
redovisa	1
redovisning	2
redskap	1
regel	4
regelbundet	7
regeln	3
regera	48
regerade	2
regerar	40
regering	3
regeringstid	3
regeringsår	1
registrera	1
registreras	1
regler	27
reglerar	1
reglerna	3
regn	4
regna	3
regnade	2
regnat	1
regnbåge	2
regnet	3
rekommendationsbrev	3
relation	2
religion	4
religionen	2
religiösa	8
ren	12
rena	23
renas	2
renats	2
rengör	2
renhet	1
reningsceremoni	1
reningsceremonier	2
reningsceremonierna	2
reningsceremonin	2
reningsoffer	1
rensa	1
rensat	2
rent	25
rep	2
repen	1
repetera	1
representant	4
representanter	9
representera	1
representerade	2
representerar	7
representeras	1
repstumpar	1
res	4
resa	59
resan	9
reser	4
reserverade	2
residens	3
residenset	3
reskamrat	1
reskamrater	1
reskamraterna	1
resonemang	1
resonerade	1
resonerar	2
resor	3
respekt	47
respektera	6
respekterad	3
respekterade	6
respekterar	4
resrutten	1
ressällskapet	1
rest	6
reste	66
resten	12
rester	4
resultat	8
resultatet	11
reta	2
retade	7
retar	1
rev	3
rida	1
ridande	3
rider	1
ridit	2
rik	19
rika	30
rike	11
rikedom	5
rikedomar	14
riken	2
rikena	1
rikt	2
riktade	1
riktades	1
riktigt	8
riktlinjer	1
riktningen	1
rimligt	2
ring	2
rinna	2
rinner	2
risk	5
risken	2
risker	1
riskera	7
riskerat	2
riv	3
riva	5
river	4
rivit	3
ro	5
roa	1
roder	1
rodret	1
roligt	1
roll	15
romarna	5
romarriket	2
romersk	10
romerska	42
romerskt	3
rop	8
ropa	25
ropade	101
ropar	19
ropas	1
rost	1
rot	1
roten	4
rott	2
rovfåglar	1
rubba	2
ruiner	1
rulla	3
rullade	5
rullats	1
rum	10
rummet	8
rundade	1
runt	58
rusade	7
rusande	1
rusar	1
rustad	1
rustade	1
rustning	3
ruttenhet	1
ruttet	1
rycka	5
ryckas	1
ryckte	6
rycktes	2
ryckts	1
rygg	1
ryggade	1
ryggar	1
ryggen	7
rykte	7
rykten	4
ryktena	1
ryktet	7
rymde	1
rymma	2
rytande	2
ryttare	3
ryttarens	1
ryttarna	2
räcka	2
räcker	19
räckhåll	1
räckte	8
rädd	31
rädda	154
räddad	22
räddade	46
räddades	1
räddar	11
räddare	3
räddas	13
räddat	17
räddning	36
räddningen	4
räddningens	2
rädsla	26
räkna	8
räknade	4
räknades	9
räknar	1
räknas	10
räknat	1
räkning	1
räkningen	1
ränta	2
räta	2
rätade	1
rätt	135
rätta	30
rättare	3
rättegång	2
rättegången	2
rätten	1
rättigheter	1
rättvis	8
rättvisa	14
rättvisan	1
rättvisans	1
rättvise	1
rättvist	8
rävarna	2
räven	1
rå	1
råa	1
råd	19
råda	1
rådde	1
rådet	37
rådgivare	1
rådsmedlemmarna	1
rådssalen	4
rågat	2
råka	3
råkade	6
råkar	4
råkat	2
röd	6
röda	3
röja	1
röjs	1
rök	3
rökelse	5
rökelsealtare	1
rökelsedoft	1
rökelsen	1
rökelseskål	1
rökelseskålen	1
röken	5
rökmoln	1
rökoffret	1
rör	3
röra	12
rörde	24
rörelse	2
rörelsehindrade	2
rörelsen	1
rört	4
röst	67
röstade	2
rösten	10
röster	5
röt	1
rött	2
rötterna	8
rövare	1
sa	962
sabachtani	2
saddukeer	5
saddukeerna	5
saddukeernas	3
safir	1
sagor	1
sagt	134
sak	48
saken	4
saker	29
sakerna	1
sakna	9
saknade	5
saknar	12
saknas	1
sakta	1
salen	2
salt	9
salthalt	1
saltvatten	1
salva	1
salvor	1
samarbete	1
samarier	5
samarierna	1
samarisk	4
samariska	1
samförstånd	1
samhälles	1
samhället	2
samla	15
samlade	36
samlades	25
samlar	9
samlas	16
samlat	3
samlats	16
samling	4
samlingar	8
samlingarna	1
samlingen	6
samliv	1
samma	249
samman	24
sammanfattar	2
sammanfattas	1
sammanfattning	1
sammanfattningen	1
sammanhanget	1
sammanställt	1
samt	1
samtalade	1
samtalet	1
samtidigt	39
samtliga	1
samvete	15
samveten	3
samvetes	1
sandaler	1
sandalerna	2
sandalremmar	4
sandbankarna	1
sanden	6
sandkornen	1
sandstrand	1
sann	6
sanna	61
sanning	20
sanningar	5
sanningarna	1
sanningen	44
sansad	1
sansat	1
sant	73
sardonyx	1
satsa	1
satt	64
satte	52
sattes	2
satts	1
saven	3
se	322
sed	3
sedan	419
sedd	1
seden	1
seder	1
seger	6
segerkrans	7
segerkransen	2
segla	9
seglade	13
seglar	1
seglingar	1
seglingen	1
segra	4
segrade	1
segrar	13
segrare	1
segraren	1
segrat	2
sekreterare	1
sekt	2
seloten	1
sen	1
sena	2
senapsfrö	5
senapsfröet	1
senare	59
senaste	3
senor	1
sent	8
ser	89
seriös	1
serverade	1
ses	1
sett	94
sex	10
sexliv	1
sexualitet	1
sexuell	34
sexuella	14
sexuellt	1
sida	43
sidan	38
siden	1
sidor	3
sig	972
sigill	8
sigillen	2
sigillet	7
siktade	1
silar	1
silver	8
silvermynt	3
silvermynten	2
silversmeden	1
simkunniga	1
simma	1
simmade	1
sin	584
sina	456
sinnen	5
sist	25
sista	20
siste	4
sitt	247
sitta	31
sitter	40
situation	5
situationen	3
sju	75
sjufaldiga	3
sjuk	21
sjuka	35
sjukdom	5
sjukdomar	12
sjukdomarna	1
sjuke	3
sjukligt	1
sjunde	10
sjung	2
sjunga	7
sjunger	2
sjungit	2
sjunka	3
sjunker	2
själ	7
själar	2
själarna	2
själv	267
själva	166
självbehärskad	2
självbehärskade	3
självbehärskning	6
självisk	1
själviska	9
själviskhet	2
självklart	7
självkritik	2
självmant	1
självmord	2
självsäkerhet	2
självsäkra	4
självt	3
sjätte	8
sjö	1
sjömännen	2
sjön	58
sjöng	6
ska	2104
skada	15
skadade	2
skadades	1
skadar	4
skadas	3
skadat	2
skadliga	2
skaffa	2
skaffar	2
skaka	3
skakad	1
skakade	6
skakades	1
skakas	4
skakat	1
skam	6
skamlig	1
skamliga	4
skamligheter	3
skamligt	1
skapa	8
skapad	2
skapade	14
skapades	15
skapar	1
skapat	27
skapelse	7
skapelsen	10
skar	3
skara	3
skarp	1
skarpa	1
skarpare	1
skarpt	2
skatt	21
skatten	3
skatter	3
skatteregistreringen	2
skattkammaren	1
ske	7
sken	1
skeppsbrott	1
skeppsbrottet	1
skeppsbåten	3
sker	5
skett	3
skick	1
skicka	23
skickade	62
skickades	2
skickar	7
skickat	5
skickats	2
skickligt	1
skidan	1
skild	1
skilda	1
skilde	2
skildes	4
skilj	1
skilja	18
skiljas	4
skiljer	9
skiljs	1
skillnad	11
skillnaden	1
skilsmässa	1
skilsmässan	3
skilts	1
skina	1
skinande	8
skingrade	1
skingrades	2
skingrar	1
skingras	4
skingrats	2
skinnberedning	3
skipa	1
skjorta	1
skjortan	1
skjortor	1
skjuta	1
skjutit	1
skog	1
skona	3
skonade	3
skoningslöst	1
skor	5
skorpion	1
skorpioner	3
skorpionstick	1
skott	1
skratta	3
skrattade	1
skrattar	2
skrek	18
skrev	22
skrevs	3
skrifter	2
skrik	1
skrika	4
skriker	2
skriv	3
skriva	22
skriven	3
skriver	29
skrivet	15
skrivit	19
skrivna	9
skrovet	1
skrutit	3
skrynkla	1
skryt	2
skryta	33
skryter	9
skrytsam	1
skrytsamma	1
skräck	4
skräckslagen	2
skräckslagna	2
skräckslagne	1
skrämma	1
skrämmas	4
skrämt	1
skräp	2
skräphög	1
skröt	3
skugga	1
skuld	27
skuldebrev	1
skuldebrevet	1
skulden	4
skuldfri	33
skuldfria	46
skuldfrihet	1
skull	62
skulle	483
skurit	1
skurits	1
skvaller	1
skvallra	1
skvallrar	1
skydd	1
skydda	16
skyddade	2
skyddar	2
skyddas	1
skyfall	1
skyldig	20
skyldiga	14
skyldige	2
skyldighet	1
skyldigheter	1
skylla	1
skylt	4
skymt	3
skymundan	1
skynda	4
skyndade	12
skynket	1
skäl	8
skälet	3
skälla	2
skämde	1
skämdes	1
skämma	2
skämmas	29
skämmer	3
skäms	10
skämt	1
skämts	1
skänka	1
skänkt	1
skär	4
skära	3
skärpa	1
skådespel	1
skål	10
skålar	2
skålarna	2
skålen	1
sköld	1
skölja	1
sköljde	1
skönhet	4
skönheten	1
skörd	13
skörda	16
skördar	8
skördearbetare	1
skördearbetet	2
skördemännen	2
skörden	11
skördetiden	1
sköta	8
sköter	3
skött	1
skötte	3
slag	3
slagen	5
slaget	1
slagit	2
slagna	2
slags	38
slagsmål	1
slagsmålet	1
slakta	5
slaktad	1
slaktade	6
slaktades	1
slaktar	1
slaktas	2
slaktat	3
slaktats	1
slakten	1
slapp	3
slav	19
slavar	40
slavarna	1
slaveri	18
slaveriet	1
slavflicka	1
slavkvinna	1
slavkvinnan	2
slavkvinnans	2
slavägare	2
slet	8
slickade	1
slippa	14
slipper	12
slit	1
slita	5
slitit	4
slits	1
slocknade	1
slocknar	4
slog	35
slug	1
sluga	1
sluka	1
slungas	2
sluppit	2
slut	104
sluta	14
slutade	8
slutar	5
slutat	11
slutet	17
slutför	1
slutföra	5
slutföras	1
slutförd	1
slutfört	4
slutförts	1
slutit	5
slutlig	1
slutliga	2
slutsats	2
slutsatsen	1
slutsatser	1
sluttning	2
släcka	3
släcker	1
släkt	9
släkte	18
släkten	1
släkting	2
släktingar	9
släktled	3
släktlistor	2
släktskap	1
slänga	2
slängas	1
slängde	5
slänger	1
slängt	1
släp	1
släpade	8
släpande	1
släpp	1
släppa	7
släppas	3
släpper	2
släppt	8
släppte	7
släpptes	1
slätt	1
slå	13
slår	5
slöa	2
slöja	4
slöjan	4
slösa	1
slösaren	1
slöseri	2
smaka	4
smakade	2
smakat	1
smal	1
smaragd	2
smartare	1
smarthet	1
smicker	2
smickrar	1
smider	1
smittat	2
smorde	6
smort	2
smulor	2
smuts	4
smutsen	2
smutsiga	6
smyckad	1
smyckar	1
smycken	4
smyg	2
smyga	1
smälta	1
smälter	2
smältugnen	1
smärta	2
smärtan	2
smärtsam	1
smärtsamma	1
små	19
småbåtar	1
smådelar	1
småningom	2
småsak	1
småsaker	4
smög	2
smörja	4
snabb	1
snabba	2
snabbare	1
snabbt	14
snappat	1
snara	1
snarare	3
snart	105
snavar	3
snickaren	1
snickarens	1
snubbla	1
snubblar	4
snubblat	1
snusk	1
snyggt	1
snäll	2
snåla	1
snö	1
snövit	1
sol	2
soldat	3
soldater	19
soldaterna	20
soldatkappa	1
soldats	1
solen	26
solens	1
solidariskt	1
solljus	1
solnedgången	1
soluppgången	1
som	5192
somliga	2
sommaren	3
somna	1
somnade	1
somnat	4
son	94
sonen	12
sonson	1
sopar	1
sopor	1
sorg	17
sorgdräkt	2
sorger	3
sorglös	2
sorgsna	2
sortens	2
sorterar	1
sorts	1
sov	5
sova	4
sovande	3
sover	10
sovmatta	9
sovmattor	2
spara	2
sparade	1
sparas	1
sparat	3
sparkade	2
sparv	2
sparvar	2
speciell	3
speciella	8
speciellt	3
spegel	2
spegelbild	1
speglar	1
spela	1
spelade	4
spelar	15
spelas	1
spelrum	1
spetälsk	4
spetälska	9
spetälskan	2
spika	9
spikade	5
spikades	6
spikar	1
spikarna	1
spikas	4
spikat	3
spikats	3
spionera	1
spionerna	1
spira	3
spjut	1
spjutkastare	1
splittrad	1
splittrade	1
splittrar	1
splittras	1
splittring	5
spotta	3
spottade	6
sprack	1
sprang	21
spred	19
spreds	14
spricka	2
sprid	2
sprida	75
spridas	5
spridda	1
sprider	35
spridit	14
spridits	3
sprids	4
springa	4
springande	4
springer	3
spritt	1
sprungit	2
sprutat	1
sprängs	3
språk	44
språken	1
språket	1
språkrör	1
spurtar	1
spyor	1
spände	1
spänning	3
spänt	1
spärrar	1
spå	1
spö	1
spöke	3
spön	1
stabilitet	1
stackaren	1
stackars	4
stad	57
staden	144
stadens	12
stadier	2
stadig	1
stadiga	1
stadigt	2
stadsmuren	3
stadsportarna	2
stadsporten	3
stakade	1
stal	1
stam	27
stamfadern	2
stamfar	7
stamfäder	2
stammar	11
stammarna	1
stammen	2
stanken	1
stanna	31
stannade	52
stannar	4
stannat	4
staplats	1
stark	42
starka	14
starkare	23
starkast	1
starkt	5
start	1
startade	3
startat	2
staten	2
status	7
statusen	1
statyer	1
stav	3
steg	36
stegen	1
stekt	1
stel	1
sten	27
stena	7
stenade	3
stenades	1
stenar	7
stenarna	6
stenas	2
stenats	1
stenen	13
stengrunden	2
stenig	2
steniga	3
stenkrukor	1
stentavlor	2
stentavlorna	2
steril	1
sticka	2
sticker	1
stifta	1
stiftat	1
stiga	9
stigar	1
stigarna	3
stigen	6
stiger	6
stigit	2
stilla	4
stinker	1
stirrade	3
stirrar	1
stjäl	1
stjäla	12
stjärna	5
stjärnan	3
stjärnor	6
stjärnorna	12
stjärntydare	1
stjärntydarna	5
stjärtar	1
stod	106
stoiker	1
stolt	12
stolta	16
stolthet	7
stoltheten	1
stopp	1
stoppa	3
stoppade	1
stoppar	2
stoppas	1
stor	117
stora	82
store	3
storhet	1
storm	5
stormen	2
stormnatten	1
stormvindarna	2
stormvinden	1
storseglet	1
stort	33
straff	42
straffa	38
straffad	6
straffade	13
straffar	10
straffas	7
straffet	26
stranden	16
strax	6
streck	1
stred	2
stressad	1
strid	9
strida	10
striden	2
strider	19
stridigheter	1
stridsfrågor	2
strunta	3
struntade	5
struntar	11
struntat	1
struptag	1
stryka	2
stryker	1
sträcka	1
sträckte	4
stränderna	1
sträng	3
stränga	2
strängaste	1
strängt	19
sträva	7
strävan	1
strävar	6
strävat	1
strålade	4
strålande	3
strålar	2
strålglansen	1
stråna	1
strö	1
strödde	2
strök	3
ström	1
strömma	1
strömmade	2
strömmar	1
strömmen	1
studerande	1
studsade	1
stulit	2
stulna	1
stum	4
stumma	5
stund	53
stunden	15
stycke	5
stycken	1
styr	8
styra	19
styras	6
styrde	3
styrdes	1
styresmän	2
styresmännen	2
styrk	1
styrka	14
styrkor	1
styrkta	1
styrkte	2
styrmannen	1
styrs	5
styrts	1
städer	16
städerna	14
ställ	3
ställa	19
ställas	5
ställde	31
ställdes	1
ställe	25
ställen	1
ställer	11
stället	4
ställning	7
ställningar	2
ställs	3
ställt	7
ställts	3
stämde	1
stämma	1
stämmer	7
ständig	5
ständiga	3
ständigt	53
stäng	1
stänga	4
stängas	1
stängd	1
stängdes	1
stänger	4
stänkte	2
stärk	1
stärka	4
stärker	2
stärkt	2
stärktes	1
stå	72
stånden	2
står	189
stått	2
stöd	4
stöddiga	1
stöder	1
stödja	2
stöld	2
stölder	1
stör	2
större	45
störst	3
största	2
störta	1
störtade	2
störtar	1
störtas	3
stöta	2
stöter	4
stötesten	1
stött	2
stötta	3
stöttade	1
stöttat	2
stötte	6
suckade	2
suckar	2
suddig	1
sug	1
suga	1
suger	1
summa	9
summan	1
summor	1
sund	6
sunda	8
supande	2
super	2
surra	1
surrade	1
surt	4
suttit	2
svag	21
svaga	7
svagare	2
svagast	1
svaghet	7
svagheter	5
svalde	1
svalka	1
svalt	1
svamp	3
svans	1
svansar	2
svar	15
svara	29
svarade	279
svarar	9
svarat	2
svaret	3
svars	8
svart	3
svarta	1
svarte	1
svartsjuka	1
svartsjukt	1
svavel	6
svavelgula	1
svavlet	1
sved	1
svek	4
svep	1
svepa	1
svepning	1
svepningen	1
svepte	5
sveptes	1
svett	1
svida	1
svika	1
sviker	1
svikit	1
svimma	1
svimmar	1
svin	3
svinen	10
svinens	1
svinhjord	3
svinhjorden	2
svor	12
svullna	1
svullnad	1
svurit	9
sväljer	1
svält	2
svälta	5
svämmar	1
svär	14
svära	5
svärd	21
svärdet	4
svärdotter	2
svärdshugg	1
svärfar	1
svärmor	5
svår	7
svåra	11
svårast	1
svårigheter	20
svårt	34
sydlig	1
sydliga	1
sydväst	1
syftade	5
syftar	1
syfte	2
syften	1
syftet	3
sykomorträd	1
symbol	7
symboler	1
symbolisk	1
symboliskt	3
syn	38
synagoga	7
synagogan	34
synagogföreståndare	2
synagogföreståndaren	1
synagogföreståndarens	1
synagogföreståndarna	1
synagogor	1
synagogorna	19
synas	1
synd	61
synda	43
syndade	9
syndar	18
syndare	32
syndaren	1
syndat	17
synden	66
syndens	7
synder	117
synderna	1
syndig	2
syndiga	10
syndoffer	1
synen	6
syner	3
synlig	6
synliga	6
synligt	3
syns	1
syntes	1
syriern	1
syskon	127
sysslar	3
sysslat	2
sysslor	1
syster	16
systerförsamling	1
systerson	2
systrar	7
systrarna	1
säck	3
säckar	16
säckarna	4
säd	11
säden	10
sädesfält	3
sädeskornen	4
säg	19
säga	175
säger	304
sägs	2
säker	14
säkert	22
säkra	11
sälj	3
sälja	4
säljas	1
säljer	3
säljs	1
sällskap	6
sämre	4
sänd	21
sända	33
sändas	1
sände	35
sändebud	85
sändebuden	26
sänder	17
sändes	1
säng	1
sängen	1
sängliggande	1
sängs	1
sänk	1
sänka	3
sänkas	1
sänkte	5
sänktes	1
sänt	71
sänts	5
särbehandla	1
särskild	5
särskilda	1
särskilt	23
sätt	230
sätta	38
sätten	1
sätter	14
sättet	21
så	1149
sådan	28
sådana	43
sådant	68
sådd	2
sådde	9
sådden	1
såg	215
sågades	1
sågs	1
sålde	12
sålt	4
sång	4
sången	1
sånger	2
sår	22
såra	1
sårar	3
såren	2
såret	3
såsom	1
sått	5
såtts	3
söder	4
söderut	4
sök	2
söka	11
söker	14
sökt	1
sökte	10
söm	1
sömn	1
söndag	3
söndagen	2
söndagsmorgonen	5
sönder	24
sönderbrutna	1
söndersmulad	2
söner	27
sönerna	1
sörja	6
sörjande	2
sörjde	2
sörjer	2
sött	2
sötvatten	1
ta	242
tack	11
tacka	20
tackad	1
tackade	21
tackar	40
tackat	27
tacksam	7
tacksamhet	4
tacksamhetsskuld	1
tacksamma	7
tag	38
taget	2
tagg	2
tagit	29
tagits	3
taket	5
takplattor	1
takterrass	1
tal	9
tala	143
talade	120
talar	112
talare	1
talaren	1
talas	15
talat	35
talekonst	1
talesättet	1
talet	2
talsvårigheter	1
tama	1
tand	2
tankar	43
tankarna	1
tanke	4
tanken	2
tanklöshet	1
tanklöst	1
tappa	3
tappar	3
tappat	3
tar	99
tas	16
teatern	2
tecken	58
tecknet	5
teg	3
tempel	27
tempelbyggnaderna	1
tempelinvigningsfesten	1
tempelmuren	2
tempelområdet	6
tempelplatsen	11
tempelport	1
tempelskatt	1
tempelskatten	1
tempeltjänare	2
tempelvakten	7
tempelvakterna	2
templet	84
templets	1
test	1
testa	1
testade	1
testamente	3
testamenteGrekiskan	1
testamentet	2
text	1
texten	4
tid	126
tiden	90
tidens	28
tider	3
tidernas	1
tidigare	28
tidigaste	1
tidigt	8
tidpunkt	5
tidpunkten	4
tiger	1
tigga	2
tiggare	3
tiggaren	3
tiggde	7
till	3289
tillade	2
tillbad	23
tillbaka	245
tillbe	29
tillbedjan	7
tillber	34
tillbett	5
tillflykt	1
tillfredsställa	11
tillfredsställda	1
tillfredsställde	1
tillfredsställer	5
tillfälle	11
tillfällen	4
tillfället	1
tillgångar	2
tillhåll	4
tillhör	192
tillhöra	102
tillhörde	16
tillit	2
tillräckligt	9
tillrätta	1
tillrättavisa	5
tillrättavisade	4
tillrättavisar	2
tillrättavisas	1
tillrättavisat	1
tillrättavisning	1
tillrättavisningen	1
tills	55
tillsagda	2
tillsammans	252
tillsatt	1
tillsatta	1
tillstånd	3
tillsätta	1
tillsätts	1
tilltalade	1
tilltalar	1
tillträde	1
tillvaro	1
tillvaron	1
tillverka	1
tillverkade	2
tillverkar	2
tillverkat	3
tillverkningen	1
tillägg	2
tillägga	1
tillägger	1
tillämpas	1
tillät	3
tillåta	1
tillåtas	1
tillåtelse	3
tillåten	2
tillåter	4
tillåtet	16
tillåts	1
timma	7
timmar	3
timme	3
timmen	1
ting	1
tio	22
tiodubblade	1
tiodubblats	1
tionde	1
tiondel	13
tiotusentals	1
tistlar	6
tistlarna	6
titt	1
titta	6
tittade	15
tittar	1
tjat	1
tjocka	1
tjockleken	1
tjur	1
tjurar	3
tjuv	8
tjuvar	7
tjuven	2
tjäna	58
tjänad	2
tjänade	6
tjänar	36
tjänare	106
tjänaren	18
tjänarna	17
tjänat	8
tjänst	15
tjänsteflicka	3
tjänsteflickan	2
tjänsteflickor	1
tjänsteman	1
tjänstemannen	1
tjänstgör	1
tofsar	1
tofsen	4
tog	167
togs	5
tokiga	1
tokigheter	2
tolfte	1
tolka	8
tolkar	1
tolkas	1
tolv	69
tom	1
tomhänt	2
tomma	6
tomt	6
toner	1
topas	1
toppen	3
torgen	4
torget	5
torka	3
torkade	4
torkat	1
torn	1
torna	1
tornet	1
torra	3
tortera	1
torterades	1
tortyr	1
total	6
totalt	3
traditionen	1
traditioner	10
trakten	8
trakter	1
trakterna	1
trampa	4
trampade	1
trampades	1
trampar	1
trampas	1
trappa	4
trappan	2
trasigt	1
trasor	1
trassla	1
tre	83
tredje	38
tredjedel	10
tretiden	2
trillat	1
triumftåg	1
tro	511
trodde	73
troende	227
troendes	3
trofastheten	1
trogen	15
troget	15
trogna	5
trohet	1
troheten	1
trolldom	2
trollkarl	1
trollkarlarna	1
trollkarlen	3
trollkonster	1
tron	59
tronen	28
troner	6
trons	3
tror	205
tros	1
trots	78
trotsa	2
trott	1
trovärdig	2
trovärdigt	2
trumpet	11
trumpeten	1
trumpeter	3
trumpetsignal	1
trumpetstöt	2
trumpetstötar	2
trycker	1
tryckte	1
trygga	4
trygghet	3
tryggt	4
trä	5
träd	23
träda	6
trädde	2
träden	6
träder	1
trädet	9
trädets	1
trädgård	4
trädgården	2
trädgårdsmästare	1
trädgårdsmästaren	3
trädstammarna	2
träffa	32
träffade	15
träffar	1
träffas	4
träffat	2
träna	1
tränad	1
tränga	3
trängde	7
trängdes	2
tränger	5
trängt	1
träning	2
träsk	1
träslag	1
trästock	1
trätt	2
trång	1
trånga	2
tröga	1
trögfattade	1
tröskar	3
tröskar."Se	1
tröskplatsen	2
tröst	4
trösta	2
tröstade	1
tröstande	1
tröstar	2
tröstas	2
tröstat	1
trött	2
trötta	3
tröttna	6
tröttnat	2
tugga	1
tull	2
tullen	3
tullhuset	3
tullindrivare	9
tullindrivaren	3
tullindrivarna	3
tullmyndigheten	1
tung	3
tunga	9
tungan	1
tungor	1
tunikor	1
tunnor	2
tunt	2
tupp	1
tuppen	11
tur	8
turen	1
turturduvor	1
tusen	1
tusental	1
tusentals	2
tveka	5
tvekat	1
tvillingbror	1
tvillingpojkar	1
tvinga	7
tvingade	4
tvingades	1
tvingar	2
tvingas	2
tvingat	1
tvista	1
tvistar	1
tvister	3
tvivel	2
tvivlade	4
tvivlande	1
tvivlar	8
tvungen	17
tvungna	8
tvärs	1
tvärtemot	1
tvärtom	8
tvätta	11
tvättad	1
tvättade	5
tvättar	4
tvättas	2
tvättat	11
tvättats	4
två	149
tvång	2
tycka	3
tycker	13
tycks	5
tyckte	13
tyda	1
tydde	1
tydligen	1
tydligt	10
tyg	3
tyger	3
tyget	3
tygstycken	2
tynar	1
tyngd	1
tyranner	3
tyst	11
tysta	5
tystare	1
tysthet	1
tystnad	1
tystnaden	1
tystnat	2
tyvärr	2
täcka	1
täcker	2
täckt	9
täcktes	1
tält	7
tältet	3
tämja	2
tända	2
tänder	6
tänk	11
tänka	30
tänkande	2
tänkarna	1
tänker	52
tänkt	14
tänkte	42
tärning	1
tärnor	1
tätt	3
tågade	1
tål	1
tåla	1
tålamod	22
tåligt	2
tålmodiga	1
tålmodigt	3
tårar	7
tårarna	2
töm	1
tömde	7
tömma	1
tömt	2
törnbuskar	2
törnbuske	1
törnbusken	3
törne	2
törnekronan	1
törnen	2
törstar	1
törstig	14
törstiga	2
törstige	2
udden	1
ugn	1
ugnen	2
ull	2
umgicks	1
umgås	3
undan	33
undantag	2
under	277
underbar	4
underbara	11
underbart	2
undergång	5
underhåll	4
underhålla	1
underliga	1
underligt	1
underlägsen	2
underordna	7
understryka	1
understöd	1
undersöka	7
undersökte	1
undervisa	60
undervisad	2
undervisade	49
undervisar	21
undervisat	12
undervisning	79
undervisningen	3
undgå	2
undra	1
undrade	12
undrar	6
undret	4
undvik	1
undvika	3
undviker	1
ung	13
unga	18
ungdomar	1
ungefär	7
ungåsna	3
universum	6
universums	4
upp	386
uppdrag	68
uppdraget	8
uppe	11
uppehåll	7
uppehållen	1
uppfattar	1
uppfattning	3
uppfinningsrika	1
uppfostra	1
uppfostrade	1
uppfostran	1
uppfylla	6
uppfyllas	1
uppfyllda	1
uppfylldes	1
uppfyllelse	4
uppfyller	2
uppfyllt	3
uppgift	43
uppgiften	4
uppgifter	5
upphängd	3
upphäva	1
upphöja	7
upphöjas	2
upphöjd	10
upphöjda	2
upphöjer	7
upphöjt	4
upphör	2
uppifrån	4
uppleva	23
upplever	1
upplevt	2
upplopp	4
upplysningar	1
upplyst	1
uppläst	1
upplösas	2
uppmana	11
uppmanad	1
uppmanade	6
uppmanar	9
uppmanat	3
uppmaningen	3
uppmuntra	26
uppmuntrad	5
uppmuntrade	9
uppmuntran	9
uppmuntrande	1
uppmuntrar	6
uppmuntrat	5
uppmärksamhet	2
uppmärksamheten	3
uppmärksamt	1
uppnådde	1
upprepade	1
upprepades	2
upprepar	1
uppretade	3
uppriktig	11
uppriktiga	2
uppriktigt	1
uppror	25
upproriska	4
upproriskhet	1
uppryckta	1
upprättade	1
upprättat	1
upprörd	5
upprörda	10
uppsatt	1
uppsatta	10
uppskakade	1
uppskattad	3
uppskattade	1
uppskattar	1
uppskattas	1
uppskattning	2
uppskrämda	1
uppsköt	1
uppslukad	1
uppstod	14
uppstå	46
uppståndelse	5
uppståndelsen	3
uppstår	10
uppstått	36
uppsökt	1
uppta	1
upptagen	4
upptagna	4
uppträda	4
uppträdande	1
uppträder	5
uppträtt	1
upptäcker	5
upptäckt	3
upptäckte	7
upptänd	1
upptändas	1
uppväcka	10
uppväckas	1
uppväcker	3
uppväckt	8
uppväckte	18
uppväcktes	3
uppväxt	1
uppäten	1
ur	101
ursinniga	1
ursprung	1
ursprungliga	1
ursäkt	4
ursäkta	1
ursäkter	2
usling	1
ut	420
utan	413
utanför	37
utbildning	2
utbrast	9
utdöma	1
ute	36
uteslut	1
utesluta	2
uteslutas	1
utesluten	1
utesluter	1
uteslutit	2
uteslutna	1
uteslöt	1
utestängda	1
utfrågning	1
utför	8
utföra	13
utförde	3
utfört	8
utförts	1
utgör	7
uthuggen	2
uthärda	6
uthålliga	8
uthållighet	9
uthålligheten	1
uthålligt	2
utkanten	2
utlovade	58
utlyste	1
utlämnad	1
utlämnade	3
utlämnades	1
utlänningar	1
utmana	1
utmanade	1
utmanar	1
utmattade	1
utmattning	2
utmed	1
utmärkt	1
utnyttja	6
utnyttjade	4
utnyttjar	1
utnyttjat	3
utom	19
utomlands	3
utomstående	1
utplåna	5
utplånad	2
utplånade	2
utplånas	2
utplånat	1
utropade	8
utropar	1
utrota	2
utrotade	1
utrotas	1
utrusta	1
utrustad	1
utrustade	1
utrustat	2
utrustning	2
uträtta	1
uträttat	4
utsatt	4
utsatta	4
utse	2
utsedd	9
utsedda	4
utseende	3
utses	3
utsett	12
utsetts	1
utsidan	5
utskrattad	1
utskrivet	1
utslitna	2
utspelade	1
utspelas	2
utspridda	1
utstrålar	1
utsvävningar	1
utsänd	5
utsända	5
utsättas	2
utsätts	1
utsåg	12
utsågs	1
utsökt	1
uttala	2
uttalade	1
uttorkade	1
uttrycka	1
uttryckas	1
uttänkta	3
utvald	5
utvalda	4
utvalde	1
utvalt	3
utvecklas	3
utvilad	1
utvisat	1
utväg	3
utvärdera	1
utöva	1
utöver	1
vacker	2
vackert	7
vacklar	2
vackra	11
vad	454
vadsomhelst	5
vagn	1
vagnar	2
vagnen	3
vajar	2
vaka	2
vakade	3
vakar	3
vakat	2
vaken	4
vakna	8
vaknade	4
vaknar	3
vaknat	2
vakt	8
vakta	3
vaktade	4
vaktades	1
vaktar	1
vaktat	3
vakten	1
vakter	5
vakterna	7
vaktpost	1
vaktstyrkan	2
vaktstyrkor	1
vakttorn	2
vald	1
valde	6
valdes	1
vallat	1
valt	4
vandra	6
vandrade	18
vandrar	1
vandring	8
vandringen	4
vandringsstav	3
vanlig	6
vanliga	9
vanligt	21
vanor	2
vanställd	3
vanställda	2
vanära	1
vapen	4
vapnen	2
var	1264
vara	423
varade	4
varandra	204
varandras	6
varar	2
vardagens	2
vardagliga	1
vardags	1
vardagslivet	1
vardagslivets	1
vardera	1
vare	33
varelse	3
varelsen	1
varelser	3
varelserna	11
varenda	5
varför	39
vargar	4
vargen	2
varifrån	10
varit	127
varje	74
varken	25
varmt	1
varna	9
varnade	14
varnande	1
varnar	7
varnas	1
varnat	4
varning	1
varningar	1
varningen	1
varor	3
vars	4
varsin	2
varsitt	4
vart	20
vartannat	1
vass	2
vassa	2
vatten	52
vattendrag	2
vattenkruka	3
vattenkällor	1
vattenkällorna	2
vattenmassor	3
vattenmassorna	1
vattnade	1
vattnar	1
vattnet	32
vecka	10
veckan	6
veckor	4
velat	7
vem	105
vems	5
verk	2
verka	10
verkar	23
verket	3
verklig	15
verkliga	20
verkligen	105
verklighet	37
verkligheten	3
verkligt	6
verkningar	1
vet	276
veta	67
vetat	1
vete	3
vetekorn	2
vetekornet	1
vetelasten	1
vetet	12
vett	1
vi	952
via	1
vid	291
vida	2
vidare	47
vidrig	1
vidriga	1
vidrigt	1
vidöppna	1
viktig	6
viktiga	7
viktigare	10
viktigast	4
viktigaste	11
viktigt	4
vila	23
vilade	2
vilan	1
vilar	4
vild	1
vilda	10
vildare	1
vilddjuren	1
vildhonung	2
vilja	151
vilka	18
vilken	36
vilket	36
vill	457
ville	116
villig	17
villiga	12
villigheten	1
villigt	1
villkor	1
vilodag	19
vilodagen	45
vilodagens	1
vilse	8
vilseleda	1
vilseledda	2
vilseleder	2
vilsna	1
vilt	10
vin	40
vind	2
vindar	3
vindarna	2
vinden	14
vindruvor	2
vindruvorna	2
vinet	14
vingar	4
vingarna	3
vingård	6
vingården	13
vinkade	1
vinna	11
vinner	10
vinpress	2
vinpressen	1
vinrankor	1
vinruta	1
vinst	2
vinstock	1
vinstocken	3
vinsäckar	3
vinter	1
vinterhamn	1
vintern	7
virade	1
virat	1
vis	7
visa	155
visade	79
visar	67
visare	2
visas	3
visat	54
viset	15
vishet	43
visheten	1
vishetsläror	1
viskade	1
viskar	2
viskat	1
viss	13
vissa	15
vissen	1
visserligen	1
vissnade	5
vissnar	4
vissnat	2
visst	5
visste	59
vist	3
vit	4
vita	14
vitare	1
vitklädda	2
vitmålade	1
vitt	7
vittna	6
vittnade	1
vittnar	6
vittne	3
vittnen	10
vittnena	2
vittnesberättelser	2
vittnet	1
vore	3
vrakdelar	1
vred	2
vrede	13
vreden	1
vredes	7
vredesutbrott	2
vrider	1
vrister	1
vräker	2
vräkte	1
vrå	1
vunnit	6
vuxen	3
vuxet	1
vuxit	1
vuxna	3
väck	1
väcka	2
väcks	1
väckte	4
väcktes	1
väderstreck	2
vädja	4
vädjade	2
vädjar	4
vädjat	1
vädret	2
väg	77
vägar	1
vägarna	1
vägde	1
vägen	72
vägg	2
vägkanten	3
vägleda	2
vägledde	1
vägra	4
vägrade	20
vägrar	44
vägrat	1
vägvisare	1
väl	99
välbehållen	2
välbehållna	1
väldig	7
väldiga	9
väldigt	5
väldoftande	2
välja	9
väljer	6
välklädd	1
välkommen	1
välkomna	4
välkomnad	1
välkomnade	5
välkomnar	3
vällde	2
välluktande	8
välte	3
vältra	1
vältrar	1
välutbildade	1
vän	25
vänd	10
vända	37
vändas	2
vände	56
vänder	21
vänlig	6
vänliga	6
vänligt	4
vännen	1
vänner	71
vänskap	2
vänster	2
vänstra	6
vänt	16
vänta	15
väntade	23
väntan	4
väntar	49
väntat	7
värd	22
värda	16
värde	14
värdefull	4
värdefulla	2
värdelös	5
värdelöst	3
värden	5
värderade	1
värderar	2
värderats	1
värderingar	1
värdet	1
värdig	10
värdiga	17
värdigt	9
värdshus	1
värdshuset	1
värdshusvärden	1
värkar	1
värkarna	2
värld	31
världen	171
världens	54
världsliga	2
värma	2
värmde	4
värmen	1
värre	13
värsta	4
värste	1
värt	8
väska	4
väster	3
västerut	1
vävd	1
växa	13
växer	10
växlade	3
växlar	1
växt	4
växte	12
växter	2
växterna	1
växtlighet	1
våg	2
våga	2
vågade	19
vågar	9
vågor	3
vågorna	4
vågornas	1
våld	12
våldsam	9
våldsamma	3
våldsamt	5
vållat	1
våningen	3
vår	236
våra	127
vårregn	1
vårt	78
våta	1
ympa	3
yngre	6
yngre.”6	1
ynklig	1
ynkliga	1
ynkrygg	1
yta	1
ytliga	3
ytligt	1
ytterligare	4
ytterplagg	2
ytterplagget	1
yttersta	1
yttre	7
yxan	2
zeustemplet	1
½	4
Ägaren	2
Älska	10
Än	4
Ända	8
Ändra	1
Ändå	16
Ängeln	10
Änglarna	1
Ännu	2
Äntligen	1
Är	54
Ära	3
Ärade	1
Äran	4
Äsch	1
Ät	1
Även	23
Åh	3
Åkern	1
Ångra	1
Åt	2
Åtta	1
Ögat	2
Öns	1
Önska	1
Öppna	1
Örat	1
Överallt	2
Översteprästen	4
Översteprästerna	10
ädelsten	3
ädelstenar	5
äga	1
ägare	6
ägaren	7
ägarens	1
ägarna	1
ägde	12
ägdes	1
äger	26
ägg	1
ägna	2
ägnade	4
ägnar	14
ägnat	1
ägodelar	5
äkta	25
äktenskap	19
äktenskapet	6
äldre	9
äldsta	2
äldste	3
älska	65
älskad	4
älskade	41
älskar	113
älskat	8
än	277
ända	58
ände	1
ändlösa	1
ändra	5
ändrade	5
ändrar	3
ändras	3
ändrat	1
ändå	99
ängel	44
ängeln	58
ängelns	3
ängels	1
ängen	4
änglar	57
änglarna	26
änglarnas	1
änglavärldens	1
ängsblommornas	1
änka	11
änkan	9
änklingar	1
änkor	14
änkorna	1
ännu	62
äntligen	12
är	2872
ära	52
ärad	23
ärade	11
äran	15
ärar	23
äras	2
ärat	1
ärende	1
ärkeängels	1
ärlig	7
ärliga	6
ärligt	2
ärva	33
ärver	1
ärvt	2
ät	7
äta	106
ätbara	1
äter	57
ätit	13
ättling	9
ättlingar	11
ättlingen	1
även	85
å	1
åka	7
åker	16
åkern	10
åkrar	3
åkt	3
åkte	11
ålder	4
ånger	1
ångest	15
ångra	4
ångrade	4
ångrar	6
ångrat	3
år	63
åren	4
året	7
årliga	1
års	4
årslön	3
åsikt	1
åska	6
åskan	2
åskorna	2
åskornas	1
åsksönerna	1
åsna	5
åsnan	7
åsnans	1
åsneföl	2
åsnor	1
åsnorna	1
åstadkomma	1
åstadkommit	1
åt	245
åter	1
återfår	1
återspeglar	4
återstår	1
återvända	22
återvände	28
återvänder	7
återvänt	6
åtgärd	1
åtminstone	12
åtta	5
åttonde	4
ö	2
öar	2
öborna	1
öde	10
ödelägger	1
ödemarken	22
ödmjuk	5
ödmjuka	3
ödmjukar	3
ödmjukast	1
ödmjukhet	2
ödmjukt	2
öga	14
ögon	60
ögonblick	9
ögonen	14
ögonvittnen	1
ögonvittnena	2
ökade	4
ökar	1
ökenvägen	1
öknar	1
öknen	23
ökänd	1
ökända	1
ökänt	2
ömhet	2
ön	14
öns	1
önska	3
önskade	4
önskan	15
önskar	14
öppen	7
öppet	25
öppna	26
öppnad	1
öppnade	13
öppnades	7
öppnar	3
öppnas	4
öppnat	1
öppning	2
öppningen	3
öra	4
örat	6
örfil	1
örfilar	2
örn	3
öron	6
öronen	1
örter	1
öser	2
öster	4
österländska	1
östern	1
östra	1
över	491
överallt	31
överbevisade	1
överbord	3
överdrift	2
överens	18
överfalla	1
överfallen	1
överflöd	13
överflödande	2
överfulla	1
överföll	2
övergav	10
överge	10
överger	12
övergett	15
övergiven	1
övergivna	2
överhopa	1
överhuvudtaget	9
överleva	3
överlevde	2
överlista	1
överlycklig	1
överlyckliga	1
överläggning	1
överläggningarna	1
överlägsen	1
överlämna	11
överlämnad	7
överlämnade	12
överlämnades	1
överlämnar	5
överlämnas	6
överlämnat	8
överlät	1
överlåta	2
överlåter	1
överlåtit	1
övermorgon	1
övernatta	2
övernattade	1
övernattning	1
övernaturlig	1
övernaturligt	2
överordnade	2
överraska	1
överraskade	1
överraskar	1
överseende	4
överstepräst	24
översteprästen	21
översteprästens	10
överstepräster	3
översteprästerna	58
översteprästernas	2
översteprästs	1
översvämmade	1
översvämning	3
översvämningen	4
övertala	5
övertalade	2
övertalat	1
övertalningsförmåga	4
överträda	1
övertyga	4
övertygad	8
övertygade	15
övertygande	1
övertygar	1
övertygelse	2
övervintrat	1
överösa	1
övningar	2
övre	2
övriga	4
‑	26
”	14
