!	241
,	25695
.	14622
1	5
1,000	6
1,260	2
10	2
10,000	3
100	19
1000	2
12	5
12,000	12
120	1
144,000	3
153	1
16	1
18	3
2,000	1
2,400	1
20,000	1
200	5
23,000	1
24	12
276	1
3	11
3,000	1
30	8
300	3
38	1
39	1
4	1
4,000	6
40	16
400	1
42	2
430	1
450	1
46	1
490	1
5	2
5,000	7
50	5
500	1
59	1
6	3
60	4
66	1
666	1
7,000	2
70	1
72	4
75	1
80	1
84	1
9	3
99	5
?	819
A	2004
Aba	1
Abadon	1
Abaëataß	1
Abaëiaß	2
Abilene	1
Abiut	2
Abraham	140
Adam	20
Adiß	2
Adramitium	1
Aeoh	5
Afrikaß	2
Agabus	2
Agastas	2
Agripaß	14
Ahik	317
Ahikta	33
Ahiqaß	1
Aiah	1
Aisaëaß	28
Akaeaß	1
Akaëaß	7
Akaëkus	1
Akereas	1
Akuilaß	7
Akëltamaß	1
Alëksantaß	8
Alëksëndriaß	4
Amfipolis	1
Aminadëp	4
Amos	2
Amot	30
Ampliatus	1
Ananaës	15
Ananoeh	1
Anas	5
Anaß	1
Andronikus	1
Ani	1
Aniß	1
Anoeh	2
Antipas	1
Antipatris	1
Antiök	34
Antoen	2
Apaapo	67
Apaksat	2
Apaësaß	1
Apeles	1
Apias	5
Apiaß	1
Apius	1
Apoloniaß	1
Apolyon	1
Aposol	1
Apuh	334
Apölos	12
Areapakas	2
Arebiaß	3
Aretas	1
Arimatiaß	4
Aristakus	5
Aristobulus	1
Arkipus	2
Armagedon	1
Aron	6
Asaß	2
Asinkritus	1
Asos	3
Asotus	1
Ataeah	13
Ataliaß	2
Atemis	8
Atemus	1
Atmin	2
Atëns	7
Aëkoniam	7
Aënias	4
Aënon	1
Aësak	26
Babiron	20
Bajisas	2
Bal	1
Balam	6
Banabas	53
Barabas	14
Barak	2
Basabas	2
Batimeus	3
Batromioß	4
Belsebu	7
Beor	1
Berekiaß	1
Beriaß	7
Bernaësiß	4
Bitiniaß	2
Blastus	1
Boas	4
Bënjamin	4
Bëtaniß	15
Bëtfes	4
Bëtrëhëm	9
Bëtsaëtaß	12
Dalmanuta	1
Dalmesiaß	1
Damaris	1
Damaskas	17
Dekapolis	3
Demas	3
Demitrius	5
Derbeß	5
Devit	84
Didimus	3
Dionisius	1
Diotrefes	2
Dokas	7
Drusilaß	1
Dëniël	1
E	1445
Ea	248
Ebel	7
Ee	705
Eeh	3
Efraëm	1
Eh	2
Ehës	2
Ekim	2
Elaëjaß	35
Eliakim	2
Eliesaß	2
Elimas	3
Eliësaß	2
Elmadam	2
Eloi	4
Emöm	225
Emön	2
Eom	3
Ep	37
Epaënetus	1
Epikurian	1
Er	2
Erastus	2
Eraß	2
Ere	1
Ereraß	2
Eriut	2
Erëstus	1
Esaß	2
Esiaß	19
Esor	2
Eteh	51
Etereh	9
Eupulus	1
Eß	1165
Eße	30
Eßeß	4
Eën	403
Eöm	955
Eöß	1082
Eꞌ	2
Feliks	13
Festus	18
Fibiß	1
Figelus	1
Filadëlfiaß	2
Filetus	1
Filip	50
Filipaë	7
Finiks	2
Flegon	1
Fonisiaß	4
Fortunatus	1
Frigiaß	3
Gabataß	1
Gadaraß	1
Galesiaß	7
Galiliß	95
Galioß	4
Gameliel	4
Gasaß	1
Gat	1
Gaëus	5
Gebriël	3
Gerasaß	3
Gideon	1
Gog	1
Gomoraß	4
Grik	29
Gënesaret	5
Gëtsëmaniß	2
Gölgötaß	4
Hagaß	3
Hah	1
Hahah	1
Hanan	7
Haran	2
Hat	10
Havoh	1
Hehe	8
Heliß	2
Hemoß	1
Hermas	1
Hermes	1
Hermogenes	1
Herodion	1
Hesekaëaß	2
Heß	72
Hi	2
Hibru	12
Hierapolis	1
Hikto	6
Himeneus	2
Hin	1
Hinhin	124
Hoaß	1
Hoe	1
Hopaß	3
Hoseaß	1
Hëmis	1
Hësron	4
Hëërot	88
Hëëroteas	15
IEESUß	2
IVAßIH	4
Ibaß	2
Ieesuß	2780
Ieesuꞌ	4
Iessuß	1
Ihan	2
Ihoß	7
Ilam	1
Ilaëakim	2
Ilirikum	1
Imanuel	1
In	2
Inan	1
Inök	4
Inös	2
Ip	4
Is	6
Isakar	1
Isip	43
Isisu	1
Iskariot	10
Isoß	5
Israël	171
Italiß	5
Itiopiaß	1
Itumiaß	1
Ituriaß	1
Iu	4
Iunis	1
Iupretis	2
Iutikus	2
Iuun	125
Iv	2
Ivarih	1
Ivaßih	25
Ivaßuh	1
Ivëh	1196
Ivëhkëk	1280
Ivëhpëhkëk	35
JIUß	4
Janaëß	2
Jastus	3
Jaërus	15
Jehoiakin	2
Jehoram	2
Jehosafat	2
Jekop	31
Jeosëp	71
Jeremaëaß	4
Jerikoß	9
Jerusalëm	201
Jeson	5
Jisas	1
Jiutas	55
Jiutiaß	56
Jiuß	536
Joanan	4
Job	1
Jodaß	2
Joel	1
Joesëp	1
Jon	240
Jonam	2
Jonaß	10
Jopaß	14
Jorim	2
Josaëaß	2
Josuaß	4
Josëk	2
Jotam	2
Judaß	9
Juliaß	1
Julius	3
Junias	1
Jut	1
Jëmis	50
Jëmprës	2
Jënës	2
Jëptaß	1
Jërët	2
Jësiß	6
Jësëbël	1
Jödën	14
K1,000.00	5
K1.00	1
K10,000.00	1
K10.00	1
K2,000.00	8
K5,000.00	8
K50.00	1
K500.00	2
Ka	1248
Kahoß	2
Kaldiaß	1
Kaman	1
Kan	1
Kandasiß	1
Kapadosiaß	2
Kapaneam	25
Kariot	6
Karpus	1
Kataeah	1
Kaudaß	1
Kaëfas	12
Kaënan	2
Ke	1014
Kea	12
Kee	148
Keen	6
Keenan	11
Kemöm	31
Ken	2
Kenan	2
Kenaß	2
Keteh	15
Ketereh	2
Keß	222
Keße	3
Keßeß	2
Keöß	23
Kidron	1
Kiiki	3
Kikis	21
Kin	43
King	1
Kios	1
Kirismas	2
Kis	1
Kiu	1
Kiun	3
Klemen	1
Kliopas	3
Kloeß	1
Klödiaß	1
Klödius	5
Ko	459
Koaß	238
Koe	43
Kokoman	1
Kokon	1
Kolosi	4
Koman	1
Komön	4
Kon	6
Konilius	20
Korah	1
Korasin	2
Kos	1
Kosam	2
Kove	2
Kresens	1
Krispas	2
Kristo	886
Krit	10
Kukön	1
Kum	8
Kuru	97
Kurus	91
Kusaß	1
Kuteß	1
Kwartus	1
Kwirinius	1
Kë	2
Këh	4
Kën	83
Këstaß	1
Köm	32
Körin	18
Köß	52
Köövo	11
Laodisiaß	7
Lasarus	41
Laseaß	1
Latin	1
Laëkoniaß	2
Laëon	1
Lemëk	2
Libertin	1
Libiaß	1
Lidaß	3
Lidiaß	3
Linus	1
Lisabet	18
Lisanias	1
Lisias	3
Lisiaß	1
Listraß	7
Livaë	27
Lois	1
Luk	9
Lusius	2
Löt	6
Ma	17
Maaka	5
Magadan	2
Mahalalel	2
Mak	13
Makdalaß	12
Makën	1
Malkus	1
Maltaß	3
Mamakën	1
Mamatop	2
Man	1
Manaën	1
Manih	302
Manuh	25
Manësaß	3
Maranataß	1
Mariaß	93
Martaß	22
Marën	1
Mat	2
Matan	3
Matat	4
Matataß	2
Matatias	4
Matias	2
Matiu	7
Matop	136
Maß	5
Maëkel	2
Maëlitus	2
Maëraß	2
Me	129
Mediterenian	1
Megok	1
Meleaß	2
Menaß	2
Mesaëaß	5
Midian	1
Midiaß	1
Miletus	1
Misiaß	2
Mitilini	2
Moaan	116
Moeh	1
Moes	1
Molëk	1
Momoaan	1
Moovi	2
Mosës	371
Murin	1
Mëlkisëtëk	19
Mëlkiß	4
Mësadoniaß	28
Mësopotemiaß	2
Mët	6
Mëtusulaß	2
Möm	1
NASARËT	1
Nagaëß	2
Nahum	2
Naman	2
Nap	3
Napan	91
Naptaliß	3
Narsisus	1
Nasaret	1
Nasarët	33
Nason	6
Nat	3
Nataniel	9
Naën	1
Neapolis	2
Nee	1
Nehöß	2
Nereus	1
Neriß	2
Netan	2
Ni	8
Nidas	1
Nikenor	1
Niker	1
Nikodimus	11
Nikolas	4
Nikopolis	2
Nimfaß	1
Ninivëß	5
No	1
Noaß	12
Nok	2
Non	5
Nopoen	1
Nun	1
Nën	1
Nö	33
Nös	5
O	736
Oah	2
Obet	5
Oeh	3
Oeteß	3
Oho	1
Ohop	1
Olimpas	1
Oman	92
Onesimus	5
Onësiforus	3
Onöt	1
Oraß	1
PO	4
Pa	167
Paeh	1
Pafos	3
Pah	2
Pais	1
Pamenas	1
Pamfiliaß	6
Pamöm	13
Panih	2
Panuel	1
Papön	1
Para	12
Parantaß	2
Pare	131
Pareß	179
Pareꞌ	1
Parën	31
Parësiß	121
Paröm	112
Paröß	24
Pasovaß	41
Pataraß	2
Patiaß	1
Patmös	1
Patropas	1
Paëlat	99
Pe	12
Peah	2
Pelek	2
Pemöm	1
Peo	2
Perga	2
Pergamum	3
Pergaß	1
Persis	1
Perës	4
Peß	28
Peöß	1
Pilimon	3
Pilologus	1
Pirus	1
Pisidiaß	4
Pitaß	279
Po	84
Poa	2
Poaanesis	1
Poen	100
Pokaß	3
Pol	1
Poluks	1
Ponsius	5
Pontus	3
Porsius	1
Potan	5
Prisilaß	6
Prisëlaß	1
Prökoras	1
Publius	2
Puk	197
Pureß	2
Pus	9
Putens	1
Puteoliß	2
Putot	3
Pënton	35
Pëntëkös	3
Përo	5
Pöh	5
Pöl	345
Pölus	3
Pöstakah	1
Ra	6
Rabaëß	2
Rabonaëß	1
Rakah	3
Rebëkaß	2
Refan	1
Regium	1
Rehap	4
Remaß	1
Resaß	2
Resel	1
Reuß	2
Rodaß	1
Rodes	1
Rom	1
Room	53
Ruben	1
Rufus	2
Rut	1
Rëhoboam	2
Rëhrëh	1
Rëm	2
SUNÖN	4
Sakarias	4
Sakias	7
Salamis	1
Salim	1
Salmon	4
Salmone	1
Salomeß	2
Salëm	3
Samos	1
Samotres	1
Samson	1
Samuël	3
Samëriaß	26
Sapaëraß	1
Saraß	10
Sardis	3
Sarefat	1
Satan	2
Saëdon	14
Saëlas	33
Saëmon	84
Saënaëß	5
Saëon	4
Saëprus	9
Saëriniß	7
Saöt	2
Sealtiël	2
Sebulun	3
Sedok	2
Sekandus	1
Sekem	1
Selusiaß	2
Selöt	1
Semen	2
Sergius	3
Serubabël	4
Seruk	2
Siatiel	2
Sifas	2
Sikar	1
Silisiaß	8
Simeon	9
Sintikeß	1
Sipoan	3
Sipsip	47
Sirakius	2
Siraß	2
Siriaß	12
Siroam	5
Sisariaß	26
Sisaß	37
Sisiß	1
Siëm	2
Skivaß	1
Smernaß	2
Soe	279
Solomon	15
Soneß	44
Sopataß	1
Sosipater	1
Sosoenën	3587
Spen	3
Stakis	1
Stepanas	3
Stivin	26
Stoik	1
Suk	456
Sun	23
Sunaißeah	13
Sunön	540
Sus	2
Susanaß	1
Susun	71
Susunön	29
Sëbëdiß	12
Sëdiusi	19
Sëkaraëaß	22
Sënas	2
Sënkriaß	2
Sërat	3
Sëraß	1
Sërupim	1
Sët	2
Södom	10
Söl	49
Söstënes	3
TEß	4
Ta	69
Taateß	12
Tabitaß	2
Tah	8
Tahiß	1
Tahoe	1
Takap	1
Takikus	1
Talita	1
Tamaara	39
Tamamöm	3
Taman	17
Tamaneah	15
Tamaneoß	6
Tamaneöm	1
Tamoaan	5
Tamëneöm	21
Tamëëre	1
Tamömah	4
Tamön	195
Taneo	23
Tasas	5
Tatai	1
Tavus	1
Taß	1
Taëataëraß	4
Taëaß	13
Taëberius	4
Taëtus	22
Taëën	32
Te	3
Tekapolis	1
Temaß	1
Tertius	1
Tertulus	3
Tesaronaëkaß	11
Teutas	1
Teß	355
Tikikus	6
Timeus	1
Timon	1
Timotiß	40
Tiopiras	2
Tiranus	1
Titikus	2
Titius	1
To	20
Tolemës	1
Tomeß	1
Tonun	1
Topa	1
Tope	16
Topnin	2
Topoan	44
Torara	6
Totoaan	1
Totomin	1
Totoopin	3
Toßtoß	3
Trakonitis	1
Trifinaß	1
Trifosaß	1
Troas	7
Trofimus	3
Tuvuh	339
Tëdius	2
Tënan	1
Tëraß	2
Tökiiki	2
Tömas	14
Tövapupui	43
Tövavaasis	20
Ununun	1
Uraëaß	1
Urbanus	1
Usaëaß	2
Ut	4
VA	1
Va	10
Vaato	1
Vaeö	21
Vahik	4
Vahoß	3
Vahuk	1
Vahvanih	34
Vahvapoß	1
Vahvapoßnih	15
Vahëh	1
Vakamöß	4
Vaket	1
Vakum	22
Vaman	1
Vamanih	18
Vamanin	2
Vamatop	6
Vamomhë	1
Vamomoaan	16
Vanënën	15
Vanö	3
Vaoe	2
Vaonöt	1
Vapenpen	77
Varenan	29
Varih	1
Varoe	1
Varuß	18
Vasinan	1
Vasioß	288
Vasuksuk	44
Vasunön	1
Vataare	5
Vatamak	1
Vatotomin	5
Vatotoopin	1
Vatët	1
Vatönim	4
Vaururuan	2
Vavaasis	341
Vavaßaus	2
Vavih	1
Vaßaus	2
Vaëhëh	16
Veo	1
Vi	20
Vih	338
Vivihan	4
Voe	1
Voh	1
Voon	4
Vos	1
Vu	1
Vëh	2
Vëvëhöß	2
Vëvënsun	1
Vöknah	1
Vörep	1
Vöön	47
Wormwood	1
Yuodiaß	1
a	17789
aa	5
aan	19
aavë	1
aeoh	1
aget	1
ah	160
ahah	2
ahik	150
ahikta	33
akaß	5
akeh	8
akis	77
akuk	305
amamot	8
amamun	6
amanih	1
ametis	1
amop	28
amot	176
amun	8
ananoeh	3
anaß	5
ankaß	6
ankeroß	229
ankeroꞌ	1
ankesep	1
anoe	117
anoeh	171
antoen	283
aoaß	21
apan	1
apaneah	2
apaneoß	1
apapuh	1
apaßpon	1
apaßpuh	63
apean	1
apeera	4
apeere	2
apeero	1
apen	31
apeneah	5
apeneoß	3
apeneöm	14
apeomah	1
apiire	4
apin	1
apon	1
aposol	114
apuh	602
arapasta	1
araß	1
are	3
ariuk	1
arus	59
ataaton	4
ataeah	598
atan	6
atantön	3
ateß	5
aton	8
atö	2
aun	8
ava	14
avan	1
avavuh	1
aven	29
avih	50
avoavuh	11
avoes	54
avoeß	430
avuh	5
avë	7
aën	3
baket	1
baliß	1
beaß	1
benk	1
beril	1
bras	4
e	7758
ea	431
eah	404
ee	3247
eean	10
een	12
eh	150
eheh	2
ekeok	13
elepen	1
em	485
emöm	194
en	2974
eneen	1
enen	4
ennom	1
ennon	1
eo	12
eok	65
eom	86
eoß	300
ep	1021
epep	53
eraß	97
ere	4
ereraß	21
eretereh	1
eteh	99
etereh	10
etieh	1
eß	1963
eße	103
eßeß	13
eën	414
eöm	1268
eöß	942
fik	14
gitaß	5
gol	47
ha	130
hah	1688
haha	3
hahah	36
haharaß	9
hahha	1
hahrom	1
hak	2
han	42
hanan	196
hanhan	1
haraß	217
harih	1
hariun	19
hat	1606
hathat	8
havin	32
havineah	7
havineoß	1
havineöm	1
havun	114
haëasin	1
he	107
heh	11
hehe	41
heheve	7
hehnö	1
henen	5
herep	7
heve	86
heß	1577
heßheß	80
heꞌ	3
hi	349
hihinën	2
hiinana	14
hik	183
hikan	2
hikhik	5
hikhiuk	2
hikiß	2
hikrom	1
hikta	3158
hikten	1
hikto	26
himonmoen	1
hin	240
hinhin	318
hinën	13
hiroß	2
hisop	1
hiuk	6
hivaß	37
ho	155
hoaß	3
hoep	1
hoho	2
hohoe	1
hohovën	1
hokoß	1
hop	137
hopaß	82
hovën	15
huh	6
huip	1
huk	27
hum	24
hun	6
hunun	12
hutët	14
hë	5
hëhë	4
hëkhëk	1
hös	25
i	179
ih	1
ihan	121
ihi	17
ihihan	4
ihihoß	66
ihoß	191
ihoßpaeß	1
ihöß	1
iian	55
in	788
inan	86
iniinan	9
ip	307
ipamëh	15
ipapanih	2
ipip	29
ipoaß	2
is	16
isisu	3
isu	13
itoeß	2
iu	1373
iuun	547
ivarih	63
ivat	11
ivaßih	38
ivaßuh	1
ivëh	507
ivëhkëk	307
ivëhpëhkëk	8
ivöh	6
jaspa	1
ka	2108
kaak	88
kaaktön	1
kahoß	26
kakaak	32
kakaaktön	1
kakaare	39
kakaaroe	2
kakaaroen	1
kakakni	11
kakamis	4
kakap	5
kakaras	1
kakarauh	3
kakarëh	1
kakau	1
kakaun	1
kakaveo	46
kakavoß	1
kakomaneah	1
kakoß	10
kaman	64
kamis	191
kamus	3
kamöm	6
kamöß	45
kan	5
kana	1
kaniß	1
kap	71
kara	13
kararauß	1
karas	10
karauh	9
karis	6
karuß	1
karë	17
karöß	1
kat	5
kataeah	2
kaveo	19
kavuh	1
kaöß	2
ke	2178
kea	329
keah	24
kee	653
kees	1
keh	930
kehkeh	177
kehoß	37
keke	3
kekehoß	21
kem	14
kemöm	84
ken	129
kenet	2
kensun	1
keo	1
keok	12
keon	20
keoß	129
kepaß	1
kere	1
keteh	21
ketereh	2
keß	918
keße	1
keßeß	4
keöm	1
keöß	25
keꞌ	1
ki	39
kihkiuh	1
kiiki	179
kiikin	15
kikis	473
kikiu	291
kikiuk	3
kilogram	2
kin	286
kinaß	7
kinkiun	9
kirismas	75
kiromitaß	7
kirök	26
kit	1
kiu	729
kiuh	1
kiuk	5
kiun	388
kiuntön	3
kiß	5
ko	2470
koa	13
koaan	23
koaß	647
koe	436
koek	2
koep	15
kok	10
kokaß	4
kokea	1
koko	5
kokoa	1
kokoaan	71
kokoe	12
kokoek	7
kokoeß	31
kokoman	752
kokon	92
kokonoh	3
kokoroh	8
kokot	2
kokoveß	1
kom	4
komaara	26
koman	1415
komaneah	15
komaneoß	16
komanmöm	1
komkom	2
komon	1
komonioß	3
kompoß	10
komtön	2
komtötön	1
komunioß	1
komë	1
komëmöm	1
komëneöm	33
komëëra	1
komëëre	20
komömah	4
komön	94
kon	1094
konilian	2
konkon	1
kontrak	1
koos	2
kop	3
kopaß	1
kopih	2
kopkoep	1
kopös	27
koraß	4
koreera	33
koreere	23
koreero	7
korem	1
koren	61
koreneah	55
koreneoß	12
koreneöm	4
korenmöm	2
koreomah	18
koreoß	1
korera	1
koroh	79
korom	1
korë	1
kot	2
koum	1
kov	155
kove	27
koveß	68
kovëh	7
koß	8
koßkoeere	2
koßkoneah	5
koßkoß	5
krisolaët	1
krisopres	1
kui	6
kuin	15
kuku	1
kukuit	4
kukunah	7
kukuruh	2
kukurus	7
kukusan	3
kukuteß	4
kukuvun	4
kukön	117
kum	205
kuma	1
kumis	7
kun	11
kunah	107
kuniuß	2
kunkuin	83
kunkun	4
kunpip	2
kunëß	1
kup	1
kupkup	20
kupu	76
kuri	4
kuru	406
kurus	977
kuruse	119
kuruß	46
kusan	9
kusin	6
kuteß	23
kuvi	1
kuß	54
kußkuß	3
kë	293
këh	800
këk	22
këkëh	11
këm	10
këmol	5
kën	369
këntör	10
këproß	3
kës	123
këëkë	13
kö	26
köh	2
kök	54
kökö	2
kökök	22
kökörös	2
kökööt	70
köm	379
kömköm	13
köreaß	2
kösan	10
kötköt	1
köß	304
köövo	514
laëon	7
lepat	1
ma	6583
maaka	237
mah	21
mahin	8
mahu	6
mahun	14
mahën	33
makah	3
makat	2
makus	1
makën	28
mamaaka	1
mamaasoe	4
mamakën	7
mamanat	1
mamanin	4
mamanoe	1
mamanot	5
mamatan	4
mamatop	6
mamaë	5
man	318
manat	1
manaß	4
mane	1
manean	3
manem	71
maneom	9
manih	4777
manihß	2
manin	24
manoe	15
manot	33
manuh	966
mapol	1
marasin	1
marën	318
mastat	8
mataara	9
matan	259
mataneah	50
mataneoß	17
matanmöm	5
matanpoen	27
matian	1
matop	452
matëëneöm	14
matëënmöm	1
matëëra	42
matëëre	30
matëëro	13
matö	3
matömah	25
matön	6
maß	2393
maßkis	10
maë	36
maꞌ	3
me	5334
mean	3
meaneah	2
meaneoß	1
meara	1
meeme	14
meemeß	6
meh	789
meoh	145
meon	21
meß	88
meëre	2
milion	3
mimiroß	1
mimiröß	26
miröß	126
mitaß	5
mitök	1
miu	22
moaan	132
moah	4
moe	5
moeeneöm	5
moeera	3
moeere	8
moeero	2
moeh	258
moera	1
moes	39
mokoß	20
momah	6
momoaan	112
momoe	1
momona	1
momoniß	1
mon	51
mona	1
moneah	25
moneoß	9
moniß	241
monmöm	1
monpip	1
moomo	53
moovi	3
mu	5
muhin	370
mumuteß	1
muriaknan	2
murin	10
mut	4
muteß	3
muvaen	2
muß	32
mës	1
mët	713
mëtmët	23
mëto	3
mëtsioni	1
möh	3
möhmöh	13
mök	9
möm	248
na	618
naat	1
nain	1
naineah	1
naineöm	1
naira	2
naire	6
nam	1
naman	2
nampaß	4
nan	2
nanansoe	1
nanat	1
nanaöp	79
naon	111
nap	659
napan	2767
nat	1607
natnat	20
natsean	41
navuh	3
naën	1
naöp	106
ne	6437
nea	6
neah	3
nee	836
nem	2570
nemöm	174
nenes	2
neoß	778
nep	39
nepnep	8
neseneah	1
neß	894
neöm	1116
neöß	69
ni	46
nih	126
nikun	3
ninin	6
nis	1
no	2520
noan	4
noeßtan	2
noh	14
nohnoh	151
nohpip	1
nohtöön	16
nok	1354
nom	673
noman	1
nomanih	1
non	6689
nonok	699
nopoen	4
not	7
noton	24
noß	1610
nun	44
nus	12
nusnus	1
nën	656
nënkikiu	19
nënës	3
nës	8
nö	1687
nöh	27
nöhnöh	3
nöhsun	1
nök	4
nöm	473
nönö	168
nös	305
növan	28
nöß	668
nößnës	30
o	4560
oah	759
oasean	2
oeh	665
oer	1
oes	13
oeteß	79
oh	9
oho	18
ohoaß	1
ohop	215
ohoß	24
okoek	1
okook	40
oman	16
on	2
onoah	42
onon	3
onöt	633
ook	20
oon	7
oot	2
opoep	13
opop	1
opëß	4
oran	1
oraß	267
oro	1
orom	4
ororan	9
ororaß	6
ororom	1
osoes	6
ov	45
ovin	4
ovineoß	1
ovineöm	1
ovoavuh	8
ovoes	3
ovö	1
oßo	1
oßoah	14
pa	11515
paan	111
paapa	6
paarak	1
paeh	266
paeoh	1
pah	1139
pahan	27
pais	4
pak	2
paknan	3
paknaneah	2
paknëëre	2
pakuh	1
pamëh	2002
pamöm	73
pan	3923
panan	2
panih	160
panis	3
panpan	3
panuh	11
panömah	2
pap	57
papaeh	74
papan	9
papanih	18
papanöß	5
papkiruk	15
papmatö	54
papön	37
para	101
paraß	40
pare	1223
pareß	1889
pareꞌ	1
parin	38
parëm	1
parën	181
parö	1
paröm	374
paröß	396
pasuire	5
pasuiro	1
pasumah	1
pasun	30
pasuneah	20
pasuneoß	3
pataeah	80
pau	8
paß	3
paßpuh	1
pe	3769
pea	604
peah	105
pean	9
peananeah	3
peat	6
pee	1364
peepe	4
pehe	2
pehen	7
peheoß	4
pehpeah	8
pemöm	226
pen	214
penai	1
peo	423
peos	1
pepeah	17
pepeak	2
pepeat	3
pepeo	3
pepereß	4
pepet	4
pere	1
peret	40
pereß	1
pet	250
peteh	25
petereh	2
petpet	3
peß	2813
peßeß	1
peö	6
peöm	1495
peöß	1173
peꞌ	3
pikpiuk	81
pin	2
pinoß	6
pinpiun	30
pip	19
pipihih	1
pipihkatan	5
pipinoß	1
pipiu	1
piprom	17
pirisman	15
pisiß	14
pitöß	6
piu	21
piuk	132
piun	377
piß	8
po	4787
poa	425
poan	594
poaneah	7
poaneoß	12
poanheh	48
poe	3
poeere	2
poen	1039
poeneah	2
poeneöm	1
poet	25
pok	41
pokaß	99
pokis	15
pokoß	1
pom	31
pon	129
ponkiß	8
ponot	1
pop	30
popoen	110
popokaß	87
popokoß	1
pos	2
posean	8
potan	156
potpoet	8
poß	318
poßpoß	23
poë	1347
poëëneöm	2
poëëre	6
praoaß	15
pras	1
pu	32
puh	97
puhioß	21
puhpuh	1
pui	2
puit	4
puk	34
punaß	2
punis	222
punöß	113
pupu	12
pupue	1
pupuh	1
pupui	141
pupunöß	33
pureß	9
purmakaöß	26
pus	104
pusiß	1
pusun	158
pusuneah	6
puta	3
puto	8
putot	5
putoß	2
pë	1
pëh	1
pëk	19
pën	570
pënton	490
pëpaß	25
pëpënton	24
përoß	1
pët	48
pëtpët	2
pö	51
pöe	2
pöh	214
pök	1
pöm	8
pömah	5
pön	2
pönpön	3
pöpö	1
pöpößraß	1
pöpöök	1
pöstakah	35
pöß	105
pöök	143
ra	693
rak	115
rakah	2295
rakahvakomanih	1
ram	36
rama	2
raoe	987
rapis	50
rapoë	162
rara	92
raraun	2
rarauß	2
ratoß	4
re	2
rea	35
rereaß	1
retereh	12
rih	11
rikrik	29
rin	1
ririh	5
ririu	8
ritaß	1
riu	7
riun	2
riurivoeere	1
riurivoneah	1
rivoe	5
rivoeeneöm	3
rivoeere	7
rivoeero	6
rivomah	1
rivon	57
rivoneah	18
rivoneoß	4
rivonmöm	1
rivoora	1
rivooro	2
ro	735
rokoß	7
rom	4
rora	115
rorotuß	1
rotuß	19
ru	7
ruen	158
ruiß	9
ruk	14
rukruk	2
rum	1
rumun	2
rurup	1
rurusin	4
ruruvis	1
ruruvun	20
rusin	48
ruß	1
rë	80
rëh	80
rëhrëh	61
rëhtöön	1
rëmrëm	1
rën	6
rëp	30
rëprëp	9
rërë	4
rërës	7
rës	75
rëërë	4
rö	2
rökrök	1
röktaß	10
röm	1
röß	2
sa	1
saatuß	6
sadönikis	1
salpaß	7
sapaktani	2
sapaëaß	1
saspaß	3
se	7522
see	8
sekaß	34
semomah	3
semon	11
semoneah	8
semoneoß	1
semöm	1
sen	2
sepeß	28
sesekaß	8
sesepeß	2
seß	19
seök	1
si	6
sih	788
sike	1
siku	8
silkaß	1
silvaß	14
simen	1
sin	2
sinaara	1
sinamon	1
sinan	55
sinaneah	53
sinaneoß	9
sinaneöm	1
sinaß	1
sini	2
sinin	2
sinten	75
sinup	11
sinëneöm	5
sinëëre	12
sinëëro	1
sinömah	10
sioniira	13
sioniire	22
sioniiro	5
sionin	224
sionineah	39
sionineoß	21
sionineöm	23
sioninmöm	4
sioniumah	21
siot	1
sipak	2
sipoan	3
sipsip	94
sipuiira	1
sipuiire	9
sipuiiro	2
sipuineöm	14
sipumah	1
sipun	14
sipuneah	3
sipuneoß	2
sipuneöm	2
sipunmöm	3
sipuura	45
siroak	8
siröß	31
sisi	3
sisinuh	2
sisiröß	2
sisiß	4
sitoaß	1
siton	2
sivö	33
siß	194
soaß	7
soaßpi	1
soe	5308
soepip	41
soneß	150
sosoe	388
sosoenën	53
sosoepip	5
sosoneß	28
sospen	3
soß	1
suk	1495
sukaß	1
suksuk	61
sumuißah	3
sun	449
sunaiß	24
sunaißeah	17
sunaißneoß	1
sunpip	50
suntan	119
sunë	10
sunön	285
sup	3
supa	16
supin	1
supiun	1
supnaiß	20
supon	4
supsup	1
supui	1
surap	5
suraß	128
susun	322
susunpip	6
susunuh	3
susunë	5
susunön	248
susupa	1
susupatön	1
susurap	4
suupon	1
suvin	22
suß	14
sußsuß	2
sën	20
sö	10
sölpaß	4
söm	13
söß	19
söë	7
ta	809
taan	6
taanaß	52
taata	1
taateß	2153
taateꞌ	3
taeah	58
taeoh	3
taeok	1
tah	2241
tahah	1
taheak	1
tahinën	3
tahiß	80
tahkoek	5
tahoak	1
tahoep	1
tai	4
taihan	49
taioeh	1
tairo	1
taka	5
takah	11
takap	6
takeo	2
taki	15
takin	21
takis	42
takiun	2
takoek	3
takon	3
takoß	17
takuin	4
takëp	1
takö	3
taköh	1
takök	13
tamaara	10
tamak	68
tamamöm	1
taman	79
tamaneah	51
tamaneoß	1
tamanoan	1
tamiröß	3
tamiu	1
tamoaan	517
tampu	1
tamëneöm	11
tamëëra	3
tamëëre	26
tamëëro	1
tamömah	8
tamön	6
tan	3
tanaon	14
tanaß	3
taneah	49
taneo	167
taneß	559
tanih	18
tankekvö	4
tanok	75
tanu	3
tanunuß	1
tanöß	2
tanößnës	2
taoa	18
taokook	1
taop	1
tapaiuun	18
tapan	9
tapeat	4
taperet	9
tapisik	6
tapiun	5
tapui	67
tapön	2
taram	2
tarih	55
tariuk	3
taru	6
taseök	1
tasi	4
tasun	173
tata	16
tataeah	1
tatahinën	1
tatahoe	1
tatakin	6
tatakis	2
tatakoß	1
tatakök	5
tatamak	4
tataman	2
tatamiröß	3
tatamoe	1
tatanaß	5
tataneo	2
tataneß	10
tatanih	7
tatanok	5
tataoa	8
tatapan	4
tatape	1
tataperet	1
tatapiun	1
tatapon	3
tatapui	2
tatarep	14
tataru	1
tatasi	1
tataum	6
tatavi	7
tatavus	34
tatek	5
taum	152
tavahoß	1
tavi	11
tavus	1240
tavöön	2
taß	84
taßkë	3
taßtaß	6
taëën	357
taöör	2
te	7
teen	36
teh	6
tek	4
tektek	2
tekteok	10
tekö	1
temöm	1
tenan	12
tenaneah	16
tenara	1
tenë	1
tenëneöm	6
tenëre	1
tenëëre	6
teo	3
teraß	10
tereh	4
tet	6
tetehean	8
tetekö	3
teteo	6
tetet	2
tevan	8
tevo	1
teß	10434
teßteß	103
teßteßvaasi	1
teßteßvaasiß	32
teꞌ	5
tiroëß	10
tis	4
to	20373
toaan	3
toaß	17
toeaß	4
toep	17
toh	20
tok	71
toknon	8
tokon	3
tokoß	1
toksean	29
toktok	1
tom	45
tomaß	10
tomeß	95
tonon	65
tonun	131
tonuneah	5
tonuneoß	1
toon	34
tooto	14
top	32
topa	8
topas	1
tope	61
topniineöm	5
topniira	15
topniire	6
topniiro	2
topnin	79
topnineöm	37
topninmöm	1
topninneöm	1
topoan	1
torara	20
tot	1
toto	23
totoaan	9
totomin	4
totomoen	5
totonaß	2
totoon	7
totoopin	268
totope	8
totopoan	1
totopoß	1
totoën	2
totruen	2
toviaß	3
tovih	21
toß	56
toßtoß	536
tuktuk	3
tutuvuh	8
tuvuh	116
të	4
tëkrea	24
tënan	245
tënkun	9
tëptot	3
tësvak	1
tëtëkrea	5
tëtënan	12
tëtënkun	24
tëëm	110
tö	63
töhkak	50
töhkoß	10
töhoan	1
tök	4
tökiiki	13
tökiu	17
tökrus	8
töm	1
tönim	147
tönkiß	27
tönun	59
töpaß	15
töpkaß	10
töpreß	1
tös	7
töstös	4
töstösvös	2
tösvös	12
tötö	23
tötökurus	1
tötönun	10
tötöpkaß	2
tötöspan	2
tötöön	3
tövaen	27
tövakihat	14
tövaneah	54
tövavaasis	25
tövavanö	2
töveneah	4
tößtöß	1
töön	32
töötö	3
u	3
uh	7
uhioß	3
uhu	4
uhuh	1
uhön	18
uintoß	2
umaß	7
unat	12
ununun	87
ununöh	1
unöh	28
up	2
upin	41
upöm	477
urih	1
uris	62
uriß	1
uruan	21
ururuan	186
ususoan	1
ut	82
utut	33
uumaß	4
uvan	25
uviire	3
uviiro	1
uvin	11
uvineah	13
uvineöm	1
uviumah	1
va	4527
vaahah	1
vaapun	1
vaasis	11
vaato	205
vaaton	1
vaeh	69
vaeheh	1
vaen	102
vaep	1
vaepep	1
vaere	4
vaes	5
vaeö	371
vah	243
vahah	17
vahahah	1
vahakrë	1
vahan	21
vaharaß	9
vahat	135
vahavun	3
vaheahih	2
vaheheve	11
vaheve	20
vaheß	4
vaheßheß	2
vahik	439
vahipös	2
vahmomhë	1
vaho	6
vahok	11
vahop	9
vahovën	2
vahoß	233
vahraß	1
vahu	4
vahuh	54
vahuk	16
vahutët	258
vahvanih	18
vahvapoß	4
vahvapoßnih	6
vahëh	7
vaihoß	4
vaiihi	37
vain	1
vainan	1
vaiu	36
vaka	1
vakaak	5
vakah	6
vakakaak	1
vakakaare	1
vakamot	1
vakamöß	74
vakapis	2
vakapkap	1
vakarë	4
vaket	30
vakihat	79
vakihkiuh	1
vakikis	59
vakin	8
vakis	335
vakit	2
vakiu	19
vakmis	116
vako	1
vakoaan	74
vakoe	2
vakoei	1
vakoko	1
vakokoaan	2
vakom	5
vakomanih	87
vakon	1
vakonoß	1
vakop	1
vakorot	1
vakoskos	2
vakuku	1
vakukunun	1
vakum	71
vakumkum	1
vakunah	3
vakuru	2
vakusin	3
vakuskus	9
vakuß	10
vakëh	36
vakëkëh	54
vakës	8
vakëën	4
vakö	2
vakökööt	5
vakömköm	6
vakön	41
vaköp	2
vamaaka	133
vamahun	4
vamahën	2
vamaman	127
vamamaneß	1
vaman	1534
vamanih	600
vamanin	8
vamanman	24
vamatan	2
vamatop	179
vame	6
vameeme	3
vameera	2
vameere	6
vamemeß	3
vamen	64
vameneah	10
vameneoß	10
vameneöm	4
vamenmöm	2
vameomah	4
vameomin	1
vamhun	11
vamhën	4
vamoaan	55
vamom	1
vamomhë	533
vamomoaan	104
vamurin	1
vamët	232
vamëtmët	2
vamö	3
vamöhmöh	1
vamösru	5
vananaöp	4
vanat	65
vanatsean	3
vaneah	93
vanih	6
vaninin	2
vaniu	14
vanoe	1
vanom	30
vanon	2
vanonaiß	1
vanono	2
vanot	36
vanun	36
vanvan	1
vanën	1
vanënën	219
vanö	383
vanönö	6
vanövan	1
vaoah	11
vaoe	171
vaokook	20
vaon	9
vaononoah	3
vaonöt	143
vaororan	1
vapa	3
vapaan	9
vapapanih	2
vapapön	6
vapeaapen	2
vapeah	21
vapeepe	92
vapehen	2
vapekaß	2
vapenpen	60
vapeo	21
vapeoß	4
vapet	2
vaphan	3
vapihpih	1
vapikpiuk	37
vapinpiun	1
vapipinoß	83
vapisiß	1
vapiun	31
vapißpiß	1
vapnih	1
vapo	1
vapoet	30
vapokaß	5
vapon	3
vaponkiß	3
vapopoen	4
vapoß	1
vapoßkan	4
vapoßnih	1
vapu	8
vapuh	45
vapuhioß	1
vapuhpuh	1
vapun	1
vapunis	9
vapupui	2
vapuputoß	2
vapus	105
vapusun	1
vapënton	1
vapëpënton	1
vapö	8
vapöh	62
vapöpöötan	5
vapöök	47
varak	6
varakah	13
varapök	4
varauß	1
varek	6
varem	7
varenan	12
varih	2752
varikrik	1
variriun	1
variu	5
varo	111
varoe	398
varokoß	1
varu	7
varuen	1
varuh	12
varurusin	4
varuruvun	2
varuß	133
varë	34
varëhrëh	1
varërëës	1
varës	1
varëërë	1
vaseak	2
vasinan	2
vasioß	31
vasipun	3
vasisiß	6
vasoe	9
vasoneß	3
vasosoneß	1
vasosoëri	4
vasosöë	8
vasosöëri	3
vasoë	2
vasukaß	29
vasuksuk	41
vasun	31
vasunë	2
vasunön	79
vasup	8
vasusun	1
vasusunpip	1
vasusunön	3
vasusurap	1
vasuß	4
vasöë	2
vataanaß	8
vataare	278
vataata	2
vatam	4
vatamak	28
vataman	8
vatamoaan	3
vatarom	1
vataruin	1
vatatan	3
vatatarih	2
vateen	33
vateeraß	69
vatet	326
vateß	245
vateßteß	1
vatiruß	2
vatkin	1
vatoe	111
vatoeßnën	14
vatok	11
vatokon	45
vatokpös	1
vatoksean	97
vatom	3
vatomore	6
vatompoan	104
vatonun	4
vatopnin	4
vatotomin	11
vatotoopin	74
vatotot	1
vatoß	63
vatoßtoß	2
vatunuß	1
vatuvuh	1
vatvi	9
vatvus	351
vatëh	70
vatëk	27
vatënan	1
vatët	156
vatö	39
vatökrus	1
vatönim	20
vatönun	41
vatös	119
vatösoe	64
vatötöhkak	7
vatötönun	20
vatöön	2
vauh	2
vauhioß	2
vauhunun	1
vausean	1
vauß	6
vavaakö	1
vavaaköm	2
vavaapun	3
vavaarek	2
vavaasin	1
vavaasis	603
vavaasoe	8
vavaatek	2
vavaateß	1
vavaato	147
vavaatö	3
vavaeh	1
vavaen	9
vavaeo	2
vavaes	1
vavaeö	35
vavah	31
vavahan	6
vavahat	16
vavaheve	1
vavahik	10
vavahoß	22
vavahu	1
vavahuh	5
vavahuk	2
vavahutët	10
vavaiu	28
vavakiu	3
vavakmis	6
vavakoaan	3
vavakom	2
vavakuß	1
vavakës	1
vavakëën	3
vavaköm	1
vavaman	1
vavamui	1
vavanot	7
vavanun	4
vavanö	5
vavaoe	12
vavaon	1
vavaonöt	2
vavapean	1
vavapeo	1
vavapoeh	1
vavapoet	1
vavapus	35
vavarah	2
vavarauß	1
vavarion	1
vavasoe	19
vavataare	2
vavateen	3
vavatet	336
vavateß	4
vavatoe	5
vavatokon	1
vavatom	1
vavatoß	23
vavatvi	4
vavatvus	146
vavatëk	3
vavatët	17
vavaveo	19
vavavih	12
vavavihi	1
vavavoen	12
vavaßaus	37
vavaßnaöp	1
vavaßpeh	1
vavaëën	9
vaveo	12
vaveoh	2
vaveos	2
vaveves	1
vavih	691
vavihi	1
vavihvih	105
vaviivi	3
vavipuh	1
vavisoës	1
vavisvis	4
vavito	1
vavivihan	8
vaviß	43
vavoan	2
vavoasean	2
vavoaß	2
vavoe	1
vavoen	34
vavoh	194
vavoon	57
vavovoeak	18
vavovoh	7
vavuh	1
vavuriah	5
vavutom	1
vavëhöß	2
vavösvös	3
vavövöneß	13
vaßaus	509
vaßih	371
vaßnaß	5
vaßnaßtöön	1
vaßnaöp	16
vaßo	2
vaßpeh	565
vaßpet	6
vaßpuh	54
vaßsik	1
vaßtop	9
vaßuh	1
vaëh	2
vaëhkiiki	2
vaëhëh	37
vaëman	1
vaënpan	23
vaënëën	19
vaës	7
vaëën	9
vaörakuk	7
vaöt	8
ve	2
vean	1
vehveoh	1
veo	91
veoh	2
veovöön	2
ves	13
vesun	35
vetan	1
veveahih	1
veveo	21
veveot	4
vi	119
vih	873
vihvih	83
viivi	15
vikuh	36
vinikaß	2
vipuh	9
vito	2
vivihan	134
vo	3
voavuh	3
voaß	188
voaën	137
voe	170
voen	182
voh	3486
vonih	20
vonvoen	6
voon	175
vos	116
vovoaß	15
vovoaßruvi	4
vovoh	130
vovos	8
vu	305
vuhun	1
vuhvuh	17
vuit	7
vuk	4
vuksean	2
vun	2
vunvun	2
vur	15
vure	1
vusvus	4
vuteß	99
vutom	4
vutompoan	1
vuvu	1
vuvuhuneah	3
vuvui	4
vuß	71
vußtöön	2
vußvuß	9
vëh	1705
vëhnan	21
vëhvaß	50
vëhöß	37
vëknöm	104
vëkrea	5
vëtkin	11
vëvë	2
vëvëhnan	1
vëvëhöß	76
vëvëkrea	1
vëvënsun	151
vöh	85
vöhioß	18
vöhkak	4
vöhnun	4
vöknah	145
vökroh	2
vömru	1
vönaß	72
vörep	158
vös	179
vösvös	14
vötpin	1
vövöhioß	1
vövöknah	9
vövöknoes	1
vövömteß	1
vövößpë	1
vößparean	1
vößpë	3
vöön	945
vööv	1
Ëen	1
Ëfësus	25
Ëmeus	2
Ëndruß	14
Ëpafras	5
Ëpafroditus	3
Ëpapëta	1
Ësliß	2
Ësës	66
Ëën	1
Ö	3
Öliv	13
Öm	2
Öt	3
ße	1
ëen	1
ëh	50
ëhnaara	3
ëhnan	337
ëhnaneah	138
ëhnaneoß	43
ëhnanmöm	2
ëhnëëneöm	15
ëhnëëra	2
ëhnëëre	24
ëhnëëro	11
ëhnöömah	22
ëhë	1
ëhëh	15
ëkoß	1
ëm	25
ëman	41
ëmeral	2
ënaëën	1
ënpan	1
ënëën	115
ëp	3
ëpëp	2
ës	68
ësës	231
ësëës	2
ëtoß	11
ëën	217
ö	2137
öh	22
öhön	4
ököök	1
öliv	12
öm	147
öra	2
örakuk	6
öt	365
ötop	34
ötön	1
ötöt	14
ötöön	26
öß	20
öök	125
‘	402
’	375
“	2234
”	2055
