!	522
(	79
)	79
-	2
:	4
?	1
O	245
[	11
]	11
òنہ	1
،	1
؛	4
؟	897
آ	322
آO	2
آؤ	44
آؤُں	10
آؤں	11
آؤںO	1
آئِیو	1
آئِیں	8
آئِیںO	2
آئی	62
آئی؟O	1
آئینہ	3
آئیں	28
آئیںO	2
آئے	210
آئےO	3
آاور	1
آباد	1
آبدار	1
آبِ	4
آتا	69
آتا؟O	1
آتشِ	2
آتِش	1
آتی	26
آتے	40
آج	50
آخز	2
آخِر	41
آخِرت	1
آخِری	12
آد	1
آداب	3
آدم	95
آدمِیوں	148
آدمی	255
آدَمِیوں	1
آدَمی	3
آدھ	2
آدھا	1
آدھی	7
آدھے	2
آر	1
آراستہ	12
آرام	33
آرایش	1
آرزُو	19
آرہی	1
آرے	1
آزاد	28
آزادوں	1
آزادی	12
آزار	1
آزما	6
آزماؤ	3
آزماؤں	1
آزمائے	4
آزماتا	3
آزماتے	3
آزمانے	12
آزمایا	8
آزمایش	32
آزمایشوں	4
آزمایشیں	1
آس	7
آسا	2
آسان	7
آسانی	1
آسمان	254
آسمانو	1
آسمانوں	5
آسمانِیوں	2
آسمانی	37
آسُودگی	1
آسُودہ	4
آسِیہ	12
آسیہ	9
آشر	2
آشکارا	2
آفت	4
آفتاب	7
آفتوں	8
آفتیں	4
آلات	1
آلُودگی	2
آلُودہ	6
آلہ	1
آمادہ	2
آمد	6
آمدنی	2
آمِین	33
آمیزِش	2
آنا	16
آندِھیاں	2
آندھی	9
آنسُو	8
آنسُوؤں	3
آنکھ	28
آنکھوں	26
آنکھیں	47
آنہیں	1
آنے	110
آوارہ	3
آواز	124
آوازسُنائی	1
آوازسُنو	2
آوازسے	1
آوازوں	3
آوازیں	7
آور	7
آٹا	2
آٹھ	6
آٹھواں	1
آٹھوِیں	1
آٹھویں	3
آٹے	4
آپ	203
آپس	72
آپہنچی	1
آپے	1
آڑ	3
آکر	26
آکِلہ	1
آگ	81
آگئی	1
آگاہ	2
آگاہی	1
آگیا	3
آگے	100
آہ	5
آہِستہ	2
آہیں	1
آیا	228
آیاO	4
آیاہُوں	1
آیندہ	19
ؤس	1
ئی	7
ئیO	1
ئیل	41
ئے	1
ا	11
ائیل	1
اب	250
ابتدا	1
ابد	31
ابدُا	2
ابدُالآباد	21
ابدُالآبادرہے	2
ابدّ	1
ابدی	15
ابرہا	74
ابرہام	2
ابّا	3
ابھی	33
ابیا	1
اتلّیہ	1
اتھاہ	8
اتھینوی	1
اتھینے	5
اثر	8
اجازت	1
اجر	9
اجنبی	2
اجنبیوں	2
احدی	1
احمق	1
احمقو	1
احوال	2
احکام	9
اخِیر	3
اخِیرزمانہ	2
اخیم	2
اخیکُس	1
اخیہ	1
ادا	19
ادر	1
ادرمُتیُّم	1
ادنیٰ	2
ادنےٰ	1
ادھمُؤا	1
ادھُورے	1
اذِیّت	2
ار	1
ارخِپُّس	1
ارغوانی	6
ارواح	6
ارِستر	2
ارِسترخُس	1
ارِمَتِیا	1
ارِمَتیہ	1
اریو	1
اریوپگُس	2
ازحد	2
ازل	3
ازلی	4
اس	2
اسباب	7
استباز	1
استخُس	1
اسرائیلی	1
اسلیا	2
اسُّس	2
اسِیر	1
اسِیروں	1
اسِیرہو	1
اسّی	1
اسکریُوتی	1
اسے	1
اشدُود	1
اشراف	1
اشرفی	5
اشرفیاں	4
اصل	5
اصلی	2
اصُول	1
اطالِیانی	1
اطالِیہ	1
اطراف	1
اعضا	26
اعلیٰ	7
اعلےٰ	1
افزایش	1
افزُونی	1
افسوس	49
افسُوں	1
افضل	6
افعی	1
افواہ	1
افواہیں	2
افیہ	1
الافواج	2
البتّہ	11
الحقِیقت	5
الفا	1
الفااور	2
الفاظ	2
الفَور	48
القُدس	85
المال	1
المقدُور	1
الواقِع	2
الُوہِیت	1
الِیعزر	1
الِیما	1
الِیہُود	1
الٰہی	1
الگ	21
الیا	2
الیعزر	2
امانت	3
امر	2
امفِپُلِس	1
امن	4
امَن	1
امُو	2
امِیر	2
امِیراور	1
امِیراُن	2
امِیروں	1
اناج	3
انبِیا	3
انتڑِیاں	1
انتیپترِ	1
انجام	30
انجِیر	8
انجِیرکا	7
انجِیرکے	5
انداز	1
اندازہ	7
اندر	87
اندرُنِیکُس	1
اندرچلی	1
اندریا	1
اندھا	15
اندھو	2
اندھوں	8
اندھیرا	7
اندھیری	1
اندھیرے	11
اندھے	25
اندیشہ	3
اندیشی	1
اندیکھی	2
انطا	5
انطاکِیہ	13
انطاکی	1
انوکھی	2
انُوس	1
انِتپا	1
انڈا	1
انگاروں	1
انگُور	13
انگُورO	1
انگُوٹھی	2
انگیز	1
او	1
اور	8434
اورآزمایا	1
اوراُس	5
اوراُسے	1
اوراُن	2
اوراِس	1
اوراپنے	1
اوراکُنیُم	1
اوراگر	1
اوربغَیر	1
اوربُرا	1
اورتھِسّلنِیکیوں	1
اورجنگلی	1
اورجو	2
اورحلفئی	1
اورخُشکی	1
اوررومی	1
اورزَیتُون	1
اورسامرِیوں	1
اورستوئیِکی	1
اورسردار	1
اورسَیلاب	1
اورشرِیعت	1
اورصاف	1
اورصبر	1
اورصدُوقیوں	2
اورعمّینداب	1
اورعِیلامی	1
اورفرِیسِیو	1
اورفرِیسِیوتُم	3
اورفرِیسِیوں	5
اورفرِیسی	1
اورفرِیسیو	1
اورفرِیسیوتُم	1
اورفرِیسیوں	1
اورفرِیسیِوتُم	1
اورفرِیسیِوں	1
اورمتّی	1
اورمَشکیں	1
اورمَصلُوب	1
اورمُحبّت	1
اورمِرگی	1
اورمِہمانوں	1
اورنہ	1
اوروہ	3
اورٹھیس	1
اورکریتی	1
اورکُچھ	1
اورکہتا	1
اورگُناہوں	1
اورگُودے	1
اورہمارے	1
اورہواکے	1
اوریروشلِیم	1
اوریعقُو	1
اوریُونانیِوں	1
اومیگا	2
اومیگایعنی	1
اوّل	21
اوڑھ	2
اوڑھنی	2
اوڑھے	7
اَ	3
اَب	13
اَبتری	1
اَبد	2
اَبدی	2
اَبِلینے	1
اَبِیّا	3
اَبِیہُود	2
اَبھی	1
اَثر	1
اَجر	13
اَجرامِ	2
اَحوال	4
اَخِیر	1
اَخِیروقت	1
اَخِیہ	1
اَخیہ	8
اَدنیٰ	1
اَدّی	1
اَرتمِس	5
اَرتِما	1
اَرخلا	1
اَرخِپُّس	1
اَرستُِبُولُس	1
اَرغوانی	2
اَرفکسد	1
اَرواح	3
اَرِتاس	1
اَرِسترخُس	1
اَرِمَتیہ	2
اَزل	2
اَزلی	2
اَسباب	1
اَسُنکرِتُس	1
اَصل	6
اَعمال	27
اَفضل	1
اَلبتّہ	1
اَلگ	4
اَمر	5
اَمن	3
اَمپلیاطُس	1
اَن	6
اَنجام	1
اَنداز	1
اَندر	4
اَندھا	2
اَندھی	1
اَندھیرا	1
اَندھے	1
اَور	223
اَوروں	40
اَولاد	36
اَولوں	1
اَولے	3
اَوّل	3
اَوگُوستُس	1
اَٹکل	1
اَپلِّیس	1
اَپنوں	1
اَپُلّونیہ	1
اَپّیُس	1
اَچھّی	1
اَژدہا	2
اَکارت	1
اَکوِلہ	6
اَگَبُس	1
اَہلِ	2
اَیسا	247
اَیسانہ	2
اَیسوں	8
اَیسی	79
اَیسے	88
اَینیا	1
اَینیاس	1
اَے	571
اُ	3
اُبھار	1
اُبھارا	5
اُبھارتا	2
اُبھارنا	1
اُتار	19
اُتارا	8
اُتاراO	1
اُتارنا	2
اُتارنے	1
اُتارے	1
اُتر	31
اُترآئے	1
اُترا	9
اُتراO	1
اُترتا	1
اُترتی	2
اُترتے	11
اُترنے	2
اُتری	3
اُترے	11
اُتنا	2
اُتّر	1
اُجالے	2
اُجاڑنے	2
اُجرت	1
اُجڑ	3
اُداس	1
اُداسی	2
اُدھر	5
اُدھیڑ	1
اُربانُس	1
اُس	4393
اُستاد	63
اُستادوں	1
اُستادہمارا	1
اُسکا	3
اُسکو	1
اُسکے	2
اُسی	254
اُسے	688
اُلجھا	1
اُلجھن	1
اُلفت	4
اُلُمپاس	1
اُلُوہِیّت	1
اُلٹ	6
اُلٹا	7
اُلٹی	2
اُلٹے	1
اُمتّوں	1
اُمِّیدوار	1
اُمّت	64
اُمّتوں	3
اُمّتیں	3
اُمّید	80
اُمّیدبھی	1
اُمّیدرکھّیں	1
اُمّیدوار	1
اُمید	2
اُمیدوار	1
اُن	1775
اُنکو	1
اُنگلِیاں	1
اُنگلی	7
اُنہوں	357
اُنہی	9
اُنہیں	215
اُنیسِفرُ	2
اُنیسِمُس	2
اُورِ	1
اُون	2
اُونٹ	8
اُونچا	4
اُونچائی	2
اُونچی	1
اُونچے	12
اُونگھنے	1
اُوپر	61
اُٹُھوں	1
اُٹھ	81
اُٹھO	2
اُٹھا	95
اُٹھاؤ	3
اُٹھاؤُں	1
اُٹھاؤں	1
اُٹھائِیں	8
اُٹھائی	4
اُٹھائیں	2
اُٹھائے	33
اُٹھااور	1
اُٹھاتا	7
اُٹھاتے	12
اُٹھانا	10
اُٹھانے	14
اُٹھاہےO	2
اُٹھایا	24
اُٹھتا	7
اُٹھتے	8
اُٹھنا	2
اُٹھنے	24
اُٹھو	4
اُٹھوا	1
اُٹھی	3
اُٹھیں	6
اُٹھے	23
اُٹھےO	2
اُپلّو	3
اُچھالتی	1
اُچھل	4
اُچھلتی	1
اُچھلتے	1
اُچھلنا	1
اُڑ	1
اُڑا	9
اُڑائیں	3
اُڑائے	2
اُڑاتا	1
اُڑاتی	1
اُڑاتے	2
اُڑانے	2
اُڑایا	2
اُڑتے	3
اُڑنے	1
اُکھاڑ	1
اُکھاڑا	1
اُکھڑ	3
اُکھڑے	1
اُگ	6
اُگا	1
اُگاتی	1
اُگے	1
اِ	2
اِبتدا	12
اِبتدائی	7
اِبلِیس	31
اِبلیس	1
اِبن	3
اِبنِ	94
اِتفاق	1
اِتفاقاً	1
اِتنا	3
اِتنی	11
اِتنے	13
اِتُور	1
اِجازت	18
اِجرا	1
اِحاطہ	2
اِحتیاج	5
اِحتیاجیں	2
اِحسان	8
اِختتامی	1
اِختلاف	3
اِختِیار	1
اِختیار	118
اِختیارات	2
اِختیاروں	1
اِدراک	1
اِدومَیہ	1
اِدھر	3
اِرادوں	1
اِرادہ	45
اِرادے	1
اِراستُس	3
اِرِستر	1
اِس	1136
اِستعمال	1
اِستقبال	1
اِستِقبال	10
اِسر	1
اِسرا	37
اِسرائیل	28
اِسرائیلی	5
اِسرائیِلیو	4
اِسرائیِلیواور	1
اِسرائیِلیوں	1
اِسفانیہ	2
اِسلِئے	5
اِسم	2
اِسکا	1
اِسکریوتی	1
اِسکریُوتی	9
اِسکندر	3
اِسکندرِ	3
اِسکندریوں	1
اِسی	195
اِسے	21
اِشارہ	13
اِشارے	1
اِشتہار	1
اِشتیاق	2
اِشکار	1
اِصلاح	3
اِضحا	16
اِضحاق	4
اِطالِیہ	3
اِطلاع	2
اِطمِینان	39
اِظہار	4
اِعتبار	37
اِعتبارسے	1
اِعتدال	1
اِعتقاد	21
اِعتقادو	5
اِعتقادی	5
اِعتماد	1
اِعضا	2
اِفتا	1
اِفرائِیم	1
اِفراط	7
اِفِسُس	16
اِفِسِیو	1
اِفِسِیوں	1
اِفِسی	1
اِفِسیِو	1
اِفِسیِوں	1
اِفّتّح	1
اِقرار	37
اِقرارکروں	1
اِلتجا	1
اِلتجائیں	2
اِلتماس	15
اِلرُِّکُم	1
اِلزام	52
اِلزاموں	1
اِلمودا	1
اِلوہی	2
اِلِیشَع	1
اِلہام	1
اِلہٰی	5
اِلیا	1
اِلیشِبَع	8
اِمتِحان	1
اِمتِیاز	10
اِمداد	1
اِمّاؤُس	1
اِن	230
اِنتباہ	1
اِنتظار	1
اِنتقال	1
اِنتقام	2
اِنتِظار	6
اِنتِظام	10
اِنتِظامِ	1
اِنتِقال	1
اِنتِقام	3
اِنتِہا	9
اِنتہا	1
اِنجِیل	11
اِنسان	49
اِنسانوں	4
اِنسانِیّت	9
اِنسانی	10
اِنسانیّت	1
اِنصاف	46
اِنصافی	7
اِنعام	8
اِنکار	48
اِنہوں	5
اِنہی	3
اِنہیں	4
اِپفُردِتُس	1
اِپَفراس	3
اِپَفرُدِتُس	1
اِپِکُوری	1
اِپینِتُس	1
اِکلَوتا	4
اِکلَوتی	1
اِکلَوتے	4
اِکُنیُم	1
اِکٹّھا	4
اِکٹّھی	2
اِکٹّھے	6
اِکٹھّا	1
اِیجاد	2
اِیذا	1
اِیزبِل	1
اِیمان	430
اِیمانداروں	1
اِیمانوں	7
اِیمانی	3
اٹھارہ	3
اپنا	113
اپنامال	2
اپنوں	3
اپنی	435
اپنے	1103
اپُلّو	7
اپُلّیون	1
اپِیل	6
اچانک	1
اچّھا	51
اچّھانہیں	1
اچّھاپَھل	1
اچّھاکِیا	1
اچّھی	26
اچّھے	9
اچھّا	36
اچھّی	31
اچھّے	16
اڈّا	2
اڑتِیس	1
اژدہا	12
اکثر	17
اکثروں	3
اکُنیُم	4
اکٹّھے	1
اکیلا	13
اکیلاخُشکی	1
اکیلے	2
اگبُس	1
اگر	508
اگرلوگوں	1
اگرِپّا	10
اگرپّا	1
اگرچہ	36
اگلا	1
اگلوں	2
اگلی	1
اگلے	10
اہلِ	8
ایذائیں	1
ایل	15
ایلِیّا	1
ایلچِیوں	1
ایلچی	3
ایلی	2
ایلیّا	22
ایلیّاہ	7
ایُّوب	1
ایک	1007
ایکا	5
اے	2
ب	62
با	1
بائِیں	4
بائیں	7
بااِیمان	5
باب	1
بابت	110
بابل	9
بابُل	2
بات	220
باتوں	216
باتوںپر	1
باتیں	286
باد	1
بادشاہ	95
بادشاہوں	21
بادشاہی	173
بادل	13
بادلوں	5
بادِل	8
بادِلوں	1
بادی	1
بار	74
بارمُؤا	1
باروَر	1
بارِش	1
بارھوِیں	1
بارہ	76
بارہا	2
باری	5
بارے	50
باز	79
بازار	4
بازاروں	11
بازاری	1
بازوں	9
بازُو	1
بازِی	1
بازٹھہرا	1
بازٹھہرے	1
بازپُرس	3
بازی	88
باش	1
باشِندوں	1
باشِندہ	4
باضابطہ	1
باطِل	14
باطِن	6
باطِنی	4
باعِث	100
باغ	5
باغبان	3
باغبانوں	16
باغِیوں	1
باغی	2
باقاعِدہ	2
باقِیوں	4
باقی	56
بال	14
بالا	9
بالاخانہ	6
بالوں	7
بالِغ	2
بالکل	1
بالیں	5
بان	2
بانجھ	3
بانجھیں	1
باندُھوں	2
باندھ	29
باندھا	13
باندھتا	1
باندھنا	2
باندھنے	1
باندھو	2
باندھُوں	1
باندھی	1
باندھیO	1
باندھیں	1
باندھے	9
بانسری	1
بانسلی	4
بانٹ	14
بانٹتا	1
بانٹنے	2
بانٹے	1
بانگ	13
بانی	10
باوجُود	3
باوُجُود	8
باوُجُودیکہ	1
باپ	437
باڑوں	1
باکی	1
باہر	112
باہم	5
باہمی	2
باہِر	4
بایاں	2
ببَر	1
بتا	20
بتاؤ	1
بتاؤO	1
بتاؤں	2
بتائِیں	1
بتائی	2
بتائیں	1
بتائے	1
بتاتا	7
بتاتے	2
بتانا	1
بتانے	5
بتایا	3
بتُھنیہ	1
بجا	9
بجائی	2
بجائیں	1
بجاتے	2
بجانے	3
بجایا	2
بجوا	1
بجُز	1
بحال	5
بحالتِ	1
بحث	27
بحرِ	3
بحری	1
بخرہ	1
بخش	8
بخشا	20
بخشااور	1
بخشتا	9
بخشتی	3
بخشنا	1
بخشنے	5
بخشو	1
بخشُوں	4
بخشِش	16
بخشی	19
بخشیO	2
بخشے	12
بخُوبی	4
بد	1
بدبُو	1
بدتر	3
بدخواہی	4
بدخَواہی	1
بددُعا	2
بددِیانت	2
بدرُوح	24
بدرُوحوں	26
بدرُوحیں	19
بدسلُوکی	6
بدل	17
بدلتی	1
بدلتے	2
بدلنا	1
بدلہ	31
بدلی	1
بدلے	9
بدمزاجوں	1
بدمعاشوں	1
بدن	105
بدنام	5
بدنامی	3
بدنصِیب	1
بدنظری	1
بدنِیّت	1
بدوں	3
بدَولت	2
بدچلن	2
بدچلنی	4
بدکار	12
بدکارو	2
بدکاروں	8
بدکارِیاں	2
بدکاری	5
بدگو	2
بدگوئِیاں	1
بدگوئی	11
بدگُمان	1
بدگُمانِیاں	1
بدگُمانی	1
بدی	34
بدیاں	1
بدیوں	2
بذاتِ	1
بر	3
برآمدہ	3
برآمدے	1
برا	7
برابر	33
برابری	2
برابّا	2
براب�	1
براتِیوں	1
براتی	1
برادرانہ	6
برادری	1
برباد	13
بربط	4
بربطیں	1
برتاؤ	5
برتن	8
برتنوں	5
برتُلما	3
برتِما	1
برحق	5
برخاست	2
برخِلاف	20
بردار	2
برداشت	36
بردہ	1
برس	54
برسا	4
برساتا	1
برسایا	1
برسبّا	2
برسنے	1
برسوں	6
برسے	3
برعکس	4
برف	2
برق	1
برقرار	1
برملا	1
برنبا	22
برنباس	6
برنِیکے	3
برنگ	1
بروز	3
برّاق	2
برّوں	1
برّہ	30
برّے	2
برپا	5
برکت	31
برکتوں	1
برکتیں	1
برکیا	1
برگشتگی	1
برگشتہ	2
برگُزِیدوں	11
برگُزِیدگی	3
برگُزِیدہ	15
برگُزیدہ	1
برہنگی	1
بری	3
بریو	1
بریِسُو	1
بزُرگ	31
بزُرگو	5
بزُرگوں	37
بزُرگی	3
بس	3
بسا	14
بساؤں	1
بسایا	1
بست	3
بستِیوں	2
بستی	3
بستیوں	1
بستے	1
بسر	1
بسنے	3
بسُوں	1
بسی	3
بسیرا	3
بشارت	2
بشر	9
بشرطیکہ	12
بشرِیّت	1
بشہر	1
بطالت	2
بعد	149
بعض	163
بعل	3
بعُور	1
بغاوت	3
بغَیر	49
بغَیراَعمال	2
بغَیرپَیدا	1
بغَیرکلام	1
بغَیرکِیاکرو	1
بغَیرہاتھ	1
بغَیریہاں	1
بغیر	1
بقا	7
بقدرہر	1
بل	8
بلاؤں	1
بلعا	1
بلق	1
بلند	1
بلوا	3
بلوے	1
بلَستُس	1
بلِیعال	1
بلکہ	587
بمُشکِل	3
بمُقابلہ	1
بن	32
بنا	59
بناؤ	10
بناؤO	1
بناؤُں	1
بناؤں	9
بنائِیں	1
بنائی	3
بنائیں	2
بنائے	17
بناتا	9
بناتے	7
بنام	1
بنانا	3
بنانے	15
بناوُں	1
بنایا	22
بنایا؟O	1
بنایِ	5
بنتا	2
بنتی	1
بنتے	2
بند	45
بندر	3
بندرگاہوں	1
بندو	1
بندوں	10
بندِیوں	1
بندگی	1
بندھا	8
بندھوایا	1
بندھی	3
بندھے	4
بندہ	12
بندی	3
بندے	4
بنسی	1
بننا	6
بننے	1
بنو	32
بنوO	1
بنوا	1
بنوایاO	1
بنُوں	4
بنُوں؟O	2
بنِیں	1
بنی	26
بنیں	8
بنے	23
بنےO	2
بو	4
بوئِیں	1
بوئے	3
بوتا	8
بوتے	5
بوجھ	19
بوجھوں	1
بوسہ	10
بوسے	3
بوعز	2
بول	8
بولا	3
بولتا	15
بولتے	11
بولنا	4
بولنے	31
بولو	2
بولُوں	4
بولِیں	1
بولی	4
بولیں	4
بولے	3
بونے	12
بویا	20
بَبر	6
بَد	1
بَدحالی	1
بَدرجہ	1
بَدن	1
بَدنوں	1
بَدگوئِیاں	1
بَدگوئی	1
بَدی	2
بَراتی	1
بَربَط	1
بَرحق	2
بَرس	2
بَرّہ	3
بَرگشتہ	2
بَرہم	1
بَری	3
بَطن	1
بَعَل	1
بَعَلز	4
بَل	4
بَلا	2
بَلوے	1
بَلّور	2
بَلکہ	1
بَن	2
بَند	1
بَندوں	2
بَچھڑے	1
بَک	6
بَکا	2
بَکتا	2
بَکتے	1
بَکنے	5
بَکے	2
بَھر	1
بَھرا	2
بَھلا	3
بَھلاکہیں	1
بَھونچال	13
بَہہ	2
بَیت	31
بَیعانہ	3
بَیل	8
بَیلوں	4
بَیٹھ	53
بَیٹھO	1
بَیٹھ؟O	1
بَیٹھا	57
بَیٹھاO	2
بَیٹھتے	3
بَیٹھنا	1
بَیٹھنے	3
بَیٹھی	8
بَیٹھیں	1
بَیٹھے	47
بَیٹھےO	1
بُت	27
بُتوں	15
بُجھا	1
بُجھاؤ	1
بُجھائے	1
بُجھایا	1
بُجھتی	3
بُجھنے	2
بُجھی	1
بُخار	1
بُخارات	1
بُرا	27
بُرائی	14
بُرائیاں	2
بُرائیوں	2
بُرتلمائی	1
بُرج	4
بُردبار	1
بُری	24
بُرے	25
بُزدِلوں	1
بُزرگ	1
بُزُرگ	3
بُزُرگوں	9
بُغض	2
بُلا	54
بُلاO	1
بُلاؤ	1
بُلاؤں	1
بُلائیں	1
بُلائے	27
بُلاتا	5
بُلانے	10
بُلاوا	1
بُلاوے	5
بُلایا	48
بُلایاO	1
بُلند	28
بُلندکِیا	1
بُلندی	1
بُلوا	5
بُلوایا	1
بُنا	1
بُنیاد	12
بُنیادیں	2
بُو	3
بُوانِر	1
بُوجھ	2
بُود	1
بُول	5
بُوندیں	1
بُوڑِھیوں	1
بُوڑھا	4
بُوڑھی	1
بُوڑھے	1
بُڈّھے	1
بُڑبُڑا	2
بُڑبُڑاؤ	1
بُڑبُڑائے	1
بُڑبُڑاتے	1
بُڑبُڑانے	3
بُڑھاپے	1
بُھنی	1
بُھوت	2
بُھوسی	2
بُھوسے	1
بُھول	8
بُھولتا	1
بُھولو	1
بُھولے	1
بُھوک	7
بُھوکا	11
بُھوکوں	1
بُھوکے	7
بُہت	298
بُہتات	2
بُہتوں	12
بُہتیر	1
بُہتیروں	11
بُہتیری	3
بُہتیرے	31
بِالاتِّفاق	1
بِالفرض	1
بِالفعل	2
بِالکُل	12
بِتُونیہ	1
بِجلِیاں	4
بِجلی	4
بِدعت	1
بِدعتوں	1
بِدعتی	2
بِدعتیں	2
بِذاتہِ	1
بِستر	2
بِستربے	1
بِلااِمتِیاز	1
بِلاتعصُّب	1
بِلاناغہ	7
بِلعا	2
بِلّور	1
بِن	2
بِنا	1
بِنای	1
بِنایِ	4
بِنیمِین	1
بِنیمین	2
بِنیمیِن	1
بِٹھا	4
بِٹھاؤ	1
بِٹھاؤO	1
بِٹھاؤں	1
بِٹھائے	1
بِٹھاتے	1
بِٹھانا	1
بِٹھایا	3
بِٹھایاO	1
بِچُّھو	2
بِچُّھوؤں	1
بِچّھُوؤں	1
بِچھا	1
بِچھائے	1
بِچھاتے	1
بِچھایا	1
بِچھونے	1
بِچھُّوؤں	1
بِک	2
بِکا	1
بِکتا	1
بِکتِیں	2
بِکی	1
بِگاڑ	2
بِگاڑا	2
بِگاڑتے	2
بِگاڑنا	1
بِگاڑنے	3
بِگڑ	3
بِگڑتے	1
بِگڑی	1
بِھگو	1
بِھگوئے	1
بِھیڑ	90
بِھیڑیرِیحُو	1
بِھیک	7
بِہتر	35
بِہترہے	1
بِہتری	5
بِیج	13
بِیجوں	2
بِیرِ	2
بِیس	4
بِیمار	19
بِیماروں	21
بِیمارِیاں	2
بِیمارِیوں	8
بِیماری	11
بِیماریوں	1
بِینا	18
بِینائی	3
بِینی	1
بِیوِیاں	2
بِیوِیو	2
بِیوِیوں	5
بِیوی	75
بِیویو	1
بِیویوں	1
بِیچ	35
بِیکا	2
بّا	8
بّرہ	1
بٹ	1
بٹوا	2
بٹوے	2
بٹھاؤں	1
بپتسِمہ	3
بپتِسموں	1
بپتِسمہ	98
بچ	13
بچا	17
بچاO	3
بچاؤ	2
بچاؤں	1
بچائیں	1
بچائے	10
بچاتا	4
بچانا	6
بچانے	6
بچایا	3
بچتا	2
بچتے	1
بچنے	2
بچو	1
بچِیں	1
بچّو	15
بچّوں	38
بچّہ	24
بچّے	29
بچپن	3
بچھا	1
بچھڑا	3
بچھڑوں	2
بچھڑے	1
بچہّ	1
بچی	2
بچیں	4
بچے	8
بڑا	122
بڑائی	9
بڑبُڑاؤ	1
بڑبُڑائے	1
بڑوں	4
بڑھ	24
بڑھئی	2
بڑھا	19
بڑھاO	1
بڑھاؤ	1
بڑھاؤں	1
بڑھائیں	1
بڑھائے	4
بڑھاتا	2
بڑھاتے	1
بڑھانے	1
بڑھایا	4
بڑھتا	7
بڑھتی	1
بڑھتے	6
بڑھنا	3
بڑھنے	2
بڑھیں	2
بڑھے	3
بڑی	177
بڑے	80
بکا	1
بکتا	3
بکتر	4
بکتے	1
بکروں	4
بکرِیوں	3
بکری	1
بکنا	1
بکنے	2
بکواس	3
بکواسی	1
بکھیر	1
بکھیرا	3
بکھیرتا	2
بھائِیو	106
بھائِیوں	80
بھائی	159
بھاری	3
بھالے	1
بھانجا	1
بھاگ	21
بھاگنا	1
بھاگو	3
بھاگو؟O	1
بھاگِیں	1
بھاگیں	1
بھاگے	4
بھر	54
بھرا	15
بھرتا	3
بھرتی	1
بھرتے	3
بھرلاتا	1
بھرنا	1
بھرنے	4
بھروسا	18
بھروسے	5
بھرِیں	1
بھرپُور	1
بھری	13
بھرے	13
بھسم	2
بھلا	9
بھلائی	8
بھلی	2
بھلے	2
بھولے	2
بھوک	1
بھٹ	2
بھٹّی	4
بھٹک	1
بھٹکتے	2
بھٹکی	2
بھٹیارے	1
بھڑکانے	1
بھڑکتی	1
بھڑکی	1
بھگا	1
بھگائے	1
بھگو	1
بھگونے	1
بھی	1098
بھیO	1
بھیج	35
بھیجO	1
بھیجا	119
بھیجاO	6
بھیجتا	6
بھیجتاہوں	1
بھیجتاہُوں	1
بھیجتے	1
بھیجنا	2
بھیجنے	21
بھیجوں	1
بھیجُوں	7
بھیجی	4
بھیجیں	5
بھیجے	22
بھیجےO	1
بھید	24
بھیدوں	4
بھیس	1
بھیڑ	9
بھیڑئے	3
بھیڑوں	26
بھیڑِیوں	1
بھیڑیا	1
بھیڑیوں	1
بھیڑیں	11
بہ	10
بہا	14
بہائی	1
بہائے	1
بہادُر	4
بہانا	1
بہانہ	1
بہانے	2
بہایا	8
بہت	1
بہتا	1
بہتر	1
بہتی	1
بہتے	4
بہر	2
بہروں	1
بہرہ	1
بہری	1
بہرے	3
بہم	2
بہن	17
بہنا	2
بہنوں	4
بہنیں	3
بہنے	2
بہُو	3
بہکاتے	2
بہکانے	1
بہکایا	2
بہہ	1
بی	4
بیابان	30
بیابانوں	1
بیالِیس	2
بیان	60
بیاہ	31
بیاہا	3
بیاہتا	1
بیاہوں	1
بیاہی	5
بیج	1
بیدار	3
بیداری	2
بیرِ	1
بیش	7
بیشک	19
بیفائِدہ	1
بیقرار	1
بینت	2
بیواؤں	9
بیوائیں	4
بیوُقُوف	11
بیوُقُوفوں	3
بیوُقُوفی	13
بیوہ	15
بیَنت	1
بیٹا	126
بیٹاجنے	1
بیٹاکہلائے	1
بیٹاہے	4
بیٹوں	10
بیٹِیاں	5
بیٹِیو	1
بیٹھ	1
بیٹی	26
بیٹے	121
بیٹےO	1
بیچ	18
بیچا	3
بیچنے	4
بیچی	3
بیڑِیاں	1
بیڑِیوں	2
بیڑیوں	1
بیکار	7
بیکس	2
بیگار	3
بیگانہ	17
بیہُودہ	5
بے	293
ت	8
تئِیں	16
تئیں	1
تا	3
تائِب	1
تائِید	2
تااَیسا	1
تابع	1
تابعِ	1
تابِع	44
تابِعدار	1
تابِعداری	1
تاثِیر	14
تاثِیریں	2
تاج	22
تادِیب	1
تار	1
تارِیک	10
تارِیکی	32
تارے	2
تازِگی	1
تازہ	8
تام	1
تان	1
تانبے	1
تانے	1
تاوِیل	1
تاپ	3
تاپتے	1
تاپنے	1
تاڑ	1
تاک	4
تاکِستان	22
تاکِید	16
تاکہ	476
تب	39
تباہ	12
تباہی	2
تبدِیل	2
تبدِیلی	2
تبِیتا	2
تجاوُز	1
تجدِید	1
تجربہ	3
تجوِیز	4
تجّلی	1
تجھے	1
تحت	1
تحرِیر	1
تحرِیک	1
تحقِیر	2
تحقِیق	6
تحقِیقات	7
تحمُّل	16
تحُّمل	1
تخت	61
تختوں	5
تختِ	8
تختِیاں	1
تختِیوں	2
تختی	1
تختے	2
تخمِیناً	7
تخِکُس	2
تدبِیر	5
تدبِیریں	2
تدّ	1
تدّی	1
تر	7
ترازُو	1
تربِیّت	9
ترتِیب	4
ترتِیُس	1
ترجمہ	4
ترخونی	1
تردُّد	1
ترس	19
ترسو	2
ترسی	3
ترغِیب	5
ترقّی	32
تروآ	6
ترُفمُِس	1
ترُفِمُس	2
ترُوفوسہ	1
ترُوفَینہ	1
ترِپن	1
ترِین	2
ترک	5
ترکارِیوں	2
ترکاری	1
تری	1
تسلّی	40
تسمہ	2
تشبِیہ	5
تصدِیق	2
تصنِیف	1
تصوُّرات	1
تعالےٰ	9
تعجُّب	36
تعداد	1
تعرِیف	13
تعظِیم	3
تعلُّق	1
تعلِیم	140
تعلیِم	1
تعمِیر	4
تعمِیل	3
تعوِیذ	1
تعُّجب	1
تفرقہ	1
تفرقے	3
تفرِقہ	2
تفرِقے	4
تقاضا	1
تقدُّس	1
تقرُّر	1
تقرِیباً	4
تقرِیر	6
تقسِیم	1
تقصِیروں	1
تقوِیت	1
تلاش	25
تلخ	2
تلفی	1
تلوار	28
تلوارچلوا	1
تلواریں	6
تلووں	1
تلیتا	1
تلے	10
تم	4
تما	1
تماشا	5
تمام	83
تمثِیل	36
تمثِیلوں	15
تمثِیلیں	3
تمجِید	46
تمجِیدہو	1
تمر	1
تمِیز	4
تمہارے	1
تن	3
تنا	1
تنبِیہ	8
تنخواہ	1
تند	1
تندرُست	9
تندرُستوں	3
تندُرُست	1
تنُور	2
تنگ	7
تنگی	6
تنہا	1
تنہائی	5
تو	1684
توام	1
تواَ	2
تواَیسا	1
تواُن	1
توبہ	1
توتھا	1
توجُّہ	5
توخُدا	1
توسردار	1
تول	1
توما	5
توُّجہ	2
توڑ	15
توڑا	4
توڑتا	1
توڑتے	5
توڑنے	4
توڑِیں	5
توڑی	8
توڑے	14
توکیا	1
توہیں	1
تویہ	1
تَرجُمہ	11
تَرسُس	4
تَری	2
تَسلّی	1
تَسموں	1
تَسمہ	2
تَعجُّب	7
تَفرِقہ	1
تَلوار	1
تَلُّون	1
تَلے	6
تَن	1
تَنبِیہ	1
تَو	58
تَوبہ	55
تَوجُّہ	1
تَورَیت	21
تَوفِیق	16
تَوفیِق	1
تَپ	1
تَکرار	5
تَھیلی	2
تَہ	1
تَہہ	1
تَیر	1
تَیرکر	1
تُجھ	154
تُجھے	171
تُحفہ	1
تُحفے	1
تُخم	2
تُخِکس	3
تُرنّس	1
تُرہی	1
تُس	1
تُم	1693
تُمن	1
تُمہار	1
تُمہارا	116
تُمہاراسلام	1
تُمہاری	178
تُمہارے	357
تُمہیں	239
تُمہیںیادکِیا	1
تُند	1
تُندمِزاج	1
تُو	653
تُوت	1
تُوشادی	1
تُوعادِل	1
تُوما	1
تُومَلکِ	2
تُومیرا	1
تُونے	4
تُوکَوڑی	1
تُوکِس	1
تُوےُوحنّا	1
تُھوک	3
تُھوکا	3
تُھوکتے	1
تُھوکنے	1
تُھوکیں	2
تُہمت	4
تِبر	2
تِبرِ	1
تِبریا	1
تِرطُلُس	2
تِس	1
تِما	1
تِنکا	1
تِنکے	5
تِھسّلُنِیکے	3
تِھسّلُنیکیوں	1
تِھیُفِلُس	1
تِھیں	94
تِھیںO	8
تِہائی	15
تِیروں	1
تِیرہ	2
تِیس	9
تِیسرا	4
تِیسری	11
تِیسرے	34
تِیمو	1
تِیمُتِھُیس	1
تِیمُتِھیُس	23
تِین	80
تِینوں	4
تپ	6
تپایا	2
تڑپتا	2
تڑپتی	1
تڑک	1
تڑکے	1
تک	440
تکبُّر	1
تکتے	2
تکرار	6
تکراراور	1
تکراروں	1
تکراری	2
تکلِیف	16
تکلِیفوں	2
تکلِیفیں	2
تکمِیل	2
تکیہ	2
تھ	1
تھا	975
تھاO	57
تھا؟O	1
تھااور	1
تھااُسے	1
تھال	4
تھالا	1
تھامے	4
تھان	1
تھاکہ	2
تھاہ	2
تھرتھراتے	1
تھرتھرانے	1
تھم	4
تھوا	2
تھواتِیر	2
تھوڑا	10
تھوڑی	30
تھوڑے	23
تھِسّلُنِیکِیوں	1
تھِسّلُنِیکے	3
تھِیُفِلُس	1
تھِیں	4
تھک	2
تھکا	2
تھی	272
تھیO	14
تھیُودا	1
تھے	552
تھےO	33
تھے؟O	3
تہائی	1
تیئِس	1
تیر	1
تیرا	107
تیراسارا	1
تیری	132
تیرے	252
تیز	12
تیزی	2
تیس	1
تیل	12
تیندوے	1
تیّار	75
تیّاررہو	1
تیّاری	15
ثابت	1
ثابِت	25
ثبُوت	4
ثبُوتوں	1
ج	1
جا	290
جاO	4
جاؤ	75
جاؤُں	10
جاؤں	21
جاؤںO	1
جائِز	1
جائیداد	1
جائیں	130
جائیںO	4
جائے	398
جائےO	9
جابجا	2
جاتا	168
جاتاO	1
جاتا؟O	1
جاتِیں	2
جاتی	89
جاتی؟O	1
جاتے	84
جادُو	1
جادُوگر	3
جادُوگروں	2
جادُوگری	4
جاری	10
جاسُوس	1
جاسُوسوں	2
جال	14
جالوں	2
جام	1
جامہ	7
جامے	6
جان	211
جانا	64
جاناO	2
جانااور	1
جانتا	143
جانتاO	2
جانتِیں	1
جانتی	10
جانتی؟O	1
جانتے	162
جاندار	1
جانداروں	3
جانفشانی	7
جاننا	3
جانناجِنہیں	1
جانناکیونکہ	1
جاننے	1
جانو	11
جانور	6
جانوروں	8
جانوکہ	1
جانوں	2
جانُوں	2
جانِب	2
جانچا	1
جانچتا	1
جانچتے	1
جانچنے	1
جانچو	1
جانی	1
جانیں	18
جانے	88
جاڑا	3
جاڑوں	4
جاڑے	4
جاگ	5
جاگتا	7
جاگتے	14
جاگو	3
جاگے	1
جاں	1
جاںفشانی	1
جاہِل	1
جایا	4
جایِ	2
جاے	1
جب	890
جبرا	2
جبکہ	1
جتا	7
جتاؤ	1
جتائے	4
جتاتا	4
جتاتے	5
جتانا	1
جتایا	2
جدّ	1
جزِیرہ	1
جس	2
جسِے	2
جشن	1
جل	9
جلا	12
جلائی	1
جلائے	5
جلائےO	1
جلاتے	1
جلال	145
جلالی	2
جلانے	2
جلتا	3
جلتی	2
جلتے	2
جلد	41
جلدی	5
جلندر	1
جلنے	1
جلوہ	1
جلِیل	1
جماعت	17
جماعِت	2
جمع	121
جمعی	2
جناب	2
جنتی	1
جنم	2
جننے	3
جنُوب	2
جنگ	2
جنگل	8
جنگلوں	3
جنگلی	6
جنہوں	4
جنہیں	5
جنی	2
جنے	1
جو	2135
جوآسمان	1
جوئی	6
جواب	231
جوابوں	1
جوابِ	1
جوان	19
جوانو	4
جوانوں	3
جوانی	4
جواُس	1
جواہِر	3
جواہِراور	1
جواہِرسے	1
جوتتا	1
جوتنے	1
جوتُمہیں	1
جوتے	1
جوج	1
جوجانی	1
جوخرِستُس	1
جودریا	1
جوزِندگی	1
جوش	11
جوغالِب	1
جوفرِیسی	1
جول	1
جومیری	1
جونومُرِید	1
جوپانی	1
جوپہلے	1
جوپیاسا	1
جوڑ	1
جوڑا	3
جوڑوں	1
جوڑی	1
جوکچھ	2
جوگِرایا	1
جوہر	1
جَل	4
جَلایا	1
جَلتا	1
جَلتی	1
جَلتے	2
جَلد	2
جَلنے	3
جَلیں	1
جَنم	2
جَننے	1
جَو	3
جَڑ	8
جَھانجھ	1
جَھونکی	1
جَھپٹے	1
جَھڑ	1
جَھڑن	1
جَیسا	104
جَیساکہ	1
جَیسی	4
جَیسے	53
جُؤا	3
جُتو	2
جُدا	38
جُدائی	3
جُدائیاں	1
جُرأت	15
جُرم	3
جُنبِش	1
جُوئے	3
جُوتِیاں	4
جُوتِیوں	2
جُوتی	6
جُوتے	1
جُونہی	5
جُوں	2
جُھرّی	1
جُھلس	2
جُھنجھلاتی	1
جُھوٹ	18
جُھوٹا	13
جُھوٹوں	2
جُھوٹی	13
جُھوٹے	20
جُھک	7
جُھکا	3
جُھکائے	2
جُھکے	1
جِئیں	8
جِئے	1
جِتنا	3
جِتنوں	4
جِتنی	16
جِتنے	35
جِدعُو	1
جِدھر	1
جِزیہ	4
جِس	754
جِسم	99
جِسمانِیوں	1
جِسمانی	41
جِسں	1
جِسے	94
جِلا	5
جِلائے	4
جِلاتا	2
جِلانا	1
جِلانے	2
جِلایا	26
جِن	175
جِنازہ	1
جِنسوں	1
جِنہوں	44
جِنہیں	20
جِھجکا	2
جِھڑک	4
جِھڑکا	7
جِھڑکاO	1
جِھڑکتا	1
جِھیل	46
جِہنوں	1
جِیتا	18
جِیتو	1
جِیتے	11
جِینے	2
جٹاماسی	2
جڑ	14
جکڑ	1
جکڑا	2
جگا	1
جگانے	1
جگایا	3
جگہ	115
جھاڑ	6
جھاڑُو	1
جھاڑِیاں	1
جھاڑِیوں	11
جھاڑی	4
جھاڑے	1
جھاگ	1
جھنجھناتی	1
جھولی	5
جھولیO	1
جھونک	1
جھونکی	1
جھوکے	1
جھِیل	1
جھٹک	1
جھپٹ	4
جھڑا	2
جھڑبیری	1
جھڑی	1
جھگڑا	5
جھگڑتے	1
جھگڑنے	2
جھگڑوں	2
جھگڑے	7
جہ	2
جہاز	49
جہالت	3
جہان	25
جہاں	93
جہنّم	13
جی	101
ح	2
حاجت	15
حاجتیں	1
حاجِب	1
حاجِت	4
حارا	1
حاران	1
حاصِل	90
حاضرِین	2
حاضِر	31
حاضِرکِیا	1
حاضِری	4
حال	57
حالانکہ	13
حالت	46
حالتوں	2
حالوں	1
حالی	4
حامِلہ	13
حاکم	1
حاکِم	35
حاکِموں	18
حبشی	1
حبشیوں	1
حتیٰ	1
حجّتی	1
حد	5
حدّ	2
حدّیں	1
حرارت	2
حرام	45
حرامکارِیاں	1
حرامکاری	2
حرف	3
حرُوف	1
حرکتیں	1
حسد	12
حسدا	1
حسِین	1
حصرو	4
حضُور	15
حق	106
حقارت	3
حقدار	1
حقُوق	1
حقِیر	8
حقِیروں	1
حقِیقت	9
حقِیقی	12
حقّانی	1
حلفئی	4
حلِیم	5
حلِیموں	1
حلِیمی	3
حم	1
حمد	26
حمدکرو	2
حمل	2
حملہ	2
حننّیا	1
حننیا	9
حننیّا	1
حنُو	1
حنُوک	1
حنّا	9
حنّاہ	2
حواس	1
حوالات	2
حوالداروں	2
حوالہ	53
حوّا	2
حَد	2
حَرام	3
حَرفوں	1
حَسد	8
حَق	1
حَلقہ	1
حَمد	4
حَنُو	1
حَوالہ	3
حَوصلہ	2
حَوض	10
حَویلی	1
حَیثِیت	1
حَیران	47
حَیرت	1
حَیوان	38
حَیوانِ	1
حُجتوّں	1
حُجّتوں	1
حُجّتی	1
حُرمت	3
حُرمتی	3
حُضُور	1
حُضُورپُہنچِیں	1
حُکم	197
حُکمران	1
حُکموں	23
حُکمی	1
حُکومت	22
حُکومتوں	2
حُکومتیں	3
حِراست	1
حِرص	2
حِزقِیا	2
حِساب	12
حِصّہ	23
حِصّے	2
حِفاظت	16
حِلم	9
حِمایت	1
حِکمت	47
حِیلوں	1
حکِیم	6
حکِیموں	5
حیائی	1
حیات	12
حیاتِ	2
حیادار	1
حیثِیت	2
خ	3
خاتِمہ	6
خادِم	49
خادِموں	10
خادِمہ	1
خار	1
خارِج	12
خاص	37
خاطِر	92
خاطِرداری	1
خاطِرچھوڑ	1
خاطِرکِس	1
خالِص	11
خالِق	3
خالی	10
خاموش	6
خاموشی	1
خاندان	4
خانوں	23
خانہ	51
خاک	8
خاکساری	2
خاکِ	1
خاکہ	1
خاکی	4
خبر	69
خبردار	38
خبردارفرِیسِیوں	2
خبرداری	2
خبرگِیری	5
خبری	3
خبریں	3
ختم	8
خداوند	1
خراب	13
خرابِیوں	1
خرابی	3
خراج	2
خرِ	1
خرِید	10
خرِیدا	2
خرِیدنے	2
خرِیدے	3
خرِیدےO	1
خرچ	8
خزانوں	1
خزانچی	1
خزانہ	20
خستہ	1
خشکی	1
خصُوصاً	3
خطا	4
خطاکار	1
خطرناک	1
خطروں	9
خطرہ	5
خفا	7
خفِیف	1
خفگی	2
خلاصی	6
خلق	2
خلو	1
خلُوص	1
خمِیر	16
خمِیرسے	2
خواب	7
خوار	1
خواروں	1
خواری	1
خواہ	32
خواہاں	3
خواہش	1
خواہِش	14
خواہِشوں	24
خوجہ	7
خوجے	3
خود	1
خوراک	1
خَتنہ	34
خَزانے	1
خَط	24
خَطوں	4
خَفا	1
خَلوت	3
خَواہ	20
خَواہِش	1
خَود	1
خَوف	44
خَیر	7
خَیرات	18
خَیموں	1
خَیمہ	25
خُدا	1345
خُداO	1
خُدائی	1
خُداوند	629
خُداوندO	1
خُداونداُس	1
خُداونداپنے	2
خُداوندتیری	1
خُداوندسے	1
خُداوندنے	4
خُداوندوں	3
خُداوندِنِعمت	1
خُداوندکا	3
خُداوندکو	3
خُداوندکی	10
خُداوندکیا	1
خُداوندکے	2
خُداوندیِسُو	1
خُداکا	1
خُداکے	1
خُدایِ	7
خُرازِ	1
خُرازِین	1
خُرُوج	1
خُرّم	1
خُرّمی	1
خُس	3
خُشک	1
خُشکی	5
خُفیہ	1
خُلاصہ	1
خُمار	1
خُوب	24
خُوبصُورت	4
خُوبصُورتی	1
خُوبِیاں	1
خُوبی	5
خُود	96
خُودرای	1
خُودغرض	1
خُودکِسی	1
خُودی	5
خُوراک	8
خُوز	1
خُوش	94
خُوشامد	1
خُوشبُو	8
خُوشبُودار	5
خُوشخبری	115
خُوشی	113
خُون	113
خُونریزِیاں	1
خُونِیوں	3
خُونی	7
خِدمت	115
خِدمتوں	3
خِدمتیں	2
خِراج	3
خِطاب	1
خِلاف	28
خِلافِ	2
خِلقت	4
خِمیر	1
خِیُس	1
خیال	52
خیالات	7
خیالوں	5
خیام	1
د	19
داؤ	1
داؤد	1
داؤُد	53
دائِرۂِ	1
دائِمی	3
دائیں	4
داب	2
داخِل	115
داد	1
دادا	46
دار	120
داروغہ	4
داروں	26
دارچینی	1
داری	41
داریاں	1
داغ	11
داغا	1
داغی	1
دامن	2
دامنی	1
داموں	1
دان	9
دانا	5
داناؤں	5
دانائی	8
دانت	13
دانوں	4
دانِست	7
دانہ	2
دانی	1
دانے	14
داؤُد	6
داہ	1
دب	1
دبا	9
دبائے	1
دباتے	1
دبّاغ	3
دبی	1
دبے	2
دت	1
در	2
دراز	3
دراصل	1
درانتی	2
دربان	4
درج	1
درجہ	6
درخت	52
درختوں	7
درخواست	43
درخواستیں	1
درد	3
دردِ	3
درمِیان	25
درمِیانی	6
دروازوں	5
دروازہ	43
دروازے	14
درُست	11
درُستی	2
درُو	1
درِندوں	2
درپَے	2
درکار	4
درگُذر	1
دریا	6
دریاؤں	3
دریائی	1
دریافت	18
دریایِ	2
دریغ	3
دس	14
دست	2
دستاوِیز	1
دستاویز	2
دسترخوان	5
دستُور	15
دستہ	2
دسوِیں	1
دسوں	2
دسویں	1
دعوت	4
دعویٰ	12
دغا	5
دغاباز	2
دغابازی	1
دفع	1
دفعتہً	1
دفعہ	12
دفن	17
دلمتیہ	1
دلِیل	1
دلِیلیں	1
دم	4
دما	1
دمِشق	14
دمِشقِیوں	2
دمڑِیاں	1
دمڑی	2
دنگ	1
دنگل	1
دو	219
دوO	2
دوبارہ	12
دوزی	1
دوست	23
دوستوں	12
دوستی	3
دونوں	71
دونوںپاک	1
دوپہر	7
دوڑِیں	1
دوں	1
دَباتی	1
دَخل	2
دَر	1
دَرانتی	6
دَرج	1
دَرجہ	3
دَرخواست	1
دَرد	4
دَردمَندی	1
دَرپیش	1
دَرپے	1
دَرکار	1
دَرہم	1
دَریا	1
دَس	11
دَستُور	1
دَسواں	1
دَسوں	1
دَعوت	1
دَغا	1
دَفن	3
دَلدَل	1
دَم	24
دَمَرِس	1
دَمڑیاں	1
دَنگ	2
دَو	2
دَور	2
دَورہ	1
دَولت	63
دَولتمند	5
دَولتمندوں	1
دَونا	1
دَونے	1
دَوڑ	17
دَوڑا	6
دَوڑتا	2
دَوڑتے	2
دَوڑنے	1
دَوڑو	1
دَوڑی	1
دَوڑیں	1
دَوڑے	6
دَکھّن	1
دَکھّنا	1
دَھراتھا	1
دَہ	9
دَہکا	1
دُرست	1
دُرُست	2
دُشمن	19
دُشمنوں	14
دُشمنی	9
دُعا	140
دُعاؤں	10
دُعائیں	7
دُعائے	1
دُعایِ	1
دُلہا	15
دُلہن	5
دُلہے	1
دُم	1
دُموں	3
دُمیں	2
دُنبالہ	1
دُنیا	200
دُنیاسے	1
دُنیامیں	1
دُنیاکی	2
دُنیاکے	2
دُنیوی	5
دُنیَوی	4
دُودھ	9
دُور	57
دُورہیں	1
دُوسرا	33
دُوسروں	4
دُوسری	30
دُوسرے	169
دُونا	1
دُوں	76
دُوںO	2
دُوں؟O	2
دُوں؟برا	1
دُکانوں	1
دُکھ	60
دُکھتا	2
دُکھوں	12
دُگنا	1
دُھل	1
دُھلوا	1
دُھن	1
دُھندلا	1
دُھوئیں	5
دُھواں	8
دُھوم	3
دُھوپ	5
دِئیے	1
دِئے	33
دِربے	4
دِرہم	2
دِق	4
دِقّت	1
دِل	180
دِلا	13
دِلاؤ	1
دِلاؤُں	4
دِلائے	3
دِلاتا	2
دِلاتی	1
دِلاتے	1
دِلاسا	2
دِلانا	1
دِلانے	6
دِلاؤُں	2
دِلایا	3
دِلجمعی	2
دِلو	1
دِلوا	1
دِلوں	66
دِلکش	1
دِلگِیر	3
دِلگِیری	1
دِلی	16
دِلیر	9
دِلیرانہ	1
دِلیری	29
دِن	348
دِنO	1
دِنوں	62
دِکَپُلِس	2
دِکھا	13
دِکھاؤ	3
دِکھاؤُں	3
دِکھاؤں	3
دِکھائِیںO	1
دِکھائی	40
دِکھائیں	4
دِکھائے	18
دِکھائےO	1
دِکھاتا	9
دِکھاتی	1
دِکھانے	7
دِکھاوے	5
دِکھایا	12
دِھیرا	1
دِھیما	1
دِہانی	1
دِہاڑے	1
دِہی	6
دِیا	524
دِیاO	20
دِیاتاکہ	1
دِیانت	21
دِیانتدار	5
دِیدار	1
دِیمِیترِیُس	1
دِین	39
دِینار	16
دِینوں	7
دِینِیوں	1
دِینی	15
دِیوار	4
دِیوان	6
دِیوانگی	2
دِیوانہ	6
دِیوانی	1
دِیونُسی	1
دِیُترِفِیس	1
دِیُسکُور	1
دِیں	20
دِیںO	1
دِیں؟O	1
دِیہات	1
دکُپُلس	1
دکھائی	1
دکھّن	3
دکھّنا	2
دھار	1
دھاری	3
دھاڑتا	1
دھرا	1
دھرنے	2
دھری	2
دھس	1
دھمکا	1
دھمکائیں	1
دھمکاتا	1
دھمکانے	1
دھمکِیاں	1
دھمکِیوں	1
دھو	12
دھوؤں	1
دھوئے	7
دھوبی	1
دھوتا	1
دھوتے	2
دھونا	1
دھونہ	1
دھونے	4
دھوکا	6
دھوکادیتا	1
دھوکے	2
دھویا	2
دھَنک	2
دھُندلا	1
دھڑک	1
دھکّا	1
دھیلا	1
دہشت	8
دہشتیں	1
دہنا	9
دہنی	13
دہنے	14
دی	174
دیO	9
دیا	3
دیتا	165
دیتاO	1
دیتا؟دیکھ	1
دیتا؟یہ	1
دیتاہُوں	1
دیتاہے	1
دیتی	15
دیتے	83
دیر	35
دیما	2
دیماس	1
دیمیترِ	2
دین	3
دینا	29
دینوں	1
دینی	1
دینے	116
دیو	1
دیوتا	3
دیوتاؤں	1
دیوی	3
دیکُھوں	3
دیکِھیں	5
دیکِھیںO	1
دیکھ	224
دیکھا	178
دیکھاO	3
دیکھاتھا	1
دیکھتا	41
دیکھتی	5
دیکھتے	47
دیکھنا	3
دیکھناچاہے	1
دیکھنے	31
دیکھو	185
دیکھوO	1
دیکھُوں	2
دیکھی	27
دیکھیں	32
دیکھیںO	1
دیکھیں؟O	2
دیکھے	34
دیگا	1
دیں	43
دیںO	6
دیں؟اُس	1
دیہات	6
دے	359
دےO	13
دے؟O	2
ذائِقہ	1
ذات	5
ذاتِ	2
ذاتی	1
ذبح	15
ذبِیحوں	2
ذبِیحے	1
ذرا	6
ذرِیعہ	34
ذلِیل	3
ذمہ	1
ذُوالجلال	2
ذِبح	1
ذِلّت	3
ذِمّہ	2
ذِکر	33
ذِکرِ	1
ذِہن	3
ذکر	2
ر	7
رئِیس	1
رئِیسوں	5
را	2
رائی	5
رائے	7
رات	71
راتوں	2
راحب	3
راخِل	1
راز	1
راست	152
راستباز	19
راستبازوں	8
راستبازی	14
راستوں	2
راستہ	9
راستی	6
راستے	4
راضی	15
راغِب	1
رام	1
رامہ	1
ران	1
راکھ	1
راہ	110
راہوں	3
راہِ	2
راہیں	4
رای	2
رایٔ	2
ربُّ	2
ربُّونی	1
ربّانی	1
ربّونی	1
ربی	2
ربیّ	13
رتھ	3
رتھوں	1
رجُوع	15
رحم	29
رحمت	7
رحمتوں	1
رحمتیں	1
رحمدِل	1
رحمِ	1
رحُبِعا	2
رحِیم	1
رد	1
ردا	1
ردّ	9
ردّکِیا	2
رسائی	4
رسالت	1
رسموں	1
رسمیں	1
رسُول	36
رسُولو	1
رسُولوں	41
رسِّیوں	1
رسِیدہ	3
رسّیاں	2
رضامند	2
رضامندی	2
رعُو	1
رفاقت	1
رفان	1
رفع	6
رقم	1
رنج	1
رنجِیدہ	5
رنگ	6
رو	10
روO	2
روؤ	5
روئیں	3
روئے	1
روئےO	1
روا	25
روانہ	68
روانہیں	1
روایت	10
روایتوں	2
روایتیں	1
روتی	6
روتے	8
روحِ	1
روداری	1
روز	59
روزانہ	2
روزوں	1
روزِ	3
روزہ	24
روزی	2
روزے	1
روشنی	1
روفُس	1
روما	1
رومہ	3
رونا	8
رونے	4
روِش	1
روٹِیاں	28
روٹِیوں	4
روٹی	63
روپَے	1
روپیہ	3
روک	5
روکا	1
روکاO	1
روکتی	1
روکنا	1
روکنے	3
روکے	4
رویا	17
رویاO	1
رَ	1
رَحم	33
رَحمت	1
رَحمِ	1
رَحِم	3
رَدّ	2
رَسد	1
رَسم	1
رَسموں	3
رَغبتوں	1
رَغبتیں	1
رَفع	2
رَقّ	1
رَنج	1
رَو	2
رَوا	4
رَوشن	16
رَوشنی	28
رَوغن	1
رَوندا	2
رَوندیں	1
رَوندے	2
رَونق	1
رَکھّی	1
رَکھّے	1
رُتبہ	1
رُخ	3
رُخصت	30
رُدُس	1
رُدی	1
رُستی	1
رُسوائی	1
رُو	11
رُوبرُو	14
رُوبن	1
رُوح	240
رُوحانِیوں	1
رُوحانی	41
رُوحوں	23
رُوحُ	84
رُوحِ	2
رُوحیں	16
رُوسِیاہی	1
رُومال	6
رُومِیوں	3
رُومہ	4
رُومی	9
رُومیوں	1
رُوپَہلے	1
رُوپَیوں	3
رُوپَیہ	2
رُوپَے	11
رُوپیَہ	3
رُویِ	5
رُک	2
رُکا	2
رُکتی	1
رُکن	1
رِبقہ	1
رِحم	1
رِسالت	3
رِسالہ	1
رِشتہ	12
رِعایت	3
رِعایتہً	1
رِندوں	1
رِہائی	1
رِیا	7
رِیاست	1
رِیاستیں	1
رِیاضت	3
رِیاکار	10
رِیاکارو	4
رِیاکاروں	3
رِیاکاری	7
رِیچھ	1
رّد	1
رکابی	3
رکھ	75
رکھO	3
رکھا	6
رکھتا	102
رکھتاتو	1
رکھتِیں	1
رکھتی	14
رکھتے	64
رکھنا	22
رکھناO	3
رکھناکیونکہ	1
رکھنے	26
رکھوا	1
رکھوالی	1
رکھُّوں	6
رکھُّوںO	1
رکھِّیںO	1
رکھّ	1
رکھّا	54
رکھّاO	1
رکھّااُسے	2
رکھّاکیونکہ	2
رکھّو	62
رکھّوO	1
رکھّوُں	1
رکھّوکہ	1
رکھّوں	2
رکھّوں؟O	1
رکھّی	24
رکھّیں	40
رکھّیںO	2
رکھّے	38
رکھّےO	1
رکھے	1
رہ	66
رہO	1
رہا	212
رہاO	8
رہائی	1
رہاہے	1
رہبر	1
رہبری	1
رہتا	65
رہتِیں	1
رہتی	22
رہتے	30
رہنا	36
رہنُما	2
رہنے	55
رہو	142
رہوO	1
رہُوں	25
رہِیں	2
رہی	51
رہیO	1
رہیِں	1
رہیں	53
رہیںO	1
رہے	320
رہےO	6
رہے؟O	3
ریت	5
ریزِیاں	1
ریزی	1
ریسا	1
ریشمی	1
ریگِیُم	1
ز	2
زائِل	1
زاد	4
زادے	1
زار	7
زانِیوں	1
زانِیہ	2
زبانیں	1
زبد	12
زبرجد	1
زبردست	2
زبردستی	6
زبُور	3
زبُول	1
زبُولُو	3
زخم	1
زخموں	1
زخمی	3
زخَم	2
زخِم	1
زدوں	1
زدہ	2
زر	1
زردوست	1
زرُبّابُل	1
زرُبّابِل	2
زمانوں	8
زمانہ	51
زمُرّد	1
زمِین	206
زمِینوں	1
زمِینِیوں	2
زمِینی	1
زنجِیر	3
زنجِیروں	10
زنجِیریں	1
زندہ	1
زنگ	4
زوال	1
زور	34
زورآور	15
زورآوروں	3
زَر	3
زَرد	1
زَرُبّابُِل	1
زَیتون	1
زَیتُو	11
زَیتُون	6
زُبان	55
زُبانوں	4
زُبانی	8
زُبانیں	16
زُمّرد	1
زُوفا	1
زُوفے	1
زِنا	22
زِناکار	6
زِناکارِیاں	2
زِناکاری	1
زِندوں	7
زِندگی	147
زِندگیO	1
زِندہ	105
زِہ	3
زِیادتی	3
زِیادہ	141
زِیرہ	1
زِینت	1
زِیُو	3
زکر	5
زکرِیا	1
زکریا	5
زکّا	3
زہر	1
زہرِ	1
زیادہ	21
زیبا	3
زیلو	1
زیلوتیس	1
زیناس	1
زیور	1
س	211
سا	45
ساؤ	2
ساؤُ	10
ساؤُل	13
سابق	1
سابِق	1
سات	67
ساتوِیں	5
ساتوں	25
ساتویں	5
ساتِھیوں	17
ساتھ	635
ساتھی	9
سادہ	2
سار	4
سارا	29
ساری	68
سارے	35
ساز	1
سازِش	5
ساس	6
سال	11
سالِ	1
سالِم	2
سالگِرہ	2
سامان	4
سامر	8
سامرِیوں	4
سامری	8
سامریہ	2
سامنا	3
سامنے	152
سامُس	1
سان	1
سانس	1
سانِشان	1
سانپ	12
سانپو	1
سانپوں	6
سانچے	1
سانی	2
ساٹھ	7
ساڑھے	5
ساکت	1
ساگ	1
ساہُوکار	2
ساہُوکاروں	1
سایہ	12
سب	843
سبب	268
سبت	44
سبتوں	1
سبز	1
سبزی	1
سبقت	1
سبھوں	2
ستا	2
ستائیں	5
ستائے	8
ستاتا	10
ستاتی	2
ستاتے	3
ستارہ	3
ستارے	3
ستانے	6
ستایا	8
ستبازی	1
ستُس	2
ستُودہ	1
ستِفنا	2
ستِفناس	1
ستِفَنُس	7
ستِفُنس	1
ستّر	3
ستیاناس	1
سخاوت	6
سخت	45
سختی	6
سدُو	7
سدُوم	2
سر	76
سرائے	2
سراسر	2
سرای	1
سربُلند	1
سرحد	1
سرحدّ	2
سرحدّوں	9
سرحدپر	1
سرد	3
سردار	174
سردارو	1
سرداروں	17
سردِیس	3
سردی	1
سرزد	2
سرمُنڈی	1
سروں	5
سرَکُوسہ	1
سرِگیُس	1
سرپر	1
سرپرستوں	1
سرکارِ	1
سرکاٹا	1
سرکش	1
سرکشی	1
سرکنڈا	3
سرکنڈے	5
سرگرم	7
سرگرمی	6
سرگُروہ	1
سرہانے	1
سرے	1
سزا	54
سزاوار	1
سف	2
سفر	13
سفروں	1
سفِیر	1
سفید	26
سفیدی	2
سلام	77
سلامت	9
سلامتی	14
سلح	2
سلطنت	16
سلطنتوں	1
سلطنتیں	2
سلمو	4
سلو	2
سلُوک	5
سما	1
سماجت	1
سمایا	1
سمجھ	45
سمجھا	25
سمجھاؤ	1
سمجھاتا	1
سمجھاتے	2
سمجھانا	1
سمجھانے	1
سمجھتا	20
سمجھتے	27
سمجھنا	3
سمجھو	17
سمجھُوں	1
سمجھی	4
سمجھیں	6
سمجھیںO	2
سمجھے	29
سمجھےO	1
سمسُو	1
سمو	1
سموئیل	2
سمُترا	1
سمُر	2
سمُندر	52
سمیت	33
سمیٹ	1
سنبھال	1
سنبھالتا	1
سنبھالتی	1
سنبھالنا	1
سنبھالو	1
سنبھالے	1
سنجِیدگی	3
سنجِیدہ	3
سنوارتی	1
سنواریں	1
سنُوں	1
سنّاٹا	1
سنگ	1
سنگسار	17
سنگِ	6
سو	19
سوئیں	1
سوئے	3
سوا	1
سوار	30
سواروں	2
سوارہے	1
سواری	1
سوال	15
سوتا	3
سوتی	4
سوتے	15
سوختنی	3
سوز	3
سوزی	1
سوستِھینس	1
سوستھِنیس	1
سوسن	2
سوسِپطرُ	1
سولہ	1
سونا	7
سونے	32
سوچ	5
سوچتے	5
سوچنے	3
سوچو	1
سوچے	1
سوں	1
سویرے	7
سَبت	16
سَبقت	2
سَبَب	1
سَتّر	1
سَر	4
سَروں	1
سَرک	2
سَرکش	1
سَلطنت	2
سَلَمِیس	1
سَمجھ	2
سَمجھتا	1
سَن	1
سَو	35
سَوداگر	5
سَوداگری	2
سَوریانیO	1
سَونف	1
سَونپ	3
سَونپا	5
سَونپتا	1
سَونپی	1
سَہتے	1
سَیر	2
سَیلاب	1
سُؤر	2
سُؤرنی	1
سُؤروں	7
سُتُون	2
سُتُونوں	1
سُداب	1
سُرمہ	1
سُرو	1
سُست	6
سُستی	1
سُسر	1
سُلُوک	1
سُلیما	11
سُلیمانی	1
سُن	131
سُنا	97
سُناؤ	1
سُناؤُں	1
سُناؤں	2
سُنائی	19
سُنائیں	2
سُنائے	1
سُناتا	7
سُناتے	5
سُنادی	1
سُنار	1
سُنانا	2
سُنانے	12
سُناوُں	1
سُنایا	7
سُنبلی	1
سُنبُل	1
سُنتا	31
سُنتاہے	1
سُنتخے	1
سُنتی	5
سُنتے	38
سُننا	8
سُننے	42
سُنو	23
سُنوO	1
سُنوں	1
سُنِیں	10
سُنِیںO	1
سُنہری	3
سُنہرے	1
سُنی	31
سُنیO	1
سُنیں	18
سُنیںO	2
سُنے	17
سُو	1
سُوئی	3
سُوتی	4
سُوج	1
سُود	2
سُور	7
سُوراخ	1
سُوراخوں	1
سُورتِس	1
سُورج	23
سُورُفِینیکی	1
سُورٔوں	3
سُوریہ	1
سُوسنّا	1
سُونگھنا	1
سُوکھ	10
سُوکھا	5
سُوکھتا	1
سُوکھے	4
سُکڑا	1
سُکھا	1
سِتاروں	6
سِتارہ	5
سِتارے	10
سِتایش	6
سِجدہ	35
سِرا	1
سِرک	1
سِرکہ	6
سِرے	14
سِفارش	1
سِلا	1
سِلح	1
سِلسِلہ	1
سِلوا	1
سِلوانُس	3
سِلُوکیہ	1
سِلّہ	1
سِم	1
سِنِّ	1
سِنگار	2
سِوا	73
سِپاہ	2
سِپاہِیوں	13
سِپاہی	17
سِپاہیوں	8
سِپر	1
سِکم	2
سِکند	1
سِکُندُ	1
سِکِوا	1
سِکّہ	1
سِکھا	6
سِکھاO	1
سِکھائی	2
سِکھائیں	1
سِکھائے	7
سِکھاتا	6
سِکھاتارہا	1
سِکھاتے	1
سِکھانے	6
سِکھایا	5
سِہرا	3
سِہرے	1
سِیاہ	1
سِیاہی	2
سِیدھا	4
سِیدھی	6
سِیدھے	8
سِیلا	13
سِینا	4
سِینوں	1
سِینگ	9
سِینگوں	2
سِینہ	5
سِیڑھیوں	2
سِیکِھیں	1
سِیکھ	1
سِیکھا	4
سِیکھتی	1
سِیکھنا	2
سِیکھو	4
سِیکھی	2
سِیکھیں	4
سپنج	3
سپُرد	28
سچ	108
سچّا	21
سچّائی	44
سچّی	16
سچّے	8
سڑنے	6
سڑک	2
سڑکوں	2
سکا	15
سکاO	1
سکاکیونکہ	1
سکتا	127
سکتاO	6
سکتاہے	2
سکتِیں	3
سکتی	29
سکتے	57
سکتےO	2
سکندر	2
سکو	13
سکُوتی	1
سکُونت	8
سکُوں	1
سکی	3
سکیں	12
سکے	46
سکےO	4
سکے؟O	1
سگے	1
سہا	1
سہارا	3
سہارے	1
سہتا	2
سہتے	4
سہنے	4
سہو	2
سہہ	2
سہی	2
سہیں	1
سی	78
سیالتی	4
سیاہی	1
سیت	1
سیدھا	1
سیر	20
سیٰ	2
سے	5918
سےO	2
سے؟O	2
شاباش	3
شاخ	1
شاد	1
شادمان	3
شادِیانہ	1
شادِیانے	1
شادی	21
شارُون	1
شالِیم	1
شام	23
شامِل	18
شامِلِ	1
شان	11
شاندار	1
شاگِرد	108
شاگِردوں	162
شاہانہ	1
شاہی	1
شاید	13
شایستگی	3
شایستہ	2
شب	1
شخص	229
شخصوں	11
شرائطِ	1
شراب	2
شرابِیوں	1
شرابی	5
شرارت	6
شرافت	1
شرع	18
شرم	9
شرمائے	5
شرماتا	3
شرمایا	1
شرمِندگی	3
شرمِندہ	21
شرمی	2
شرُوع	57
شرِیر	15
شرِیروں	1
شرِیعت	182
شرِیعتپر	1
شرِیعتکا	1
شرِیف	1
شرِیک	53
شرِیکوں	1
شعُور	1
شفاعت	1
شفّاف	3
شمعُو	72
شمعُون	6
شور	9
شوشہ	1
شوکت	7
شَبقتَنِی	1
شَوق	6
شَوکت	2
شَوہر	47
شَوہرو	3
شَوہروں	5
شَہوت	1
شَیاطِین	7
شَیخی	3
شَیطان	37
شَیطانی	1
شُبہ	4
شُرُوع	6
شُعلہ	4
شُعلے	3
شُمار	16
شُکر	56
شُکرکِیا	1
شُکرگُذاری	3
شُکرگُزاری	1
شُہرت	6
شُہرہ	1
شِدّت	3
شِراکت	11
شِرکت	1
شِفا	43
شِفاعت	3
شِمال	2
شِمعُو	3
شِمعی	1
شِکار	5
شِکایت	13
شِکن	1
شِیر	1
شِیرہ	3
شِیشہ	5
شِیلو	2
شک	14
شکایت	1
شکل	10
شکنجہ	1
شکّی	1
شہادت	3
شہتِیر	6
شہد	3
شہر	171
شہرمیں	1
شہروں	17
شہرِ	3
شہنشاہ	2
شہنشاہی	1
شہوت	4
شہوَت	7
شہوَتوں	2
شہِید	2
شہِیدوں	1
شیاطِین	2
شیخی	10
شیر	1
شیروں	1
شیرِ	1
شیلو	1
ص	3
صابِر	2
صاحبو	1
صاحبِ	1
صاحِب	4
صاحِبو	3
صاحِبِ	3
صادر	1
صادِق	3
صار	1
صاف	62
صبر	39
صبرسے	1
صحن	4
صحِیح	13
صحِیفوں	6
صحِیفہ	3
صداقت	1
صدر	11
صدرعدالت	8
صدرنشینی	1
صدرِعدالت	1
صدمہ	1
صدو	2
صدُوقِیوں	3
صدُوقی	5
صدُوقیوں	3
صرف	2
صرِیح	1
صرّافوں	4
صفائی	3
صلاح	13
صلِیب	34
صلِیبی	1
صندُوق	2
صَدرعدالت	1
صَدمہ	1
صَرف	1
صَیدا	17
صَیدایِ	1
صُبح	20
صُحبت	7
صُحبتیں	1
صُلب	2
صُلح	23
صُلحO	1
صُوبہ	31
صُور	12
صُورت	53
صُورتیں	1
صِحت	2
صِحن	1
صِد	9
صِرف	74
صِفتیں	1
صِیُّو	3
صِیُّون	4
صیدا	1
ضائع	4
ضابِطوں	1
ضامِن	1
ضبط	3
ضرر	12
ضرُور	79
ضرُورت	14
ضرُورتوں	1
ضرُوری	4
ضعِیف	2
ضمانت	1
ضَرر	1
ضُرُور	1
ضِیافت	11
ضِیافتوں	4
طاقت	20
طالِب	9
طالِبوں	1
طباق	2
طبع	1
طبعی	7
طبِیب	4
طبِیبوں	1
طبِیعت	5
طرح	566
طرف	383
طرفO	1
طرفدار	1
طرِیق	11
طرِیقوں	1
طرِیقہ	2
طعنہ	2
طلاق	3
طلب	10
طلُوع	1
طمانچہ	5
طمانچے	3
طور	2
طَعن	19
طَور	63
طَورپر	1
طُس	43
طُفَیل	1
طُوفان	7
طُوفانی	1
طُول	3
طُومار	1
طِطُس	14
طہارت	3
ظالِم	3
ظالِموں	1
ظاہِر	175
ظاہِرا	1
ظاہِراً	1
ظاہِرکرُوں	1
ظاہِرکرے	1
ظاہِرکِیا	4
ظاہِرہو	1
ظاہِرہُؤا	2
ظاہِری	6
ظرف	2
ظُلم	15
ظہُور	13
ع	784
عاجِز	2
عاجِزوں	1
عادت	1
عادتوں	2
عادِل	4
عازور	2
عالم	2
عالمِ	2
عالَم	16
عالَمِ	17
عالِمو	2
عالِموں	3
عالِمِ	2
عالی	3
عام	10
عامُو	1
عبادت	1
عجب	1
عجِیب	22
عدالت	69
عدالتوں	3
عداوت	28
عداوتیں	1
عدد	5
عدل	2
عدُول	5
عدُولی	1
عذاب	12
عرب	2
عرصہ	18
عرض	8
عزِیز	35
عزِیزو	14
عزِیزوں	2
عشا	1
عشایِ	1
عصا	7
عطا	3
عظمت	3
عظِیم	4
عظیم	1
عقل	37
عقلمند	2
عقلمندوں	4
عقلوں	1
عقِیق	2
علاقے	1
علامت	1
علامتوں	1
علامتیں	1
علانِیہ	4
علاوہ	2
علَیہ	1
علُوم	1
عمل	88
عمُورہ	4
عمِیق	1
عمّینداب	1
عوام	3
عوبید	3
عَبث	1
عَت	1
عَرب	1
عَز	1
عَصا	3
عَمّیندا	1
عَنِّیا	1
عَنِیا	6
عَنِیّا	4
عَنِیّاہ	1
عَورت	113
عَورتوں	28
عَورتیں	17
عَیب	23
عَیبی	1
عَیش	9
عَین	4
عُذر	11
عُزِیّاہ	2
عُضو	9
عُقاب	3
عُمدہ	12
عُمر	13
عُمررسِیدہ	1
عُمروں	1
عُود	8
عُہدہ	3
عِبا	1
عِبادت	91
عِبادتخانوں	1
عِبارت	2
عِبر	2
عِبرا	1
عِبرانِیوں	2
عِبرانی	11
عِبرت	4
عِرفان	1
عِزّ	2
عِزّت	86
عِزّتی	6
عِشرت	9
عِطر	17
عِطردان	4
عِلاج	1
عِلاقوں	1
عِلاقہ	31
عِلانِیہ	2
عِلاوہ	1
عِلم	25
عِلمِ	2
عِلمِیّت	1
عِمارت	7
عِمارتوں	1
عِمارتیں	2
عِمّا	1
عِنایت	8
عِوض	4
عِید	24
عِیدِ	17
عکس	2
عہد	39
عہدوں	1
عہُود	1
عیاش	1
عیر	1
عیسو	1
عیسَو	2
عیلی	1
عینو	1
عیّاشی	3
غائِب	2
غار	1
غارت	2
غاروں	3
غازِیوں	1
غافِل	4
غالِب	29
غرض	36
غرق	2
غرُور	1
غرِیب	13
غرِیبوں	17
غرِیبی	3
غزلیں	2
غضب	31
غضبناک	1
غضبِ	1
غفلت	1
غلبہ	3
غلبۂِ	1
غلط	1
غم	28
غمگِین	18
غمگین	4
غمگینوں	1
غنِیمت	2
غول	7
غَرق	1
غَزّہ	1
غَضب	2
غَلبہ	2
غَموں	1
غَور	34
غَول	1
غَیب	2
غَیر	113
غَیرت	8
غَیرفانی	6
غَیروں	4
غُربا	3
غُربت	1
غُسل	4
غُسلوں	1
غُصّہ	16
غُصّے	4
غُل	6
غُلام	28
غُلاموں	3
غُلامی	16
غِذا	2
غِیبت	2
غیر	2
فا	1
فائِدہ	56
فاحِشہ	2
فار	3
فارص	1
فاصِلہ	6
فاقوں	1
فاقہ	4
فالِج	1
فانی	12
فتح	9
فتویٰ	2
فتوےٰ	1
فخر	64
فخرکرُو	1
فرا	2
فرائض	1
فراغت	1
فراموش	1
فرتُونا	1
فرداً	2
فرزند	46
فرزندو	3
فرزندوں	16
فرشتوں	1
فرشتہ	2
فرشتے	1
فرض	13
فرق	8
فرقہ	1
فرلانگ	2
فرما	3
فرمائے	1
فرمائےO	2
فرماتا	41
فرماتاہے	1
فرمانبردار	13
فرمانبرداروں	1
فرمانبرداری	9
فرمایا	21
فرمایاO	1
فروتن	2
فروتنوں	2
فروتنی	7
فروخت	4
فروشوں	4
فرُو	1
فرُوگیہ	2
فرِشتوں	55
فرِشتہ	90
فرِشتے	26
فرِیب	12
فرِیسِیوں	33
فرِیسی	14
فرِیسیوں	1
فرِیسیِوں	1
فرِیق	2
فریاد	8
فریب	14
فریسِیوں	1
فریسی	15
فریسیو	3
فریسیوں	9
فساد	6
فسادوں	1
فسح	5
فسوس	1
فشانی	3
فصل	16
فضل	120
فضُول	1
فضِیلت	1
فطِیر	7
فقط	11
فقِیر	1
فقِیہ	1
فقِیہو	7
فقِیہوں	24
فقِیہہ	31
فلاں	1
فلج	2
فلِگون	1
فلک	2
فنا	4
فنوایل	1
فوراً	30
فَرد	1
فَسح	22
فَضل	2
فَقط	3
فَنا	1
فَوج	8
فَوجداری	1
فَوجوں	5
فَوجی	3
فَوجیں	1
فَوراً	4
فَوقِیّت	1
فَیصل	6
فَیصلہ	20
فَیصلے	3
فَیلسُوفی	1
فُرصت	5
فُس	1
فُضلہ	1
فُلاں	1
فُوگلُس	1
فِتنہ	1
فِدیہ	4
فِردوس	1
فِردَوس	2
فِرعو	4
فِرعون	1
فِرقہ	8
فِعل	3
فِلدِلفیہ	1
فِلَدِلفیہ	1
فِلُلُگس	1
فِلِپُّس	27
فِلِپّی	3
فِلِپّیو	1
فِلّپی	1
فِلپَّی	1
فِلپُّس	9
فِلپُّی	1
فِلیتُس	1
فِلیمو	2
فِکر	31
فِکرمند	2
فِکروں	2
فِکرہے	1
فِیبے	1
فِیروزہ	1
فِینِکس	1
فگے	3
فہِیم	1
فی	55
فیستُس	13
فیلسُوف	1
فیلِکس	9
فینِیکے	3
فیّاض	1
فیّاضی	1
ق	28
قائِل	6
قائِم	115
قائِن	3
قابُو	12
قابِل	6
قاتِل	2
قاتِلوں	3
قادرِ	1
قادِر	8
قادِرِ	13
قاصِد	4
قاصِدوں	1
قاصِدچلے	1
قاضی	5
قاعِدوں	1
قاعِدہ	6
قافِلہ	1
قامت	1
قانایِ	4
قانُون	2
قبر	38
قبروں	9
قبریں	3
قبضہ	14
قبُول	75
قبُولِیّت	2
قبِیلوں	7
قبِیلہ	23
قبِیلے	2
قتل	92
قتلہ	1
قد	1
قدر	36
قدم	13
قدموں	6
قدَم	1
قدُّ	1
قدُّوس	8
قدِیم	7
قرابتی	1
قرار	3
قرض	20
قرِیب	34
قرِیباً	7
قرِینہ	1
قصد	2
قصُور	17
قصُوروار	9
قصُوروں	5
قصُووار	1
قصّابوں	1
قضِیّہ	1
قطاریں	1
قطع	1
قطعی	1
قلعوں	1
قلعہ	12
قلم	1
قناعِت	4
قنانی	2
قوانِین	1
قورح	1
قوسا	1
قوم	1
قَبر	3
قَبروں	1
قَد	2
قَدموں	2
قَسم	47
قَسموں	2
قَسمیں	1
قَصد	5
قَول	15
قَوم	68
قَومو	4
قَوموں	103
قَومِیّت	2
قَومیں	25
قَوّی	2
قَوی	3
قَہر	1
قَید	52
قَیدخانوں	1
قَیدخانہ	21
قَیدِیوں	4
قَیدی	14
قَیدیوں	1
قَیصر	46
قَیصری	1
قَے	1
قُدرت	75
قُدرتی	1
قُدرتیں	1
قُدُّوس	4
قُربان	34
قُربانِیاں	11
قُربانِیوں	11
قُربانی	27
قُربانیوں	1
قُرعہ	8
قُصُور	2
قُصُوروار	3
قُصُوروں	1
قُلزم	2
قُمرِیوں	1
قُومی	1
قُوّت	20
قُوّتوں	1
قُوّتیں	3
قِدرو	1
قِرمز	1
قِرمزی	5
قِسم	11
قِسمت	1
قِطاروں	1
قِطعہ	1
قِیاس	2
قِیام	3
قِیامت	25
قِیس	1
قِیم	3
قِیمت	18
قِیمتی	9
قِینا	2
قہر	13
قیامت	2
قینا	1
ل	13
لآباد	2
لئے	4
لا	48
لاO	1
لاؤ	22
لاؤO	2
لاؤں	8
لائق	5
لائِق	76
لائی	2
لائیO	1
لائیں	23
لائے	110
لائےO	1
لات	2
لاتا	26
لاتی	3
لاتے	18
لاحاصِل	3
لادتے	1
لادُو	1
لازوال	3
لازِم	9
لاش	17
لاشوں	2
لاشیں	3
لال	5
لالچ	14
لالچِیوں	1
لالچی	5
لانا	7
لانے	32
لاو	8
لاؤ	1
لاوی	5
لاٹِھیاں	5
لاٹھی	3
لاچار	3
لاچارتھا	1
لاچاری	3
لاکھ	3
لاکھوں	3
لاگت	1
لایا	32
لبالب	1
لبریز	2
لت	2
لتےِنی	1
لحم	8
لدی	1
لذِیذ	1
لرزِش	1
لرزی	1
لشکر	5
لشکرگاہ	1
لعزر	14
لغزِش	2
لفظ	1
لفظوں	1
لفظی	4
لقب	1
للکار	1
لماشَبقَتنی	1
لمبائی	3
لمبے	7
لنگر	5
لنگڑا	4
لنگڑوں	3
لنگڑے	7
لو	53
لوO	2
لوتاکہ	1
لومڑِیوں	2
لومڑی	1
لوٹنے	2
لوٹوں	1
لوگ	231
لوگو	5
لوگوں	232
لوہے	7
لَسَیہَ	1
لَعل	1
لَعن	18
لَعنت	13
لَعنتی	5
لَفظوں	2
لَقب	2
لَما	1
لَمک	1
لَودِیکیہ	4
لَودیکیہ	3
لَوندے	1
لَونڈِیوں	1
لَونڈی	11
لَونڈیوں	1
لَونڈے	2
لَوٹ	13
لَوٹا	6
لَوٹاO	1
لَوٹے	4
لَوٹےO	1
لُبان	2
لُبھانے	2
لُدِیہ	2
لُدّہ	3
لُس	3
لُستر	6
لُطف	2
لُقمہ	2
لُنجوں	2
لُو	1
لُوئِس	1
لُوسِیا	3
لُوط	4
لُوقا	7
لُوقا۴‏:	1
لُوٹ	8
لُوٹتا	1
لُوٹنے	1
لُوکِیُس	2
لُوکیہ	1
لُوں	15
لُٹ	1
لُڑھکا	5
لُڑھکائے	1
لُکااُنیہ	2
لِئے	1149
لِئےO	2
لِباس	8
لِبرتیِنوں	1
لِبوآ	1
لِحاظ	13
لِسانیا	1
لِٹا	1
لِپا	1
لِپٹ	2
لِپٹا	3
لِپٹے	2
لِکُھوں	2
لِکُھوںO	1
لِکِھیں	1
لِکھ	25
لِکھا	121
لِکھاتھا	1
لِکھاہے	2
لِکھتا	18
لِکھتے	2
لِکھنا	6
لِکھنے	7
لِکھوائےO	1
لِکھوانے	1
لِکھُوں	1
لِکھّا	2
لِکھّی	2
لِکھی	16
لِکھے	13
لِیا	170
لِیاO	5
لِیاقت	2
لِینُس	1
لِیں	13
لِیہُود	1
لٹکا	6
لٹکائے	1
لٹکایا	4
لٹکتی	2
لپیٹ	1
لپیٹا	2
لپیٹنے	1
لپیٹے	1
لچر	1
لڑ	5
لڑا	1
لڑائِیاں	4
لڑائِیوں	4
لڑائی	12
لڑتا	2
لڑتے	4
لڑنے	5
لڑُوں	1
لڑکا	7
لڑکو	2
لڑکوں	16
لڑکپن	2
لڑکی	20
لڑکے	11
لڑیں	1
لڑے	2
لکڑِیاں	1
لکڑِیوں	1
لکڑی	7
لکھ	1
لکھتا	1
لگ	8
لگا	146
لگاO	7
لگائی	4
لگائیں	2
لگائے	7
لگاتا	16
لگاتی	1
لگاتے	13
لگاتےO	1
لگام	2
لگاموں	1
لگانا	3
لگانے	15
لگایا	13
لگایاتھا	1
لگتی	2
لگتے	1
لگنے	3
لگوا	3
لگوائے	1
لگِیں	6
لگِیںO	1
لگی	33
لگیO	6
لگیں	5
لگے	172
لگےO	7
لہر	1
لہروں	4
لہریں	1
لہُو	3
لی	42
لیتا	22
لیتا؟O	1
لیتاتھا	1
لیتی	7
لیتے	25
لیتےO	1
لین	3
لینا	13
لیناO	2
لینا؟O	1
لیناچاہے	1
لینے	56
لیٹا	1
لیکن	446
لیں	44
لیںO	1
لے	440
لےO	7
لے؟O	1
م	105
مO	1
مؤثر	1
مؤثِر	1
ما	6
مائِل	5
مائیں	1
ماتحت	18
ماتحتوں	2
ماتحتی	2
ماتم	14
ماتھوں	1
ماتھے	7
ماجرا	12
ماجرے	7
ماجوج	1
مادی	1
مار	45
مارا	12
مارا؟O	1
مارتا	4
مارتی	2
مارتے	4
مارنا	3
مارنے	8
مارو	5
مارُوں	3
مارڈالے	1
ماریں	5
مارے	25
مال	42
مالدار	3
مالِک	75
مالِکو	2
مالِکوں	9
مالک	1
مان	10
مانا	5
مانتا	12
مانتاO	2
مانتی	1
مانتے	12
مانجھی	1
ماندہ	2
ماننا	2
ماننے	11
مانو	4
مانِند	127
مانِندایک	1
مانِندہے	1
مانگ	4
مانگا	5
مانگتا	3
مانگتی	1
مانگتے	10
مانگنے	4
مانگو	8
مانگُوں	1
مانگی	3
مانگیO	1
مانگے	14
مانی	3
مانیں	2
مانے	2
ماں	110
ماہِر	1
ماہی	2
مبادا	2
مبنی	1
مت	8
متاع	2
متعجُّب	1
متوالا	2
متوالے	2
متَّتاہ	1
متُو	1
متّات	3
متّان	2
متّی	6
متّیا	2
مثال	1
مثلاً	2
مثِیل	1
مجبُور	11
مجلِس	8
مجمع	4
مجمُوعہ	1
مجُوسِیوں	3
مجُوسی	1
مجُھ	1
مجھ	1
محرُوم	6
محسُوب	4
محسُوس	1
محصُول	28
محض	1
محفُوظ	9
محفِل	2
محلّوں	1
محمُود	2
محنت	1
محُبّت	8
محکُوم	2
مختُون	5
مختُونوں	8
مختُونی	3
مخصُوص	4
مخلصی	4
مخلُوق	5
مخلُوقات	11
مخَتُونوں	1
مدار	1
مدد	32
مددکے	1
مددگار	10
مدرسہ	1
مذبح	1
مذہب	1
مر	35
مرتبان	1
مرتبہ	4
مرتھا	5
مرد	1
مردانگی	1
مردِ	2
مرض	1
مرضی	72
مرقس	11
مرمر	2
مرمّت	3
مرنا	1
مرنے	1
مروا	1
مروڑ	2
مروڑا	2
مروڑتی	1
مرُوں	1
مرِیض	1
مری	1
مریم	27
مزا	1
مزامِیر	1
مزامِیراور	1
مزبلہ	2
مزدُور	10
مزدُوراپنی	1
مزدُوروں	6
مزدُوری	11
مزمُور	3
مزہ	11
مزے	1
مسئلہ	1
مسوپتامِیہ	1
مسوپتامیہ	1
مسِیح	535
مسِیحO	1
مسِیحِ	1
مسِیحی	5
مسکن	1
مسکنوں	1
مسیِح	4
مسیِحی	2
مشرِق	5
مشعل	2
مشعلوں	2
مشعلیں	3
مشغُول	10
مشقّت	2
مشور	1
مشورَہ	8
مشوَرہ	4
مشّاق	1
مشہُور	17
مصالِح	1
مصرُوف	1
مصلحت	1
مصلُوب	43
مصِر	1
مضبُوط	29
مضبُوطی	6
مضمُون	5
مطلب	1
مطلَب	7
مظلُوم	1
مع	1
معبُود	2
معبُودوں	3
معذُور	2
معذُوررکھO	1
معرفت	50
معزُول	1
معقُول	1
معلُوم	130
معمُور	15
معمُوری	6
معنوں	1
معنی	9
مغرُور	4
مغرُورنہ	1
مغرُوروں	2
مغرِب	1
مغلُوب	7
مفلُوج	11
مفلُوجوں	1
مقام	12
مقاموں	8
مقامِ	1
مقبرہ	1
مقبرے	1
مقبُول	16
مقبُولِیّت	1
مقبُولیّت	1
مقتُولوں	1
مقدُور	6
مقصد	2
مقُولہ	1
مل	1
ملامت	27
ملاّح	2
ملاّحوں	2
ملخُس	1
ملعُون	4
ملعُونو	1
ملُوں	1
ملِکہ	3
ملکی	2
ملیں	1
ملے	1
من	3
منا	1
مناؤ	1
منائی	1
منائیO	1
منائیں	1
منائیںO	1
مناتا	1
مناتاO	1
مناتے	2
منانا	2
منانے	2
مناہیم	1
مند	39
مندروں	1
مندو	1
مندوں	6
مندِر	1
مندکرنے	1
مندی	1
منزل	1
منزِل	2
منسُوخ	3
منسّی	1
منشا	1
منصُوبوں	2
منصُوبے	1
منظُور	16
منع	17
منڈھا	1
منگا	1
منگنی	2
منگوا	3
منگیتر	1
موافِق	1
موتِیوں	5
موتی	4
مورچہ	1
موقع	3
مول	16
مولک	1
موٹا	1
موٹے	2
موڑ	3
موڑوں	1
مویشی	2
مَبدا	1
مَبنی	1
مَت	1
مَتوالے	2
مَتّتِیا	1
مَتّتیا	1
مَجمع	1
مَختُون	2
مَختُونوں	1
مَخلصی	1
مَر	63
مَرا	2
مَراO	1
مَرتا	8
مَرتے	6
مَرد	45
مَردو	2
مَردوں	5
مَرضی	1
مَرمَر	2
مَرنا	6
مَرنے	23
مَرو	4
مَروا	3
مَرگئے	1
مَرگیا	1
مَری	2
مَریں	3
مَرے	13
مَست	2
مَسح	8
مَسٔلوں	2
مَسکن	2
مَشکوں	7
مَشکیں	4
مَصلحِت	1
مَصلُوب	3
مَصلِحت	1
مَعرفت	1
مَفلُوج	1
مَقدِس	46
مَل	4
مَلا	1
مَلِکہ	1
مَلکِ	7
مَن	2
مَند	4
مَندر	1
مَندروں	1
مَندوں	1
مَندِر	3
مَندی	1
مَنَاسو	1
مَنّ	4
مَنّت	2
مَوافِق	6
مَوت	94
مَوجوں	1
مَوجُود	34
مَوجُودوں	1
مَوجُودگی	2
مَوجُودہ	7
مَوجیں	2
مَوسم	7
مَوعُود	1
مَوعُودہ	2
مَوقع	33
مَوقعوں	1
مَوقُوف	14
مَولُود	1
مَولُودِ	1
مَٹکوں	1
مَٹکے	1
مَچھلی	1
مَکِدُنی	2
مَکِدُنیہ	25
مَکّار	1
مَکّاری	4
مَہلل	2
مَیدان	3
مَیدہ	1
مَیلے	1
مَیں	1575
مَیںیہُودیہ	1
مَے	35
مُؤا	14
مُؤثِر	1
مُؤثّر	1
مُبادا	1
مُبارِک	1
مُبارک	60
مُبتلا	7
مُبشر	1
مُبشِّر	1
مُتعلِّق	5
مُتعلّق	1
مُتفِق	4
مُتوجِّہ	9
مُتوجّہ	1
مُتوجہ	1
مُتّفِق	3
مُتّقی	5
مُجرِم	22
مُجسّم	4
مُجھ	252
مُجھے	410
مُحافِظ	1
مُحبّت	239
مُحتاج	21
مُحتاجوں	1
مُحتاجی	2
مُحرِّر	1
مُخاطِب	2
مُخالفت	13
مُخالِف	19
مُخالِفت	13
مُخالِفوں	4
مُخالِفِ	5
مُختار	16
مُختاروں	2
مُختاری	4
مُختصر	3
مُختلِف	3
مُخلصی	2
مُخلِصی	1
مُدَّعی	1
مُدّت	17
مُدّعا	1
مُدّعی	5
مُدّعیوں	3
مُر	2
مُراد	4
مُرجھاتا	1
مُرجھانے	2
مُردار	2
مُردوں	89
مُردگی	1
مُردہ	27
مُردے	16
مُرغ	13
مُرغی	2
مُرِید	3
مُرکّب	1
مُسافر	1
مُسافِر	10
مُسافِرانہ	1
مُسافِرت	1
مُسافِروں	1
مُستعِد	10
مُشابِہ	3
مُشابہت	3
مُشتا	1
مُشتاق	12
مُشترِک	1
مُشقّت	4
مُشِیر	2
مُشّتاق	1
مُشکل	2
مُشکِل	13
مُصِیبت	44
مُصِیبتوں	9
مُصِیبتیں	4
مُصیبتوں	1
مُصیِبت	1
مُطابِق	60
مُطرِبوں	1
مُطلق	9
مُطلِق	7
مُعاف	53
مُعافی	20
مُعاملات	1
مُعاملوں	1
مُعاملہ	2
مُعاملے	1
مُعتبر	1
مُعتبِر	1
مُعجزے	1
مُعجِزوں	8
مُعجِزہ	11
مُعجِزے	24
مُعزّز	1
مُعلِّم	5
مُفت	10
مُفسِد	1
مُفصّل	2
مُفِید	5
مُقابلہ	17
مُقابِل	1
مُقدِّم	1
مُقدّ	2
مُقدّس	69
مُقدّسو	1
مُقدّسوں	55
مُقدّسٹھہرے	1
مُقدّم	2
مُقدّمہ	14
مُقدّمے	1
مُقرّ	2
مُقرّب	2
مُقرّر	61
مُقرّرکِیا	2
مُقرّرہ	2
مُقرّرہے	1
مُقِیم	1
مُلائِم	1
مُلاحظہ	2
مُلازِم	2
مُلاقات	6
مُلبّس	4
مُلتوی	1
مُلزم	1
مُلزِم	1
مُلک	39
مُلکوں	1
مُلکِ	7
مُمکِن	12
مُناجات	1
مُناجاتیں	1
مُنادی	77
مُناسبت	1
مُناسِب	29
مُنتخب	1
مُنتظِر	16
مُنتظِرتھے	1
مُنتظِم	1
مُنجّی	23
مُنحصِر	1
مُنسّی	2
مُنصِف	15
مُنعکِس	1
مُنقطع	1
مُنوّر	1
مُنڈائیں	1
مُنڈانا	1
مُنڈایا	1
مُنکر	1
مُنہ	82
مُو	2
مُوئے	2
مُوافقت	1
مُوافِق	121
مُوذی	1
مُورت	1
مُورتوں	2
مُورہ	1
مُوسوی	1
مُوسیٰ	78
مُوسیہ	2
مُڑ	4
مُکاشفوں	1
مُکاشفہ	8
مُکاشفے	1
مُکّوں	1
مُکّے	5
مُہر	22
مُہروں	2
مُہرکر	1
مُہریں	4
مُہلت	3
مِتُلینے	1
مِثال	2
مِثقال	3
مِثل	3
مِحنت	33
مِحنتوں	4
مِدیا	1
مِرگی	1
مِزاج	6
مِزاجی	6
مِصر	24
مِصری	3
مِصریوں	2
مِعدہ	1
مِعمار	2
مِعماروں	6
مِل	44
مِلا	56
مِلائے	2
مِلاپ	16
مِلایا	2
مِلتا	11
مِلتی	8
مِلتے	1
مِلنا	6
مِلنسار	1
مِلنے	8
مِلُوں	3
مِلِتے	1
مِلِیں	1
مِلک	1
مِلکِیّت	5
مِلی	37
مِلیO	1
مِلیں	1
مِلے	53
مِلےO	1
مِنّاہ	1
مِنّت	53
مِٹ	4
مِٹا	3
مِٹائی	1
مِٹائے	2
مِٹتی	2
مِٹنے	4
مِٹّی	13
مِہربان	5
مِہربانِیاں	1
مِہربانی	14
مِہمان	9
مِہمانوں	4
مِہمانی	2
مِیان	2
مِیاں	7
مِیراث	24
مِیعاد	3
مِیعادوں	1
مِیعادیں	1
مِیل	3
مِیلیتُس	2
مِین	1
مِینہ	8
مِیٹھا	2
مِیٹھی	2
مِیکا	1
مِیکائیل	1
مچ	1
مچائی	2
مچاتے	2
مچانے	2
مچّھر	1
مچھلِیاں	11
مچھلِیوں	10
مچھلی	9
مچھلیوں	1
مچی	1
مکان	10
مکتُوب	1
مکر	3
مکرُوہ	7
مکرُوہات	3
مکَوڑوں	1
مکَوڑے	3
مکّاری	2
مکّر	1
مگدلِینی	7
مگدلینی	5
مگدَن	1
مگر	622
مگراب	1
مگرحق	1
مگرلعزر	1
مگرنعمان	1
مگروُہی	1
مگروہ	1
مگرگملی	1
مہتاب	1
مہمان	1
مہِین	13
مہِینوں	1
مہِینے	15
مہک	1
مہینہ	1
می	2
میخوں	2
میرا	191
میراہم	1
میرِ	2
میری	227
میرے	467
میز	6
میل	21
میلیتُس	1
مینڈکوں	1
میوے	1
میں	3930
میںشمعُون	1
میںشہد	1
میںپردیسی	1
میںپٹک	1
میںپڑنے	1
میںچلتا	1
میںڈا	1
میںڈالوں	1
میںہیں	1
ن	154
نئی	34
نئے	15
نا	4
نائِین	1
نااُمّید	4
نااُمّیدی	1
نابُود	2
ناتمام	1
ناتن	1
ناتوانوں	1
ناتواں	1
ناجائِز	5
ناحق	3
ناحُو	2
ناخُدا	2
ناخُوش	1
ناداروں	1
ناداری	2
نادان	10
نادانو	2
نادانوں	4
نادانی	5
نادِیدہ	1
ناراست	1
ناراستوں	3
ناراستِیوں	1
ناراستی	15
ناراض	3
نازِل	25
نازک	1
نازیبا	1
نازیبااعضا	1
ناسُور	2
ناسُوروں	2
ناشایستہ	1
ناشُکر	1
ناشُکروں	1
ناصرۃ	10
ناصری	20
ناصِح	1
ناصِریوں	1
نافرمان	13
نافرمانوں	3
نافرمانِیوں	1
نافرمانی	12
ناقابِل	1
ناقِص	4
نالائِق	1
نالِش	10
نالہ	2
نالے	1
نام	300
نامختُون	5
نامختُونو	1
نامختُونوں	4
نامختُونی	11
نامزد	2
نامعلُوم	1
نامقبُول	6
ناموَر	1
ناموں	6
نامُمکِن	3
نامُناسِب	1
نامہ	6
نامی	6
نان	1
نانی	1
ناواقِف	16
ناپ	4
ناپا	5
ناپائیدار	1
ناپاک	52
ناپاکوں	2
ناپاکی	8
ناپاکیوں	1
ناپتے	3
ناپرہیزگاری	1
ناپسند	1
ناپسندِیدہ	1
ناپنے	2
ناچ	4
ناچنے	2
ناچِیز	10
ناچے	2
ناک	5
ناکوں	1
ناکے	3
ناگ	2
ناگوار	1
ناگہاں	2
ناہ	5
ناہموار	1
نباس	1
نبُو	1
نبُوّت	40
نبُوّتوں	1
نبُوّتیں	1
نبِّیہ	1
نبِیوں	61
نبِیّہ	1
نبی	82
نبیو	1
نبیوں	11
نتن	6
نتِیجہ	6
نتیجہ	4
نجات	98
نجاست	3
نجِس	3
نحسو	2
نحسون	1
نحُو	4
نحُور	1
نحُوم	6
ندِیاں	1
ندی	4
نذر	25
نذربڑی	1
نذروں	3
نذریں	4
نرسِنگا	13
نرسِنگوں	1
نرسِنگے	7
نرم	7
نرمی	4
نزدِیک	110
نسب	2
نسل	36
نسلوں	1
نشِین	1
نشِینی	2
نشہ	7
نصِیب	2
نصِیبی	1
نصِیحت	52
نصیحت	1
نظر	58
نظروں	3
نظرکی	1
نظِیر	1
نظّارہ	3
نفتا	3
نفرت	9
نفرتی	1
نفس	2
نفسانی	6
نفع	12
نفِیس	1
نقب	4
نقدی	1
نقش	1
نقشِ	2
نقص	2
نقل	1
نقلیں	1
نماز	3
نمُود	1
نمُونہ	14
نمک	8
نمکِین	4
نمکِینی	1
ننانوے	2
ننگا	10
ننگی	1
ننگے	6
نواح	5
نواحی	1
نواز	1
نوازوں	1
نوازی	1
نوالہ	4
نومُرِید	1
نوِشتوں	4
نوِشتہ	14
نوِشتے	3
نوِیسی	2
نوِیں	1
نوگہ	2
نَرکِسُّس	1
نَسب	3
نَسل	2
نَشہ	2
نَفس	1
نَو	1
نَوبت	9
نَوزاد	1
نَومُرِید	1
نَوکر	58
نَوکرو	3
نَوکروں	19
نَینِو	2
نُبوّت	1
نُبُوّت	1
نُس	1
نُقص	2
نُقصان	21
نُقطہ	2
نُما	1
نُمایاں	1
نُمفاس	1
نُو	1
نُوایل	1
نُوح	7
نُور	48
نُورانی	3
نُوروں	1
نُورکے	1
نِثار	1
نِسبت	46
نِشان	53
نِشانوں	6
نِشانِیاں	1
نِعمت	12
نِعمتوں	7
نِعمتیں	5
نِقاب	2
نِنانوے	2
نِڈر	1
نِکاح	2
نِکال	55
نِکالا	10
نِکالاO	1
نِکالتا	18
نِکالتے	6
نِکالنا	1
نِکالنے	3
نِکالو	2
نِکالی	1
نِکالیں	3
نِکالے	2
نِکل	103
نِکلا	41
نِکلاہُوں	1
نِکلتا	3
نِکلتی	19
نِکلتے	9
نِکلنے	5
نِکلو	1
نِکلوا	1
نِکلِیں	3
نِکلی	11
نِکلیں	4
نِکلے	24
نِکمّا	1
نِکمّی	2
نِکمّے	4
نِگاہ	23
نِگل	2
نِگہبان	6
نِگہبانوں	1
نِگہبانی	13
نِہایت	34
نِیلم	1
نِیم	3
نِیند	8
نِینو	1
نِیّت	11
نِیّتی	3
نِیچا	2
نِیچی	1
نِیچے	35
نِیکانور	1
نِیکُد	2
نِیکُدِیمُس	3
نِیکُلیوں	2
نِیکُپُلس	1
نچہ	2
نکل	1
نکلا	1
نکِلے	1
نکہ	6
نہ	1900
نہا	1
نہایت	1
نہلا	1
نہلائی	1
نہیں	1396
نہیںO	11
نہیں؟O	5
نہیںچاہتا	1
نہیںہو	1
نہیںہوگی	1
نی	2
نیا	23
نیر	2
نیریُوس	1
نیزہ	1
نیست	10
نیو	8
نیّت	2
نیک	65
نیکوکار	2
نیکوکاروں	1
نیکوکاری	1
نیکوں	2
نیکُلاؤ	1
نیکی	41
نے	3812
و	67
واجبی	1
واجِب	11
واحد	1
واحِد	6
وار	3
وارِث	31
وارِثوں	1
وارپار	1
واسطہ	5
واسطے	168
واضِح	2
واقفِیت	1
واقفِیّت	1
واقِع	16
واقِعی	9
واقِف	22
والا	169
والاO	1
والاآدمی	1
والااُس	1
والاتُو	1
والسّلام	1
والو	9
والوں	164
والِد	1
والِدوں	1
والی	52
والیو	1
والے	252
واوَیلا	1
واپس	22
واہ	2
وجُودوں	1
وجہ	18
وحشی	1
ور	6
ورقوں	1
ورنہ	13
وزن	1
وزِیر	1
وس	1
وساطت	1
وسوسہ	1
وسِیع	1
وسِیلہ	139
وسیلہ	1
وصُول	2
وصِیّت	4
وضع	2
وضعِ	2
وطن	18
وعدوں	5
وعدہ	56
وعدے	6
وعظ	2
وفا	2
وفائی	1
وفادار	5
وفاداری	1
وقت	310
وقتوں	6
ونواح	2
وَاقِع	1
وَبا	1
وَحی	1
وَعدہ	1
وَہموں	1
وَیسا	42
وَیسی	4
وَیسے	25
وُصُول	1
وُہ	4
وُہی	142
وِداع	1
وِیران	12
وکِیل	1
وں	1
وہ	2650
وہاں	180
وہِیں	15
وہیں	6
ً	1
َرحِم	1
َہ	1
ُالرای	1
ُالقُدس	4
ُل	2
ُمر	1
ُنہیں	1
ُہوتے	1
ِ	1
ِآدم	3
ِئ	1
ِاَرواح	1
ِبالا	2
ِعالَم	1
ِفَسح	2
ِل	1
ِنکل	1
ِپیٹ	1
ِیمُس	2
ّ	2
ّت	1
ٹال	2
ٹانگیں	3
ٹاٹ	3
ٹاپُو	9
ٹخنے	1
ٹل	12
ٹلیں	3
ٹلے	1
ٹوک	1
ٹوکرِیاں	6
ٹوکرے	6
ٹُنڈا	2
ٹُنڈوں	1
ٹُنڈے	1
ٹُوٹا	1
ٹُوٹنے	2
ٹُوٹے	2
ٹُکڑوں	12
ٹُکڑے	9
ٹِڈّیاں	3
ٹِڈّیوں	1
ٹِک	1
ٹِکنے	1
ٹِکیں	1
ٹِھکانا	1
ٹِھکانانہیں	1
ٹِھیک	10
ٹِیلوں	1
ٹِیلہ	1
ٹٹول	1
ٹپّہ	1
ٹپکتا	1
ٹکراتے	1
ٹکرایا	1
ٹکریں	1
ٹھان	3
ٹھانا	1
ٹھنٹھناتا	1
ٹھنڈا	2
ٹھنڈی	1
ٹھونک	1
ٹھوکر	57
ٹھوکروں	2
ٹھوکریں	1
ٹھٹّھا	6
ٹھٹّھوں	9
ٹھٹّھے	4
ٹھٹھیرے	1
ٹھہر	10
ٹھہرا	35
ٹھہرا؟O	2
ٹھہراؤ	1
ٹھہرائی	2
ٹھہرائیں	4
ٹھہرائے	12
ٹھہراتا	10
ٹھہراتی	2
ٹھہراتے	4
ٹھہرانے	8
ٹھہرایا	23
ٹھہرتا	7
ٹھہرتاO	1
ٹھہرتی	2
ٹھہرتے	6
ٹھہرنا	3
ٹھہرنے	1
ٹھہرو	11
ٹھہرُو	1
ٹھہرُوں	3
ٹھہرِیں	1
ٹھہری	3
ٹھہریں	10
ٹھہرے	33
ٹھیس	3
ٹھیکہ	1
ٹھیکے	3
ٹہل	1
ٹیڑھا	1
ٹیڑھی	1
ٹیڑھے	1
ٹیک	10
ٹیکتا	1
ٹیکے	2
پئیں	1
پا	42
پاؤ	20
پاؤُں	3
پاؤں	84
پائِیں	1
پائی	44
پائیO	1
پائیدار	1
پائیں	35
پائیںO	3
پائے	63
پائےO	1
پابند	8
پابندِ	1
پابندی	1
پات	1
پاتا	20
پاتاO	1
پاتی	6
پاتے	15
پار	30
پارتھی	1
پاس	632
پاسO	1
پافُس	2
پال	1
پالا	2
پالتا	1
پالتی	1
پالک	5
پامال	3
پانسَو	1
پانِیوں	2
پانچ	43
پانچوِیں	2
پانچویں	2
پانی	102
پانے	18
پاؤں	3
پاٹ	4
پاچھ	2
پاک	137
پاکِیزگی	18
پاکِیزہ	2
پاگل	1
پایا	53
پایاO	12
پایہ	1
پت	1
پتر	1
پترُبا	1
پتمُس	1
پتِّیاں	1
پتّوں	3
پتّھر	55
پتّھرسے	1
پتّھروں	7
پتّھرِیلی	4
پتّھرپر	5
پتّی	1
پتّے	3
پتہ	3
پذِیر	1
پر	1833
پرا	1
پراگندہ	12
پرایک	1
پربھی	1
پربیت	1
پرتَو	1
پردَہ	1
پردہ	16
پردیس	5
پردیسِیوں	3
پردیسی	11
پرست	10
پرستار	3
پرستوں	3
پرستِش	23
پرستی	18
پرسلطنت	1
پرسوں	1
پرسِس	1
پرسِکہ	1
پرسکِلّہ	2
پرسے	1
پرلِکھوں	1
پرمخلصی	1
پرمنا	1
پرنِشانیاں	1
پروا	6
پروائی	1
پروانے	1
پرور	2
پرورِش	1
پروَرِش	6
پروَری	3
پروں	2
پرُخُرس	1
پرِسکِلّہ	1
پرِسکہ	1
پرِندوں	11
پرِندہ	1
پرِندے	6
پرڈالوں	2
پرکسبی	1
پرکھ	2
پرکھا	1
پرکھتا	1
پرکھنے	2
پرکھو	1
پرکھی	2
پرکھیں	1
پرکھے	1
پرہیز	7
پرہیزگار	3
پرہیزگاری	7
پریشان	1
پریشانی	1
پرے	3
پس	629
پست	4
پستی	1
پسلی	4
پسند	39
پسندِیدہ	12
پسِینہ	1
پطر	121
پطرس	36
پلنگ	3
پلّے	1
پلٹ	1
پلٹن	22
پمفِیلیہ	4
پمفیِلیہ	1
پن	1
پنا	1
پناہ	8
پنتِیکُست	1
پندرھویں	1
پندرہ	2
پوتے	1
پودِینہ	1
پودِینے	1
پوشاک	39
پوشاکوں	1
پوشِیدگی	5
پوشِیدہ	18
پوشی	1
پونچھ	2
پونچھا	1
پونچھنے	1
پونچھے	2
پونچھےO	1
پَت	1
پَترُس	1
پَتوار	1
پَتواروں	1
پَتُلمِیس	1
پَرست	1
پَروں	1
پَرِسکہ	1
پَریتورِ	1
پَست	4
پَسلی	1
پَل	2
پَلا	2
پَلاہُؤا	1
پَلے	1
پَن	2
پَو	6
پَودا	1
پَوشاک	13
پَوشِیدہ	9
پَولس	1
پَولُس	156
پَک	2
پَکتا	1
پَھل	77
پَھلا	3
پَھلتا	2
پَھلوں	5
پَھلِیاں	1
پَھندے	1
پَھٹے	1
پَھیل	9
پَھیلا	5
پَھیلاO	1
پَھیلائِیں	1
پَھیلاتا	1
پَھیلانے	3
پَھیلتا	3
پَھینک	10
پَھینکا	2
پَھینکتے	1
پَھینکنے	3
پَہر	1
پَیام	1
پَیدا	183
پَیداوار	5
پَیدایش	14
پَیدایشی	1
پَیدل	4
پَیرو	1
پَیروی	8
پَیرَوی	1
پَیسے	5
پَیغام	12
پَیغمبر	3
پَیمانہ	11
پَیمایش	2
پَینتانے	1
پَینے	1
پَیوستہ	5
پَیوند	12
پُبلِیُس	2
پُتیُلِی	1
پُجاری	1
پُختگی	4
پُختہ	4
پُر	3
پُرانا	5
پُرانی	17
پُرانے	6
پُرجوش	1
پُرسہ	2
پُرُس	1
پُرکِیُس	1
پُشت	6
پُشتوں	1
پُشتیں	4
پُلس	1
پُلِس	1
پُنطُس	3
پُنطِیُس	2
پُنطیُس	1
پُوجتی	1
پُوجتے	1
پُوجیں	1
پُودینس	1
پُورا	70
پُورب	6
پُوری	57
پُورے	28
پُوچُھوں	1
پُوچھ	6
پُوچھا	54
پُوچھاO	1
پُوچھاکہ	1
پُوچھتا	11
پُوچھتے	5
پُوچھنے	9
پُوچھو	5
پُوچھیں	1
پُوچھے	4
پُچھوا	1
پُکار	27
پُکارا	3
پُکارتا	2
پُکارتے	3
پُکارنے	5
پُھول	7
پُھولا	1
پُھولتی	1
پُھولوں	1
پُھونک	2
پُھونکا	10
پُھونکتے	1
پُھونکنا	1
پُھونکنے	4
پُھوٹ	11
پُھوکیں	1
پُہنچ	33
پُہنچا	62
پُہنچاO	1
پُہنچائی	1
پُہنچائیں	1
پُہنچائے	6
پُہنچاتا	3
پُہنچاتے	3
پُہنچانا	4
پُہنچانے	6
پُہنچایا	4
پُہنچایاO	1
پُہنچتا	2
پُہنچتِیں	1
پُہنچتی	2
پُہنچتے	4
پُہنچنے	6
پُہنچِیں	1
پُہنچی	26
پُہنچیO	2
پُہنچیں	1
پُہنچے	32
پِئیں	6
پِئے	8
پِت	2
پِر	3
پِرگمُن	1
پِرگُمن	1
پِسِد	2
پِلا	3
پِلاؤُں	1
پِلائی	1
پِلائے	3
پِلاتی	3
پِلانے	1
پِلایا	6
پِلایاO	1
پِنتیکُست	2
پِٹوا	3
پِٹواتا	1
پِٹوایا	1
پِچھلا	8
پِچھلوں	1
پِچھلی	2
پِچھلے	6
پِگھل	2
پِگھلنے	1
پِھر	544
پِھر؟O	1
پِھرا	5
پِھرابلکہ	1
پِھراَیسا	1
پِھراُس	17
پِھراُسی	1
پِھراُسے	1
پِھراُن	1
پِھراُنہوں	1
پِھراِبلِیس	1
پِھراِتنے	1
پِھراِن	2
پِھراِنکار	1
پِھرایک	1
پِھربعض	1
پِھربِھیڑ	1
پِھربھی	1
پِھرتا	10
پِھرتُم	1
پِھرتی	3
پِھرتے	14
پِھرجب	2
پِھرجو	1
پِھردُوسرے	1
پِھرذرا	1
پِھررسُولوں	1
پِھررہا	1
پِھرسردار	1
پِھرشرع	1
پِھرصدُوقِیوں	1
پِھرفرِیسِیوں	1
پِھرفرِیسی	2
پِھرفریِسی	1
پِھرنا	2
پِھرنے	6
پِھرو	3
پِھروO	1
پِھروہ	14
پِھروہاں	2
پِھرُوں	1
پِھرپِیالہ	1
پِھرپیلا	1
پِھرچوری	1
پِھرکر	1
پِھرہم	1
پِھری	3
پِھریروشلِیم	1
پِھریُوحنّا	1
پِھریُونانی	1
پِھریِسُو	3
پِھریں	3
پِھریہُودا	1
پِھرے	8
پِھرےO	1
پِیئے	1
پِیا	8
پِیادوں	2
پِیارا	7
پِیارو	7
پِیاری	1
پِیارے	8
پِیاس	2
پِیاسا	6
پِیاسی	1
پِیاسے	2
پِیالوں	2
پِیالہ	20
پِیالے	7
پِیتا	9
پِیتل	5
پِیتے	10
پِیس	2
پِیستا	1
پِیستی	2
پِیسنا	7
پِیسنے	1
پِیلا	42
پِیلاطُس	14
پِینا	1
پِینے	16
پِیو	8
پِیُوں	7
پِیٹ	8
پِیٹا	3
پِیٹتی	1
پِیٹتے	1
پِیٹھ	3
پِیٹی	1
پِیٹیں	2
پِیٹے	1
پِیچھے	141
پٹک	2
پٹکا	2
پٹکااپنی	1
پٹکیں	1
پٹکے	1
پٹھّوں	1
پٹیں	1
پچاس	9
پچّھم	4
پچھتا	1
پچھتائے	1
پچھتاتا	2
پچھتانا	1
پچھتایا	1
پچھتّر	1
پچھلوں	2
پڑ	21
پڑا	41
پڑاO	1
پڑااور	1
پڑتا	10
پڑتی	5
پڑتے	6
پڑنا	2
پڑنے	3
پڑو	5
پڑوO	2
پڑوسنوں	1
پڑوسِیوں	3
پڑوسی	17
پڑُوں	1
پڑِیں	3
پڑھ	6
پڑھا	10
پڑھاکہ	2
پڑھتا	3
پڑھتے	4
پڑھنا	1
پڑھنے	6
پڑھی	1
پڑھے	1
پڑی	17
پڑیگی	1
پڑیں	8
پڑے	45
پڑےO	2
پژمُردہ	1
پک	2
پکڑ	47
پکڑا	16
پکڑتا	1
پکڑتی	1
پکڑتے	1
پکڑنا	1
پکڑنے	14
پکڑو	1
پکڑوا	6
پکڑوائیں	4
پکڑوائے	7
پکڑواتا	1
پکڑوانے	16
پکڑوایا	9
پکڑی	3
پکڑیں	2
پکڑیںO	1
پکڑے	7
پگُس	1
پھانسی	1
پھاٹک	6
پھاڑ	6
پھاڑنے	2
پھاڑیں	2
پھاڑے	2
پھل	1
پھندا	1
پھندے	3
پھنس	3
پھنسا	4
پھنسائیں	2
پھنساتا	2
پھنساتے	2
پھنسانے	1
پھنستے	1
پھنسے	2
پھوڑ	1
پھَٹ	1
پھٹ	8
پھٹا	1
پھٹتی	1
پھٹتے	2
پھٹنے	1
پھٹکےO	1
پھٹے	2
پھیر	6
پھیرا	1
پھیرے	2
پھیل	1
پھینک	5
پھینکا	1
پہاڑ	49
پہاڑوں	11
پہاڑی	2
پہر	17
پہرا	2
پہروں	1
پہرے	6
پہل	1
پہلا	22
پہلوان	1
پہلوٹابیٹا	1
پہلوٹاخُداوند	1
پہلوٹھا	3
پہلوٹھوں	2
پہلوٹھے	2
پہلوں	2
پہلی	12
پہلے	216
پہن	14
پہنا	1
پہناؤ	1
پہناؤO	1
پہنائی	2
پہنائے	4
پہناتا	2
پہنایا	6
پہنتااور	1
پہنتے	2
پہننا	2
پہننے	2
پہنو	4
پہنچ	3
پہنچا	2
پہنچتا	1
پہنچوُں	1
پہنچُوں	1
پہنچی	1
پہنچے	2
پہنیں	2
پہنے	27
پہچان	28
پہچانا	17
پہچاناO	1
پہچانتا	5
پہچانتِیں	1
پہچانتی	2
پہچانتے	1
پہچاننا	1
پہچاننے	2
پہچانوں	1
پہچانُوں	1
پہچانیں	3
پہچانیںO	1
پہچانے	1
پی	11
پیادوں	7
پیادے	4
پیار	4
پیارا	7
پیارو	3
پیاری	2
پیارے	9
پیاسا	4
پیاسے	1
پیالہ	6
پیالے	6
پیتے	1
پیرَو	1
پیرَوی	2
پیش	24
پیشتر	29
پیشرَو	1
پیشوا	3
پیشواؤں	2
پیشوائی	1
پیشِین	4
پیشہ	8
پیشی	1
پیٹ	17
پیچِش	1
پیڑ	1
پیڑا	1
چ	1
چادر	9
چار	25
چارا	1
چاروں	37
چارپائِیوں	2
چارپائی	14
چال	24
چالاکی	3
چالِیس	18
چاند	9
چاندی	9
چاٹتے	1
چاپ	6
چاکروں	2
چاہئے	36
چاہئےO	2
چاہا	38
چاہتا	95
چاہتی	10
چاہتے	63
چاہو	9
چاہُوں	5
چاہی	5
چاہیں	4
چاہیے	15
چاہے	28
چاہےO	1
چبُوترہ	1
چر	3
چرا	2
چراغ	29
چراغدان	1
چراغوں	1
چرانے	4
چربی	2
چرنی	3
چرواہا	4
چرواہوں	2
چرواہے	6
چرچا	11
چشم	1
چشموں	3
چشمہ	14
چشمے	1
چل	29
چلO	1
چلا	83
چلاO	1
چلائی	1
چلائیں؟O	1
چلائے	3
چلاتے	3
چلانے	1
چلتا	12
چلتی	5
چلتے	45
چلن	20
چلنا	6
چلنے	16
چلو	9
چلُوں	4
چلِیں	2
چلِیںO	1
چلی	10
چلیں	28
چلے	72
چلےO	1
چمڑے	2
چمک	7
چمکا	7
چمکاتا	1
چمکتا	5
چمکتی	1
چمکنا	1
چمکی	1
چمکیں	1
چمکے	5
چند	30
چندہ	2
چندے	2
چنگا	1
چور	16
چوربالُو	1
چورِیاں	2
چوری	10
چوغہ	8
چوٹ	1
چوٹی	1
چَرا	1
چَراغوں	1
چَرواہا	6
چَلا	1
چَلتا	1
چَلتے	1
چَمک	1
چَوالِیس	4
چَوبِیس	4
چَوبِیسوں	2
چَوتھا	1
چَوتھائی	5
چَوتھی	2
چَوتھے	4
چَودھوِیں	1
چَودہ	6
چَوراسی	1
چَوپائے	3
چَوپایوں	2
چَوڑا	1
چَوڑائی	3
چَوڑے	1
چَوک	4
چَوکور	1
چَوکی	13
چَوکیاں	1
چَوکیوں	1
چَوگُنا	1
چَوگِرد	1
چَکھ	1
چَھ	2
چَھلنی	1
چَھٹے	3
چَین	5
چُبھویا	1
چُرا	2
چُراتے	2
چُرانے	1
چُسایا	2
چُن	14
چُنا	12
چُنانچہ	124
چُنے	3
چُور	1
چُوسِیںO	1
چُوماO	1
چُومنا	1
چُومے	1
چُونکہ	47
چُوک	1
چُپ	22
چُپڑی	1
چُپکا	2
چُپکے	8
چُکا	40
چُکتا	3
چُکو	2
چُکِیں	3
چُکی	10
چُکیں	2
چُکے	39
چُکےO	1
چُگ	3
چُھؤا	16
چُھو	10
چُھوؤ	1
چُھوئی	3
چُھوئے	5
چُھوتی	1
چُھوتے	1
چُھونا	2
چُھونے	2
چُھوؤ	1
چُھوٹ	10
چُھوٹیں	1
چُھوٹے	2
چُھٹکارا	2
چُھٹکارے	1
چُھپ	8
چُھپا	6
چُھپائِیں	2
چُھپائی	1
چُھپائے	2
چُھپاتا	1
چُھپایا	1
چُھپی	5
چُھپے	2
چُھڑا	8
چُھڑائی	1
چُھڑائے	3
چُھڑاتا	1
چُھڑانے	4
چُھڑایا	4
چِلانے	1
چِلاّ	41
چِلاّئیں	1
چِلاّئے	6
چِلاّتا	1
چِلاّتی	4
چِلاّتے	4
چِلاّنا	1
چِلاّکر	1
چِلاّیا	5
چِلّا	3
چِلّایا	2
چِمٹنے	1
چِڑائیں	1
چِڑِیاں	1
چِڑِیوں	1
چِڑیاں	1
چِڑیوں	1
چِکنی	1
چِھد	1
چِھلکے	1
چِھڑک	1
چِھڑکا	1
چِھڑکاؤ	1
چِھڑکنے	1
چِھڑکی	1
چِھڑکے	2
چِھین	10
چِھینا	1
چِھینتا	1
چِھینٹے	1
چِھینے	1
چِہروں	1
چِہرہ	7
چِہرے	5
چِیت	5
چِیخ	1
چِیرے	1
چِیز	90
چِیزنِکل	1
چِیزوں	81
چِیزیں	84
چٹان	13
چٹانوں	3
چٹانیں	2
چپکے	1
چڑھ	23
چڑھا	15
چڑھاؤ	2
چڑھائی	5
چڑھائے	3
چڑھانے	2
چڑھاکر	1
چڑھایا	5
چڑھنے	1
چڑھی	2
چڑھے	4
چکنا	1
چکّھا	2
چکّھیں	1
چکّھے	1
چکّی	7
چکھ	1
چکھنا	1
چکھنے	1
چکھّیں	3
چکھّے	1
چھ	7
چھا	17
چھائی	1
چھاتِیاں	2
چھاتی	7
چھاج	1
چھانتے	1
چھانٹتا	1
چھاپ	6
چھایا	2
چھت	3
چھوٹا	20
چھوٹوں	8
چھوٹی	14
چھوٹے	23
چھوڑ	104
چھوڑا	13
چھوڑاO	1
چھوڑتی	1
چھوڑتے	1
چھوڑتےO	1
چھوڑدِیا	1
چھوڑنے	1
چھوڑو	1
چھوڑُوں	2
چھوڑی	6
چھوڑیں	1
چھوڑے	11
چھُپی	1
چھٹا	1
چھٹی	2
چھٹے	3
چھچھوری	1
چھک	1
چھہتّر	1
چھیاسٹھ	1
چھیالِیس	1
چھیدا	2
چھیدی	1
چھیڑنے	1
چہرے	1
ڈال	50
ڈالO	1
ڈالا	59
ڈالاO	4
ڈالاجاتا	2
ڈالتا	5
ڈالتے	8
ڈالنا	3
ڈالناO	1
ڈالنے	12
ڈالو	3
ڈالوO	1
ڈالُوں	4
ڈالُوںO	1
ڈالِیاں	6
ڈالِیوں	1
ڈالِیں	1
ڈالی	14
ڈالیاں	4
ڈالیوں	3
ڈالیں	21
ڈالے	20
ڈالےO	2
ڈانوانڈول	1
ڈانٹ	1
ڈانٹا	4
ڈانٹنے	1
ڈاکُو	8
ڈاکُوؤں	6
ڈبو	2
ڈبویا	3
ڈر	38
ڈرا	3
ڈراؤنا	1
ڈرانے	2
ڈراوے	1
ڈرتا	11
ڈرتی	3
ڈرتے	17
ڈرنا	3
ڈرنے	2
ڈرو	19
ڈروO	1
ڈرکیونکہ	1
ڈرے	5
ڈلوائیں	1
ڈنک	4
ڈونگی	3
ڈُوب	6
ڈُوبتے	1
ڈُوبنے	3
ڈُھونڈ	2
ڈُھونڈا	3
ڈُھونڈتا	6
ڈُھونڈتی	7
ڈُھونڈتے	9
ڈُھونڈنے	14
ڈُھونڈو	6
ڈُھونڈیں	2
ڈُھونڈے	1
ڈِبّے	1
ڈِھیلے	1
ڈِھیٹھ	1
ڈگمگا	1
ڈھا	8
ڈھاؤں	1
ڈھالے	1
ڈھانپنے	1
ڈھانکنا	1
ڈھانکے	1
ڈھانے	2
ڈھل	4
ڈھلنے	1
ڈھنکے	3
ڈھنگ	1
ڈھُونڈ	1
ڈھُونڈتا	1
ڈھُونڈتی	1
ڈھُونڈے	1
ڈھکی	2
ڈھیر	2
ڈیرے	3
ڈیوڑھی	2
ڈیڑھ	1
ڈ�	1
ک	2
کئی	12
کا	2126
کاO	17
کائِفا	9
کااسباب	1
کااِقرار	1
کااِنصاف	1
کااِنکار	1
کااِیمان	1
کابادشاہ	2
کابھائی	2
کابیٹا	2
کاتتے	2
کاتِب	1
کاتھا	1
کاجانا	1
کاحال	1
کاحُکم	1
کاحِساب	1
کادُشمن	1
کادِل	1
کادہنا	1
کاذِہن	1
کار	13
کارآمد	1
کاروبار	3
کاروں	6
کارِندہ	1
کارِی	3
کارِیاں	1
کارِیگری	1
کارکھنا	1
کاری	30
کاسر	2
کاش	6
کاشت	1
کاشُکر	2
کاشہر	1
کاعِلاقہ	1
کاعہد	1
کاغذ	1
کافی	8
کاقرض	1
کال	11
کالا	4
کالی	1
کام	245
کام؟تُجھے	1
کاموں	81
کامُحتاج	1
کامُنتظِر	1
کامُنہ	1
کامِل	47
کامِلوں	1
کامِلِیّت	1
کامیابی	1
کان	36
کانا	2
کانام	2
کانوں	13
کانٹا	1
کانٹوں	4
کانپ	2
کانپتا	2
کانپتی	2
کانپتے	3
کاوقت	1
کاٹ	14
کاٹا	4
کاٹتا	4
کاٹتے	3
کاٹنے	13
کاٹُوں	2
کاٹھ	1
کاٹھٹّھا	1
کاٹیں	3
کاٹے	7
کاپابند	1
کاپہلے	1
کاپیارا	1
کاچِہرہ	1
کاچھاج	1
کاکرنے	1
کاکوڑھ	1
کاکِسی	1
کاکِیڑا	1
کاگلا	1
کاگُناہ	1
کاگھر	1
کاہاتھ	1
کاہونا	1
کاہِن	104
کاہِنوں	52
کاہے	1
کایقِین	4
کب	23
کبُوتر	9
کبُوتروں	1
کبھی	71
کتانی	5
کترا	1
کترنے	1
کثرت	11
کثِیر	1
کثِیف	1
کجرَو	3
کجَ	1
کر	3004
کرO	17
کرآیا	2
کرا	4
کراؤ	1
کرائی	1
کرائیں	1
کرائے	3
کراتا	4
کراتاتھا	1
کراتے	1
کرانا	3
کرانے	8
کرانےO	1
کراُس	3
کراُن	2
کراِلیشِبَع	1
کراپنے	1
کراہتی	1
کراہتے	3
کرایا	2
کرایاO	1
کرباہر	1
کربھائِیوں	1
کرتا	518
کرتاO	2
کرتا؟O	1
کرتاہے	2
کرتربِیّت	1
کرتوڑی	1
کرتِیسرے	1
کرتِین	1
کرتی	65
کرتے	387
کرتے؟O	1
کرجَیسا	1
کرخُدا	1
کردَلَمنُوتہ	1
کردیا	1
کرسمجھا	1
کرشُکر	1
کرقہرسے	1
کرلوگوں	1
کرلے	1
کرمُجھے	1
کرمیرِ	1
کرنا	149
کرناO	4
کرنا؟O	1
کرنے	405
کرو	303
کروO	11
کروا	2
کروتومیرے	1
کروڑ	1
کروڑوں	1
کرُوں	121
کرُوںO	3
کرُّوبی	1
کرِسپُس	2
کرپانی	1
کرپردیس	1
کرپُس	1
کرچل	1
کرچلے	1
کرچھوڑ	1
کرکُتّوں	1
کرکہا	6
کرکے	1
کرگِرفتار	1
کرہیرودِیوں	1
کریتے	6
کریسکینس	1
کریقِین	1
کرینے	1
کریں	228
کریںO	8
کریں؟O	4
کریہاں	1
کرے	321
کرےO	11
کرے؟O	1
کس	3
کسبِیاں	1
کسبِیوں	3
کسبی	3
کشتِیاں	4
کشتِیوں	3
کشتی	51
کشو	1
کشی	1
کف	3
کفرنحو	1
کفرنحُو	4
کفرنحُوم	1
کفن	2
کفنایا	2
کفَن	1
کفّارہ	6
کل	13
کلام	220
کلامِ	5
کلامی	1
کلودِیہ	1
کلوپا	1
کلَودِ	3
کلِیسیا	80
کلِیسیاؤں	28
کلِیسیائیں	6
کلِیسیاکوستاتاہے	1
کلِیُپا	1
کلیجے	1
کلیسیا	1
کلیمینس	1
کم	17
کما	1
کمائی	2
کمائے	3
کماتی	1
کمال	29
کمان	1
کمایاO	1
کمبخت	2
کمر	15
کمربستہ	1
کمربند	3
کمریں	1
کمزور	24
کمزوروں	6
کمزورِیاں	1
کمزورِیوں	3
کمزوری	19
کمِینوں	1
کمی	12
کنا	1
کنارہ	16
کنارے	49
کندا	1
کندھوں	1
کندھے	1
کنعا	2
کنعانی	1
کنواری	1
کنُوئیں	1
کنگال	4
کنگالوں	1
کنگُرے	2
کو	3523
کوO	3
کو؟O	1
کوآج	1
کوآدم	1
کوآگ	1
کوئِلوں	1
کوئِلے	1
کوئی	533
کوارتُس	1
کواَیسی	1
کواُس	4
کواُسے	1
کواِبنِ	1
کواِختیار	1
کواپنی	1
کواچّھا	2
کوباپ	1
کوبویا	1
کوبُھوکا	1
کوبپتِسمہ	1
کوبچائےO	1
کوبھی	1
کوبھیجے	1
کوتاہ	1
کوتجارت	1
کوتعلِیم	1
کوتھا	1
کوجاتے	1
کوجلال	1
کوجلاّدوں	1
کوجو	1
کوحُکم	2
کود	1
کودُھوپ	1
کودیکھیں	1
کوراست	1
کورنِیُس	1
کوروا	1
کورُوحُ	1
کورِیاکاروں	1
کورکھتا	1
کورے	2
کوزِیادہ	1
کوس	3
کوساتھ	1
کوسُنائی	1
کوسِجدہ	1
کوشِش	52
کوشِفا	2
کوعِبادت	1
کولَعن	1
کولُوٹا	1
کومسِیح	1
کومصلُوب	3
کومُجرِم	1
کومِلا	1
کون	6
کونذر	1
کونوں	3
کونِکالیں	1
کونپلیں	1
کونہ	3
کونیست	1
کونے	9
کووّں	1
کوَدہ	1
کوٹُکڑے	1
کوٹِھیاں	1
کوٹِھیوں	1
کوٹھرِیوں	2
کوٹھری	2
کوٹھوں	2
کوٹھی	1
کوٹھے	5
کوپاؤں	1
کوپاس	1
کوپہچان	3
کوچھوڑ	1
کوڑا	1
کوڑِھیوں	1
کوڑھ	3
کوڑھی	8
کوڑے	17
کوکاٹ	1
کوکُمہار	1
کوکِس	1
کوکھانا	1
کوکھٹولے	1
کوہوائیں	2
کوہِ	4
کویہ	1
کَترا	1
کَسبی	2
کَسدِیوں	1
کَفر	10
کَفنایا	1
کَل	1
کَمّل	1
کَنِدُ	1
کَنگالوں	1
کَون	116
کَوند	2
کَونسا	2
کَوڑی	1
کَٹ	1
کَپّدُکیہ	1
کَھلبلی	2
کَہہ	1
کَیسا	14
کَیساکلام	1
کَیسی	15
کَیسے	16
کُبڑی	1
کُتّا	1
کُتّوں	3
کُتّے	4
کُرتا	1
کُرتہ	4
کُرتے	5
کُرسِیاں	4
کُرنِیلُِیس	1
کُرنِیلِیُس	6
کُرنِیلیُِس	1
کُرِنتُھس	1
کُرِنتھُس	5
کُرِنتھی	1
کُرِنتھیو	1
کُریتی	1
کُرینی	5
کُریِنیوں	1
کُشادہ	3
کُشتی	3
کُفر	27
کُفربکا	1
کُفربکے	1
کُل	3
کُلُِسّے	1
کُلہاڑا	2
کُمہار	3
کُنبے	3
کُنجِیاں	2
کُنجی	4
کُنوئیں	1
کُنوارِیاں	2
کُنوارِیوں	2
کُنوارپَن	1
کُنواری	7
کُنوارے	1
کُنواں	3
کُنویں	1
کُود	4
کُودا	1
کُودتا	1
کُودنے	1
کُودے	1
کُوٹتا	1
کُوچ	2
کُوچوں	2
کُوچہ	2
کُوڑا	1
کُوڑے	1
کُپر	1
کُپرُ	3
کُپرُسی	1
کُپری	1
کُپُر	2
کُپِّیوں	1
کُچل	1
کُچلو	1
کُچلوا	1
کُچلے	2
کُچَیلے	1
کُچھ	433
کُڑھتے	1
کُھجلی	1
کُھدوائی	1
کُھدی	1
کُھل	19
کُھلا	5
کُھلی	4
کُھلے	3
کُہر	2
کِئے	99
کِئےO	1
کِبریا	2
کِتاب	39
کِتابوں	3
کِتابِ	37
کِتابہ	2
کِتابیں	4
کِتنوں	1
کِتنی	13
کِتنے	3
کِدھر	1
کِرایہ	1
کِس	138
کِسان	2
کِسی	294
کِسے	4
کِفایت	2
کِلِکیہ	8
کِن	7
کِنارے	2
کِنخریہ	1
کِنخِرییہ	1
کِھلا	2
کِھلائیں	1
کِھلائے	9
کِھلاتا	3
کِھلانے	3
کِھلایا	4
کِھنچ	2
کِھڑکی	2
کِھینچ	1
کِیا	675
کِیاO	27
کِیا؟O	1
کِیااور	1
کِیاتاکہ	1
کِیاتو	1
کِیاجائے	3
کِیاجاتا	1
کِیاکرتے	1
کِیلوں	1
کِینہ	2
کِیڑا	7
کِیڑے	6
کِیں	20
کِیہ	5
کٹ	1
کٹائی	3
کٹائے	1
کٹاروں	1
کٹارے	1
کٹانا	1
کٹوا	2
کٹوانے	1
کٹوایا	1
کپَّدُکیہ	1
کپڑا	7
کپڑوں	4
کپڑے	44
کچّے	1
کچھ	3
کڑاڑے	3
کڑوا	4
کڑواہٹ	2
کڑوی	1
کڑوے	8
کھا	54
کھاؤ	20
کھاؤO	1
کھاؤُ	1
کھاؤُں	2
کھاؤُںO	1
کھاؤں	6
کھاؤں؟O	1
کھائِیں	3
کھائی	19
کھائیں	15
کھائے	24
کھائےO	2
کھاتا	32
کھاتے	34
کھاد	2
کھاری	2
کھال	1
کھانا	74
کھانامول	1
کھاناہمیں	1
کھانوں	3
کھانے	109
کھاڑی	1
کھایا	14
کھایاO	2
کھتّا	1
کھتّے	3
کھجُور	2
کھلبلی	1
کھلی	1
کھلیہان	2
کھنچ	1
کھو	8
کھوئی	4
کھوئے	13
کھوتا	1
کھود	1
کھودا	2
کھودُوں	1
کھودی	3
کھودے	1
کھول	29
کھولا	14
کھولتا	3
کھولتے	3
کھولنے	10
کھولو	1
کھولُوں	2
کھولِیں	6
کھولی	13
کھولے	6
کھوپڑی	4
کھوہ	3
کھویا	3
کھُلا	1
کھٹولا	1
کھٹولوں	1
کھٹکھٹا	1
کھٹکھٹاؤ	2
کھٹکھٹائی	1
کھٹکھٹائے	1
کھٹکھٹاتا	4
کھٹکے	1
کھپریل	1
کھڑا	79
کھڑکی	2
کھڑی	10
کھڑے	93
کھکھیڑ	1
کھیت	28
کھیتوں	8
کھیتی	1
کھیتے	2
کھینچ	20
کھینچا	1
کھینچتا	1
کھینچتے	4
کھینچُوں	1
کھینچی	2
کھینے	1
کھیں	1
کہ	3553
کہO	16
کہا	1318
کہاO	10
کہااَے	3
کہامَصلُوب	1
کہانت	7
کہانِیوں	5
کہانی	1
کہاکِیا	1
کہاکہ	2
کہاکیا	1
کہاں	69
کہتا	329
کہتاہے	1
کہتی	32
کہتے	134
کہلا	9
کہلاؤ	2
کہلاؤُں	1
کہلاؤُںO	1
کہلائیں	2
کہلائے	13
کہلاتا	39
کہلاتاہے	1
کہلاتی	8
کہلاتے	3
کہلانا	1
کہلانے	3
کہلایا	1
کہلوا	1
کہلواتا	1
کہنا	45
کہناO	2
کہنی	1
کہنے	128
کہو	42
کہوں	1
کہُوں	16
کہُوں؟کیا	1
کہِیں	47
کہِیںO	1
کہہ	155
کہہO	1
کہی	34
کہیO	2
کہیں	45
کہیںO	1
کہے	54
کی	4132
کیO	5
کی؟O	1
کیا	609
کیاوہ	1
کیاپہنیں	1
کیاکہے	1
کیفا	9
کیفیّت	1
کیلا	1
کیو	6
کیونکر	17
کیونکہ	1085
کیوں	153
کے	6453
کےO	1
گ	1
گئِیں	24
گئِیںO	1
گئی	203
گئیO	16
گئیں	4
گئے	372
گئےO	17
گا	1000
گاO	76
گا؟O	13
گاؤ	1
گاؤُں	4
گاؤں	30
گائے	2
گااور	32
گااورباغ	1
گااُس	1
گااُسے	1
گااگر	1
گابلکہ	3
گابھی	1
گاتاکہ	3
گاتو	5
گاتواُن	1
گاتے	1
گاجو	3
گاجوبُجھنے	1
گاجَیسے	1
گاجِس	3
گال	2
گالِیاں	2
گالی	5
گالیکن	3
گامَیں	4
گامگر	2
گانہ	1
گانہیں	1
گانے	2
گاوُہی	1
گاوہ	8
گاٹُکڑے	1
گاڑِیاں	1
گاکہ	9
گاکیونکہ	3
گاگواہ	1
گاہ	30
گاہوں	1
گایا	1
گبّتا	1
گتسِمنی	2
گدرِینِیو	1
گدّی	2
گدھا	1
گدھی	8
گدھے	4
گر	3
گراسِینِیو	1
گراسینیو	1
گراسینیوں	1
گرج	6
گرجا	1
گرجنے	1
گرجوں	1
گرجیں	3
گرد	2
گردن	3
گردِش	1
گرفتہ	1
گرم	8
گرمی	7
گروہ	2
گرَدن	1
گرِفتار	11
گری	3
گز	2
گشت	1
گل	1
گلا	4
گلَِتیہ	1
گلِتیو	1
گلِتیہ	5
گلِیل	62
گلِیلِیوں	4
گلِیلی	7
گلّہ	16
گلّے	2
گلہی	2
گلیّو	3
گلے	6
گملی	1
گناہ	1
گندھک	8
گندی	2
گندے	1
گنّیسر	3
گو	20
گوئِیوں	1
گوئی	6
گوئیاں	1
گوارا	2
گواہ	34
گواہوں	12
گواہِیاں	3
گواہی	138
گواہیاں	1
گود	6
گوشت	35
گویا	37
گَرجیں	1
گَرد	3
گَردن	1
گَیُس	2
گُذار	5
گُذارتا	4
گُذارتے	6
گُذارنا	2
گُذارو	2
گُذاروں	1
گُذارِیاں	1
گُذارہ	1
گُذاری	12
گُذاریO	1
گُذاریں	4
گُذارے	2
گُذر	18
گُذرا	3
گُذران	5
گُذرانا	1
گُذرانتا	3
گُذراننا	1
گُذراننے	3
گُذرانی	4
گُذرانے	2
گُذرتا	1
گُذرتے	1
گُذرنے	1
گُذرے	7
گُردوں	1
گُروہ	2
گُزر	1
گُزرا	1
گُزرانِیں	1
گُزرے	1
گُستاخ	1
گُفتگُو	4
گُفتگُوہُوئی	1
گُلگُتا	3
گُم	1
گُمان	8
گُمراہ	36
گُمراہوں	2
گُمراہی	6
گُنا	18
گُناہ	171
گُناہوں	56
گُنجایش	3
گُندھا	1
گُندھے	2
گُنہگار	28
گُنہگاربھی	1
گُنہگارنہ	1
گُنہگارو	1
گُنہگاروں	20
گُنہگارپر	1
گُنہگارکے	1
گُولر	1
گُونج	1
گُوندھا	1
گُوندھنا	1
گُوندھنے	1
گُونگا	4
گُونگوں	2
گُونگی	3
گُونگے	4
گُچّھے	1
گُھس	5
گُھما	1
گُھمنڈ	1
گُھٹناجُھکے	1
گُھٹنامیرے	1
گُھٹنوں	1
گُھٹنے	12
گِدھ	2
گِر	54
گِرا	30
گِرائے	2
گِرایا	4
گِرتے	1
گِرد	14
گِرداگِرد	7
گِردو	1
گِردونواح	2
گِرفتار	3
گِرفتارہوکر	1
گِرنے	3
گِرپڑے	1
گِرہ	2
گِری	4
گِریں	3
گِرے	17
گِس	1
گِن	1
گِنا	12
گِنی	1
گِنے	4
گِھر	2
گِھرا	1
گِھرنے	1
گِھنَونے	2
گِیت	13
گِیر	3
گِیرتھے	1
گٹّھا	1
گٹھ	1
گٹھے	2
گڑھا	1
گڑھوں	1
گڑھے	13
گھات	4
گھاس	13
گھاٹ	1
گھاٹی	1
گھایل	1
گھبرا	17
گھبراؤ	3
گھبرائے	4
گھبراتی	1
گھبراتے	1
گھبرایا	2
گھر	209
گھرانا	3
گھرانہ	1
گھرانے	22
گھرسے	1
گھروں	12
گھسِیٹ	4
گھمنڈ	1
گھنٹہ	3
گھنٹے	9
گھونسلے	2
گھونٹا	1
گھونٹے	3
گھوڑا	5
گھوڑوں	8
گھوڑے	4
گھَٹنا	1
گھُمائے	1
گھٹ	1
گھٹا	1
گھٹائے	2
گھٹاتا	1
گھٹایا	1
گھٹتا	1
گھٹنا	1
گھٹُوں	1
گھڑا	3
گھڑتا	1
گھڑنے	1
گھڑی	43
گھڑے	1
گھیر	4
گھیرا	2
گھیرے	1
گہ	3
گہرا	1
گہراؤ	1
گہرائی	1
گہری	4
گہرے	2
گی	197
گیO	28
گی؟کیونکہ	1
گیا	610
گیاO	27
گیا؟O	1
گیااور	2
گیارھوِیں	1
گیارہ	6
گیالیکن	1
گیاکہ	1
گیُس	2
گیُِس	1
گیہ	1
گیہُوں	12
گے	539
گےO	36
گےOمبادا	1
گے؟O	1
گےیا	1
ں	6
ہ	162
ہا	5
ہائے	1
ہابِل	4
ہاتھ	185
ہاتھوں	33
ہاتھی	1
ہاجر	2
ہادی	2
ہار	1
ہارتے	2
ہارنا	1
ہارو	4
ہارُو	4
ہاریں	1
ہاں	84
ہاںخُداوند	1
ہتھیار	8
ہتھیاروں	2
ہدایت	17
ہر	319
ہرطرح	1
ہرماس	1
ہرمُگِنیُس	1
ہرمِجّدون	1
ہرمِیس	1
ہرنی	2
ہرچِیز	1
ہرگِز	66
ہری	2
ہریاول	1
ہرے	1
ہزار	49
ہزاروں	1
ہزارہا	1
ہفتہ	9
ہل	2
ہلائی	1
ہلاک	56
ہلاکت	20
ہلّلُویاہ	4
ہلچل	2
ہلکا	2
ہلکی	1
ہم	907
ہمار	1
ہمارا	77
ہماری	122
ہمارے	284
ہمدرد	2
ہمدردی	1
ہمراہ	8
ہمسفر	1
ہموار	2
ہمورسے	1
ہمّت	1
ہمیشہ	100
ہمیں	124
ہنستے	1
ہنسنا	1
ہنسنے	3
ہنسو	1
ہنسی	3
ہنُوز	1
ہنگاموں	1
ہنگامہ	3
ہنی	19
ہو	2020
ہوO	24
ہو؟O	8
ہوؤں	1
ہوا	36
ہواؤں	2
ہوائیں	1
ہوتا	153
ہوتاO	1
ہوتارہے	1
ہوتاہے	1
ہوتو	1
ہوتی	101
ہوتیO	1
ہوتے	105
ہوجو	1
ہوسیع	1
ہوش	6
ہوشعنا	6
ہوشیا	1
ہوشیار	11
ہوشیاررہو	1
ہوشیاری	6
ہولی	2
ہولیا	1
ہونا	73
ہوناO	1
ہونٹوں	5
ہونی	2
ہونے	166
ہوکر	1
ہوکہ	2
ہوگئے	1
ہوگا	1
ہوگی	5
ہوگے	2
ہوں	208
ہوںO	1
ہوںیا	1
ہَتھیار	1
ہَرج	1
ہَقَل	1
ہَل	1
ہَلچَل	1
ہَوا	1
ہَولناک	2
ہَڈّیوں	1
ہَیبت	1
ہَیکل	75
ہُؤ	1
ہُؤا	607
ہُؤاO	13
ہُلّڑ	3
ہُمِنِیُس	2
ہُنر	1
ہُوؤں	12
ہُوئِیں	15
ہُوئِیںO	2
ہُوئی	202
ہُوئیO	7
ہُوئیں	7
ہُوئے	349
ہُوئےO	6
ہُودہ	4
ہُؤا	6
ہُوں	906
ہُوںO	22
ہِدایت	2
ہِرمیس	1
ہِل	3
ہِلا	10
ہِلائی	2
ہِلانا	1
ہِلایا	2
ہِلتے	3
ہِلنے	2
ہِلی	1
ہِمّت	8
ہِمّتوں	1
ہِیرا	1
ہٹ	3
ہٹا	11
ہٹاؤ	1
ہٹنے	1
ہٹے	1
ہچکولے	1
ہڈِّیوں	1
ہڈّی	2
ہکلا	1
ہی	608
ہیرود	39
ہیرودِ	8
ہیرودِیوں	2
ہیرودیس	2
ہیرودیو	1
ہیں	1436
ہیںO	25
ہیں؟O	6
ہیں؟کیا	3
ہے	3991
ہےO	119
ہے؟O	22
ہے؟اور	1
ی	24
یا	301
یائِیر	2
یابی	1
یاد	72
یادرکھّو	1
یادگاری	6
یار	1
یارO	1
یارِد	2
یاس	21
یاسو	5
یافا	9
یافتہ	1
یاقُوت	1
یاناپاک	1
یاہ	5
یتِیم	1
یتِیموں	1
یروشلِیم	133
یروشلِیمی	1
یروشلیِم	2
یرُوشلِیم	1
یرُوشلیم	5
یرِیحو	1
یرِیحُو	1
یریحُو	4
یس	42
یسا	1
یسعیا	21
یسعیاہ	1
یسُو	2
یسّی	6
یسے	1
یشب	4
یشُو	2
یشُوع	1
یعقو	1
یعقُو	59
یعقُوب	8
یعنی	205
یقِین	76
یقِیناً	3
یقِینی	3
یل	1
یم	29
یمبر	1
یمنی	1
ین	1
ینّا	1
ینیّس	1
یو	2
یوأنہ	1
یوحنّا	1
یودا	1
یورِ	2
یوسیخ	1
یوسیس	4
یَرد	7
یَردن	8
یُ	1
یُس	7
یُن	1
یُو	13
یُوأنہ	1
یُوؤد	1
یُوا	1
یُوبُولُس	1
یُوتام	1
یُوتخُس	1
یُوحنّا	98
یُورا	2
یُورکلُون	1
یُوستُس	2
یُوسف	30
یُوسُف	2
یُوسیاہ	2
یُولِیُس	2
یُولیہ	1
یُونا	1
یُونانِیوں	10
یُونانی	18
یُونانیوں	3
یُونانیِوں	1
یُوناہ	3
یُونِیاس	1
یُونِیکے	1
یُونہی	3
یُوں	46
یِرمیا	3
یِسُؔوع	1
یِسُو	775
یِسُوع	153
یِہی	64
یّاہ	1
یّہ	2
یک	9
یکایک	11
یکدِل	1
یکساں	4
یکوُنیا	2
یکی	10
یگانگی	1
یہ	1443
یہاں	109
یہوسفط	2
یہُو	1
یہُودا	43
یہُودِیو	2
یہُودِیوں	120
یہُودِیوںہی	1
یہُودِیہ	1
یہُودی	71
یہُودیوں	11
یہُودیہ	42
یہِّ	1
یہِیں	5
یہی	11
ے	5
ےُوحنّا	29
ےُوحّنا	1
ےُوناہ	2
ےِسُوع	1
۔	8640
۱۲	1
۱۲‏-۱۷	1
۱۳	1
۱۳‏:	1
۱۸‏:	1
۲۱‏-۲۲	1
۲۱‏-۴۳	1
۲۱‏:	1
۲۵‏-۲۷	1
۳۱‏-۳۷	1
۴۰‏-۵۶	1
۴۲	1
۵‏:	1
۶‏-۱۱	1
۶‏-۷	1
۶‏:	1
۸‏:	1
۹‏-۱۴	1
۹‏-۱۶	1
۹‏:	1
‘	2
’	2
�	1
�ا	1
�َیں	1
�کُو	1
�یں	1
