!	415
(	87
)	87
,	6391
-	13
1,000	3
1,260	2
1,44,000	3
10,000	1
100	2
12,000	12
120	2
14	3
153	1
18	3
2,000	7
2,400	1
200	2
23,000	1
24	5
27	2
276	1
3,000	1
30	3
300	3
34	1
38	1
39	1
4,000	4
40	2
400	2
42	2
430	1
450	1
46	1
5,000	14
50	1
500	1
60	2
666	1
7,000	2
72	2
75	1
77	1
84	1
90	1
99	4
:	55
?	1000
[	21
]	19
अंगूठी	2
अंगूर	33
अंगूरों	3
अंडा	1
अंतड़ियाँ	1
अंधा	22
अंधे	29
अंधेरा	10
अंधेरे	14
अंधो	1
अंधों	5
अकड़	1
अक़ल	5
अक़लमन्दों	2
अक़ीक़	1
अक़ीक़-ए-अह्मर	1
अक़ीक़-ए-सबज़	1
अक़्वाम	7
अकेला	16
अकेले	5
अक्विला	7
अक्सर	7
अख़या	10
अख़ीकुस	1
अख़ीम	2
अख़ीर	1
अख़्राजात	2
अख़्लाक़	2
अख़्लाक़ी	1
अगबुस	3
अगर	516
अगरचि	53
अगरबत्ती	1
अगला	1
अगली	5
अगले	46
अग्रिप्पा	12
अचानक	32
अच्छा	73
अच्छी	64
अच्छे	21
अजनबियों	3
अजनबी	15
अजब	2
अजवाइन	1
अज़	11
अज़म	3
अज़ल	17
अज़ली	3
अज़ली-ओ-अबदी	1
अज़ाब	7
अज़ियत	9
अज़ियतनाक	4
अज़ीज़	35
अज़ीज़ो	23
अज़ीज़ों	4
अज़ीम	44
अज़ीमतरीन	1
अज़्मत	3
अजीब	1
अजीब-ओ-ग़रीब	4
अजूबे	1
अज्र	28
अज्राम-ए-फ़लकी	2
अझ़्दहा	4
अझ़्दहे	13
अड़	2
अड़ी	1
अड़े	1
अड्डे	3
अता	39
अताकरदा	1
अत्तलिया	1
अथाह	9
अथेने	6
अदना	1
अदमीन	1
अदा	35
अदालत	106
अदालत-ए-अलिया	6
अदालत-ए-आलिया	15
अदालतें	1
अदालतों	3
अद्दी	1
अद्रमित्तियुम	1
अधमुआ	1
अधूरा	1
अधूरी	1
अनतिपास	9
अनदेखा	1
अनदेखी	3
अनदेखे	1
अनबन	1
अनमिट	3
अनमोल	1
अनाज	19
अनूस	1
अन्जाम	30
अन्जाम-ए-कार	1
अन्जीर	19
अन्जीर-तूत	1
अन्ताकिया	24
अन्तीपत्रिस	1
अन्दर	104
अन्दरूनी	4
अन्दाज़	4
अन्दाज़ा	6
अन्देशे	1
अन्द्रियास	12
अन्द्रूनीकुस	1
अपना	167
अपनाई	1
अपनाते	1
अपनाया	1
अपनी	545
अपने	1279
अपनों	2
अपाहजों	1
अपील	10
अपुल्लियोन	1
अपुल्लोनिया	1
अपुल्लोस	11
अपेल्लिस	1
अप्पियुस	1
अफ़राद	29
अफ़िया	1
अफ़्ज़ल	6
अफ़्रा-तफ़्री	5
अफ़्रीक़ा	1
अफ़्वाहें	2
अफ़्सन्तीन	2
अफ़्सर	38
अफ़्सरों	13
अफ़्सोस	50
अब	503
अबद	47
अबदी	73
अबद्दोन	1
अबस	2
अबियातर	1
अबियाह	4
अबिलेने	1
अबीहूद	2
अब्बा	3
अभी	95
अमल	59
अमली	3
अमीर	25
अमीरों	1
अमून	2
अमूरा	4
अम्न-ओ-अमान	3
अम्नपसन्द	3
अम्पलियातुस	1
अम्फ़िपुलिस	1
अम्मीनदाब	3
अयाँ	1
अय्याम	2
अय्याश	3
अय्याशी	14
अय्यूब	1
अरब	3
अरबों	1
अरामी	8
अरितास	1
अरिमतियाह	4
अरियोपगुस	1
अरिस्तर्ख़ुस	5
अरिस्तुबूलुस	1
अरे	2
अर्ख़िप्पुस	2
अर्ख़िलाउस	1
अर्ग़वानी	11
अर्ज़	5
अर्तमिस	6
अर्तिमास	1
अर्नी	1
अर्फ़क्सद	1
अर्सा	1
अर्से	6
अल-मसीह	1
अल-हमीद	1
अलग	29
अलबत्ता	7
अलविदा	2
अलानिया	11
अलामत	1
अलामती	1
अलामतों	1
अलालत	3
अलाहिदगी	3
अलिफ़	2
अलीअज़र	1
अलैकुम	2
अल्फ़ाज़	34
अल्लाह	1531
अवाम	22
अवामी	3
अव्वल	28
अशा-ए-रब्बानी	4
अश्ख़ास	2
अश्दूद	1
अश्या	1
असर	12
असर-ओ-रसूख़	4
असरअन्दाज़	1
असल	14
असलियाह	1
असलिहा	2
असली	7
असा	5
असिन्क्रितुस	1
अस्ना	1
अस्सलामु	2
अस्सुस	2
अहम	16
अहमक़	10
अहमक़ाना	1
अहमक़ो	1
अहमक़ों	1
अहमियत	5
अहल-ए-ज़बान	2
अहलिया	1
अह्काम	42
अह्द	40
अह्दनामे	1
अह्दों	2
आ	378
आँकुस	1
आँख	28
आँखें	36
आँखों	44
आँधी	13
आँसू	8
आँसूओं	2
आइए	1
आइन्दा	15
आई	68
आईं	8
आईने	2
आऊँ	6
आऊँगा	23
आए	215
आएँ	64
आएँगे	23
आएगा	91
आएगी	17
आओ	46
आक़ा	9
आख़ज़	2
आख़िर	51
आख़िरकार	35
आख़िरत	6
आख़िरी	28
आग	77
आग़ाज़	6
आगाह	24
आगे	100
आज	68
आज़ा	29
आज़ाद	61
आज़ादाना	1
आज़ादी	10
आज़ोर	2
आज़्मा	2
आज़्माइश	26
आज़्माइशें	2
आज़्माइशों	7
आज़्माए	1
आज़्माएगी	1
आज़्माना	2
आज़्माने	10
आज़्माया	7
आजिज़	1
आटा	2
आटे	10
आठ	8
आठवाँ	1
आठवीं	1
आठवें	2
आड़	2
आता	34
आती	31
आते	27
आदत	2
आदतें	1
आदतों	1
आदम	17
आदमगीर	2
आदमज़ाद	1
आदमियों	36
आदमी	292
आदाब	3
आदी	2
आधा	4
आधी	7
आधे	1
आन	5
आना	28
आने	116
आप	2551
आपस	32
आपे	1
आफ़तें	1
आब-ए-बहर	1
आबपाशी	1
आबशार	3
आबाद	8
आबादियों	3
आम	10
आमद	24
आमादा	2
आमाल	10
आमीन	29
आमूस	1
आम्दनी	2
आयत	1
आया	264
आयात	1
आराम	27
आरास्ता	5
आरिज़ी	5
आरे	1
आर्ज़ू	10
आर्ज़ूमन्द	14
आलम	1
आला	6
आलिम	25
आलिमो	8
आलिमों	9
आली	1
आलूदगी	2
आलूदा	7
आवाज़	120
आवाज़ें	10
आवाज़ों	1
आवारा	7
आशर	2
आस	1
आसा	2
आसान	6
आसानी	2
आसिया	21
आस्मान	244
आस्मान-ओ-ज़मीन	14
आस्मानी	50
आस्मानो	1
आस्मानों	8
आह	2
आह-ओ-ज़ारी	5
आहिस्ता	7
आहें	2
इंचार्ज	1
इंजील	2
इकट्ठा	10
इकट्ठी	3
इकट्ठे	4
इकतिफ़ा	4
इक़तिदार	1
इक़्रार	17
इकुनियुम	6
इक्लौता	3
इक्लौती	1
इक्लौते	5
इख़तिताम	14
इख़तियार	127
इख़तिलाफ़	3
इजतिमा	1
इज़तिराब	1
इज़ाफ़ा	16
इज़्ज़त	74
इज़्ज़त-ओ-जलाल	7
इज़्ज़तदार	4
इज़्दिवाजी	1
इज़्हार	42
इजाज़त	44
इजाज़तनामा	1
इज्लास	18
इटली	4
इतना	50
इतनी	33
इतने	59
इतालवी	1
इतूरिया	1
इत्तिफ़ाक़	3
इत्तिला	22
इत्मीनान	1
इत्र	12
इत्रदान	3
इत्लाक़	3
इत्वार	10
इदूमया	1
इधर	15
इन	230
इनआम	5
इनकार	2
इनकिसारी	2
इन्क़िलाबी	1
इन्कार	74
इन्किशाफ़	3
इन्किशाफ़ात	2
इन्तिक़ाम	4
इन्तिक़ाल	7
इन्तिज़ाम	14
इन्तिज़ार	40
इन्तिहा	7
इन्फ़िरादी	1
इन्सान	130
इन्सानी	42
इन्सानों	28
इन्साफ़	22
इन्साफ़पर्वर	1
इन्हिसार	4
इन्हें	28
इपफ़्रास	3
इपफ़्रुदितुस	2
इपिकूरी	1
इपिनेतुस	1
इफ़िसियों	1
इफ़िसुस	24
इफ़्ताह	1
इफ़्फ़तह	1
इफ़्राईम	1
इबतिदा	20
इबतिदाई	2
इबर	1
इबादत	18
इबादतख़ाने	38
इबादतख़ानों	21
इबादतखाना	3
इब्न-ए-आदम	88
इब्न-ए-दाऊद	11
इब्रत	3
इब्रतनाक	1
इब्रानी	7
इब्राहीम	100
इब्लीस	84
इमतियाज़	3
इमतियाज़ी	4
इमतिहान	1
इमाम	55
इमाम-ए-आज़म	63
इमामों	57
इमारत	6
इमारतें	2
इमारतों	1
इम्दाद	1
इम्माउस	2
इम्मानूएल	2
इरादा	16
इरादे	8
इरास्तुस	3
इर्दगिर्द	29
इलतिमास	8
इलाक़ा	3
इलाक़े	69
इलाक़ों	7
इलाज	3
इलावा	18
इलाही	57
इलियाक़ीम	3
इलीअज़र	2
इलीमास	1
इलीशा	1
इलीशिबा	11
इलीहूद	2
इल्ज़ाम	52
इल्ज़ामात	10
इल्तिजा	7
इल्तिजाएँ	1
इल्तिजाओं	1
इल्म	39
इल्म-ओ-इर्फ़ान	9
इल्मोदाम	1
इल्यास	32
इल्लुरिकुम	1
इवज़	5
इशारा	20
इशारे	1
इशारों	1
इश्कार	1
इस	1770
इसि	10
इसी	147
इसे	99
इस्कन्दरिया	4
इस्करियोती	11
इस्तख़ुस	1
इस्तिक़्बाल	11
इस्तिह्साल	1
इस्तेमाल	39
इस्पंज	1
इस्फ़ंज	2
इस्माईल	1
इस्राईल	57
इस्राईलियों	10
इस्राईली	22
इस्रार	10
इस्लाह	2
इस्हाक़	26
इह्सास	2
ईज़बिल	1
ईज़ा	11
ईज़ारसानियाँ	1
ईज़ारसानियों	3
ईज़ारसानी	12
ईजाद	1
ईद	46
ईद-ए-पन्तिकुस्त	2
ईद-ए-फ़सह	5
ईदें	1
ईमान	493
ईमानदार	29
ईमानदारों	35
ईसा	1512
ईसी	1
उंगलियाँ	1
उंगली	6
उंडेल	17
उंडेलने	2
उंडेला	1
उंडेली	3
उकसा	7
उकसाए	10
उकसाता	1
उकसाती	3
उकसाते	2
उकसाना	1
उकसाया	5
उक़ाब	3
उखड़	1
उखड़े	1
उखाड़	1
उखाड़ा	1
उखाड़े	1
उखाड़ें	1
उग	3
उगता	2
उगते	2
उगने	6
उगेगा	1
उछल	5
उछलती	1
उछलते	1
उछालती	1
उजरत	1
उज़्ज़ियाह	2
उज़्र	3
उज़्व	10
उठ	72
उठता	4
उठते	9
उठना	3
उठने	32
उठा	153
उठाई	6
उठाऊँ	2
उठाए	17
उठाएँ	7
उठाएगा	2
उठाओ	1
उठाते	3
उठाना	13
उठानी	1
उठाने	16
उठाया	15
उठी	6
उठीं	1
उठूँगा	2
उठे	12
उठें	5
उठेंगे	17
उठेगा	12
उठो	5
उड़	2
उड़ते	2
उड़ा	11
उड़ाएँ	1
उड़ाएँगे	2
उड़ाने	11
उड़ाया	5
उतना	10
उतनी	10
उतने	3
उतनों	1
उतर	50
उतरता	4
उतरती	2
उतरते	1
उतरने	6
उतरा	9
उतरी	1
उतरे	8
उतरें	1
उतरेंगे	1
उतरेगा	1
उतार	23
उतारना	2
उतारने	3
उतारा	2
उतारी	2
उतारे	1
उतारें	1
उधर	13
उधार	3
उधेड़	2
उन	1226
उनेसिफ़ुरुस	2
उनेसिमुस	3
उन्दर	1
उन्हें	575
उन्हों	488
उफ़क़	1
उभर	3
उभार	1
उभारता	1
उभारते	1
उभारने	1
उभारा	4
उभारें	2
उमूर	1
उम्दा	2
उम्मत	6
उम्मतें	2
उम्मतो	1
उम्मतों	1
उम्मीद	95
उम्र	8
उम्ररसीदा	2
उर्बानुस	1
उलझ	3
उलझन	13
उलझा	1
उलझी	1
उलझे	1
उलट	4
उलटी	1
उलटे	1
उलमा	37
उलिम्पास	1
उलूहियत	2
उस	3785
उसराईल	2
उसी	182
उसूल	2
उसूलों	1
उसे	1247
उस्ताद	87
उस्तादों	4
उह्दा	2
ऊँघ	3
ऊँचा	2
ऊँचाई	1
ऊँची	48
ऊँचे	9
ऊँट	4
ऊँटकटारे	1
ऊँटकटारों	1
ऊँटों	2
ऊद	1
ऊन	1
ऊपर	23
ऊरिय्याह	1
ए	2
एक	1298
एज़ाज़	1
एतिबार	4
एतिमाद	31
एतिराज़	35
एतिराफ़	1
एथोपिया	1
एप्रन	1
एर	1
एलची	3
एलान	30
एली	5
एशिया-ए-कूचक	1
एसौ	3
एहतिजाज	1
एहतियात	6
एहतियातन	1
एहतिराम	12
एहतिसाब	3
एह्सानमन्द	1
ऐ	124
ऐन	7
ऐनियास	4
ऐनोन	1
ऐलाम	1
ऐश	1
ऐश-ओ-इश्रत	6
ऐशपरस्ती	1
ऐसा	255
ऐसी	111
ऐसे	123
ऐसों	1
ओझल	2
ओढ़	5
ओढ़े	2
ओबेद	4
ओले	3
ओलों	1
औंधे	3
औक़ात	2
औगुस्तुस	1
और	4828
औरत	95
औरतें	7
औरतों	3
औरों	15
औलाद	45
कंट्रोल	1
कंधों	4
कई	50
कचहरियाँ	1
कचहरी	2
कज़न	1
कट	1
कटवा	1
कटाई	15
कट्टर	3
कड़क	5
कड़कती	1
कड़कते	1
कड़वा	3
कड़वाहट	4
कड़वी	2
कड़वे	1
कतरने	1
कतराते	1
कतान	12
कनआन	1
कनआनी	1
कनस्तर	2
कनिदुस	1
कन्दा	6
कन्दाके	1
कप	1
कपड़ा	3
कपड़े	57
कपड़ों	13
कप्तान	4
कप्पदुकिया	2
कफ़न	9
कफ़र्नहूम	16
कफ़्फ़ारा	8
कब	27
कबूतर	9
कबूतरों	1
कभी	118
कम	46
कमएतिक़ाद	1
कमएतिक़ादो	3
कमक़दर	2
कमज़ोर	41
कमज़ोरज़मीर	1
कमज़ोरहाल	1
कमज़ोरियाँ	3
कमज़ोरियों	4
कमज़ोरी	1
कमज़ोरों	5
कमतर	1
कमर	7
कमरबन्द	3
कमरबस्ता	2
कमरा	9
कमरे	20
कमरों	2
कमहैसियत	1
कमाँडर	23
कमाँडरों	1
कमाए	2
कमाएँ	1
कमाएँगे	1
कमाती	1
कमाते	2
कमान	1
कमाने	2
कमाल	1
कमियाँ	3
कमी	9
कर	3199
करके	332
करता	460
करती	77
करते	490
करना	207
करनी	11
करने	645
करवा	5
करवाई	2
करवाईं	1
करवाए	3
करवाएँ	4
करवाएँगे	2
करवाते	4
करवाना	1
करवाने	13
करवाया	15
करा	4
कराई	6
कराऊँ	1
कराए	2
कराता	1
कराते	5
कराना	1
कराने	11
कराहती	1
कराहते	7
करूँ	59
करूँगा	69
करूँगी	1
करूबी	1
करे	261
करें	439
करेंगी	5
करेंगे	105
करेगा	143
करेगी	6
करो	119
करोगे	16
करोड़	1
कर्ज़ों	1
कर्पुस	1
कल	17
कलाइयों	1
कलाम	142
कलाम-ए-पाक	1
कलाम-ए-मुक़द्दस	134
कव्वों	1
कश-म-कश	2
कशती	2
कश्तियाँ	3
कश्तियों	3
कश्ती	62
कसीर	1
कस्टम	2
कस्दियों	1
कस्बियाँ	2
कस्बियों	2
कस्बी	5
कस्रत	21
कह	112
कहता	55
कहती	13
कहते	73
कहना	28
कहने	92
कहला	1
कहलाऊँ	2
कहलाएँगे	2
कहलाएगा	7
कहलाता	23
कहलाती	6
कहलाते	1
कहलाना	2
कहलाने	3
कहलाया	1
कहा	817
कहाँ	70
कहानत	3
कहानियाँ	1
कहानियों	4
कहानी	2
कहावत	2
कही	7
कहीं	51
कहूँ	7
कहूँगा	5
कहे	18
कहें	18
कहेंगी	1
कहेंगे	12
कहेगा	12
कहेगी	1
कहो	4
कहोगे	2
क़तअन	1
क़त्ल	98
क़त्ल-ओ-ग़ारत	5
क़द	1
क़दम	7
क़दम-ब-क़दम	2
क़दमों	1
क़दर	6
क़दर-ओ-क़ीमत	6
क़दीम	9
क़बल	1
क़बीले	19
क़बीलों	5
क़बूल	79
क़बूलियत	3
क़ब्ज़ा	5
क़ब्ज़े	16
क़ब्र	45
क़ब्रें	2
क़ब्रों	9
क़मीस	2
क़मीसें	1
क़रार	76
क़रीब	92
क़रीबतरीन	1
क़रीबी	2
क़र्ज़	12
क़र्ज़दार	6
क़र्ज़दारों	2
क़र्ज़ा	2
क़लम	6
क़लमबन्द	2
क़वाइद	1
क़वानीन	1
क़वी	6
क़सम	51
क़समों	2
क़स्बा	1
क़हर	1
क़ाइद	1
क़ाइम	110
क़ाइम-ओ-दाइम	1
क़ाइल	13
क़ाज़ी	3
क़ातिल	9
क़ातिलों	3
क़ादिर	4
क़ादिर-ए-मुतलक़	15
क़ाना	4
क़ानून	1
क़ानूनी	1
क़ाफ़िले	1
क़ाबिल	29
क़ाबिल-ए-इस्तेमाल	1
क़ाबिल-ए-एतिमाद	8
क़ाबिल-ए-क़बूल	2
क़ाबिल-ए-तारीफ़	1
क़ाबिल-ए-बर्दाश्त	6
क़ाबिल-ए-रहम	2
क़ाबिल-ए-सज़ा	1
क़ाबिलियत	2
क़ाबील	3
क़ाबू	11
क़ारी	2
क़ासिद	3
क़ासिदों	1
क़ासिर	1
क़ियामत	21
क़िर्मिज़ी	5
क़िलए	9
क़िस्म	87
क़िस्मत	1
क़िस्से-कहानियों	1
क़ीनान	2
क़ीमत	4
क़ीमती	17
क़ीस	1
क़ुद्दूस	16
क़ुद्दूसियत	3
क़ुद्रत	71
क़ुद्रती	2
क़ुब्रुस	5
क़ुम्रियाँ	1
क़ुरआ	7
क़ुर्बान	12
क़ुर्बानगाह	23
क़ुर्बानगाहों	1
क़ुर्बानियाँ	30
क़ुर्बानियों	9
क़ुर्बानी	39
क़ुव्वत	30
क़ुव्वतें	6
क़ुसूर	2
क़ुसूरवार	6
क़ूम	1
क़ै	2
क़ैद	18
क़ैदख़ाने	7
क़ैदख़ानों	1
क़ैदियों	8
क़ैदी	29
क़ैसर	1
क़ैसरिया	15
क़ैसरिया-फ़िलिप्पी	2
क़ोरह	1
क़ोसाम	1
क़ौम	121
क़ौमें	14
क़ौमो	1
क़ौमों	30
क़ौल	2
क़ौस-ए-क़ुज़ह	2
का	2708
काँट-छाँट	2
काँटा	1
काँटेदार	13
काँप	2
काँपते	3
काइनात	13
काइफ़ा	9
काग़ज़	2
काट	16
काटता	3
काटते	6
काटने	3
काटा	2
काटी	1
काटूँ	1
काटें	1
काटेगा	3
काठ	1
कातते	2
कातिब	1
कान	16
काना	1
कानों	14
काफ़ी	38
काम	290
कामिल	24
कामिलियत	6
कामों	45
काम्याब	3
काम्याबी	1
कारीगर	1
कारोबार	8
काल	10
काला	4
काश	6
काश्तकारी	1
कास्टर	1
कि	2737
किए	87
कितना	28
कितनी	48
कितने	19
किताब	25
किताब-ए-हयात	7
किताबें	4
किताबों	2
किन	3
किनायतन	1
किनारा	5
किनारे	32
किनारों	1
किन्ख़रिया	2
किया	954
किरदार	2
किरन	1
किराए	2
किलिकिया	8
किलोग्राम	5
किलोमीटर	8
किस	194
किसान	8
किसी	397
की	4886
कीं	12
कीचड़	1
कीड़ा	3
कीड़े	4
कीड़ों	1
कीना	2
कीनावरी	1
कीलों	2
कुंजियाँ	2
कुंजी	1
कुंवारियाँ	4
कुंवारियों	7
कुंवारी	10
कुंवारे	1
कुआँ	3
कुएँ	2
कुचल	5
कुचलते	1
कुचलवा	1
कुचला	1
कुचले	2
कुछ	867
कुढ़ते	1
कुत्ता	1
कुत्ते	4
कुत्तों	4
कुन्दज़हन	1
कुप्पी	1
कुफ़्र	46
कुबड़ी	1
कुम्हार	3
कुरते	1
कुरिन्थुस	9
कुरेन	6
कुरेनी	1
कुर्नेलियुस	11
कुर्सियाँ	3
कुर्सियों	4
कुर्सी	7
कुल	5
कुलुस्से	1
कुल्हाड़ी	2
कुव्वतों	6
कुशादा	2
कुश्ती	2
कूच	8
कूटता	1
कूड़ा	2
कूड़ा-कर्कट	1
कूद	1
कूदते	1
कूरिनियुस	1
के	6827
केतली	1
कैंसर	1
कैफ़ा	4
कैसा	7
कैसी	7
कैसे	6
को	3922
कोंपल	1
कोंपलें	4
कोइलों	3
कोई	476
कोट	1
कोठड़ी	2
कोड़ा	1
कोड़े	15
कोड़ों	3
कोढ़	10
कोढ़ियों	3
कोने	12
कोनों	5
कोफ़त	1
कोशाँ	6
कोशिश	91
कोशिशों	4
कौंसल	1
कौदा	1
कौन	124
क्या	703
क्यूँ	134
क्यूँकर	14
क्यूँकि	1134
क्रिस्पुस	1
क्रेते	6
क्रेस्केन्स	1
क्लियुपास	1
क्लेमेंस	1
क्लोपास	1
क्लौदिया	1
क्लौदियुस	3
क्वार्तुस	1
खंडरात	1
खचा	1
खजूर	2
खटखटा	2
खटखटाता	2
खटखटाते	4
खटखटाया	1
खड़ा	98
खड़ी	16
खड़े	104
खतरों	3
खरीदें	1
ख़ज़ाना	8
ख़ज़ाने	11
ख़ज़ानों	1
ख़ज़ान्ची	3
ख़त	51
ख़तना	44
ख़तने	4
ख़तरनाक	2
ख़ता	1
ख़ताएँ	1
ख़ताओं	3
ख़तों	5
ख़त्म	62
ख़त्रा	9
ख़त्रे	8
ख़बर	46
ख़बरदार	39
ख़बरें	3
ख़मीर	14
ख़मीरी	1
ख़याल	66
ख़यालात	17
ख़यालों	1
ख़राब	19
ख़रीद	19
ख़रीद-ओ-फ़रोख़्त	3
ख़रीदने	5
ख़रीदा	4
ख़रीदी	2
ख़रीदे	2
ख़रीफ़	1
ख़र्च	4
ख़र्चा	2
ख़लक़	16
ख़लासी	1
ख़लीज	2
ख़लोए	1
ख़वातीन	41
ख़वातीन-ओ-हज़रात	1
ख़सारे	1
ख़स्ताहाल	1
ख़ाक	2
ख़ाकी	4
ख़ातमा	2
ख़ातिर	109
ख़ातून	35
ख़ादिम	48
ख़ादिमा	2
ख़ादिमाओं	1
ख़ादिमो	1
ख़ादिमों	12
ख़ान्दान	13
ख़ामोश	30
ख़ामोशी	4
ख़ारदार	3
ख़ारिज	3
ख़ाला	1
ख़ालिक़	5
ख़ालिस	10
ख़ाली	16
ख़ावन्द	10
ख़ास	39
ख़ासकर	21
ख़िदमत	177
ख़िदमतगार	1
ख़िदमतगुज़ार	1
ख़िदमतें	1
ख़ियुस	1
ख़िलाफ़	84
ख़िलाफ़वरज़ी	12
ख़ुतूत	1
ख़ुद	221
ख़ुद-ब-ख़ुद	5
ख़ुदकुशी	2
ख़ुदग़रज़	3
ख़ुदग़रज़ी	5
ख़ुदपसन्द	1
ख़ुदपसन्दी	1
ख़ुदरौ	17
ख़ुदसर	1
ख़ुदा	264
ख़ुदातरस	24
ख़ुदातरसी	1
ख़ुदावन्द	503
ख़ुदावन्दों	1
ख़ुफ़िया	3
ख़ुराक	13
ख़ुराज़ीन	2
ख़ुलूस	2
ख़ुलूसदिल	1
ख़ुलूसदिली	11
ख़ुश	66
ख़ुशआमदीद	13
ख़ुशक़िसमत	1
ख़ुशख़बरी	130
ख़ुशनसीब	1
ख़ुशहाल	1
ख़ुशामद	2
ख़ुशी	121
ख़ुश्क	5
ख़ुश्की	5
ख़ुश्बू	8
ख़ुश्बूदार	4
ख़ुसूसन	1
ख़ूँरेज़ी	3
ख़ूज़ा	2
ख़ून	83
ख़ूनी	2
ख़ूब	28
ख़ूबसूरत	6
ख़ूबसूरती	1
ख़ूबियों	5
ख़ैमा	5
ख़ैमागाह	2
ख़ैमे	7
ख़ैमों	1
ख़ैर	2
ख़ैरबाद	7
ख़ैरात	9
ख़ोद	2
ख़ौफ़	56
ख़ौफ़ज़दा	1
ख़्वाजासरा	3
ख़्वाब	7
ख़्वाबों	1
ख़्वाह	57
ख़्वाह-म-ख़्वाह	3
ख़्वाहाँ	4
ख़्वाहिश	17
ख़्वाहिशमन्द	4
ख़्वाहिशात	22
ख़्वाहिशों	3
खा	66
खाई	16
खाईं	3
खाऊँ	6
खाऊँगा	4
खाए	12
खाएँ	15
खाएँगे	5
खाएगा	1
खाओ	6
खाओगे	2
खाता	24
खाते	28
खाते-पीते	4
खाद	2
खाना	112
खाने	91
खाने-पीने	12
खानों	5
खाया	20
खाल	1
खालों	1
खास	1
खिड़की	1
खिला	4
खिलाई	4
खिलाईं	2
खिलाए	2
खिलाएँ	2
खिलाता	2
खिलाना	1
खिलाया	6
खिसक	4
खिसका	1
खुदाई	4
खुल	26
खुला	12
खुली	3
खुले	7
खुलेगा	2
खूबियाँ	2
खेत	30
खेतीबाड़ी	1
खेते	2
खेतों	8
खेने	1
खेल	3
खेला	1
खेलों	1
खैंच	6
खैंचा	1
खैंची	1
खो	13
खोई	3
खोए	1
खोज	3
खोजे	1
खोद	3
खोपड़ी	4
खोया	1
खोल	43
खोलता	1
खोलना	1
खोलने	11
खोला	3
खोली	7
खोलीं	1
खोलूँ	1
खोले	3
खोलेगा	1
खोलोगे	1
गंधक	8
गई	294
गईं	39
गए	460
गज़	3
गठड़ियाँ	1
गठों	1
गड़बड़	1
गढ़ा	1
गढ़े	14
गढ़ों	1
गत्समनी	2
गदरीनियों	1
गद्दी	1
गधा	4
गधी	4
गधे	10
गन्दगी	2
गन्दी	4
गन्दुम	9
गन्दे	2
गन्नेसरत	3
गपबाजी	1
गब्बता	1
गया	1002
गयुस	5
गर	1
गरज	3
गरजती	1
गरजते	3
गरजने	2
गरजें	1
गरासा	2
गर्द	7
गर्दन	1
गर्दनकश	1
गर्म	3
गर्मजोशी	2
गर्मियों	3
गर्मी	2
गल	2
गलतिया	6
गलतियो	1
गलने	5
गला	5
गलास	2
गलियों	4
गली	3
गलील	75
गलीली	1
गले	8
गल्ला	1
गल्लाबान	6
गल्लाबानी	5
गल्लियो	4
गल्ले	6
गवर्नर	26
गवाह	36
गवाहियाँ	5
गवाही	125
गवाहों	10
गहरा	4
गहराइयों	3
गहराई	2
गहरी	8
गहरे	3
ग़ज़ब	35
ग़ज़ाला	1
ग़ज़्ज़ा	1
ग़द्दार	2
ग़म	14
ग़मगीन	6
ग़मज़दा	2
ग़रज़	43
ग़रीब	18
ग़रीबों	18
ग़रूर	4
ग़र्क़	2
ग़लत	61
ग़लतियाँ	2
ग़लतियों	2
ग़लती	14
ग़ल्बा	1
ग़ल्ला	1
ग़ाइब	7
ग़ार	1
ग़ारत	1
ग़ारतगर	1
ग़ारों	2
ग़ालिब	38
ग़िज़ा	1
ग़िलाज़त	1
ग़ुरूब	2
ग़ुर्बत	3
ग़ुलाम	68
ग़ुलामी	13
ग़ुलामो	3
ग़ुलामों	10
ग़ुसल	5
ग़ुसीला	1
ग़ुस्सा	13
ग़ुस्से	12
ग़ैरअख़्लाक़ी	1
ग़ैरआबाद	2
ग़ैरइरादी	1
ग़ैरइस्तेमालशुदा	1
ग़ैरईमानदार	9
ग़ैरईमानदारों	13
ग़ैरज़बान	8
ग़ैरज़बानें	13
ग़ैरज़बानों	3
ग़ैरज़रूरी	1
ग़ैरजानिबदार	2
ग़ैरत	9
ग़ैरफ़ानी	3
ग़ैरफ़ित्रती	1
ग़ैरफ़ित्री	1
ग़ैरमामूली	4
ग़ैरमुल्की	4
ग़ैरमुस्तक़िलमिज़ाज	1
ग़ैरमुह्तात	1
ग़ैरमौजूदगी	1
ग़ैरयक़ीनी	1
ग़ैरयहूदियो	2
ग़ैरयहूदियों	68
ग़ैरयहूदी	45
ग़ैरयूनानियों	1
ग़ैरयूनानी	1
ग़ैररुहानी	2
ग़ैरशादीशुदा	7
ग़ैरसेहतमन्द	1
ग़ोल	8
ग़ौर	58
ग़ौर-ओ-ख़ौज़	1
ग़ौर-ओ-फ़िक्र	1
गा	6
गाँओ	28
गाऊँगा	1
गाए	3
गाएँ	1
गाते	1
गाने	1
गाय	1
गाय-बैल	2
गाय-बैलों	1
गारे	1
गाल	4
गालियाँ	4
गालियों	2
गाली	1
गाली-गलोच	2
गाहता	1
गाहने	5
गाहे-ब-गाहे	1
गिद्ध	2
गिन	1
गिना	1
गिने	2
गिर	80
गिरने	3
गिरा	9
गिराई	1
गिराना	1
गिराया	1
गिरिफ़्त	18
गिरिफ़्तार	41
गिरिफ़्तारी	1
गिरी	1
गिरे	25
गिरेगा	4
गिर्द	10
गिर्दागिर्द	1
गिर्या-ओ-ज़ारी	2
गीत	12
गीतों	1
गुंधा	1
गुंधे	7
गुच्छे	2
गुज़र	53
गुज़रता	1
गुज़रती	2
गुज़रते	3
गुज़रना	2
गुज़रने	5
गुज़रा	10
गुज़राँते	2
गुज़री	4
गुज़रे	16
गुज़ार	15
गुज़ारता	13
गुज़ारती	3
गुज़ारते	27
गुज़ारना	7
गुज़ारनी	1
गुज़ारने	15
गुज़ारा	4
गुज़ारिश	23
गुज़ारी	11
गुज़ारूँ	2
गुज़ारे	6
गुज़ारें	35
गुज़ारेंगे	2
गुज़ारेगा	3
गुज़ारो	2
गुज़ारोगे	1
गुना	17
गुनाह	182
गुनाहआलूदा	5
गुनाहगार	31
गुनाहगारो	1
गुनाहगारों	19
गुनाहों	80
गुन्जाइश	7
गुफ़्तगु	4
गुम	6
गुमराह	10
गुमराही	2
गुमशुदा	3
गुरोह	6
गुरोहों	7
गुल्गुता	3
गुस्ताख़	2
गूँगा	4
गूँगी	2
गूँगे	4
गूँगों	1
गूँज	1
गूँजता	1
गूदे	1
गेट	10
गैरहाज़िर	1
गैरहाज़िरी	1
गैस	3
गो	52
गोडी	1
गोद	4
गोदाम	5
गोदामों	1
गोया	12
गोश्त	17
गोश्त-पोस्त	1
ग्यारवीं	1
ग्यारह	6
घंटा	4
घंटे	8
घंटों	3
घटता	1
घटिया	2
घड़ा	3
घड़ियाल	1
घड़ियों	1
घड़ी	8
घड़े	2
घबरा	17
घबराए	2
घबराएँ	1
घबराओ	4
घबराते	2
घबराना	3
घबराया	1
घर	232
घराना	4
घराने	23
घरों	12
घसीट	9
घात	1
घास	10
घिन	1
घिनौना	2
घिनौनी	4
घिनौने	2
घिनौनों	1
घिरा	3
घिरी	1
घिस	1
घिसते	1
घुटना	3
घुटने	10
घुटनों	2
घुड़सवार	1
घुड़सवारों	1
घुस	10
घुसी	1
घुसीं	3
घुसे	1
घूँट	3
घूमता	4
घूमते	3
घूमना	1
घूर	6
घेर	9
घेरा	1
घेरे	1
घोंसले	3
घोंसलों	2
घोड़ा	5
घोड़े	7
घोड़ों	7
चक्कर	1
चक्की	7
चख	2
चखना	1
चखा	1
चखेगा	1
चटाइयों	1
चटान	9
चटानें	1
चटानों	3
चढ़	22
चढ़ता	3
चढ़ते	2
चढ़ने	2
चढ़वा	2
चढ़ा	11
चढ़ाऊँ	1
चढ़ाए	1
चढ़ाओगे	1
चढ़ानी	1
चढ़ाने	4
चढ़ाया	3
चढ़ावा	1
चढ़ावे	1
चढ़ेगा	1
चन्द	12
चन्दे	4
चमक	8
चमकता	4
चमकती	2
चमकते	2
चमकदार	2
चमकने	10
चमका	1
चमकी	4
चमके	2
चमकें	1
चमकेंगे	1
चमकेगा	2
चमड़ा	3
चमड़े	2
चर	3
चरनी	3
चरमी	1
चरवाहा	7
चरवाहे	10
चरवाहों	1
चरा	2
चराग़	17
चराग़ों	2
चरागाहें	1
चराने	2
चर्चा	7
चल	64
चलता	29
चलती	5
चलते	101
चलना	6
चलने	26
चलवाने	1
चला	116
चलाई	2
चलाएँ	2
चलाता	3
चलाती	1
चलाते	3
चलाने	7
चलाया	2
चली	12
चले	70
चलें	22
चलेंगी	2
चलेंगे	1
चलेगा	3
चलो	1
चश्मा	1
चश्मे	4
चश्मों	4
चाँद	10
चाँदी	31
चाटते	1
चादर	17
चादरें	2
चाबी	3
चार	38
चारदीवारी	3
चारपाइयों	2
चारपाई	12
चारों	10
चाल	1
चाल-चलन	11
चालाक	1
चालाकी	9
चालीस	14
चालों	2
चाहत	2
चाहता	167
चाहती	10
चाहते	103
चाहने	1
चाहा	7
चाहिए	43
चाहिएँ	4
चाही	1
चाहूँ	6
चाहे	36
चाहें	8
चाहेंगे	1
चाहो	2
चिंगारी	1
चिकनी-चुपड़ी	1
चिड़ियाँ	1
चिड़ियों	3
चिमट	1
चिमटी	1
चिमटे	1
चिल्ला	23
चिल्लाए	2
चिल्लाएगा	1
चिल्लाती	1
चिल्लाते	4
चिल्लाने	9
चिल्लाया	1
चिहरा	8
चिहरे	8
चिहरों	2
चीख़	13
चीख़ती	1
चीख़ते	3
चीख़ने	2
चीख़ने-चिल्लाने	1
चीख़ा	1
चीख़े	2
चीख़ें	11
चीज़	77
चीज़ें	36
चीज़ों	55
चीते	1
चीथड़ों	1
चीफ़	1
चीरा	1
चुका	66
चुकी	29
चुके	35
चुको	1
चुग	3
चुग़ली	1
चुन	39
चुना	11
चुनाँचे	230
चुनाओ	2
चुनी	2
चुनीदा	5
चुने	17
चुप	4
चुप-चाप	1
चुपके	4
चुभो	1
चुरा	4
चुसाने	2
चुस्त	1
चूँकि	53
चूमने	1
चूमा	1
चूर	2
चेले	1
चोग़ा	2
चोग़े	2
चोर	17
चोरबालू	2
चोरियों	1
चोरी	11
चौक	3
चौकन्ने	1
चौकस	8
चौकी	9
चौकीदार	1
चौकों	2
चौकोर	1
चौखटों	1
चौड़ा	1
चौड़ाई	3
चौड़ी	1
चौथा	2
चौथी	2
चौथे	4
चौदह	3
चौधवीं	1
चौपाइयों	1
चौबीस	1
छः	10
छटा	2
छटी	2
छटे	2
छड़ी	3
छत	8
छतों	2
छलक	8
छलाँग	4
छा	13
छाए	1
छाज	2
छाती	4
छानते	1
छिड़	5
छिड़का	3
छिड़काए	2
छिड़के	1
छिद	1
छिलकों	1
छीन	29
छीनने	1
छीना	1
छुआ	19
छुए	4
छुटकारा	1
छुड़ा	2
छुड़ाए	3
छुड़ाएगा	1
छुड़ाने	2
छुड़ाया	2
छुप	4
छुपा	14
छुपाए	2
छुपाता	1
छुपाने	1
छुपाया	1
छुपी	8
छुपे	1
छू	8
छूट	1
छूते	1
छूना	2
छूने	3
छेड़	1
छेद	1
छेदा	2
छोटा	21
छोटी	7
छोटे	31
छोटों	8
छोड़	114
छोड़ता	1
छोड़ती	2
छोड़ते	1
छोड़ना	3
छोड़ने	1
छोड़ा	8
छोड़ी	1
छोड़ूँगा	1
छोड़े	3
छोड़ें	1
छोड़ेंगे	2
छोड़ेगा	2
छोड़ो	2
जंग	18
जंगल	1
जंगली	10
जंगों	3
जकड़	2
जकड़ा	2
जकड़े	2
जग	1
जगह	121
जगह-ब-जगह	2
जगहों	7
जगा	5
जज	10
जज़ब	1
जज़ीरा	2
जज़ीरा-ए-क़ुब्रुस	3
जज़ीरा-ए-कोस	1
जज़ीरा-ए-क्रेते	2
जज़ीरा-ए-समुत्राके	1
जज़ीरे	12
जज़्बात	1
जटामासी	2
जड़	18
जड़ें	1
जड़ों	3
जद	1
जनाज़ा	1
जनाज़े	2
जनाब	15
जन्म	17
जब	880
जबकि	112
जब्रन	1
जमा	129
जमाअत	121
जमाअतें	7
जमाअतों	33
जमाशुदा	3
जम्लीएल	2
जरनैल	1
जरनैलों	1
जराइम	1
जल	7
जलता	1
जलती	10
जलते	5
जलन	1
जलने	2
जला	7
जलाई	1
जलाए	3
जलाता	3
जलाने	4
जलाया	2
जलाल	155
जलाली	27
जल्द	24
जल्दबाज़ी	1
जल्दी	32
जल्लाद	2
जवाज़	2
जवान	27
जवानी	4
जवाब	367
जवाबदिह	4
जवाबों	1
जवाहिर	5
जश्न	2
जहन्नुम	15
जहाँ	155
जहाज़	55
जहाज़ों	2
जहान	10
जहालत	2
ज़ंग	3
ज़ंगआलूदा	1
ज़करियाह	17
ज़क्काई	5
ज़ख़्म	6
ज़ख़्मी	7
ज़ख़्मों	4
ज़द	6
ज़न्जीर	1
ज़न्जीरें	3
ज़न्जीरों	16
ज़बर	2
ज़बरदस्त	16
ज़बरदस्ती	7
ज़बर्जद	1
ज़बह	17
ज़बान	39
ज़बानी	4
ज़बानें	5
ज़बानों	3
ज़बूर	7
ज़बूरों	1
ज़बूलून	3
ज़ब्त-ए-नफ़्स	4
ज़ब्दी	11
ज़मानत	4
ज़माने	23
ज़मानों	11
ज़मीन	165
ज़मीनी	2
ज़मीनें	2
ज़मीन्दार	6
ज़मीर	29
ज़रक़ोन	1
ज़रख़ेज़	6
ज़रा	6
ज़रीए	72
ज़रुब्बाबल	3
ज़रूर	44
ज़रूरत	86
ज़रूरतमन्द	17
ज़रूरतमन्दों	4
ज़रूरियात	18
ज़रूरी	30
ज़र्रों	2
ज़लील	2
ज़ल्ज़ला	10
ज़ल्ज़ले	3
ज़वाबित	1
ज़हन	18
ज़हनी	4
ज़हनों	5
ज़हर	3
ज़हरीला	1
ज़हरीले	3
ज़ाइक़ा	3
ज़ाइद	1
ज़ाए	13
ज़ात	2
ज़ाती	8
ज़ारह	1
ज़ालिम	1
ज़ावीए	1
ज़ाहिर	200
ज़ाहिरी	12
ज़िक्र	26
ज़िना	29
ज़िनाकार	13
ज़िनाकारी	21
ज़िनाकारों	4
ज़िन्दगियों	1
ज़िन्दगी	313
ज़िन्दगीबख़्श	3
ज़िन्दा	164
ज़िन्दों	7
ज़िम्न	1
ज़िम्मादार	6
ज़िम्मादारियों	1
ज़िम्मादारी	24
ज़िम्मे	2
ज़ियादती	2
ज़ियादा	177
ज़ियादातर	4
ज़ियाफ़त	20
ज़ियाफ़तों	4
ज़ियूस	2
ज़िराबक्तर	5
ज़िला	1
ज़िल्लतआमेज़	1
ज़ुमुर्रद	2
ज़ुल्म	3
ज़ुहूर	3
ज़ूफ़े	2
ज़ेनास	1
ज़ेर	2
ज़ेर-ए-ग़ौर	1
ज़ेर-ए-निगरानी	1
ज़ेर-ए-हुकूमत	1
ज़ेरे	1
ज़ेवर	1
ज़ेवरों	1
ज़ैतून	22
ज़ोर	31
ज़ोरदार	4
ज़ोरावर	3
जा	351
जा-ए-ज़रूरत	2
जाँ-ब-हक़	1
जाँच	3
जाँचते	2
जाँचा	1
जाँफ़िशानी	9
जाइज़	15
जाइज़ा	4
जाऊँ	17
जाऊँगा	8
जाऊँगी	2
जाए	334
जाएँ	151
जाएँगी	21
जाएँगे	80
जाएगा	226
जाएगी	70
जाओ	42
जाओगे	11
जाग	15
जागता	2
जागते	13
जाता	156
जाती	76
जातीं	1
जाते	85
जादू	1
जादूगर	4
जादूगरी	4
जादूगरों	1
जादूमंत्र	1
जान	182
जान-बूझ	1
जानता	104
जानती	12
जानते	141
जानदार	7
जानदारों	11
जानना	6
जानने	22
जानवर	9
जानवरों	13
जाना	49
जानिबदार	4
जानिबदारी	5
जानूँ	2
जाने	91
जानें	6
जानेंगे	3
जानेगा	2
जानो	3
जानों	5
जानोगे	2
जामा	1
जायदाद	6
जाया	7
जारी	28
जाल	14
जालों	9
जासूस	2
जासूसों	3
जाहिल	5
जिएँ	3
जिएँगे	2
जितना	21
जितनी	14
जितने	13
जितनों	3
जिदाऊन	1
जिद्द-ओ-जह्द	14
जिन	112
जिन्सी	1
जिन्हें	69
जिन्हों	53
जिब्राईल	2
जिलावतन	1
जिलावतनी	4
जिस	696
जिसे	128
जिस्म	94
जिस्मानी	20
जिस्मों	6
जी	159
जीत	6
जीतने	1
जीता	7
जीते	6
जीतें	1
जीने	2
जुज़्वी	1
जुड़	1
जुड़वाँ	5
जुड़ा	1
जुदा	11
जुनूब	6
जुनूब-मग़रिब	1
जुनूबी	3
जुमआ	1
जुमए	2
जुमला	1
जुरअत	18
जुर्म	11
जुर्माने	2
जुलूस	2
जूँ	29
जूआ	4
जूए	2
जूज	1
जूतियाँ	1
जूते	6
जूतों	8
जेल	42
जैसा	54
जैसी	24
जैसे	58
जो	2174
जोड़	4
जोड़ा	3
जोड़े	1
जोड़ों	3
जोश	10
जौ	3
जौहर	1
झंझोड़	4
झंझोड़ने	4
झगड़ते	2
झगड़ने	4
झगड़ा	7
झगड़े	7
झगड़ें	1
झगड़ेगा	1
झगड़ों	4
झटक	1
झटका	1
झपकते	1
झपट	6
झाँका	3
झाँझ	1
झाग	4
झाड़	4
झाड़कर	2
झाड़ियों	2
झाड़ी	4
झाड़ू	3
झिजकना	1
झिजका	1
झिजके	1
झिड़का	1
झिड़की	1
झील	59
झुक	13
झुका	3
झुकी	1
झुके	1
झुकेगा	1
झुर्री	1
झुलस	3
झुलसा	1
झुलसाएगी	1
झुलसाने	1
झूट	31
झूटा	8
झूटी	10
झूटे	23
झेल	1
झेलना	1
झेलनी	1
झोंक	1
झोंका	3
झोंकी	2
झोंके	3
झोंकेगा	2
झोंकों	1
झोंपड़ियाँ	3
झोंपड़ियों	1
झोंपड़ी	5
झोली	1
टकरा	4
टकराएगा	1
टकराया	2
टक्करों	1
टख़ने	1
टटोल	5
टपक	2
टपकने	1
टहनियों	3
टाँगें	4
टाट	4
टायलें	1
टिंड	2
टिकने	1
टिड्डियाँ	3
टिड्डियों	2
टुकड़ा	7
टुकड़े	31
टुकड़ों	5
टूट	3
टूटे	2
टेक	8
टेकता	1
टेके	2
टेढ़ा	1
टेढ़ी	4
टैक्स	37
टोकरियों	1
टोकरे	12
ट्रे	4
ट्रेनिंग	1
ठंड	2
ठंडा	2
ठंडी	2
ठंडे	1
ठग	1
ठगते	1
ठनठनाती	1
ठप्पा	1
ठर्राता	1
ठहर	14
ठहरता	3
ठहरती	2
ठहरते	6
ठहरना	3
ठहरने	6
ठहरा	30
ठहराए	6
ठहराएँ	2
ठहराएँगे	3
ठहराएगा	5
ठहराता	11
ठहराती	2
ठहराते	2
ठहराना	1
ठहराने	6
ठहराया	27
ठहरी	3
ठहरूँ	2
ठहरूँगा	4
ठहरे	19
ठहरें	6
ठहरेंगे	4
ठहरेगा	3
ठहरेगी	3
ठहरो	8
ठहरोगे	2
ठाठें	1
ठान	2
ठिगने	1
ठीक	22
ठेकेदार	1
ठेस	6
ठोकर	22
ठोस	9
डंक	4
डंडे	2
डगमगाऊँ	1
डर	28
डरता	7
डरते	19
डरना	6
डरने	1
डराऔनी	1
डराने	1
डरूँगा	1
डरे	4
डरें	2
डरो	8
डलवा	3
डलवाएँगे	1
डलवाया	1
डस	1
डाँट	8
डाँटना	1
डाँटने	1
डाँटा	12
डाँटे	2
डाँवाँडोल	2
डाकुओं	9
डाकू	7
डाक्टर	5
डाक्टरों	1
डाल	64
डालता	3
डालते	5
डालना	4
डालने	11
डाला	39
डालियाँ	2
डाली	5
डालीं	1
डालूँ	2
डालूँगा	7
डाले	4
डालें	11
डालेंगे	2
डालेगा	13
डालेगी	1
डालो	4
डिज़ाइन	1
डिब्बे	1
डींगें	1
डुबो	5
डुबोया	3
डूब	7
डूबने	4
डूबे	1
डेढ़	1
डेरे	1
डोरी	1
ड्यूटी	5
ढंडोरा	1
ढकना	1
ढकने	1
ढल	4
ढलने	6
ढलान	3
ढा	15
ढाँक	1
ढाँके	2
ढाँचे	2
ढाँप	1
ढाँपने	1
ढाँपे	1
ढाल	2
ढीला	1
ढूँड	22
ढूँडता	2
ढूँडती	1
ढूँडते	10
ढूँडने	10
ढूँडा	2
ढूँडे	1
ढूँडें	1
ढूँडोगे	2
ढेर	5
तंग	13
तंगी	1
तआला	10
तआवुन	1
तक	578
तकते	2
तकने	1
तकलीफों	1
तक़दीस	1
तक़रीर	3
तक़वियत	15
तक़ाज़ा	20
तक़ाज़े	4
तक़ाज़ों	1
तक़्दीर	1
तक़्रीबन	41
तक़्सीम	23
तकिया	1
तक्मील	28
तक्लीफ़	16
तक्लीफ़दिह	3
तख़्त	63
तख़्त-ए-अदालत	1
तख़्तनशीन	3
तख़्तियाँ	1
तख़्तियों	2
तख़्ती	6
तख़्तों	4
तख़्लीक़	19
तग-ओ-दौ	1
तजरिबा	7
तजरिबे	2
तज़्लील	5
तजावुज़	1
तज्दीद	4
तड़पता	1
तड़पती	2
तड़पते	5
तद्दी	2
तद्फ़ीन	1
तन	1
तनाज़ुओं	2
तनाज़ो	1
तन्ज़न	1
तन्दुरुस्त	3
तन्हा	1
तपती	1
तपिश	2
तफ़रिक़ा	1
तफ़्तीश	6
तफ़्सीर	1
तफ़्सील	10
तब	43
तबादला	2
तबादला-ए-ख़याल	1
तबाह	42
तबाहशुदा	1
तबाही	4
तबाही-ओ-बर्बादी	1
तबीअत	1
तबीता	4
तब्दीली	6
तब्लीग़	2
तब्लीग़ी	1
तमन्ना	1
तमर	1
तमाम	333
तमाशा	3
तमाशागाह	2
तम्जीद	47
तम्जीद-ओ-तारीफ़	1
तम्सील	29
तम्सीलें	5
तम्सीलों	14
तय्यार	112
तय्यारशुदा	1
तय्यारियाँ	8
तय्यारी	6
तर	2
तर-ओ-ताज़ा	4
तरक़्क़ी	14
तरकारी	1
तरदीद	2
तरफ़	261
तरफ़दार	1
तरस	13
तरह	588
तराज़ू	1
तराशी	3
तरीक़ा	1
तरीक़े	8
तरीक़ों	1
तरीके	1
तर्क	10
तर्ज़	1
तर्जीह	1
तर्जुमा	8
तर्तीब	6
तर्बियत	28
तर्सुस	5
तलब	4
तलाकशुदा	2
तलाक़	12
तलाक़नामा	3
तलाश	37
तलिथा	1
तले	19
तल्ख़मिज़ाजी	1
तल्ख़ी	1
तल्वार	30
तल्वारें	4
तल्वारों	3
तवक़्क़ो	13
तवक़्क़ोआत	1
तवज्जुह	7
तवानाई	2
तवील	1
तशद्दुद	3
तश्कील	4
तश्बीह	2
तश्रीफ़	1
तश्रीह	5
तसल्ली	31
तसव्वुर	1
तस्दीक़	42
तस्मे	4
तस्लीम	10
तह	2
तहत	22
तहम्मुल	1
तहरीक	5
तहरीफ़	1
तहवार	1
तहारत	6
तह्क़ीक़	1
तह्क़ीर	2
ताँबे	3
ताक	2
ताक़त	22
ताक़तवर	15
ताक़तवरों	2
ताक़तें	3
ताक़्क़ुब	1
ताकि	409
ताकीद	9
ताख़ीर	1
ताज	23
ताज़गी	1
ताज़ा	14
ताज़ीम	5
ताज़ीम-ओ-तारीफ़	1
ताजिर	1
ताजों	1
ताज्जुब	10
तादाद	27
तादीब	1
ताप	4
तापने	1
ताबूत	1
ताबे	65
ताबेफ़रमान	1
तामीर	41
तामीर-ओ-तक़वियत	1
तामीर-ओ-तरक़्क़ी	9
तामीरी	1
तारह	1
तारी	7
तारीक	9
तारीकतरीन	1
तारीकी	35
तारीखें	1
तारीफ़	14
तारीफ़ी	1
ताला	3
तालिब	4
तालीम	137
तालीमात	7
ताले	2
ताल्लुक़	33
ताल्लुक़ात	5
तावीज़	1
ताहम	10
तिजारत	2
तिजारती	1
तितुस	14
तित्तर-बित्तर	5
तिनका	4
तिनके	2
तिबरियास	3
तिबरियुस	1
तिमाई	1
तिर्तियुस	1
तिर्तुल्लुस	2
तिलावत	8
तीन	89
तीन-सराय	1
तीनों	6
तीमुथियुस	28
तीमोन	1
तीर	1
तीस	5
तीसरा	17
तीसरी	13
तीसरे	31
तुख़िकुस	5
तुझ	57
तुझे	153
तुड़वा	1
तुम	1005
तुम्हारा	51
तुम्हारी	59
तुम्हारे	159
तुम्हें	80
तुरन्नुस	1
तुरम	15
तुरमों	1
तुला	1
तुलू	5
तुहमत	10
तुह्फ़ा	1
तुह्फ़े	3
तुह्फ़ों	1
तू	339
तूँ	1
तूफ़ान	5
तूफ़ानी	1
तूमार	14
तेज़	21
तेज़रफ़्तार	1
तेज़ी	3
तेरा	65
तेरी	89
तेरे	134
तेल	14
तै	1
तैर	2
तैश	10
तो	1780
तोड़	21
तोड़-मरोड़	3
तोड़ते	6
तोड़ने	10
तोड़ा	1
तोड़ी	4
तोड़ीं	1
तोड़े	2
तोड़ेगा	1
तोमा	12
तोल	1
तौफ़ीक़	6
तौबा	55
तौर	79
तौर-तरीक़ों	2
तौरेत	7
तौलिया	2
त्रख़ोनीतिस	1
त्रुफ़िमुस	3
त्रूफ़ेना	1
त्रूफ़ोसा	1
त्रोआस	6
थक	7
थकता	1
थकते	2
थका	1
थकेमान्दे	1
थकेहारे	1
थप्पड़	9
थम	4
थरथराते	2
थरथराने	1
था	1418
थान	1
थाम	1
थामे	14
थियुफ़िलुस	2
थियूदास	1
थिस्सलुनीकियों	2
थिस्सलुनीके	7
थी	372
थीं	92
थुआतीरा	4
थूक	3
थूकते	2
थूकने	2
थूकेंगे	2
थे	611
थोड़ा	9
थोड़ी	27
थोड़े	11
दंग	3
दख़ल	3
दग़ाबाज़	1
दग़ाबाज़ियों	1
दफ़न	9
दफ़नाने	3
दफ़नाया	8
दफ़ा	36
दब	1
दबा	7
दबाए	2
दबाओ	4
दबाती	1
दबाते	2
दबाने	2
दबाया	1
दबी	1
दबे	5
दम	4
दम-ब-ख़ुद	1
दमकते	3
दमकने	1
दमरिस	1
दमिश्क़	16
दरअसल	2
दरकार	7
दरख़्त	54
दरख़्तों	9
दरख़्वास्त	18
दरख़्वास्तें	2
दरपै	4
दरबान	1
दरबारियों	2
दरबारी	3
दरया	7
दरया-ए-	2
दरया-ए-यर्दन	12
दरयाओं	3
दरयाफ़्त	5
दरवाज़ा	25
दरवाज़े	33
दरवाज़ों	11
दरहक़ीक़त	5
दरान्ती	8
दरिन्दों	1
दरीचा	1
दरेग़	1
दर्ज	20
दर्जा	2
दर्जे	1
दर्द	7
दर्द-ए-ज़ह	3
दर्मियान	95
दर्मियानी	8
दलाइल	2
दलीलों	1
दल्मतिया	1
दल्मनूता	1
दस	22
दसवाँ	11
दसवीं	1
दस्तक	1
दस्तकारों	3
दस्तख़त	1
दस्तयाब	2
दस्तरख़्वान	1
दस्ता	1
दस्तूर	3
दस्ते	2
दस्तों	2
दहना	7
दहनी	1
दहने	35
दहलीज़	1
दहाना	1
दह्शत	7
दह्शतगरदों	1
दह्शतज़दा	4
दाँत	12
दाँतों	1
दाइमी	2
दाइरा-ए-इख़तियार	1
दाइरे	1
दाईं	1
दाऊद	55
दाएँ	8
दाख़िल	131
दाग़	4
दादा-दादी	1
दादी-अम्माँ	1
दाना	9
दानाई	16
दानाओं	4
दानिश	1
दानिशमन्द	8
दानिशमन्दाना	1
दानिशमन्दों	4
दानिस्त	3
दाने	26
दान्याल	1
दामन	4
दारचीनी	1
दारोग़ा	1
दारोग़े	5
दावत	19
दावा	24
दिए	68
दिकपुलिस	3
दिखा	14
दिखाई	13
दिखाऊँ	1
दिखाऊँगा	3
दिखाए	17
दिखाएँ	6
दिखाएँगे	3
दिखाएगा	6
दिखाओ	3
दिखाता	8
दिखाती	1
दिखाते	3
दिखाना	1
दिखाने	5
दिखाया	12
दिखावे	6
दिन	410
दिनों	64
दिफ़ा	16
दिफ़ाई	1
दिया	1096
दियानतदार	2
दियानतदारी	3
दियुत्रिफ़ेस	1
दियोनीसियुस	1
दिर्बे	5
दिल	106
दिलकश	2
दिलचस्पी	1
दिलवा	2
दिलसोज़ी	1
दिला	7
दिलाई	5
दिलाऊँगा	3
दिलाएँ	1
दिलाएगा	3
दिलाता	6
दिलाती	1
दिलाते	1
दिलाना	3
दिलाने	7
दिली	5
दिलेर	1
दिलेरी	19
दिलों	46
दिहाड़ी	1
दी	271
दीं	22
दीगर	30
दीगरे	4
दीजिए	2
दीनदार	3
दीनदारी	3
दीनी	4
दीवान-ए-आम	1
दीवानगी	1
दीवाना	4
दीवार	2
दीहात	8
दीहातों	7
दुआ	173
दुआ-ए-ख़ैर	1
दुआइया	1
दुआएँ	5
दुआओं	15
दुकान	1
दुख	73
दुखों	5
दुगना	3
दुगनी	2
दुनिया	267
दुनियावी	23
दुबारा	112
दुम	3
दुमें	1
दुमों	1
दुरुस्त	12
दुल्हन	7
दुल्हन-दूल्हे	1
दुश्मन	55
दुश्मनी	16
दुश्मनों	17
दुश्वारी	1
दुहराते	1
दुहराने	1
दूँ	30
दूँगा	63
दूँगी	1
दूध	10
दूर	60
दूरअन्देशी	1
दूरदराज़	6
दूल्हा	10
दूल्हे	5
दूसरा	29
दूसरी	37
दूसरे	205
दूसरों	75
दे	352
दें	131
देंगी	2
देंगे	31
देख	228
देख-भाल	9
देखता	13
देखती	6
देखते	40
देखना	4
देखनी	1
देखने	35
देखा	219
देखी	19
देखीं	3
देखूँ	1
देखे	13
देखें	36
देखेंगी	1
देखेंगे	19
देखेगा	11
देखेगी	2
देखो	47
देखोगे	23
देगा	111
देगी	10
देता	184
देती	35
देते	82
देना	83
देनी	2
देने	157
देमास	3
देमेत्रियुस	3
देर	89
देवता	11
देवताओं	3
देवी	7
दो	202
दोगे	5
दोचार	5
दोदिला	1
दोदिलो	1
दोधारी	3
दोनों	73
दोपट्टा	2
दोपहर	13
दोस्त	29
दोस्ती	3
दोस्तों	7
दौड़	21
दौड़ता	1
दौड़ते	3
दौड़ा	6
दौड़ी	2
दौड़े	1
दौड़ें	1
दौर	3
दौरान	33
दौरानिया	4
दौरे	2
दौलत	30
दौलतमन्द	18
दौलतमन्दो	1
दौलतमन्दों	2
द्रूसिल्ला	2
धँस	2
धंसी	1
धकेल	1
धकेले	1
धक्के	1
धक्कों	1
धड़ाम	1
धब्बे	2
धमकाने	1
धमकियाँ	2
धमकियों	2
धमकी	2
धागे	1
धार	3
धारे	1
धीमा	1
धीमी	2
धुआँ	8
धुएँ	5
धुत	2
धुन्द	1
धुन्दला	1
धुल	1
धूप	3
धूमधाम	1
धो	8
धोऊँ	1
धोए	7
धोएँ	1
धोका	10
धोके	4
धोकेबाज़	4
धोकेबाज़ी	2
धोते	1
धोना	1
धोने	5
धोबी	1
धोया	4
ध्यान	28
न	1333
नंगा	7
नंगापन	1
नंगी	2
नंगे	5
नंगेपन	2
नई	19
नए	31
नक़ब	4
नक़ल	1
नक़ली	4
नक़्श	1
नक़्श-ए-क़दम	4
नख़रे	1
नग़मासराई	1
नज़र	119
नज़रअन्दाज़	15
नज़राने	4
नज़रें	2
नज़रों	2
नज़्दीक	37
नज़्म-ओ-ज़ब्त	2
नजात	112
नजातदिहन्दा	24
नजातबख़्श	2
नजातयाफ़्ता	1
नजासत	1
नजिस	1
नतन-एल	4
नतनएल	2
नतीजा	8
नतीजे	46
नफ़रत	28
नफ़ा	4
नफ़ीस	3
नफ़्ताली	3
नफ़्स	1
नबिया	2
नबियो	1
नबियों	63
नबी	111
नमक	6
नमकहराम	1
नमकीन	6
नमाज़	1
नमी	1
नमूना	9
नमूने	16
नम्बर	5
नया	26
नयापुलिस	1
नरकिस्सुस	1
नरसिंगे	1
नर्म	3
नर्मदिल	7
नर्मदिली	8
नर्ममिज़ाजी	1
नर्मी	2
नवम्बर	1
नवाज़	2
नवाज़ा	5
नवाज़ूँगा	1
नवाज़े	1
नवाब	1
नविश्ता	1
नविश्ते	1
नविश्तों	9
नव्वीं	1
नशा	2
नशाबाज़ी	3
नशे	4
नसब	1
नसबनामा	3
नसबनामे	1
नसबनामों	1
नसल	36
नसल-दर-नसल	1
नसलें	4
नसलों	2
नसीहत	14
नसों	1
नस्ल	1
नहरें	1
नहा	5
नहाते	1
नहाने	1
नहीं	1876
नहूर	1
नह्सोन	3
नाइत्तिफ़ाक़ी	2
नाइन	1
नाइन्साफ़	1
नाइन्साफ़ी	6
नाक़ाबिल-ए-इन्कार	1
नाक़ाबिल-ए-इस्तेमाल	1
नाक़ाबिल-ए-बयान	5
नाक़ाबिल-ए-यक़ीन	2
नाकाम	4
नाके	3
नाख़ुदा	2
नागवार	1
नाच-रंग	1
नाचना	1
नाचने	2
नाची	1
नाचे	2
नाचो	1
नाज़िल	24
नाजाइज़	8
नातन	1
नाता	1
नाते	5
नादान	1
नादानिस्ता	2
नादानो	2
नादानों	1
नादिम	1
नाना-नानी	1
नानी	1
नाप	2
नापते	2
नापा	1
नापाक	44
नापाकी	5
नापे	1
नाफ़रमान	12
नाफ़रमानी	7
नाम	261
नाम-निहाद	5
नामक़्बूल	4
नामख़्तून	8
नामख़्तूनी	1
नामख़्तूनों	1
नामज़द	1
नामवर	2
नामान	1
नामालूम	1
नामी	6
नामुकम्मल	1
नामुनासिब	2
नामुम्किन	10
नामों	2
नारवा	1
नारा	1
नाराज़	12
नारास्त	6
नारास्ती	12
नारास्तों	2
नारे	5
नालाइक़	2
नावाक़िफ़	7
नाशता	1
नाशते	1
नाशुकरे	1
नाशुक्रों	1
नासमझ	10
नासरत	21
नासरी	15
नासूर	2
नाहमवार	1
नाहूम	1
निकल	147
निकलता	8
निकलती	13
निकलते	10
निकलना	3
निकलने	13
निकला	36
निकली	11
निकलीं	2
निकलूँगा	1
निकले	23
निकलें	10
निकलेंगी	1
निकलेंगे	1
निकलेगा	2
निकलेगी	1
निकलो	1
निक़ाब	7
निकाल	72
निकालता	12
निकालते	6
निकालना	2
निकालने	14
निकाला	5
निकाली	5
निकालीं	1
निकाले	3
निकालें	2
निकालो	1
निकालोगे	2
निगरान	6
निगरानी	2
निगरानों	2
निगल	3
निगहबानी	1
निगाह	3
निचला	1
निज़ाम	14
निपट	2
निपटना	2
निपटने	1
निपटा	1
निभाएँगे	1
निभाने	1
निशान	81
निशाना	2
निशाने	1
निशानों	6
निशेब	1
निस्बत	46
निस्बतन	1
निहायत	37
नींद	9
नीकलाओस	1
नीकानोर	1
नीकुदेमुस	6
नीकुपुलिस	1
नीकुलाउस	1
नीकुलियों	2
नीच	1
नीचा	3
नीचे	30
नीज़	10
नीनवा	3
नीमगर्म	1
नीयत	6
नीले	2
नुक़्स	2
नुक़्सान	29
नुक़्सानदिह	1
नुबुव्वत	37
नुबुव्वतें	1
नुबुव्वतों	1
नुमाइन्दगी	3
नुमाइन्दे	2
नुमायाँ	2
नुम्फ़ास	1
नूर	31
नूरों	1
नूह	9
ने	4561
नेक	64
नेकनाम	1
नेकनामी	3
नेकी	7
नेकोकार	1
नेज़ाबाज़	1
नेज़े	1
नेमत	34
नेमतें	7
नेमतों	8
नेरियूस	1
नेरी	1
नेस्त	7
नेस्त-ओ-नाबूद	1
नोगा	1
नोहा	2
नौ	5
नौआबादी	1
नौकर	55
नौकरानियों	1
नौकरानी	6
नौकरों	24
नौजवान	9
नौजवानों	1
नौबत	9
नौमुरीद	4
नौमौलूद	1
पंद्रह	1
पंद्रहवाँ	1
पक	8
पकड़	39
पकड़ता	2
पकड़ते	3
पकड़ने	8
पकड़ा	10
पकड़ाई	1
पकड़ी	3
पकड़े	10
पकड़ें	3
पकड़ेगा	1
पकने	1
पक्की	1
पचास	6
पच्चीकारी	1
पछता	1
पछताएगा	1
पछताता	1
पछताने	1
पछताया	1
पटक	3
पटका	3
पटकेंगे	1
पटख़	1
पट्टियाँ	3
पट्टियों	3
पट्टी	2
पट्ठों	1
पड़	39
पड़ता	13
पड़ताल	1
पड़ती	3
पड़ते	2
पड़ने	5
पड़ा	69
पड़ी	22
पड़ूँगा	1
पड़े	41
पड़ें	1
पड़ेंगी	1
पड़ेंगे	7
पड़ेगा	16
पड़ेगी	4
पड़ो	5
पड़ोसी	14
पडीं	1
पढ़	9
पढ़ता	1
पढ़ते	1
पढ़ने	2
पढ़ा	11
पढ़ी	2
पढ़ें	1
पढ़ेंगे	1
पतरा	2
पतवार	2
पता	46
पतुलिमयिस	1
पत्ते	7
पत्थर	63
पत्थरों	5
पत्मुस	1
पत्रस	198
पत्रोबास	1
पथरीली	6
पनाह	5
पन्तिकुस्त	1
पम्फ़ीलिया	5
पयादे	1
पर	2161
परख	8
परखता	2
परखने	1
परखा	1
परखी	1
परखे	1
परखें	2
परचार	4
परदेसियों	2
परदेसी	1
परली	2
परसों	1
परस्तार	6
परस्तारों	1
परस्तिश	16
परिन्दे	9
परिन्दों	9
परेशान	15
परेशानियाँ	4
परेशानियों	2
परेशानी	3
परों	3
पर्दा	6
पर्दे	2
पर्मिनास	1
पर्वरिश	6
पर्वा	9
पर्वान	4
पर्सिस	1
पर्हेज़	7
पल	1
पलटन	5
पस	4
पस-ए-पर्दा	1
पसन्द	55
पसन्दीदा	5
पसीना	1
पस्त	7
पस्तहाल	3
पस्ती	1
पहचान	29
पहचानती	1
पहचानतीं	1
पहचाना	12
पहन	25
पहनता	1
पहनते	2
पहनने	3
पहना	4
पहनाए	5
पहनाओ	1
पहनाता	2
पहनाने	2
पहनाया	4
पहनूँ	2
पहने	24
पहनें	1
पहनो	1
पहरा	1
पहरादारी	11
पहरे	1
पहरेदार	8
पहरेदारों	16
पहला	38
पहली	14
पहलू	5
पहले	283
पहलौठा	3
पहलौठे	3
पहलौठों	1
पहाड़	55
पहाड़नुमा	1
पहाड़ियों	1
पहाड़ी	14
पहाड़ों	4
पहुँच	130
पहुँचता	4
पहुँचती	2
पहुँचते	2
पहुँचना	3
पहुँचने	10
पहुँचा	60
पहुँचाई	11
पहुँचाऊँ	2
पहुँचाए	8
पहुँचाएँ	5
पहुँचाएगा	6
पहुँचाएगी	1
पहुँचाओ	1
पहुँचाता	1
पहुँचाती	1
पहुँचाते	1
पहुँचाना	8
पहुँचाने	10
पहुँचाया	17
पहुँची	7
पहुँचीं	3
पहुँचूँगा	5
पहुँचे	64
पहुँचें	4
पहुँचेंगी	3
पहुँचेंगे	2
पहुँचेगा	9
पहुँचेगी	1
पा	37
पाँओ	94
पाँच	33
पाँचवीं	2
पाँचवें	2
पाई	22
पाऊँ	2
पाए	16
पाएँ	24
पाएँगी	4
पाएँगे	18
पाएगा	13
पाएगी	2
पाओ	1
पाओगे	7
पाक	31
पाक-साफ़	48
पाकदामन	1
पाकीज़गी	5
पाट	4
पाता	9
पाताल	10
पाती	2
पाते	15
पाना	3
पानियों	1
पानी	105
पाने	28
पाफ़ुस	2
पाबन्द	1
पाबन्दियाँ	2
पाया	33
पाया-ए-तक्मील	1
पार	30
पार्टियाँ	2
पार्टियों	1
पार्टी	7
पार्टीबाज़	1
पार्टीबाज़ी	5
पार्थिया	1
पाल	1
पालता	1
पाला	3
पालें	1
पास	646
पिए	6
पिएँ	5
पिएँगे	2
पिएगा	1
पिघल	2
पिछला	2
पिछली	2
पिछले	5
पिटाई	11
पित	1
पिया	5
पियार	58
पियारा	13
पियारी	3
पियारे	22
पियारो	1
पियाला	29
पियाले	13
पियालों	1
पियास	9
पियासा	9
पियूँ	2
पियूँगा	6
पियो	4
पियोगे	4
पिर्गमुन	2
पिर्गा	2
पिला	6
पिलाई	1
पिलाऊँगा	1
पिलाए	3
पिलाता	1
पिलाती	3
पिलाने	3
पिलाया	7
पिसता	1
पिसिदिया	4
पिसे	1
पी	13
पीछा	1
पीछे	165
पीट	8
पीटने	4
पीटा	1
पीतल	4
पीता	3
पीते	3
पीना	1
पीने	13
पीला	1
पीलातुस	63
पीले	1
पीस	4
पीसते	7
पीसने	2
पुकार	26
पुकारता	6
पुकारते	3
पुकारा	2
पुखराज	1
पुख़्तगी	2
पुख़्ता	6
पुजारी	1
पुतियोली	1
पुन्तियुस	3
पुन्तुस	3
पुब्लियुस	1
पुरअस्रार	2
पुरउम्मीद	1
पुरकियुस	1
पुरख़ुलूस	1
पुरजलाल	2
पुरजोश	1
पुरफ़ज़्ल	1
पुरवक़ार	2
पुराना	5
पुरानी	35
पुराने	21
पुरुस	1
पुलिस	3
पुश्त-दर-पुश्त	2
पूछ	7
पूछगिछ	10
पूछता	2
पूछते	3
पूछने	20
पूछा	190
पूछूँ	1
पूछे	4
पूछें	1
पूछेंगे	2
पूछेगा	3
पूछोगे	1
पूजा	10
पूदेन्स	1
पूरा	105
पूरी	226
पूरे	106
पेचिश	1
पेट	9
पेटी	2
पेटू	3
पेश	144
पेश-ए-नज़र	14
पेशकरदा	1
पेशकश	1
पेशगोइयाँ	6
पेशगोइयों	4
पेशगोई	37
पेशतर	15
पेशा	2
पेशानियों	1
पैग़म्बर	10
पैग़म्बरों	2
पैग़ाम	65
पैग़ामात	1
पैदल	4
पैदा	141
पैदाइश	11
पैदाइशी	4
पैदावार	5
पैमाइश	5
पैमाना	1
पैमाने	6
पैरवी	37
पैरोकार	24
पैरोकारों	6
पैवन्द	2
पैवन्दकारी	1
पैवस्त	6
पैसा	1
पैसे	48
पैसों	12
पोंछ	6
पोते-नवासे	1
पोल	1
पोल्लुक्स	1
पोशाक	2
पोशीदगी	7
पोशीदा	23
पौ	5
पौदा	5
पौदीना	1
पौदीने	1
पौदे	12
पौदों	14
पौलुस	221
प्रिस्किल्ला	7
प्रुख़ुरुस	1
प्रैटोरियुम	4
फंदा	1
फंदे	4
फंदों	1
फंस	9
फंसने	2
फंसा	8
फंसाऊँगा	1
फंसाएगा	1
फंसाता	1
फंसाना	3
फंसाने	5
फंसाया	1
फंसी	1
फंसे	7
फट	11
फटकने	1
फटते	2
फटने	3
फटा	1
फटी	2
फल	78
फलने	7
फलाँग	1
फलियों	1
फ़क़त	4
फ़ख़र	64
फ़ज़्ल	130
फ़त्वा	6
फ़त्ह	10
फ़नूएल	1
फ़य्याज़दिल	1
फ़य्याज़दिली	1
फ़य्याज़ी	7
फ़रमा	1
फ़रमाँबरदार	4
फ़रमाँबरदारी	7
फ़रमाँबर्दारों	1
फ़रमाई	3
फ़रमाएँ	2
फ़रमाता	51
फ़रमाती	5
फ़रमान	18
फ़रमाया	38
फ़राइज़	7
फ़राज़	1
फ़रार	4
फ़राहम	2
फ़रिश्ता	38
फ़रिश्ता-ए-आज़म	1
फ़रिश्ते	106
फ़रिश्तों	60
फ़रीसियो	10
फ़रीसियों	38
फ़रीसी	49
फ़रूगिया	3
फ़रेब	24
फ़रेबदिह	1
फ़रोख़्त	11
फ़रोग़	1
फ़रोतनी	4
फ़रोतनों	2
फ़र्क़	36
फ़र्ज़	43
फ़र्ज़न्द	194
फ़र्ज़न्दो	1
फ़र्ज़न्दों	5
फ़र्ज़ी	5
फ़र्द	6
फ़र्श	4
फ़लज	1
फ़लिगोन	1
फ़ल्सफ़ियाना	2
फ़ल्सफ़ी	1
फ़सल	55
फ़सलें	4
फ़सह	30
फ़साद	5
फ़सादी	1
फ़सील	7
फ़सीह	1
फ़हरिस्त	2
फ़ाइदा	40
फ़ाइदामन्द	1
फ़ाइदे	9
फ़ातिह	1
फ़ानी	17
फ़ारस	3
फ़ारिग़	11
फ़ालिजज़दा	1
फ़ाल्तू	1
फ़ासिला	1
फ़ासिले	11
फ़ाहिशा	4
फ़िक़्रों	4
फ़िक्र	26
फ़िक्रमन्द	5
फ़िक्रमन्दी	3
फ़ितनों	1
फ़ित्रत	32
फ़ित्रती	8
फ़ित्री	6
फ़िदिए	1
फ़िद्या	13
फ़िरऔन	6
फ़िरो	1
फ़िर्क़े	10
फ़िर्दौस	3
फ़िलदिल्फ़िया	2
फ़िलहक़ीक़त	1
फ़िलहाल	5
फ़िलिप्पी	5
फ़िलिप्पुस	38
फ़िलुलुगुस	1
फ़िलेतुस	1
फ़िलेमोन	1
फ़ीबे	1
फ़ुज़ूल	2
फ़ुट	3
फ़ुरात	2
फ़ुर्तूनातुस	1
फ़ुर्सत	1
फ़ुलाँ	3
फ़ूगिलुस	1
फ़ेनिक्स	2
फ़ेनीके	3
फ़ेल	1
फ़ेस्तुस	14
फ़ैसल	1
फ़ैसला	62
फ़ैसले	5
फ़ैसलों	1
फ़ौज	2
फ़ौजियों	33
फ़ौजी	18
फ़ौजें	1
फ़ौजों	2
फ़ौत	15
फ़ौरन	44
फाँसी	3
फाड़	6
फाड़ते	1
फिर	820
फिरता	9
फिरती	2
फिरते	12
फिरना	4
फिरने	7
फिरूँ	1
फिरूँगा	1
फिरे	1
फिरें	3
फिरेंगे	1
फिरेगा	1
फिरो	1
फुन्दने	1
फुरती	1
फूँक	10
फूट	19
फूल	11
फूलती	1
फूलने	8
फूला	1
फूले	4
फूलों	1
फेर	5
फेलिक्स	9
फैंक	28
फैंकना	1
फैंकने	2
फैंका	17
फैंकूँगा	1
फैंके	1
फैल	23
फैलता	2
फैलती	2
फैलाई	3
फैलाए	1
फैलाएँगे	1
फैलाओ	1
फैलाता	2
फैलाते	1
फैलाने	7
फैली	1
फोड़	2
फोड़े	1
फोड़ों	1
ब-हर-हाल	1
बंध	1
बंधन	14
बंधा	5
बंधी	2
बंधे	8
बंधेगा	2
बओर	1
बक	5
बकता	1
बकते	7
बकने	13
बकवास	2
बकवासी	1
बक़ा	3
बका	8
बके	2
बकें	3
बकेंगे	1
बक्रा	1
बक्रियों	2
बक्री	1
बक्रों	1
बक्स	2
बख़ूर	8
बख़ूरदान	2
बख़्श	3
बख़्शता	4
बख़्शा	11
बख़्शिश	4
बख़्शी	3
बख़्शे	8
बख़्शें	2
बख़्शेगा	1
बग़ावत	6
बग़ैर	58
बच	25
बचता	2
बचना	1
बचने	10
बचपन	2
बचा	32
बचाए	16
बचाएँ	2
बचाएगा	7
बचाएगी	1
बचाओ	2
बचाओ-कशती	1
बचाओ-कश्ती	1
बचाना	3
बचाने	5
बचाया	10
बची	1
बचे	16
बचेंगे	6
बच्चा	20
बच्चे	80
बच्चो	19
बच्चों	58
बछड़ा	3
बछड़े	1
बछड़ों	3
बज	5
बजते	1
बजने	1
बज़ात-ए-ख़ुद	1
बज़ाहिर	3
बजा	3
बजाई	2
बजाने	4
बजाय	45
बजाया	1
बजे	21
बजेगा	1
बट	4
बटवा	2
बटवे	2
बड़ा	111
बड़ी	128
बड़े	86
बड़ों	1
बढ़	36
बढ़ई	2
बढ़ता	6
बढ़ती	11
बढ़ते	20
बढ़ना	1
बढ़ने	4
बढ़ा	9
बढ़ाएगा	1
बढ़ाता	3
बढ़ाने	1
बढ़े	1
बढ़ें	1
बढ़ेंगे	1
बढ़ेगा	2
बता	66
बताई	11
बताईं	1
बताऊँ	4
बताए	5
बताएँ	24
बताएँगे	1
बताएगा	2
बताओ	14
बताओगे	1
बताता	156
बताती	3
बताते	2
बताना	12
बताने	10
बताया	95
बत्ती	1
बदकार	2
बदकारी	2
बदकारो	2
बदगुमानी	1
बदगोई	1
बदचलन	1
बदज़बान	1
बदतमीज़ी	1
बदतर	4
बदतरीन	1
बददियानती	1
बदन	74
बदनाम	3
बदनामी	2
बदनों	7
बदबख़्त	1
बदबू	1
बदमस्तों	1
बदरुह	41
बदरुह-गिरिफ़्ता	7
बदरुहें	27
बदरूहों	31
बदल	26
बदलते	2
बदलने	2
बदला	15
बदले	8
बदलेगा	1
बदलेगी	1
बदलो	1
बदसुलूकी	8
बदियों	1
बदी	4
बदेर	1
बदौलत	4
बन	127
बनता	8
बनती	4
बनते	2
बनना	7
बनने	10
बनवा	1
बनवाओ	1
बनवाता	1
बना	94
बनाई	4
बनाऊँ	1
बनाऊँगा	4
बनाए	8
बनाएँ	3
बनाएँगे	1
बनाएगा	2
बनाओ	4
बनाओगे	1
बनाता	3
बनाती	1
बनाते	1
बनाना	3
बनाने	12
बनाम	28
बनाया	29
बनी	1
बनूँ	3
बनूँगा	3
बने	19
बनें	15
बनेगा	8
बनो	3
बन्द	24
बन्द-ओ-बस्त	2
बन्दरगाह	2
बन्दरगाहों	1
बन्दा	6
बन्दे	5
बपतिस्मा	97
बपतिस्मे	5
बयान	46
बयानकरदा	1
बयानशुदा	2
बर-अब्बा	12
बरअक्स	12
बरईसा	2
बरक़	1
बरक़रार	2
बरकात	2
बरकियाह	1
बरतना	2
बरतर	1
बरताओ	1
बरतिमाई	2
बरतुल्माई	4
बरपा	7
बरस	1
बरसते	1
बरसने	1
बरसाई	1
बरादराना	3
बराबर	14
बराम्दा	1
बराम्दे	4
बराम्दों	1
बराह-ए-करम	1
बरी	2
बर्कत	39
बर्कतें	1
बर्कतों	2
बर्ख़ास्त	3
बर्गश्तगी	1
बर्गश्ता	11
बर्तन	15
बर्तनों	3
बर्दाश्त	48
बर्नबास	41
बर्फ़	2
बर्बाद	1
बर्सब्बा	2
बल	12
बलआम	5
बलक़	1
बलदिया	1
बला	2
बलाएँ	5
बलाओं	5
बलूग़त	3
बल्कि	557
बशमूल	1
बशर्तीकि	4
बस	20
बसता	10
बसती	1
बसने	3
बसर	1
बसा	3
बसारत	2
बसीरत	1
बसेरा	2
बस्तियों	2
बस्ती	1
बह	4
बहका	2
बहकाएगा	1
बहकाता	1
बहकाया	5
बहता	2
बहती	1
बहन	14
बहन-भाइयों	1
बहना	2
बहने	3
बहनें	6
बहनों	7
बहर-ए-क़ुल्ज़ुम	2
बहरा	1
बहरी	5
बहरे	2
बहरों	1
बहलाने	2
बहा	9
बहाए	2
बहाना	7
बहाने	3
बहाया	3
बहार	1
बहाल	32
बहाली	1
बहीरा-ए-अद्रिया	1
बहुत	251
बहुतेरे	5
बहुतेरों	1
बहुतों	18
बहू	3
बहे	1
बह्स	25
बह्स-मुबाहसा	14
बह्सों	2
बाँग	13
बाँझ	2
बाँट	6
बाँटना	1
बाँटने	1
बाँध	28
बाँधते	2
बाँधने	1
बाँधा	13
बाँधी	1
बाँधूँगा	3
बाँधे	5
बाँधेगा	1
बाँसरी	5
बाइज़्ज़त	1
बाइस	98
बाईं	1
बाएँ	10
बाक़ाइदगी	2
बाक़ियों	4
बाक़ी	65
बाक्सिंग	1
बाग़	33
बाग़ियाना	1
बाग़ी	2
बाज़	95
बाज़पुर्स	1
बाज़ार	5
बाज़ारों	3
बाज़ू	1
बाज़ूओं	4
बाड़े	2
बाड़ों	1
बात	470
बातिन	3
बातिनी	3
बातिल	4
बातूनी	1
बातें	155
बातों	97
बाद	259
बाद-ए-शिमाल-मशरिक़ी	1
बादबान	1
बादबानी	1
बादल	26
बादलों	9
बादशाह	113
बादशाहियों	1
बादशाही	152
बादशाहों	22
बानी	2
बान्धोगे	1
बाप	402
बापदादा	50
बापों	2
बाबत	4
बाबल	12
बायाँ	1
बार	86
बारसूख	3
बारह	67
बारहवीं	1
बारिश	12
बारिशों	1
बारी	10
बारीक	5
बारे	251
बाल	15
बाल-ज़बूल	7
बाल-बच्चों	2
बालाख़ाने	3
बालिग़	9
बालिग़ों	1
बालें	4
बालों	10
बाल्टी	1
बावुजूद	16
बाशिन्दा	1
बाशिन्दे	11
बाशिन्दों	17
बासन	1
बाहम	1
बाहमी	1
बाहर	74
बिकता	2
बिकतीं	1
बिखर	6
बिखरी	1
बिखरे	3
बिखेर	3
बिखेरता	2
बिगड़	3
बिगड़ता	1
बिगड़ा	1
बिगल	5
बिगाड़	4
बिगाड़ने	1
बिगाड़ा	1
बिच्छू	3
बिछा	5
बिछूओं	2
बिजलियाँ	1
बिजली	9
बिठा	11
बिठाएगा	3
बिठाने	1
बिठाया	2
बिथुनिया	2
बिदअत	1
बिन	94
बिना	31
बिन्यमीन	4
बिरनीके	3
बिल	2
बिलकुल	39
बिलाख़ौफ़	2
बिलानाग़ा	2
बिलावजह	1
बिल्लौर	3
बिस्तर	12
बीका	2
बीच	11
बीज	36
बीजों	2
बीना	1
बीमार	19
बीमारियाँ	4
बीमारियों	5
बीमारी	9
बीमारों	2
बीवियाँ	2
बीवियो	2
बीवियों	5
बीवी	66
बीस	2
बुख़ार	8
बुज़दिल	1
बुज़दिलों	1
बुज़ुर्ग	31
बुज़ुर्गो	3
बुज़ुर्गों	41
बुझती	2
बुझती]	2
बुझने	5
बुझा	2
बुझाएँ	1
बुझाएगा	1
बुड़बुड़ा	2
बुड़बुड़ाए	2
बुड़बुड़ाएँ	1
बुड़बुड़ाओ	1
बुड़बुड़ाते	1
बुड़बुड़ाना	1
बुड़बुड़ाने	6
बुढ़ापे	1
बुत	7
बुतख़ाने	1
बुतपरस्त	4
बुतपरस्ती	5
बुतपरस्तों	2
बुतों	18
बुना	1
बुन्याद	27
बुन्यादी	9
बुन्यादें	2
बुन्यादों	1
बुरा	20
बुरा-भला	4
बुराइयाँ	1
बुराइयों	1
बुराई	17
बुरी	34
बुरे	18
बुर्ज	4
बुलन्द	6
बुलन्दियों	5
बुलन्दी	1
बुला	54
बुलाए	8
बुलाएगा	1
बुलाओ	1
बुलाता	5
बुलाने	5
बुलाया	60
बुलावे	4
बुह्तान	8
बू	1
बूँदों	1
बूढ़ा	3
बूढ़े	1
बेअक़ल	1
बेअमल	1
बेअसर	4
बेइज़्ज़त	1
बेइज़्ज़ती	20
बेइन्तिहा	2
बेइन्साफ़	6
बेइल्ज़ाम	19
बेईमान	2
बेईमानी	2
बेउसूल	2
बेएतिक़ाद	1
बेएतिक़ादी	3
बेऐब	1
बेऔलाद	11
बेक़रार	2
बेक़ाइदा	3
बेक़ुसूर	9
बेक़ुसूरों	1
बेकाबू	4
बेकार	9
बेख़मीरी	7
बेख़ुद	2
बेगाना	1
बेगुनाह	2
बेच	9
बेचने	3
बेचा	4
बेचैन	7
बेचैनी	1
बेज़ब्त	1
बेजा	1
बेजान	1
बेजोड़	1
बेटा	61
बेटियाँ	2
बेटियो	1
बेटी	28
बेटे	66
बेटे-बेटियाँ	3
बेटों	12
बेड़ा	1
बेड़ियों	2
बेतर्तीब	1
बेतर्तीबी	3
बेताब	1
बेतुकी	3
बेदाग़	8
बेदार	2
बेदिल	7
बेदीन	11
बेदीनी	13
बेदीनों	5
बेनिक़ाब	3
बेनुक़्स	1
बेपर्वाई	2
बेफल	3
बेफ़ाइदा	16
बेबस	1
बेबुन्याद	1
बेमक़्सद	2
बेमानी	6
बेरहम	1
बेरिया	7
बेल	5
बेलगाम	2
बेलचक	3
बेलौस	1
बेवक़्त	1
बेवफ़ा	4
बेवा	24
बेवाएँ	4
बेवाओं	11
बेवुक़ूफ़	5
बेवुक़ूफ़ी	7
बेशक	29
बेशक़ीमत	9
बेशतर	4
बेशुमार	15
बेसमझ	6
बेसमझों	1
बेहतर	49
बेहतरी	3
बेहतरीन	4
बेहद	1
बेहया	1
बेहिस्स	8
बेहुरमती	5
बेहुर्मत	1
बेहूदा	1
बैंक	2
बैआना	2
बैआने	1
बैग	6
बैठ	75
बैठना	2
बैठने	15
बैठा	36
बैठी	6
बैठे	41
बैठेंगे	1
बैठेगा	3
बैत-अनियाह	12
बैत-उल-मुक़द्दस	119
बैत-फ़गे	3
बैत-लहम	11
बैत-सैदा	7
बैत-हसदा	1
बैरून-ए-मुल्क	6
बैरूनी	1
बैल	6
बैल-बक्रों	2
बैलों	3
बो	5
बोअज़	4
बोए	2
बोझ	20
बोझल	2
बोता	4
बोते	4
बोने	9
बोया	14
बोरियाँ	1
बोल	36
बोलता	9
बोलते	9
बोलना	2
बोलने	51
बोला	15
बोली	3
बोलूँ	3
बोले	3
बोलें	5
बोलेंगे	1
बोलेगा	1
बोसा	13
बोसे	1
ब्याह-शादी	1
ब्लस्तुस	1
भई	3
भगा	2
भगाए	1
भटक	5
भटका	1
भटकाएँ	1
भटकाने	1
भटकी	3
भटके	1
भटों	2
भट्टी	2
भट्टे	2
भड़क	2
भड़कता	1
भड़कती	4
भड़कते	2
भड़काने	1
भद्दे	1
भर	46
भरते	3
भरना	1
भरने	4
भरपूर	3
भरा	9
भरी	4
भरे	11
भरोसा	12
भलाई	18
भस्म	11
भाँप	2
भाइयो	110
भाइयों	80
भाई	177
भाग	30
भागते	3
भागें	2
भानजे	2
भाप	1
भारी	4
भिजवा	1
भी	1573
भीक	9
भीड़	10
भुगतते	1
भुगतना	1
भुगतने	1
भुनी	2
भूक	14
भूका	9
भूकी	2
भूके	3
भूकों	1
भूत	3
भूत-प्रेत	1
भूल	8
भूलता	2
भूलना	5
भूलेगा	1
भूसा	1
भूसे	4
भेज	117
भेजता	1
भेजते	1
भेजने	7
भेजा	87
भेजी	6
भेजूँगा	5
भेजे	8
भेजें	2
भेजेंगे	1
भेजेगा	2
भेड़	10
भेड़-बक्रियों	1
भेड़िए	2
भेड़िया	2
भेड़ियों	2
भेड़ें	15
भेड़ों	25
भेद	17
भेदों	3
भेस	1
मंगनी	2
मंगवा	4
मंगेतर	4
मंडला	1
मंडी	2
मंढा	1
मक़ाम	26
मक़ामी	25
मक़्दिस	15
मक़्बूल	2
मक़्बूलियत	1
मक़्सद	50
मकान	24
मकानों	1
मकिदुनिया	24
मकिदुनी	2
मक्कार	1
मक्र	1
मक्रूह	2
मख़्तून	5
मख़्तूनों	1
मख़्लसी	4
मख़्लूक़	7
मख़्लूक़ात	7
मख़्सूस	17
मख़्सूस-ओ-मुक़द्दस	31
मख़्सूसशुदा	3
मख़्सूसियत	1
मगदन	1
मगर	28
मग़रिब	4
मग़रिबी	1
मग़रूर	8
मग़रूरों	2
मग़लूब	1
मग्दलीनी	12
मच	11
मचा	8
मचाई	1
मच्छर	1
मछलियाँ	12
मछलियों	14
मछली	8
मछेरे	1
मछेरों	1
मजरूह	1
मजलिस	5
मजलिस-ए-शूरा	2
मज़म्मत	1
मज़ा	2
मज़ाक़	22
मज़ामीन	1
मज़ार	3
मज़ीद	73
मज़े	2
मज़्कूर	2
मज़्कूरा	9
मज़्दूर	14
मज़्दूरी	11
मज़्दूरों	6
मज़्बूत	29
मज़्बूती	12
मज़्मून	2
मज़्लूम	1
मज़्हब	5
मज़्हबी	3
मजाज़न	2
मजिस्ट्रेटों	8
मजूसियों	1
मजूसी	3
मज्बूर	21
मज्बूरन	1
मज्बूरियों	1
मज्बूरी	1
मझे	1
मटके	1
मटकों	1
मत	84
मतरूक	2
मतलब	75
मतलूबा	2
मतुलेने	1
मतूसिलह	1
मत्तात	2
मत्तान	2
मत्तितियाह	3
मत्तियाह	2
मत्ती	7
मत्वाले	1
मदद	67
मददगार	9
मददगारों	1
मदहोश	1
मद्द-ए-नज़र	2
मद्हसराई	1
मन	2
मनस्सी	3
मना	23
मनाई	9
मनाएँ	9
मनाएँगे	4
मनाएगा	1
मनाओ	8
मनाता	3
मनाती	1
मनाते	6
मनाना	1
मनाने	8
मनासोन	2
मनाहेम	1
मन्ज़र	2
मन्ज़िल	4
मन्ज़िल-ए-मक़सूद	6
मन्ज़ूर	5
मन्ज़ूर-ए-नज़र	3
मन्दिर	4
मन्दिरों	3
मन्न	5
मन्नत	5
मन्फ़ी	1
मन्सूख़	20
मन्सूबा	10
मन्सूबाबन्दियों	1
मन्सूबे	2
मफ़ाद	1
मफ़्लूज	17
मफ़्लूजों	3
मब्नी	13
ममनून	1
ममालिक	5
मम्बा	3
मम्लकत	1
मर	78
मरता	5
मरते	10
मरना	6
मरने	19
मरम्मत	2
मरवा	1
मरा	3
मरियम	71
मरी	1
मरीज़	10
मरीज़ा	1
मरीज़ों	26
मरे	2
मरें	1
मरेगा	8
मर्कज़	2
मर्कज़ी	2
मर्क़ुस	11
मर्ज़	5
मर्ज़ी	88
मर्तबा	12
मर्तबान	1
मर्तबे	2
मर्था	17
मर्द	46
मर्द-ओ-ख़वातीन	3
मर्दानगी	1
मर्दुमशुमारी	3
मर्दो	8
मर्दों	14
मर्हम	1
मर्हले	1
मर्हूम	2
मल	2
मलऊन	2
मलकी	1
मलख़ुस	1
मलामत	6
मलिक-ए-सिद्क़	12
मलिका	4
मलिकी	1
मलें	1
मलेआह	1
मल्बूस	1
मल्लाह	2
मल्लाहों	5
मवाद	1
मवेशियों	1
मशअल	1
मशअलें	2
मशक़्क़त	1
मशरिक़	9
मशरूब	1
मश्कें	7
मश्कों	6
मश्वरा	9
मश्हूर	3
मसरूफ़	4
मसरूर	4
मसलन	12
मसला	1
मसह	9
मसाला	1
मसाले	3
मसीह	641
मसीह-ए-मस्लूब	1
मसीही	3
मसोपुतामिया	2
मस्त	3
मस्ती	2
मस्लूब	48
मस्लूबियत	1
महंगी	1
महंगे	1
महज़	5
महज़ूज़	1
महरूम	15
महल	9
महलल-एल	1
महलों	2
महारत	1
महीने	5
महीनों	4
मह्दूद	4
मह्फ़ूज़	41
मह्सूस	18
मा-तहत	8
माँ	82
माँ-बाप	15
माँग	7
माँगता	3
माँगती	1
माँगते	13
माँगने	7
माँगा	6
माँगी	6
माँगूँ	1
माँगे	6
माँगें	3
माँगेंगे	1
माँगेगी	2
माँगो	3
माँगोगे	4
माअत	1
माइल	4
माएँ	2
माक़ूल	2
माजरा	1
माजरे	1
माज़रत	4
माज़ी	15
माज़ूर	3
माजूज	1
मातम	19
माथा	1
माथे	4
माथों	5
मादरी	3
मादिया	1
मान	12
मानता	7
मानती	5
मानते	13
मानना	2
मानने	4
माना	3
मानिन्द	85
मानी	5
माने	5
मानें	11
मानेगा	1
मानो	4
मानोगे	1
माबूद	1
माबैन	1
मामूर	21
मामूरी	6
मामूल	5
मामूली	2
मायूस	3
मायूसी	1
मार	60
मारता	4
मारती	1
मारते	6
मारना	2
मारने	10
मारा	12
मारिफ़त	40
मारी	6
मारूँगा	1
मारे	20
मारें	3
मारेंगे	2
मारेगा	1
माल	12
माल-ओ-अस्बाब	4
माल-ओ-दौलत	1
माल-ओ-मता	2
मालामाल	1
मालिक	97
मालिक-ए-मकान	1
मालिकन	2
मालिको	2
मालिकों	11
माली	11
मालूम	135
मालूमात	2
मासूम	1
माह	9
माहिर	5
माहीगीर	2
मिट	4
मिटने	2
मिटा	2
मिटाऊँगा	1
मिटाने	2
मिटाया	1
मिट्टी	12
मिन्नत	27
मिन्नाह	1
मियाँ-बीवी	1
मियान	5
मिर्गी	2
मिल	131
मिलता	13
मिलती	17
मिलना	6
मिलनी	1
मिलने	41
मिला	73
मिलाई	3
मिलाते	2
मिलाया	3
मिलावट	1
मिलिते	1
मिली	58
मिलीं	1
मिलूँ	1
मिलूँगा	2
मिले	30
मिलें	1
मिलेंगे	1
मिलेगा	34
मिलेगी	22
मिलों	1
मिल्कियत	17
मिल्ट्री	1
मिल्लत	2
मिशन	2
मिसाल	9
मिस्र	27
मिस्रियों	2
मिस्री	5
मीकाएल	2
मीटर	2
मीटिंग	2
मीठा	4
मीठी	1
मीठे	2
मीरास	31
मीलेतुस	3
मुँह	80
मुंडवा	2
मुंडवाना	1
मुंडी	1
मुअज़्ज़ज़	4
मुअल्लिम	1
मुअस्सिर	6
मुआ	4
मुआइना	6
मुआफ़	73
मुआफ़ी	13
मुआमला	5
मुआमलात	4
मुआमले	15
मुआमलों	1
मुआवज़ा	13
मुआवज़े	1
मुआविन	1
मुआहदा	1
मुआहदे	1
मुकम्मल	13
मुक़द्दमा	7
मुक़द्दमाबाज़ी	1
मुक़द्दस	83
मुक़द्दसतरीन	11
मुक़द्दसीन	53
मुक़द्दसो	1
मुक़द्दसों	5
मुक़र्रर	87
मुक़र्ररा	20
मुक़ाबला	10
मुक़ाबले	21
मुक़ाबिल	5
मुकाशफ़ा	5
मुकाशफ़े	2
मुक्के	5
मुख़लिस	1
मुख़ातिब	33
मुख़ालफ़त	21
मुख़ालिफ़	11
मुख़ालिफ़-ए-मसीह	5
मुख़ालिफ़ों	2
मुख़्तलिफ़	30
मुख़्तसर	7
मुजस्सम	3
मुजस्समा	3
मुजस्समे	8
मुज़ारे	5
मुज़ारेओं	14
मुज़्तरिब	3
मुजाहिद	4
मुज्रिम	70
मुज्रिमाना	1
मुज्रिमों	3
मुझ	185
मुझे	557
मुड़	21
मुड़ा	2
मुड़ी	1
मुतअद्दिद	2
मुतअय्यिन	4
मुतअस्सिर	4
मुतज़ाद	3
मुतनफ़्फ़िर	1
मुतवज्जिह	1
मुतवातिर	1
मुताबिक़	111
मुताबिक़त	17
मुतालबा	8
मुताल्लिक़	1
मुत्तफ़िक़	13
मुत्तहिद	2
मुत्मइन	2
मुदाख़लत	1
मुद्दई	1
मुनअक़िद	7
मुनअकिस	5
मुनज़्ज़म	1
मुनाज़रे	1
मुनाद	4
मुनादी	46
मुनासिब	27
मुन्क़ते	3
मुन्तक़िल	4
मुन्तख़ब	2
मुन्तज़िर	1
मुन्तशिर	2
मुन्सिफ़	11
मुन्सिफ़ाना	3
मुन्हसिर	7
मुफ़ीद	12
मुफ़्त	15
मुबश्शिर	1
मुबारक	65
मुबारकबादी	1
मुबाहसा	1
मुबाहिसों	1
मुब्तला	5
मुम्किन	26
मुम्किना	1
मुयस्सर	3
मुर	4
मुरझा	3
मुरझाएगी	1
मुरब्बा	1
मुराद	13
मुर्ग़	13
मुर्ग़ी	2
मुर्तक़िब	1
मुर्दा	26
मुर्दे	23
मुर्दों	85
मुलब्बस	4
मुलाइम	3
मुलाक़ात	23
मुलाज़िम	9
मुलाज़िमों	5
मुल्क	42
मुल्क-ए-इस्राईल	2
मुल्क-ए-कनआन	2
मुल्क-ए-मिदियान	1
मुल्क-ए-यहूद	1
मुल्क-ए-यहूदिया	1
मुल्क-ए-शाम	5
मुल्तवी	2
मुवाज़ना	6
मुवाफ़िक़	5
मुशाबेह	1
मुशाहदा	8
मुश्किल	22
मुश्किलात	1
मुश्तइल	2
मुश्तमिल	2
मुश्तरका	3
मुश्ताक़	1
मुसर्रत	2
मुसल्सल	3
मुसाफ़िर	2
मुसीबत	46
मुसीबतें	5
मुसीबतों	15
मुस्तइद	1
मुस्तक़बिल	5
मुस्तक़िल	1
मुस्तरद	2
मुस्तहिक़	1
मुहब्बत	214
मुहय्या	12
मुहर	22
मुहरें	1
मुहरों	4
मुहलक	5
मुहलत	2
मुहसिन	1
मुहाफ़िज़	1
मुहावरा	1
मुहासरा	1
मुह्तरम	1
मुह्ताज	1
मुह्तात	3
मूजिब	1
मूरत	1
मूरा	1
मूसवी	8
मूसा	90
मूसिया	2
मूसीक़ारों	1
मूसीक़ी	1
में	4120
मेंढ़क	1
मेंढ़कों	1
मेज़	12
मेज़ें	3
मेज़्बान	6
मेदे	5
मेयार	2
मेरा	196
मेरी	277
मेरे	519
मेल-मिलाप	4
मेहनत	18
मेहनत-मशक़्क़त	17
मेहमान	12
मेहमान-नवाज़	2
मेहमान-नवाज़ी	13
मेहमानों	17
मेहरबान	7
मेहरबानियों	1
मेहरबानी	35
मै	39
मैं	1914
मैदा	1
मैदान	6
मैदानी	1
मैम्बर	3
मैम्बरान	4
मैले-कुचैले	1
मोजिज़ा	5
मोजिज़ाना	7
मोजिज़े	33
मोजिज़ों	4
मोटा-ताज़ा	4
मोटे	3
मोटे-ताज़े	1
मोतबर	7
मोतियों	3
मोती	7
मोलक	1
मौऊदा	2
मौक़ा	35
मौक़े	16
मौक़ों	2
मौज	1
मौज़ूँ	6
मौजूद	39
मौजूदगी	7
मौजूदा	15
मौजों	3
मौत	104
मौरूसी	2
मौसम	18
यUनीके	1
यकदिल	3
यकदिली	3
यकसूई	1
यक़ीन	50
यक़ीनन	8
यक़ीनी	7
यके	4
यक्साँ	1
यगाँगत	2
यतीम	1
यतीमों	1
यन्ना	1
यन्नेस	2
यम्ब्रेस	2
यरमियाह	2
यरीहू	7
यरूशलम	156
यर्दन	3
यर्मियाह	1
यशब	4
यशूअ	4
यसायाह	22
यस्सी	5
यह	1984
यहया	107
यहाँ	100
यही	115
यहीं	6
यहूदा	12
यहूदाह	43
यहूदिया	50
यहूदियों	118
यहूदी	165
यहूयाकीन	2
यहूसफ़त	2
या	319
याईर	5
याक़ूत-ए-अर्ग़वानी	1
याक़ूब	74
याद	88
यानी	97
याफ़ा	11
यार	2
यारिद	1
यासोन	5
युवदिया	1
यूँ	280
यूअन्ना	2
यूताम	2
यूतिख़ुस	1
यूदाह	1
यूनान	2
यूनानियों	9
यूनानी	19
यूनिया	1
यूनुस	7
यूबूलुस	1
यूराम	2
यूलिया	1
यूलियुस	2
यूसियाह	2
यूसुफ़	47
यूस्तुस	3
यूहन्ना	59
यूहन्नाह	1
योएल	1
योनाम	1
योरीम	1
योसेख़	1
योसेस	2
रंग	14
रंगने	3
रंगरलियाँ	2
रंगरलियों	3
रंजिश	4
रंजीदा	2
रआया	4
रउसीदा	1
रऊ	1
रकमें	1
रक़म	17
रख	110
रखता	123
रखती	22
रखते	129
रखना	38
रखनी	1
रखने	49
रखा	63
रखी	49
रखीं	1
रखूँ	4
रखूँगा	3
रखे	38
रखें	80
रखेंगी	2
रखेंगे	10
रखेगा	11
रखेगी	2
रखो	19
रखोगे	1
रग़बतें	1
रग़बतों	2
रज़ामन्द	3
रज़ामन्दी	1
रजिस्टर	2
रथ	6
रथों	1
रद्द	36
रद्द-ए-अमल	1
रब	1
रब्ब	146
रब्ब-उल-अफ़्वाज	1
रब्बों	2
रब्ब्बूनी	1
रवय्या	2
रवय्ये	3
रवा	3
रवानगी	1
रवाना	49
रस	16
रसाई	1
रसीद	2
रसूल	46
रसूली	1
रसूलो	1
रसूलों	50
रस्म	6
रस्म-ओ-रिवाज	5
रस्मों	1
रस्सियों	1
रस्सी	1
रस्से	5
रह	69
रहता	86
रहती	27
रहतीं	3
रहते	63
रहना	12
रहने	65
रहम	64
रहमत	6
रहमदिल	4
रहा	547
रही	137
रहीं	3
रहीम	2
रहुबिआम	2
रहूँ	10
रहूँगा	14
रहे	536
रहें	145
रहेंगी	8
रहेंगे	36
रहेगा	47
रहेगी	18
रहो	47
रहोगे	5
राइज	1
राई	6
राख	4
राख़िल	1
राज़	16
राज़ी	2
रात	73
रान	1
रानी	1
राबिता	1
राम	2
रामा	1
राय	5
रायगाँ	2
रास्त	33
रास्तबाज़	101
रास्तबाज़ी	57
रास्तबाज़ों	11
रास्ता	14
रास्ती	5
रास्ते	41
राह	64
राहनुमा	85
राहनुमाई	16
राहनुमाओ	3
राहनुमाओं	13
राहब	3
राहें	2
राहों	4
रिआयत	3
रिआयतन	1
रिकार्ड	1
रिपोर्ट	4
रिफ़ाक़त	18
रिफ़ाक़ती	5
रिफ़ान	1
रिब्क़ा	1
रियाकार	5
रियाकारी	6
रियाकारो	10
रियाकारों	5
रिवाज	2
रिवायत	5
रिवायतें	1
रिवायतों	3
रिवायात	6
रिश्ता	3
रिश्तेदार	4
रिश्तेदारों	7
रिश्वत	3
रिसालत	1
रिहलत	1
रिहा	18
रिहाइशगाह	3
रिहाइशगाहों	1
रिहाइशपज़ीर	2
रिहाई	16
रीछ	1
रुक	6
रुकतीं	1
रुकन	2
रुकावट	3
रुख़	6
रुख़्सत	20
रुजू	17
रुदी	1
रुदुस	1
रुसूमात	4
रुस्वाई	3
रुहानी	48
रू-ब-रू	6
रूत	1
रूनुमा	4
रूप	4
रूपों	1
रूफ़ुस	2
रूबिन	1
रूमाल	1
रूह	174
रूह-उल-क़ुद्स	150
रूह-उल-क़ूदस	4
रूहें	9
रूहों	11
रेंगने	4
रेगियुम	1
रेगिस्तान	32
रेत	4
रेतों	1
रेवड़	2
रेवड़ों	2
रेशम	1
रेसा	1
रो	28
रोए	2
रोएँ	3
रोएँगे	1
रोओ	2
रोक	15
रोकता	1
रोकने	4
रोका	3
रोके	2
रोकें	2
रोकेगा	1
रोको	4
रोज़	7
रोज़-ए-अज़ीम	1
रोज़-ए-क़ियामत	3
रोज़-ए-रौशन	2
रोज़-ब-रोज़	8
रोज़मर्रा	6
रोज़ा	20
रोज़ाना	13
रोज़ी	5
रोज़े	4
रोटियाँ	19
रोटियों	12
रोटी	65
रोते	12
रोना	1
रोने	3
रोब	2
रोम	15
रोमियों	3
रोमी	34
रोया	16
रोयाएँ	1
रोयाओं	2
रौंदा	3
रौंदें	1
रौशन	14
रौशनी	52
लंगड़ा	5
लंगड़े	8
लंगड़ों	3
लंगर	6
लंगरों	1
लकड़ी	12
लक़ब	6
लग	19
लगता	14
लगती	7
लगते	2
लगन	10
लगना	2
लगने	4
लगवा	2
लगवाए	2
लगवाएँ	1
लगवाएँगे	2
लगवाओगे	1
लगवाया	1
लगा	229
लगाई	5
लगाऊँ	1
लगाऊँगा	1
लगाए	10
लगाएँ	6
लगाएँगे	1
लगाएगा	5
लगाओ	1
लगाता	7
लगातार	7
लगाती	1
लगाते	7
लगाना	6
लगाने	29
लगाम	1
लगामों	1
लगाया	28
लगी	52
लगीं	11
लगे	237
लगें	1
लगेंगे	1
लगेगा	2
लगेगी	6
लचकदार	5
लटक	1
लटका	6
लटकाए	1
लटकाया	1
लटकी	1
लड़	5
लड़का	3
लड़की	20
लड़के	7
लड़कों	1
लड़ता	1
लड़ती	2
लड़ते	3
लड़ने	2
लड़ा	1
लड़ाइयाँ	1
लड़ाका	2
लड़ी	1
लड़ूँगा	1
लड़े	2
लड़ें	2
लपेट	7
लपेटा	2
लपेटेगा	1
लफ़्ज़	3
लबरतीनियों	1
लबरेज़	4
लबालब	2
लमक	1
लमा	2
लम्बा	1
लम्बाई	2
लम्बी	9
लम्बे	3
लम्हा	1
लम्हे	20
लरज़ती	3
लरज़ते	4
लश्कर	4
लश्करगाह	1
लश्करों	3
लसया	1
लहरें	6
लहरों	2
ला	41
ला-मह्दूद	2
लाइक़	58
लाइलाज	2
लाइल्म	1
लाई	6
लाऊँ	2
लाऊँगा	1
लाए	84
लाएँ	19
लाएँगे	4
लाएगा	7
लाएगी	1
लाओ	9
लाओगे	2
लागू	2
लाजवाब	1
लाज़र	20
लाज़िम	90
लाठियाँ	3
लाठियों	2
लाठी	7
लात	1
लाता	13
लाताल्लुक़	1
लाती	4
लातीनी	1
लाते	17
लान-तान	8
लानत	24
लानती	2
लाना	7
लाने	32
लाफ़ानी	9
लाया	68
लालच	24
लालचियों	1
लालची	8
लालटैन	1
लावियों	1
लावी	17
लाश	29
लाशें	2
लाशों	3
लिए	1467
लिख	70
लिखता	4
लिखते	1
लिखना	4
लिखने	7
लिखवाने	1
लिखा	111
लिखी	8
लिखूँ	2
लिखे	7
लिखें	2
लिटर	2
लिटा	1
लिपट	5
लिपटा	5
लिपटे	5
लिबास	63
लिबिया	4
लिया	269
लियाक़त	5
लिसानियास	1
लिहाज़	42
लिहाज़ा	8
ली	37
लीं	4
लीडरों	2
लीनुस	1
लुक़्मा	4
लुक़्मे	1
लुकाउनिया	1
लुटेरा	1
लुटेरे	1
लुटेरों	1
लुढ़कते	1
लुढ़का	4
लुढ़काएगा	1
लुढ़काया	1
लुत्फ़	1
लुत्फ़अन्दोज़	5
लुदिया	2
लुद्दा	4
लुबान	1
लुब्ब-ए-लुबाब	1
लुस्तरा	6
लू	1
लूँ	12
लूँगा	8
लूँगी	2
लूइस	1
लूक़ा	3
लूकिया	1
लूकियुस	2
लूट	2
लूट-खसूट	1
लूट-मार	2
लूटता	1
लूटते	1
लूटना	2
लूटने	1
लूटा	4
लूटे	1
लूत	4
लूसियास	3
ले	417
लें	73
लेंगी	2
लेंगे	16
लेकिन	1256
लेगा	13
लेटा	2
लेता	19
लेती	6
लेते	38
लेना	16
लेने	55
लेपालक	1
लेला	12
लेले	33
लेलों	1
लेस	4
लैक्चर	1
लो	38
लोग	372
लोगे	16
लोगो	5
लोगों	360
लोटने	1
लोमड़ियाँ	2
लोमड़ी	1
लोहार	1
लोहे	6
लौंडी	5
लौंडेबाज़	1
लौंदे	1
लौएँ	1
लौट	13
लौटा	4
लौटे	2
लौदीकिया	7
वक़्त	516
वक़्फ़	2
वकील	2
वग़ैरा	1
वजह	160
वज़ीर	1
वज्द	3
वतन	3
वतनी	8
वफ़द	1
वफ़ात	4
वफ़ादार	44
वफ़ादारी	6
वबा	1
वबाई	1
वर्ना	27
वसाइल	1
वसियत	5
वसी	6
वसीला	3
वसीले	87
वसूल	5
वह	3439
वहशी	5
वहाँ	384
वही	167
वहीं	19
वाक़ई	43
वाक़फ़ियत	1
वाक़िआ	4
वाक़िआत	11
वाक़िफ़	34
वाक़े	24
वाकिए	2
वाज़िह	2
वाजिब	2
वाजिबी	1
वादा	61
वादी	1
वादी-ए-क़िद्रोन	1
वादे	19
वादों	6
वापस	147
वापसी	7
वाफ़िर	1
वाबस्ता	3
वारिस	18
वारिसों	2
वाला	119
वालिद	1
वालिदैन	23
वालिदो	4
वालिदों	1
वाली	57
वाले	204
वालो	4
वालों	112
वास्ता	10
वास्ते	12
वाह	3
वाहिद	11
विरसा	1
विरसे	4
विरासत	3
वीरान	17
वीरान-ओ-सुन्सान	2
वुजूद	7
वैसा	10
वैसी	9
वैसे	10
वोट	1
शऊर	1
शक	12
शक्ल	2
शक्ल-ओ-सूरत	11
शख़्स	145
शख़्सियत	1
शख़्सी	1
शदीद	31
शनासा	1
शफ़ाअत	5
शफ़्क़त	3
शबक़तनी	2
शबीह	1
शमई	1
शमाऊन	80
शमादान	9
शमादानों	3
शय	1
शयातीन	7
शर	1
शरई	1
शरमाए	2
शरमाएगा	2
शराइत	1
शराफ़त	4
शराब	4
शराबनोशी	2
शराबियों	1
शराबी	6
शरारत	2
शरीअत	295
शरीक	82
शरीक-ए-कार	1
शरीक-ए-हाल	1
शरीफ़	10
शरीर	24
शर्त	12
शर्म	11
शर्मगाह	1
शर्मनाक	5
शर्माएँ	2
शर्माता	4
शर्माने	1
शर्माया	1
शर्मिन्दा	15
शहज़ादे	1
शहतीर	6
शहद	4
शहनशाह	34
शहर	237
शहर-ब-शहर	3
शहरियों	2
शहरी	13
शहरों	18
शहवत	1
शहवतपरस्ती	4
शहवतें	2
शहवतों	5
शहवानी	1
शहीद	6
शह्तूत	1
शाइरों	1
शाइस्तगी	2
शाख़	8
शाख़ें	13
शाख़ों	3
शागिर्द	141
शागिर्दों	196
शादमान	2
शादमानी	1
शादियाँ	1
शादियाना	1
शादी	81
शादीशुदा	8
शान	7
शान-ओ-शौकत	8
शानदार	16
शाबाश	12
शाम	32
शामिल	26
शायद	11
शारून	1
शालेम	1
शाही	14
शिकस्त	2
शिकायत	13
शिकार	4
शिद्दत	11
शिफ़ा	90
शिफ़ायाब	4
शिमाल	6
शिमाल-मग़रिब	1
शिमाली	2
शिलोख़	4
शीरख़्वार	2
शीरख़्वारों	1
शीशे	4
शुक्र	39
शुक्रगुज़ार	3
शुक्रगुज़ारियाँ	1
शुक्रगुज़ारी	27
शुक्रिया	3
शुमार	4
शुरू	42
शुहरत	1
शेख़ी	8
शेख़ीबाज़	2
शेख़ीबाज़ी	1
शेरबबर	8
शेरबबरों	1
शैतान	5
शैतानी	2
शोबे	1
शोर	15
शोर-शराबा	4
शोर्ब	1
शोलाख़ेज़	2
शोले	5
शोलों	2
शौक़	5
शौहर	36
शौहरो	2
शौहरों	5
सँभाल	3
सँभालते	3
सँभालने	3
सँभाले	1
सँभालें	2
संग-ए-मरमर	1
संग-ए-यमानी	1
संग-ए-लाजवर्द	1
संग-ए-सुलेमानी	1
संगदिल	1
संगसार	19
संगीन	2
सकता	230
सकती	38
सकतीं	4
सकते	140
सका	28
सकी	3
सकूँ	8
सकूँगा	2
सके	72
सकें	54
सकेंगी	1
सकेंगे	29
सकेगा	16
सकेगी	3
सको	2
सकोगे	4
सख़ावत	2
सख़्त	52
सख़्तदिल	1
सख़्तदिली	4
सख़्ती	14
सच्च	88
सच्चा	15
सच्चाइयाँ	2
सच्चाइयों	1
सच्चाई	80
सच्ची	12
सच्चे	8
सज़ा	37
सज़ा-ए-मौत	30
सजा	2
सजाते	1
सजी	6
सड़	2
सड़क	5
सड़कें	1
सड़कों	6
सड़ने	5
सड़ेगी	1
सतह	2
सताएँगे	4
सताएगी	1
सताता	6
सताती	2
सताते	2
सताने	3
सताया	5
सतून	5
सत्तर	1
सत्यानास	1
सदर	1
सदा	9
सदाक़त	1
सदाब	1
सदूक़ियों	4
सदूक़ी	13
सदूम	9
सदोक़	2
सन्जीदगी	9
सन्जीदा	2
सन्दूक़	5
सपुर्द	49
सफ़र	45
सफ़रों	1
सफ़ाई	3
सफ़ीरा	3
सफ़ेद	24
सफेदी	1
सब	586
सबक़	2
सबज़ियाँ	1
सबज़ियों	2
सबत	56
सबतों	1
सबब	29
सबा	2
सबूत	2
सब्क़त	1
सब्ज़ी	1
सब्र	29
सब्र-ओ-तहम्मुल	2
समझ	64
समझता	28
समझते	39
समझदार	23
समझदारी	1
समझदारों	1
समझना	1
समझने	11
समझा	17
समझाएँ	10
समझाओ	1
समझाता	1
समझाते	4
समझाना	3
समझाने	11
समझाया	5
समझूँ	1
समझे	14
समझें	12
समझेंगे	2
समझेगा	2
समझो	3
समझोगे	2
समा	2
समाअत	1
समाई	1
समाए	1
समुन्दर	51
समुन्दरी	2
समूएल	3
समेट	2
समेत	60
सम्सून	1
सयाना	1
सर	78
सरअन्जाम	16
सरकंडा	3
सरकंडे	1
सरकश	5
सरकारी	2
सरगर्म	9
सरगर्म-ए-अमल	1
सरगर्मियाँ	1
सरगर्मियों	1
सरगर्मी	14
सरग़ना	1
सरचश्मा	5
सरज़द	12
सरदार	12
सरदारों	4
सरपरस्त	1
सरफ़राज़	18
सरशार	1
सरहद्दें	1
सरहद्दों	1
सराय	3
सरासर	1
सरूज	1
सरों	6
सरोद	5
सर्द	2
सर्दियों	10
सर्दी	1
सर्दीस	3
सर्फ़	3
सलमीस	1
सलाम	69
सलामत	1
सलामती	68
सलाह-मश्वरा	1
सलाहियत	2
सलीक़े	3
सलीब	34
सलीबी	7
सलीबों	3
सलूकिया	1
सलोमी	2
सल्तनत	2
सल्मोन	3
सल्मोने	1
सवार	48
सवारों	1
सवाल	40
सवालात	2
सह	1
सहन	14
सहना	9
सहनी	1
सहने	3
सहनों	2
सहमी	2
सहमे	2
सहारा	2
सही	1
सहीफ़े	3
सहीफ़ों	12
सहीह	46
सहीह-सलामत	3
सहूलियात	1
सहेलियों	1
सा	41
साँचे	2
साँप	14
साँपो	1
साँपों	5
साँस	2
साइयों	1
साऊल	34
साकित	3
साज़िश	4
साज़िशें	4
साज़िशों	1
साज़ों	2
साठ	4
साढे	5
सात	88
सातवाँ	2
सातवीं	2
सातवें	9
साथ	775
साथियों	17
साथी	18
सादगी	1
सादादिली	1
सादालौह	1
सादिक़	4
सादिर	1
सान	2
सानी	1
साफ़	57
साफ़-शफ़्फ़ाफ़	4
साफ़-सुथरे	1
साबित	44
साबितक़दम	14
साबितक़दमी	28
सामना	16
सामने	218
सामरिया	12
सामरियों	2
सामरी	8
सामान	10
सामुस	1
साय	5
साया	6
सारपत	1
सारा	15
सारी	5
सारे	6
साल	68
साल-ब-साल	2
सालगिरह	3
सालन	2
सालाना	1
सालिम	2
सालों	6
सास	7
साहिब-ए-इल्म	1
साहिबो	1
साहिल	15
साहिली	4
साहूकार	1
सिंगार	1
सिकन्दर	5
सिकम	1
सिकुन्दुस	1
सिक्का	16
सिक्के	39
सिक्कों	4
सिखा	1
सिखाई	4
सिखाईं	1
सिखाए	2
सिखाएँ	2
सिखाएगा	1
सिखाओ	1
सिखाता	9
सिखाती	1
सिखाते	5
सिखाने	8
सिखाया	8
सिज्दा	40
सिताइश	10
सितारा	10
सितारे	12
सितारों	10
सिपाही	3
सिफ़ारिश	7
सिफ़ारिशी	3
सिफारिशें	1
सिम	1
सिम्त	1
सियाल्तीएल	3
सियाही	3
सिय्यून	7
सिरका	2
सिरके	4
सिरगियुस	2
सिरतोड़	1
सिरहाने	2
सिरे	17
सिर्फ़	275
सिलसिला	9
सिलसिले	10
सिलह	1
सिलाई	1
सिल्वानुस	3
सिवा	5
सिवा-ए-अल्लाह	1
सिवा-ए-इन	1
सिवा-ए-इन्सान	1
सिवा-ए-इब्न-ए-आदम	1
सिवा-ए-इस	1
सिवा-ए-उस	2
सिवा-ए-एक	3
सिवा-ए-क्रिस्पुस	1
सिवा-ए-ज़िना	1
सिवा-ए-पत्रस	1
सिवा-ए-फ़र्ज़न्द	2
सिवा-ए-बाप	2
सिवा-ए-मेरी	1
सिवा-ए-यूनुस	3
सिवा-ए-रसूलों	1
सिवा-ए-रूह-उल-क़ुद्स	1
सिवा-ए-शहनशाह	1
सिवा-ए-हलाकत	1
सी	57
सींग	9
सींगों	1
सीख	6
सीखता	1
सीखना	1
सीखी	1
सीखे	1
सीखें	4
सीखो	3
सीढ़ी	2
सीधा	8
सीधी	5
सीधे	9
सीना	7
सीनाबन्द	2
सीने	2
सीनों	3
सीलास	23
सुकड़	2
सुकून	18
सुकूनत	14
सुकूनतगाह	4
सुधर	1
सुन	223
सुनता	18
सुनती	3
सुनते	36
सुनना	6
सुनने	45
सुना	87
सुनाई	63
सुनाईं	1
सुनाऊँ	11
सुनाए	4
सुनाएँ	3
सुनाएँगे	3
सुनाएगा	2
सुनाओ	2
सुनाता	15
सुनाते	14
सुनाना	1
सुनाने	37
सुनाया	16
सुनी	32
सुनीं	6
सुनूँ	1
सुने	2
सुनें	29
सुनेंगी	1
सुनेंगे	8
सुनेगा	2
सुनो	13
सुनोगे	3
सुन्तुख़े	1
सुन्सान	1
सुब्ह	11
सुब्ह-सवेरे	15
सुर	1
सुरकूसा	1
सुर्ख़	5
सुलगाई	1
सुलह	22
सुलह-सलामती	18
सुलूक	31
सुलेमान	7
सुलैमान	6
सुसर	1
सुस्त	6
सुस्तरफ़्तार	1
सूँघने	1
सूअर	3
सूअरनी	1
सूअरों	15
सूई	3
सूख	9
सूख़ार	1
सूखा	4
सूखी	2
सूखे	3
सूज	1
सूट	4
सूद	3
सूबा	35
सूबे	2
सूबों	1
सूर	12
सूरज	30
सूरत	39
सूरतिस	1
सूरतें	1
सूराख़	1
सूरुफ़ेनीके	1
सूसन्ना	1
से	5038
सेत	1
सेर	14
सेहत	4
सेहतबख़्श	7
सेहतमन्द	2
सेहतमन्दी	1
सेहतमन्दों	3
सैक्रटरी	1
सैदा	11
सैलाब	9
सो	27
सोए	3
सोच	55
सोच-बिचार	2
सोचते	9
सोचना	1
सोचने	6
सोचा	7
सोचे	3
सोचें	3
सोचोगे	1
सोते	1
सोना	7
सोने	40
सोपत्रुस	1
सोसन	2
सोसिपात्रुस	1
सोस्थिनेस	2
सोह्बत	2
सौ	24
सौंप	1
सौंपता	1
सौंपी	2
सौतेली	1
सौदागर	6
स्किवा	1
स्कूती	1
स्टेडियम	1
स्टोर	1
स्तिफ़नास	3
स्तिफ़नुस	13
स्तोइकी	1
स्पेन	2
स्मुर्ना	2
हंगामा	3
हंगामे	1
हंस	4
हंसी	1
हंसोगे	1
हक़	39
हक़दार	4
हक़ल्दमा	1
हक़ीक़त	38
हक़ीक़तन	6
हक़ीक़तों	1
हक़ीक़ी	36
हक़ीर	17
हक्का-बक्का	10
हज़रात	7
हज़ार	16
हज़ारों	2
हट	20
हटधर्म	1
हटा	11
हटाने	2
हटाया	4
हड़प	5
हड्डियाँ	2
हड्डियों	1
हड्डी	1
हत्मी	1
हथियार	7
हथियारों	1
हदिए	9
हदिया	13
हदियाजात	1
हद्द	16
हद्दों	1
हननियाह	12
हनूक	3
हनूका	1
हन्ना	5
हन्नाह	1
हफ़्ता	2
हफ़्ते	5
हम	1064
हमउम्र	1
हमकलाम	17
हमख़िदमत	14
हमजिन्सपरस्त	2
हमदर्दी	2
हमबिसतर	1
हममीरास	1
हमराह	3
हमवतन	5
हमवतनों	3
हमवार	2
हमशक्ल	4
हमसफ़र	3
हमसफ़रों	3
हमसाइयों	5
हमसाय	1
हमसिपाह	1
हमाक़त	4
हमारा	116
हमारी	153
हमारे	326
हमें	324
हमेशा	44
हमोर	1
हम्द-ओ-सना	12
हम्ला	4
हम्ले	1
हम्लों	2
हयात	1
हर	426
हरगिज़	42
हराम	3
हरामकार	1
हरामकारी	4
हरामज़ादे	1
हरी	5
हर्कत	7
हर्कतें	11
हर्कतों	13
हर्फ़	1
हर्मजिद्दोन	1
हल	6
हलचल	11
हलाक	46
हलाकत	13
हलाकू	1
हलीम	4
हलीमी	5
हल्का	3
हल्की	2
हल्फ़ई	5
हवस	1
हवा	32
हवाएँ	1
हवाओं	3
हवाला	8
हवालाजात	1
हवाले	95
हव्वा	4
हसद	22
हसब-ए-मामूल	2
हसीन-बन्दर	2
हस्तियों	3
हस्रोन	3
हाँ	147
हाँक	1
हाकिम	3
हाकिमों	4
हाज़िर	19
हाज़िरीन	10
हाजिरा	2
हाथ	196
हाथ-पाँओ	1
हाथीदाँत	1
हाथों	47
हादी	2
हाफ़िज़	2
हाबील	4
हामिल	1
हामिला	8
हाय	10
हार	2
हारने	1
हारान	2
हारून	5
हारें	1
हाल	24
हालत	93
हालाँकि	32
हालात	15
हासिल	114
हिक़ारत	2
हिक़ारतआमेज़	1
हिक्मत	37
हिक्मत-ओ-दानाई	2
हिज़क़ियाह	2
हिज्रत	5
हिदायत	26
हिदायात	14
हिफ़ाज़त	3
हिमायत	5
हिम्मत	3
हियरापुलिस	1
हिर्मास	1
हिर्मुग़िनेस	1
हिर्मेस	2
हिल	4
हिलता	2
हिलने	1
हिला	10
हिलाई	3
हिलाने	1
हिलाया	3
हिलाल	1
हिसाब	13
हिसाब-किताब	4
हिस्सा	65
हिस्से	12
हिस्सों	7
ही	741
हुआ	517
हुई	189
हुईं	7
हुए	379
हुओं	11
हुक़ूक़	1
हुक़्क़ा-पानी	1
हुकूमत	45
हुक्म	144
हुक्मअदूली	2
हुक्मरान	22
हुक्मरानों	11
हुज़ूर	43
हुज़ूरी	2
हुजूम	121
हुजूमों	1
हुदूद	1
हुमिनयुस	2
हुरूफ़	2
हूँ	994
हूँगा	14
हें	1
हेरोदियास	8
हेरोदियोन	1
हेरोदेस	55
है	5309
हैं	2262
हैबतनाक	3
हैरत	1
हैरतअंगेज़	9
हैरतज़दा	21
हैरान	31
हैरान-ओ-परेशान	1
हैवान	41
हैसियत	35
हो	1507
हों	95
होंगी	8
होंगे	74
होंटों	6
होगा	178
होगी	71
होगे	11
होता	166
होती	118
होतीं	4
होते	109
होना	46
होनी	6
होने	162
होश	11
होशमन्द	6
होशमन्दी	1
होशाना	6
होश्यार	6
होसेअ	1
हौज़	8
हौलनाक	3
हौसला	17
हौसलाअफ़्ज़ा	4
हौसलाअफ़्ज़ाई	40
।	11403
‘	389
’	389
“	1837
”	1837
