!	551
(	16
)	16
,	8832
.	10957
0	3
1–12	1
2	2
3	4
30	1
36	1
4	1
5	1
:	370
;	169
?	838
A-ba	1
A-ba-đôn	1
A-ben-lê	1
A-bi-gia	3
A-bi-na-đáp	2
A-bi-út	3
A-bia-tha	1
A-bên	6
A-bô-li-ôn	1
A-bô-lô	14
A-bô-lô-ni	1
A-chai-cút	1
A-chê-lâu	1
A-chíp	2
A-ga	1
A-ga-bút	2
A-háp	2
A-kim	2
A-kên-đa-ma	1
A-léc-xăng-đơ	2
A-lịch-sơn	9
A-ma-ghê-đôn	1
A-men	27
A-mi	2
A-mi-na-đáp	2
A-môn	1
A-mốt	2
A-na-nia	13
A-phia	1
A-phác-xác	2
A-phê	5
A-qui-la	9
A-ra-mi	1
A-ram	1
A-ri-ma-thia	1
A-ri-ma-thê	3
A-ri-tô-bu-lu	1
A-ri-tạc	5
A-ria-tích	1
A-rê-ta	1
A-ríp-ba	13
A-rôn	5
A-se	2
A-thên	6
A-xa	2
A-xinh-ri-tu	1
A-xo	2
A-xốt	4
A-đam	14
Ai	252
Ai-cập	39
Am-lia-túc	1
Am-môn	1
Am-phi-bô-li	1
An-na	7
An-pha	3
An-ti-ba	1
An-ti-ốt	25
Anh	334
Anh-rê	14
Anh-rô-ni	1
Ao	1
Au-gút-tơ	1
Ba	8
Ba-Giê-xu	2
Ba-anh	1
Ba-by-lôn	13
Ba-la-am	4
Ba-lác	1
Ba-na-ba	48
Ba-phô	2
Ba-ra-ba	13
Ba-rác	1
Ba-sa-ba	2
Ba-ta-ra	2
Ba-thia	1
Ba-thê-lê-mi	4
Ba-ti-mê	1
Ba-trô-ba	1
Ban	5
Bao	3
Bi-thi-ni	1
Bi-xi-đi	2
Binh	1
Biến	2
Biết	14
Biển	1
Bu-teo-li	1
Bu-đen	1
Buổi	4
By-ru	1
By-thi-ni	1
Bà	22
Bác	1
Bánh	9
Báo	1
Báp-tít	16
Bát-mô	1
Bây	64
Bé	1
Bê-li-an	1
Bê-nít	3
Bê-ra-kia	1
Bê-rê	5
Bê-tha-ni	14
Bê-ên-xê-bun	4
Bê-ô	1
Bên	6
Bên-gia-min	4
Bênh	1
Bình	8
Bí	1
Bích-xi-la	8
Bô-a-nẹt	1
Bô-ô	5
Bôn-ti	2
Bôn-tu	2
Bôn-xi	1
Bông-tu	1
Búp-liêu	2
Băm-phi-li	2
Băm-phi-lia	1
Băm-phi-ly	2
Bơ-cô-ru	1
Bước	1
Bạc-mê-na	1
Bạn	27
Bảng	1
Bảo	2
Bảy	6
Bất	5
Bấy	13
Bầu	1
Bầy	1
Bậc	2
Bắc	5
Bắt	3
Bằng	1
Bẹt-ga	2
Bẹt-găm	3
Bẹt-xi	1
Bết-lê-hem	8
Bết-phát	3
Bết-sai-đa	2
Bết-xa-tha	1
Bết-xai-đa	5
Bệnh	2
Bị	4
Bọc	1
Bọn	18
Bốn	3
Bồng	1
Bỗng	16
Bờ-la-tu	1
Bởi	1
Bụng	1
Bức	1
Bữa	1
CHÚA	1
Ca	2
Ca-bê-nâm	17
Ca-in	4
Ca-na	4
Ca-na-an	3
Cai-nan	2
Cai-pha	9
Can-đác	1
Canh-đê	1
Cao	12
Cha	345
Chiên	49
Chiếc	2
Chiều	8
Cho	250
Chu-xa	1
Chung	1
Chuyên	1
Chuyển	3
Chuyện	8
Chuẩn	8
Chàng	1
Chào	4
Chân	7
Chèo	1
Chí	11
Chính	39
Chíp	8
Chó	1
Chú	2
Chúa	2543
Chúa—Chúa	1
Chúa—chịu	1
Chúc	2
Chúng	395
Chăn	3
Chưa	11
Chương	1
Chạy	1
Chắc	20
Chẳng	22
Chết	2
Chỉ	40
Chị	43
Chịu	1
Chọn	2
Chống	1
Chồn	2
Chồng	5
Chỗ	2
Chớ	4
Chờ	1
Chợ	1
Chợt	1
Chủ	18
Chứ	1
Chức	1
Chứng	2
Chừng	1
Chữ	1
Co-ban	1
Co-ra	2
Con	488
Cuối	8
Cuộc	3
Cuộn	1
Càng	2
Các	529
Cách	1
Cái	10
Cáp-ba-đốc	2
Cát-bu	1
Câu	6
Cây	13
Còn	158
Có	217
Cô	28
Cô-lô-se	1
Cô-ra-xin	2
Cô-rinh	10
Cô-sam	2
Công	4
Cùng	16
Cũng	74
Cơ	1
Cơ-lê-man	1
Cơ-lê-ô-ba	1
Cơ-lô	1
Cơ-lô-ba	1
Cơ-rít-bu	1
Cơ-rết	7
Cơ-rết-xen	1
Cơ-đốc	1
Cơ-đốc-nhân	1
Cơn	3
Cư	1
Cả	15
Cảm	3
Cảnh	2
Cầu	6
Cậu	12
Cắt	1
Cọt-nây	16
Cỏ	3
Cố	2
Cốt	1
Cổng	5
Của	9
Cứ	6
Cứu	651
Cửa	2
Danh	5
Di	1
Diệt	3
Do	30
Do-thái	398
Dân	68
Dòng	4
Dù	38
Dùng	2
Dĩ	5
Dạ	15
Dạy	3
Dầu	3
Dục	1
Em	6
Em-ma-nu-ên	1
Em-ma-út	2
Ga-ba-tha	1
Ga-la-ti	7
Ga-li-lê	78
Ga-li-ô	4
Ga-ma-liên	3
Ga-xa—con	1
Ga-đa-ren	1
Gai-út	5
Ghi-đê-ôn	1
Ghê-nê-xa-rét	1
Ghê-nê-xa-rết	1
Ghê-ra-sen	3
Ghết-sê-ma-nê	2
Gia	5
Gia-cơ	45
Gia-cốp	29
Gia-rết	2
Gia-sôn	1
Gia-xôn	4
Giai-ru	5
Gian-nai	2
Gian-nét	2
Giao	9
Gie-xê	5
Giu-li-út	3
Giu-lia	1
Giu-nia	1
Giu-đa	59
Giu-đe	1
Giu-đia	47
Giá	1
Giáo	2
Giép-thê	1
Giê-cô-nia	1
Giê-hô-gia-kim	1
Giê-hô-ram	2
Giê-hô-sa-phát	2
Giê-ri-cô	6
Giê-ru-sa-lem	168
Giê-rê-mi	3
Giê-sa-bên	1
Giê-xu	1588
Giê-xu—Ngài	1
Giê-xu—Đấng	1
Giê-xê	1
Gió	3
Gióp	1
Gióp-ba	12
Giô-a-na	2
Giô-a-nan	2
Giô-na	10
Giô-nam	2
Giô-rim	2
Giô-suê	4
Giô-tham	2
Giô-xia	2
Giô-xép	56
Giô-xét	2
Giô-xê	2
Giô-ên	1
Giô-đa	2
Giô-đanh	15
Giúc-tu	3
Giúp	5
Giăm-rê	2
Giăng	203
Giơ	2
Giả	8
Giải	2
Giết	3
Giọng	1
Giỏi	3
Giống	3
Giờ	2
Giữ	1
Giữa	4
Gáp-ri-ên	2
Gát	1
Góc	1
Gô-gô-tha	3
Gô-mô-rơ	4
Gần	6
Gặp	3
Gọi	3
Gốm	1
Gởi	3
Ha-ga	1
Ha-lê-lu-gia	4
Ha-ran	2
Ha-đe	3
Hai	38
Hay	8
Heo	1
Hi	3
Hi-lạp	43
Hi-lạp—nghe	1
Hi-ê-ra-phô	1
Hiển	3
Hiểu	1
Hiện	24
Hoa	2
Hoan	2
Hoà	1
Hoàng	5
Hoặc	8
Huyết	4
Huống	2
Hy-mê-nê	2
Hàng	4
Hành	2
Hãy	427
Hê-bơ-rơ	5
Hê-li	2
Hê-mô	1
Hê-rô-đi-ôn	1
Hê-rô-đia	9
Hê-rốt	69
Hình	10
Hòa	1
Hóa	2
Hôm	41
Hơn	5
Hầu	1
Hắn	26
Hằng	2
Hẳn	3
Hẹt-mê	1
Hẹt-mô-gen	1
Hết	1
Hết-rôn	4
Hễ	10
Hệ	1
Họ	526
Học	1
Hỏa	1
Hồ	1
Hồi	1
Hồng	2
Hội	12
Hột	13
Hỡi	12
Im	2
Khen	1
Khi	370
Khoe	1
Khoác	1
Khoái	1
Khoảng	8
Khuyên	4
Khuôn	1
Khánh	1
Khí	1
Khói	2
Khôn	1
Không	175
Khúc	1
Khăn	1
Khải	1
Khắc	1
Khốn	23
Khởi	2
Ki-ốt	1
Kinh	147
Kiên	1
Kiếm	1
Kê-nan	2
Kìa	9
Kích	1
Kính	17
Kít-rôn	1
Kẻ	63
Kết	1
Kể	1
La	2
La-mã	33
La-méc	2
La-xa	1
La-xa-rơ	24
Lao-đi-xê	7
Lau-đia	4
Li-núc	1
Linh	264
Liền	3
Lo	1
Loài	2
Loại	3
Lu-ca	3
Lu-xi-u	1
Lu-xơ	1
Luôn	4
Luật	33
Luồng	1
Ly	2
Ly-bi	1
Ly-cao-ni	2
Ly-xia	1
Ly-xiaKính	1
Ly-đia	2
Là	3
Làm	26
Lá	1
Láng	1
Lát	3
Lâu	1
Lãnh	2
Lão	1
Lê-vi	17
Lòng	9
Lót	6
Lô-ít	1
Lúa	1
Lúc	161
Lý	5
Lý-sa	1
Lý-trà	6
Lý-đa	5
Lăn	1
Lũ	3
Lưng	1
Lương	2
Lượm	1
Lạ	1
Lại	2
Lạy	61
Lấy	9
Lần	4
Lập	10
Lắm	2
Lặng	1
Lẽ	2
Lều	13
Lễ	13
Lệ	4
Lối	2
Lỗ	2
Lớn	1
Lời	34
Lữ	3
Lựa	1
Lực	1
Ma	9
Ma-ga-đan	1
Ma-góc—để	1
Ma-ha-la-lên	2
Ma-na-en	1
Ma-na-xe	3
Ma-ri	79
Ma-ta-tha	2
Ma-ta-thia	4
Ma-than	2
Ma-thi-ơ	7
Ma-thia	2
Ma-thát	4
Ma-thê	16
Ma-xê-đoan	26
Ma-át	2
Ma-đơ-len	12
Mai	1
Man-chu	1
Man-tơ	1
Mang	6
Mau	1
May	1
Men	7
Mi-chen	2
Mi-lê	1
Mi-ra	1
Mi-đi-an	2
Miền	1
Miễn	1
Miệng	2
Mong	1
Muôn	2
Muông	1
Muối	4
Muốn	5
My-ti-len	2
My-xia	2
Mà	5
Mác	14
Máu	2
Mãi	3
Mê-lia	2
Mê-na	2
Mê-si	4
Mê-sô-bô-ta-mi	2
Mê-tu-sê-la	2
Mê-đi	1
Mên-chi	2
Mên-chi-xê-đéc	16
Mên-ki	2
Mình	2
Món	1
Mô-léc	1
Mô-se	127
Môi	1
Môn	7
Mù	1
Mùa	2
Mùi	1
Mũi	1
Mưa	2
Mười	7
Mạng	2
Mấy	40
Mầy	11
Mắc	1
Mắt	8
Mặc	16
Mặt	6
Mẹ	15
Mệnh	4
Mọi	82
Mỏi	1
Mồ	3
Mỗi	40
Mộ	1
Một	134
Mới	2
Mời	4
Mục	5
Mừng	152
Mừng—tức	1
Mỹ-cảng	1
Mỹ-lệ	2
Na-a-man	1
Na-gai	2
Na-ho	2
Na-hâm	2
Na-in	1
Na-tha-niên	7
Na-than	2
Na-xa-rét	30
Na-xon	1
Na-ách-son	2
Nam	19
Nay	15
Ngay	26
Nghe	24
Nghĩ	1
Nghĩa	7
Ngoài	22
Ngoại	1
Nguyên	1
Nguyền	53
Nguyện	22
Ngài	2644
Ngài—bắt	1
Ngày	40
Ngôi	5
Ngôn	5
Ngươi	44
Ngước	1
Người	447
Ngược	1
Ngải	1
Ngồi	3
Ngục	1
Ngựa	1
Ngực	1
Nhiều	42
Nhiệm	1
Nho	1
Nhà	10
Nhánh	2
Nhân	6
Nhìn	9
Nhóm	2
Như	88
Nhưng	700
Nhất	1
Nhẫn	1
Nhận	1
Nhắc	1
Nhớ	3
Nhờ	39
Những	162
Ni-ca-no	1
Ni-cô-bô-li	1
Ni-cô-la	3
Ni-cô-đem	5
Ni-gie	1
Ni-ni-ve	3
Ni-đu	1
Nim-pha	1
Niềm	1
Nàng	5
Này	1
Náp-ta-li	1
Nát-son	2
Nép-ta-li	2
Nê-a-bô-li	1
Nê-ri	2
Nên	51
Nó	56
Nói	22
Nô-ê	11
Nông	2
Núi	1
Năm	9
Năng	14
Nơ-rêu	1
Nơi	22
Nước	111
Nạc-xi-xúc	1
Nạn	3
Nấu	1
Nầy	27
Nếu	346
Nền	2
Nọc	1
Nữ	1
Orange	5
Pha-nu-ên	1
Pha-ri-xi	112
Phao-lô	294
Phao-lúc	1
Phi-ghê-lu	1
Phi-la-đen-phia	2
Phi-lát	73
Phi-lê-môn	1
Phi-lê-tu	1
Phi-líp	48
Phi-lô-lô-gúc	1
Phi-ri-gi	3
Phia-rơ	237
Pho-tu-na	1
Phá	1
Phái	1
Phép	2
Phê-bê	1
Phê-léc	2
Phê-lít	13
Phê-ni-xi	4
Phê-rê	4
Phía	2
Phòng	1
Phúc	29
Phơ-lê-gôn	1
Phương	3
Phượng	2
Phải	37
Phần	4
Phết-tu	21
Phố	1
Qua	55
Quan	4
Quanh	3
Quay	2
Qui	1
Qui-ri-niu	1
Quyền	8
Quà	2
Quá	3
Quán	1
Quát-tu	1
Quân	1
Quê	1
Quên	1
Quí	2
Quăng	1
Quả	1
Quần	8
Quỉ	8
Quốc	2
Ra	4
Ra-bi	2
Ra-bô-ni	1
Ra-chên	1
Ra-háp	3
Ra-ma	1
Ram	2
Rao	1
Ri-bút	1
Riêng	1
Ru-bên	1
Ru-phu	2
Ru-tơ	1
Ru-xi-la	1
Ruộng	3
Rê-be-ca	2
Rê-gum	1
Rê-phan	1
Rê-xa	2
Rêu	2
Rô-bô-am	2
Rô-đa	1
Rõ	1
Răn	1
Rơi	1
Rương	2
Rượu	4
Rất	3
Rỉ	1
Rốt	1
Rồi	243
Rời	3
Sa-bát	58
Sa-mu-ên	3
Sa-mô-trác	1
Sa-ra	5
Sa-rôn	1
Sa-tăng	43
Sam-sôn	1
San	3
Sanh-môn	2
Sao	29
Sau	260
Sau-lơ	45
Sem	2
Si-nai	4
Sinh	1
So	1
Suốt	4
Sách	2
Sáng	18
Sát-tiên	2
Sáu	4
Sét	1
Sê-a-tiên	2
Sê-chem	2
Sê-la	2
Sóng	2
Sô-lô-môn	13
Sô-si-ba-tơ	1
Sư	1
Sạt-đi	2
Sấm	2
Sẽ	14
Sết	2
Sọ	4
Số	7
Sống	3
Sốt-then	2
Sở	5
Sợ	1
Sứ	3
Sức	1
Sững	2
Sự	29
Ta	420
Ta-bi-tha	5
Ta-li-tha	1
Ta-ma	1
Tai	1
Tao	2
Tay	2
Tha-đê	2
Theo	3
Thi	4
Thi-a-ti-rơ	4
Thi-ô-phi-lơ	1
Thiên	37
Thiếu	3
Thà	3
Thành	14
Thánh	444
Tháo	3
Thân	11
Thê-ra	2
Thê-ô-phi-lơ	1
Thêu-đa	1
Thì	4
Thình	2
Thô-ma	14
Thôi	16
Thông	1
Thù	1
Thúc	1
Thăm	1
Thư	4
Thưa	197
Thượng	1789
Thả	1
Thất	3
Thấy	12
Thần	10
Thầy	70
Thập	3
Thật	49
Thằng	3
Thẳng	1
Thế	696
Thế—Tin	1
Thềm	1
Thể	1
Thỉnh	1
Thị	1
Thịt	1
Thống	3
Thời	5
Thợ	4
Thức	2
Thực	1
Ti-bê-ri	1
Ti-bê-ri-át	2
Ti-chi-cơ	4
Ti-mê	1
Ti-mô-thê	36
Ti-môn	1
Ti-ra-nu	1
Tia	13
Tin	153
Tinh	2
Tiên	3
Tiếng	14
Tiếp	3
Tiền	2
Tiểu	13
Tiệc	2
Toàn	18
Toán	3
Tri-phê-na	1
Tri-phô-sa	1
Trong	183
Trung	1
Trái	17
Tránh	4
Trên	19
Trí	4
Trò	3
Trói	1
Trô-phi-mu	1
Trô-phi-múc	2
Trô-ách	7
Trông	5
Trăng	1
Trưa	1
Trước	76
Trưởng	8
Trọn	2
Trời	125
Trợ	4
Tung	2
Tuy	51
Tuần	3
Ty-chi-cơ	1
Tà	2
Tàu	1
Tác	1
Tám	3
Tâu	3
Tây	7
Tây-ban-nha	2
Tê-pha-na	3
Tê-sa-lô-ni-ca	9
Tên	8
Tìm	4
Tình	16
Tín	3
Tít	26
Tít—anh	1
Tóc	1
Tóm	2
Tô-lê-mai	2
Tôi	491
Tư	3
Tường	2
Tưởng	1
Tượng	1
Tại	76
Tạm	1
Tạo	2
Tạt-xơ	5
Tảng	5
Tất	56
Tẹt-tu	1
Tẹt-tu-lu	2
Tể	1
Tỉnh	3
Tối	6
Tốt	3
Tổ	7
Tội	19
Tới	1
Tụi	2
Tức	5
Từ	49
Tự	2
U-ba-núc	1
U-ri	1
U-xia	2
Uy	1
Vinh	6
Viên	22
Việc	21
Vua	52
Và	42
Vài	10
Vàng	2
Vào	30
Vách	1
Vâng	1
Vì	298
Vô	1
Vương	1
Vượt	35
Vải	1
Vấn	1
Vật	1
Vậy	36
Vẻ	2
Về	9
Vị	4
Với	4
Vợ	3
Vừa	14
Vực	1
Xa-cha-ri	22
Xa-chê	4
Xa-la-mi	1
Xa-lem	2
Xa-lim	1
Xa-lô-mê	2
Xa-ma-ri	26
Xa-mô	1
Xa-phi-ra	3
Xa-rép-ta	1
Xa-đu-xê	17
Xa-đốc	2
Xanh-môn	3
Xem	9
Xen-cơ-ria	1
Xen-cơ-rê	1
Xi-kha	1
Xi-la	28
Xi-li-xi	1
Xi-lôm	4
Xi-miệc-nơ	2
Xi-mê-ôn	11
Xi-môn	83
Xi-ra-qui	1
Xi-ren	2
Xi-xi-li	5
Xi-ôn	2
Xi-đôn	12
Xia-tít	1
Xin	71
Xinh-ty-chê	1
Xiềng	1
Xong	7
Xu-gia-na	1
Xy-li-xi	2
Xy-ren	5
Xy-ri	12
Xác	5
Xét	14
Xê-bu-lôn	3
Xê-bê-đê	10
Xê-cung-đu	1
Xê-lêu-xia	1
Xê-lốt	2
Xê-mên	2
Xê-na	1
Xê-pha	2
Xê-ra	1
Xê-ru-ba-bên	4
Xê-rúc	2
Xê-va	1
Xê-xa	26
Xê-xa-rê	23
Xô-ba-tơ	1
Xô-đôm	9
Xưa	3
Xạt-đi	1
Xấu	1
Xẹt-gu	1
Xế	1
Xử	14
Y	1
Y-cô-ni	7
Y-li-ri-cum	1
Y-sác	22
Y-xa-ca	1
Y-đu-mia	1
Yêu	5
Yêu-tích	3
ai	679
ai—Ngài	2
ai—về	1
am	2
an	105
anh	2136
ao	12
ba	150
ba-by-lôn	1
bai	1
ban	177
banh	2
bao	128
bay	19
be	1
beo	1
bi	1
binh	7
binh-sĩ	1
biến	69
biếng	6
biết	827
biếu	8
biển	59
biểu	6
biện	10
biệt	35
buôn	14
buông	5
buồm	6
buồn	72
buổi	18
buộc	33
bà	224
bài	15
bàn	96
bào	15
bày	62
bá	2
bác	12
bái	28
bám	1
bán	38
báng	1
bánh	115
báo	46
báp-têm	93
báu	20
bây	74
bã	16
bãi	12
bão	6
bè	6
bé	49
bén	8
béo	1
bét	1
bê	1
bên	145
bênh	12
bêu	11
bì	56
bình	107
bí	20
bích	4
bò	26
bó	5
bóc—đều	1
bói	1
bón	2
bóng	26
bóp	3
bô	31
bôi	1
bông	10
bù	1
bùn	5
bùng	1
bú	4
bút	1
băn	3
băng	16
bơi	4
bưng	1
bước	65
bạ	6
bạc	33
bạch	3
bại	31
bạn	186
bạo	23
bả	1
bản	23
bảng	8
bảo	818
bảy	96
bấp	1
bất	66
bấy	10
bầu	25
bầy	26
bẩn	25
bẩy	2
bẫy	20
bậc	15
bận	8
bật	3
bậy	10
bậy—những	1
bắt	199
bằng	314
bặt	2
bẹp	1
bẻ	20
bế	1
bến	2
bề	14
bền	10
bể	2
bệ	3
bệnh	92
bỉ	2
bị	724
bịa	5
bịch	1
bịp	1
bịt	7
bịu	1
bọ	5
bọc	6
bọn	50
bọt	4
bỏ	202
bỏng	1
bố	19
bốc	5
bối	5
bốn	83
bồ	10
bồi	1
bồng	1
bổ	3
bổn	4
bổng	2
bỗng	11
bộ	28
bội	8
bột	8
bớt	4
bờ	50
bởi	13
bợ	1
bợn	1
bụa	1
bụi	23
bụng	15
bức	21
bứng	3
bứt	2
bừa	4
bửu	7
bữa	34
bực	8
ca	70
cai	42
cam	11
can	16
canh	23
cao	140
cau	1
cay	4
cha	149
chai	5
chay	3
che	37
chen	6
chi	43
chia	38
chim	31
chiêm	3
chiên	65
chiêu	1
chiếc	16
chiếm	7
chiến	56
chiếu	35
chiều	28
chiều—khi	1
cho	2592
choàng	5
choán	1
choạng	1
chua	2
chui	3
chung	96
chuyên	18
chuyến	6
chuyển	18
chuyển—đều	1
chuyện	176
chuông	1
chuẩn	58
chuốc	3
chuộc	17
chuộng	5
chà	4
chài	1
chàng	1
chào	73
chán	1
chánh	2
cháu	35
cháy	25
châm	1
chân	184
châu	5
chè	3
chèn	3
chèo	5
chém	14
chén	20
chép	16
chê	11
chìa	8
chìm	6
chí	1
chích	2
chín	20
chính	172
chó	9
chóa	1
chóc	11
chói	12
chóng	5
chót	7
chôn	36
chông	1
chõng	1
chùm	1
chú	26
chúa	18
chúc	30
chúng	1938
chúng—tức	1
chút	18
chăm	45
chăn	43
chăng	13
chơi	8
chư	1
chưa	166
chưng	1
chương	13
chước	3
chướng	2
chưởi	2
chạy	66
chải	1
chảy	3
chấm	15
chấp	56
chất	22
chấu	2
chầm	1
chần	2
chậm	7
chận	14
chập	3
chật	2
chậu	5
chắc	86
chắn	30
chằng	1
chẳng	191
chặn	2
chặt	16
chế	26
chết	525
chết—Ngài	1
chết—vì	1
chết—để	1
chỉ	357
chỉnh	5
chị	1714
chịu	292
chọc	4
chọi	3
chọn	113
chỏa	1
chốc	6
chối	42
chốn	7
chống	93
chồn	1
chồng	70
chỗ	98
chớ	24
chớp	9
chờ	64
chờn	1
chở	6
chợ	14
chợt	5
chục	12
chụm	6
chủ	153
chủng	2
chứ	70
chứa	20
chức	22
chứng	230
chừng	28
chửi	5
chữ	10
chữa	102
chực	2
co	2
coi	12
con	1824
cong	1
con—lao	1
cu	1
cum	1
cung	10
cuối	40
cuốn	15
cuồng	4
cuộc	74
cuộn	14
cà	1
càng	75
cành	2
cào	5
cày	3
cá	53
các	2386
cách	249
cái	260
cám	26
cáng	5
cánh	9
cáo	93
cát	5
câm	10
cân	8
câu	52
cây	115
cãi	32
còn	546
còng	1
có	1857
có—ai	1
cô	90
côi	2
công	253
cõi	4
cùi	9
cùm	1
cùng	531
cúi	16
cúng	11
cút	1
căm	1
căn	17
căng	10
cũ	46
cũng	943
cũ—men	1
cơ	19
cơn	47
cư	37
cưa	1
cưới	25
cướp	27
cười	13
cường	1
cưỡng	3
cạm	5
cạn	6
cạnh	23
cạo	5
cạp	5
cả	502
cải	30
cảm	79
cản	18
cảng	5
cảnh	58
cấm	26
cấp	26
cất	29
cầm	92
cần	131
cầu	247
cẩm	2
cẩn	26
cận	6
cập	11
cậu	39
cậy	22
cắn	8
cắp	25
cắt	65
cằn	2
cặp	2
cọ	1
cọc	1
cọng	4
cỏ	29
cố	66
cối	6
cốp	3
cốt	3
cồm	1
cồn	1
cổ	10
cổng	20
cộc	2
cộng	5
cột	11
cớ	12
cờ	2
cởi	7
cỡ	1
cỡi	25
cỡi—con	1
cụ	1
của	2189
củi	1
cứ	75
cứng	12
cứu	199
cừu	4
cử	10
cửa	73
cữ	26
cự	2
cực	6
da	16
danh	128
di	5
dinh	17
diêm	8
diếm	2
diễm	1
diễn	17
diện	40
diệt	65
diệu	17
do	221
do-thái	4
doanh	7
du	3
dung	6
duy	25
duyên	1
dài	25
dàng	6
dành	73
dào	3
dám	49
dáng	1
dáy	4
dâm	16
dân	625
dâng	116
dâu	17
dây	8
dã	3
dãi	3
dèm	1
dép	7
dê	8
dính	2
dò	10
dòng	34
dõi	23
dù	91
dùng	210
dĩ	14
dĩa	5
dũng	6
dơ	36
dư	15
dương	56
dưới	114
dưỡng	3
dược	4
dạ	7
dại	53
dạn	30
dạng	13
dạo	4
dạt	3
dạy	436
dả	4
dấu	101
dần	8
dầu	25
dầy	1
dẫm	7
dẫn	93
dẫy	20
dập	5
dật	2
dậy	98
dắt	26
dặm	3
dặn	59
dẹp	6
dể	2
dễ	17
dệt	1
dị	33
dịch	4
dịp	17
dịu	4
dọa	6
dọc	13
dọn	18
dốc	1
dối	66
dối—chỗ	1
dốt	3
dồi	3
dỗ	163
dội	11
dội—cơn	1
dột	10
dời	7
dở	1
dụ	10
dục	56
dụng	36
dứt	19
dứt—anh	1
dừng	10
dữ	25
dự	99
dựa	8
dựng	67
e	10
em	1854
em—hoặc	1
em—hãy	1
em—không	1
em—trừ	1
gai	25
ganh	18
gao	2
gay	2
ghen	3
ghi	40
ghiếc	2
ghiền	1
ghé	17
ghét	57
ghê	7
ghẻ	3
ghế	9
ghề	1
gia	144
giam	23
gian	297
gian—cặn	1
gian—giống	1
gian—đến	1
giao	160
gieo	36
già	6
giàn	1
giành	2
giàu	75
giày	7
giá	55
giám	3
gián	2
giáng	6
giáo	95
giáp	1
giá—làm	1
giây	3
giã	21
giãy	1
giê-xu	2
gió	42
giông	1
giùm	6
giúp	181
giũ	1
giơ	17
giương	5
giường	11
giả	89
giải	142
giảm	1
giảng	221
giấc	5
giấm	6
giấu	43
giấy	8
giận	52
giận—là	1
giật	4
giặc	8
giặt	3
giếm	2
giếng	7
giết	196
giềng	23
giễu	13
giọng	1
giọt	2
giỏ	13
giỏi	10
giống	221
giới	121
giờ	326
giụa	1
giục	23
giụm	2
giữ	154
giữa	122
giựt	1
go	2
gom	12
goá	1
gà	15
gài	9
gào	4
gàu	1
gác	28
gái	61
gánh	20
gáy	13
gây	69
gãy	8
gì	659
gìn	4
gì—tôi	1
góa	26
góc	12
gói	1
góp	6
gông	1
gõ	8
gươm	33
gương	28
gượng	1
gạn	2
gạo	1
gạt	72
gả	9
gấp	9
gấu	1
gầm	2
gần	124
gẫm	5
gậm	1
gậy	14
gắn	3
gắng	39
gắp	1
gắt	2
gằn	1
gặp	170
gặt	34
gọi	223
gọi—dù	1
gốc	28
gối	11
gốm	3
gồ	1
gồm	18
gổ	2
gỗ	13
gỗ—là	1
gộc	5
gội	1
gớm	4
gởi	64
gỡ	7
gợi	3
gục	5
hai	382
ham	19
hang	11
hao	1
hay	198
heo	18
heo—khoảng	1
hi	112
hiến	23
hiếu	7
hiềm	1
hiền	5
hiểm	12
hiển	140
hiểu	192
hiểu—Lúc	1
hiện	195
hiệp	14
hiệu	24
hiệu—những	1
hoa	31
hoan	4
hoang	32
hoà	5
hoài	8
hoàn	84
hoàng	26
hoán	1
hoãn	2
hoạch	6
hoại	6
hoạn	3
hoạt	4
hoảng	22
hoặc	125
hung	6
huy	26
huyên	1
huyết	57
huyền	4
huyệt	5
huấn	4
huệ	4
huống	7
hà	3
hài	17
hàng	24
hành	127
hào	7
hái	20
hán	1
hát	19
hân	3
hãi	18
hãm	3
hãnh	17
hãy	583
hèn	11
héo	8
hét	10
hình	72
hò	1
hòa	131
hòn	10
hóa	59
hô	10
hôi	2
hôm	73
hôn	39
hông	8
hùa	2
hùng	8
hút	1
hăm	2
hăng	9
hơi	12
hơn	278
hơn—trên	1
hư	16
hương	30
hướng	39
hưởng	46
hạ	26
hạch	13
hại	69
hạn	18
hạng	1
hạnh	10
hạt	6
hả	2
hải	9
hảo	5
hấp	2
hất	4
hầm	1
hầu	39
hận	22
hậu	3
hắn	78
hằng	18
hẳn	14
hặc	1
hẹp	3
hẻm	1
hẻo	3
hết	227
hề	69
hễ	32
hệ	19
họ	1551
họa	5
học	61
họp	95
họ—hai	1
họ—rằng	1
hỏa	18
hỏi	354
hỏng	9
hố	13
hốc	3
hối	23
hốt	14
hồ	65
hồi	3
hồn	34
hồng	5
hổ	32
hổng	1
hỗn	4
hộ	5
hộc	2
hội	222
hộp	12
hột	54
hớn	16
hớt	2
hời	1
hở	16
hỡi	2
hợp	34
hợt	1
hục	1
hủy	34
hứa	115
hừng	2
hữu	178
hực	2
im	17
inh	1
khai	30
khan	2
khe	1
khen	26
khi	848
khinh	5
khiêm	17
khiêng	8
khiếm	1
khiến	192
khiếp	9
khiết	10
khiếu	3
khiển	3
kho	7
khoan	4
khoang	26
khoe	64
khom	1
khoá	2
khoác	3
khoăn	2
khoăn—Ta	1
khoảng	48
khoẻ	5
khu	6
khung	1
khuya	2
khuyên	47
khuyến	8
khuyết	4
khuôn	3
khuất	15
khá	13
khác	494
khách	31
khác—Đấng	1
kháng	1
khát	16
kháu	1
khéo	11
khép	2
khêu	1
khí	13
khích	40
khòm	2
khó	71
khóa	10
khóc	61
khói	11
khô	12
khôn	98
không	2617
khùng	2
khúc	10
khăn	35
khăng	6
khạc	1
khả	17
khải	5
khảo	3
khấp	1
khẩn	15
khắc	8
khắp	69
khắt	1
khỉnh	1
khỏa	1
khỏe	1
khỏi	318
khối	8
khốn	69
khống	1
khổ	159
khổng	4
khớp	3
khờ	13
khởi	14
khủng	5
khứ	5
kia	210
kim	4
kinh	49
kiên	24
kiêng	4
kiêu	17
kiếm	31
kiến	39
kiết	1
kiếu	2
kiềm	1
kiều	1
kiểm	4
kiểu	11
kiện	8
kèm	4
kèn	22
kém	23
kéo	35
kên	4
kêu	115
kìa	21
kìm	1
kí-lô	1
kích	4
kín	40
kính	89
ký	2
kẹp	1
kẹt	2
kẻ	548
kẻo	2
kẽ	1
kế	13
kết	92
kề	6
kềm	6
kể	45
kệ	1
kịp	3
kỳ	84
kỵ	13
kỷ	17
kỹ	21
la	39
la-ma	2
lai	27
lai—tất	1
lam	11
lan	9
lang	3
lao	43
lau	7
lay	5
len	2
leo	2
linh	86
liu	1
liêm	2
liên	12
liêng	37
liêng—làm	1
liếc	1
liếm	1
liềm	7
liền	287
liều	3
liệm	12
liệng	1
liệt	15
liệu	8
lo	86
loan	8
long	1
loài	80
loát	1
loè	1
loại	38
loạn	19
loẹt	1
lu	3
lui	6
lung	3
luyện	6
luân	4
luôn	182
luận	40
luật	305
luồng	5
ly	55
là	2310
làm	1531
làng	19
lành	176
lành—trước	1
lá	8
lác	3
lách	1
lái	8
láng	25
lánh	8
lát	4
lâm	6
lâu	68
lãng	1
lãnh	84
lão	73
lén	8
léo	2
lét	1
lê	4
lên	438
lênh	2
lì	1
lìa	4
lình	4
lính	87
lít	5
lò	4
lòa	7
lòe	3
lòng	418
ló	2
lóc	24
lói	3
lôi	12
lông	5
lùi	1
lùm	1
lùn	1
lùng	3
lúa	36
lúc	184
lút	3
lý	115
lăm	3
lăn	10
lũ	11
lũng	3
lũy	1
lơ	2
lơn	2
lư	3
lưng	14
lưu	9
lương	35
lưới	21
lướt	1
lười	1
lường	19
lưỡi	26
lưỡng	6
lượm	7
lượng	3
lượt	12
lạ	129
lạc	60
lạc—nhất	1
lại	1031
lạm	2
lạnh	6
lạnh—cho	1
lạy	54
lả	2
lải	1
lấn	6
lấp	3
lấy	262
lầm	33
lần	125
lầu	3
lầy	1
lẩn	1
lẩy	1
lẫn	37
lập	92
lật	4
lắc	3
lắm	39
lắng	23
lẳng	1
lặn	5
lặng	19
lặp	5
lẻn	5
lẽ	46
lều	10
lều—một	2
lễ	305
lệ	99
lệnh	103
lịch	1
lọt	2
lối	35
lốt	1
lồ	4
lồm	1
lỗ	22
lỗi	182
lỗi—tội	1
lỗi—tức	1
lỗi—đó	1
lộ	13
lộc	1
lộn	1
lột	1
lớn	281
lời	694
lở	1
lỡ	3
lợi	46
lục	4
lụng	2
lụt	12
lủng	1
lừa	37
lửa	87
lửng	1
lữ	3
lự	1
lựa	22
lực	66
lỵ	2
ma	53
ma-na	4
mai	14
man	1
mang	259
manh	1
mau	14
may	7
men	13
men—bánh	1
minh	18
miếng	24
miền	118
miễn	5
miện	4
miệng	51
miệt	1
mong	60
mua	35
muôn	18
muông	7
muối	4
muốn	474
muộn	2
mà	1266
màn	10
màng	5
màu	12
mày	2
má	4
mác	1
mách	2
mái	10
máng	3
mát	4
máu	14
máy	6
mâm	5
mâu	1
mây	24
mã	4
mãi	51
mãn	14
mãnh	4
mão	22
méo	1
mép	3
mê	3
mì	16
mình	882
mình—hơn	1
mình—mặc	1
mích	1
mò	2
mòn	2
móc	7
món	20
móng	2
mô	11
môi	6
môn	358
mông	2
mù	69
mùa	32
mùi	3
múa	6
múc	3
mũ	2
mũi	2
mơ	2
mưa	19
mưu	33
mươi	62
mướn	8
mười	125
mượn	6
mạ	10
mạc	28
mạch	3
mại	3
mạng	54
mạnh	112
mạo	6
mả	12
mải	4
mảnh	1
mất	94
mấy	168
mầm	3
mầu	5
mầy	12
mẩy	1
mẫm	1
mẫu	3
mập	5
mật	20
mắc	32
mắn	1
mắng	13
mắt	123
mắt—khi	1
mặc	108
mặn	8
mặt	319
mặt—về	1
mẹ	136
mẹo	1
mẻ	4
mẽ	12
mến	52
mềm	5
mệnh	46
mệt	7
mỉ	1
mị	1
mịn	6
mịt	3
mọc	25
mọi	552
mọi—nghĩa	1
mọn	4
mọt	4
mỏi	8
mối	7
mống	2
mốt	2
mồ	11
mồm	1
mỗi	98
mộ	52
mộc	7
mộng	5
một	1381
mới	249
mờ	3
mời	55
mở	88
mục	41
mủi	1
mức	12
mừng	98
mửa	1
mực	2
na	1
na-xa-rét	1
nai	3
nam	10
nan	2
nang	4
nao	3
nay	172
neo	6
nga	2
ngai	5
ngang	18
ngay	62
nghe	546
nghi	16
nghiêm	11
nghiên	3
nghiêng	2
nghiến	9
nghiệm	22
nghiện	3
nghiệp	11
nghèo	50
nghèo—điều	1
nghĩ	111
nghĩa	88
nghĩnh	1
nghẹt	1
nghề	10
nghỉ	35
nghị	6
nghịch	87
nghịu	1
ngoan	81
ngon	5
ngoài	119
ngoái	3
ngoại	65
ngu	14
nguy	20
nguyên	20
nguyền	17
nguyện	173
nguôi	2
nguồn	12
nguội	1
ngà	4
ngài	42
ngàn	57
ngàng	1
ngào	1
ngày	379
ngân	2
ngây	2
ngã	18
ngòi	2
ngón	7
ngóng	1
ngôi	91
ngôn	67
ngông	2
ngõ	1
ngút	1
ngăn	32
ngũ	2
ngơ	1
ngơi	14
ngưng	6
ngươi	491
ngước	11
người	3452
người—người	1
người—tất	1
người—từ	2
người—được	1
ngưỡng	1
ngược	27
ngượng	3
ngạc	62
ngại	13
ngạn	5
ngạnh	13
ngạo	3
ngả	2
ngầm	1
ngần	2
ngẩng	3
ngẫm	2
ngập	9
ngắm	2
ngắn	15
ngặt	1
ngọc	25
ngọn	21
ngọng	1
ngọt	5
ngồi	184
ngộ	4
ngột	1
ngớt	1
ngờ	14
ngỡ	1
ngợi	56
ngụ	44
ngục	56
ngủ	36
ngửi	1
ngữ	45
ngự	36
ngựa	30
ngực	7
nhanh	10
nhau	241
nhi	14
nhiên	109
nhiêu	36
nhiếc	1
nhiều	330
nhiễu	3
nhiệm	37
nhiệt	3
nho	45
nhu	6
nhuần	2
nhuốc	7
nhà	482
nhàng	1
nhành	4
nhào	10
nhác	5
nhái	1
nhánh	22
nhát	2
nhân	248
nhã	8
nhì	21
nhìn	125
nhí	1
nhóm	64
nhô	1
nhúng	8
nhút	1
nhũ	1
nhơ	7
như	1042
nhưng	634
nhường	18
nhượng	1
nhạc	6
nhạo	8
nhải	1
nhảm	3
nhảy	20
nhấc	1
nhấm	1
nhấn	1
nhấp	1
nhất	125
nhẫn	52
nhậm	1
nhận	436
nhận—của	1
nhận—vì	1
nhập	18
nhật	2
nhậu	6
nhắc	30
nhắm	4
nhắn	4
nhằm	12
nhằn	1
nhặt	1
nhẹ	9
nhẹt	4
nhịn	6
nhọc	6
nhọn	2
nhọt	1
nhỏ	59
nhỏm	2
nhốt	9
nhổ	19
nhớ	102
nhờ	117
nhở	3
nhục	87
nhủ	6
nhức	2
những	1505
nhựa	1
nia	1
ninh	1
niêm	3
niên	14
niêu	1
niềm	66
niệm	3
no	13
noi	10
nom	3
non	9
nung	4
nuôi	24
nuốt	6
nài	29
nàn	7
nàng	13
nàng—tức	1
nào	547
nào—nghĩa	1
này	1
nán	3
náo	6
nát	20
nâng	15
não	4
nãy	1
né	1
ném	68
nén	2
nét	2
nê	9
nên	925
nên—tức	1
nêu	5
ních	1
nó	351
nóc	2
nói	1046
nóng	16
nô	48
nôi	1
nông	5
núi	60
núng	3
núp	1
năm	122
năn	54
năng	125
nơi	299
nương	2
nước	205
nướng	2
nại	6
nạn	17
nạt	2
nản	7
nảy	2
nấng	2
nấy	35
nầy	731
nầy—bị	1
nầy—khoảng	1
nầy—nhà	1
nầy—tức	2
nẩy	8
nập	1
nắm	15
nắn	2
nắng	2
nắp	4
nằm	40
nặng	26
nẻo	3
nếm	9
nếp	27
nết	1
nếu	261
nề	1
nền	28
nể	19
nỉ	18
nịnh	1
nịt	5
nọ	30
nọc	6
nối	6
nồi	1
nổi	52
nỗi	64
nộ	14
nội	4
nộp	5
nới	1
nở	18
nợ	27
nức	3
nứt	4
nửa	13
nữ	58
nữa	433
nữa—xin	1
oai	3
oan	3
oi	1
ong	2
oán	2
pha	9
phai	1
phe	6
phen	1
phiên	9
phiền	6
phong	9
phun	4
phàm	1
phàn	7
phá	22
phác	1
phái	14
phán	142
pháp	191
pháp—công	1
phát	41
phân	64
phè	1
phép	201
phê	26
phí	19
phía	38
phòng	32
phó	11
phóng	9
phô	3
phù	13
phú	2
phúc	204
phút	4
phăng	5
phơi	18
phương	18
phước	21
phường	4
phượng	3
phạm	188
phạm—một	1
phạt	83
phải	1061
phản	39
phấn	3
phần	157
phẩm	4
phẫn	1
phận	29
phắc	1
phắt	2
phẳng	7
phế	1
phết	1
phỉ	6
phỉnh	25
phỏng	2
phố	64
phổ	5
phỡn	1
phụ	65
phục	174
phụng	38
phủ	12
phủi	5
qua	387
quan	174
quang	25
quanh	65
quay	41
que	2
quen	8
qui	38
quyên	5
quyến	3
quyết	41
quyền	351
quyển	3
quà	16
quá	90
quán	11
quát	2
quân	35
què	13
quét	4
quê	29
quên	23
quì	29
quí	48
quăng	14
quạnh	1
quả	53
quản	48
quả—có	1
quấn	9
quất	2
quấy	38
quần	62
quẫn	3
quẳng	1
quặn	2
quặt	2
quế	1
quỉ	168
quốc	49
quở	12
quỹ	1
ra	1067
rao	133
rau	1
ra—tất	1
reo	2
riêng	65
roi	7
run	8
rung	8
ruồi	1
ruộng	27
ruột	3
ràn	1
ràng	27
rày	2
rác	4
rách	7
ráng	1
rãi	10
rãnh	1
rèn	2
rét	1
rên	2
rêu	1
rình	5
rìu	2
rít	1
ròng	2
rõ	54
rú	4
rúng	3
rút	19
răn	19
răng	13
rĩ	2
rũ	1
rơi	55
rơm	2
rước	13
rưới	5
rưởi	1
rưỡi	5
rượu	50
rạ	1
rạc	1
rạch	1
rạng	4
rạp	2
rải	4
rảnh	1
rảo	1
rảy	1
rất	265
rầm	4
rầu	18
rầy	7
rẩy	3
rậm	1
rập	2
rắc	5
rắn	21
rằng	625
rẽ	12
rết	1
rền	4
rể	21
rễ	9
rỉ	5
rọi	3
rối	19
rống	2
rồ	5
rồi	471
rồi—nghĩa	1
rồi—như	1
rồng	19
rỗi	41
rỗng	2
rộn	2
rộng	27
rớt	6
rờ	28
rời	84
rỡ	10
rụng	3
rủ	1
rủa	24
rứt	2
rừng	4
rửa	40
rực	13
sa	26
sai	216
san	22
sang	46
sao	374
sau	314
say	15
si	1
sinh	265
siêng	3
so	12
soi	10
soát	3
soạn	1
sum	1
sung	9
suy	23
suê	1
suông	3
suýt	3
suối	10
suốt	42
sàng	56
sào	4
sách	57
sái	2
sáng	163
sánh	5
sáo	2
sát	12
sáu	26
sân	11
sâu	24
sét	6
sòng	1
sóc	30
sói	6
sóng	17
sót	6
sô	4
sôi	1
sông	26
sùi	4
sùng	2
súc	10
sút	1
săn	3
sĩ	66
sơ	13
sơn	1
sư	90
sưa	7
sưng	1
sương	3
sướng	4
sườn	1
sưởi	6
sạch	94
sạch—khỏi	1
sản	18
sảy	1
sấm	10
sấp	4
sầm	7
sầu	2
sập	15
sậy	3
sắc	7
sắng	9
sắp	81
sắt	9
sẵn	72
sẹo	2
sẻ	24
sẽ	1661
sếp	4
sềnh	1
sệch	1
sệt	2
sỉ	22
sỏi	2
số	183
sống	849
sốt	33
sổ	2
sớm	24
sờ	11
sở	10
sợ	142
sợi	4
sụp	11
sụt	1
sứ	370
sức	59
sứt	1
sừng	11
sử	14
sửa	21
sửng	13
sữa	5
sững	4
sự	626
sực	3
sự—do	1
ta	2636
tai	40
tan	13
tang	4
tao	8
tay	222
ta—bắt	1
ta—là	1
ta—một	1
ta—ngươi	1
ta—từ	1
tha	103
thai	16
tham	32
than	13
thang	4
thanh	27
thao	2
thau	3
thay	55
tha—là	1
tha—nếu	1
theo	591
thi	14
thin	1
thinh	7
thiên	338
thiêng	38
thiêu	10
thiến	1
thiết	9
thiếu	54
thiện	76
thiệt	11
thiệu	8
thoa	1
thong	1
thoát	62
thoại	1
thoải	3
thoảng	4
thu	49
thua	2
thung	3
thuyên	1
thuyết	14
thuyền	89
thuê	12
thuẫn	4
thuận	77
thuật	81
thuế	39
thuế—con	1
thuốc	4
thuộc	230
thuở	10
thà	16
thành	470
thác	7
thách	14
thái	5
thám	3
thán	2
tháng	19
thánh	268
tháo	7
tháp	10
thâm	3
thân	218
thâu	1
thèm	13
thét	5
thêm	108
thênh	1
thì	1488
thình	2
thí	2
thích	85
thít	1
thò	3
thòi	1
thòng	5
thói	1
thô	2
thôi	182
thôi—là	1
thôi—đó	1
thông	25
thù	59
thùng	2
thùy	1
thú	24
thúc	8
thúng	2
thăm	132
thũng	1
thơ	18
thơi	1
thơm	20
thư	54
thưa	145
thương	144
thước	6
thường	58
thưởng	38
thượng	10
thạch	7
thả	22
thảm	16
thản	2
thảnh	1
thảo	10
thấm	4
thấp	20
thất	12
thấu	4
thấy	706
thấy—chẳng	1
thấy—qua	1
thầm	17
thần	120
thầy	270
thẩm	5
thận	55
thập	53
thật	411
thắc	7
thắn	5
thắng	49
thắp	5
thắt	7
thằng	3
thẳm	2
thẳng	23
thẹn	2
thế	798
thết	4
thế—chẳng	1
thề	38
thềm	2
thể	579
thỉnh	3
thị	30
thịnh	13
thịt	32
thỏa	14
thốn	4
thống	37
thốt	11
thổ	2
thổi	33
thổn	1
thờ	270
thời	139
thở	7
thợ	22
thụ	5
thủ	11
thủy	13
thứ	232
thức	96
thừa	22
thừng	5
thử	49
thửa	7
thực	57
tin	720
tinh	53
tin—loại	1
tin—trước	1
tiên	335
tiêu	85
tiếc	2
tiến	9
tiếng	187
tiếp	179
tiết	21
tiền	133
tiểu	8
tiễn	3
tiệc	38
tiện	7
to	7
toang	3
toàn	142
toán	14
toạc	3
tra	8
trai	60
trang	7
tranh	37
trao	56
treo	16
tri	231
trinh	5
triết	1
triều	21
triển	1
triệu	8
tro	5
trong	1525
trong—một	1
trung	35
truyền	64
truyện	5
truồng	10
truớc	2
trà	4
tràn	19
trào	1
trá	10
trách	28
trái	74
trán	8
tránh	36
tráo	2
trâu	1
trèo	6
trên	580
trì	1
trình	70
trí	48
trích	10
trò	7
tròn	1
tròng	1
trói	17
trót	1
trôi	3
trông	46
trù	3
trùm	6
trùng	1
trú	7
trúc	2
trúng	6
trút	9
trăm	41
trăng	12
trưa	10
trưng	5
trương	1
trước	446
trường	7
trưởng	123
trại	3
trạm	3
trạng	10
trả	134
trải	13
trấn	33
trấu	4
trầm	5
trần	32
trận	5
trắc	7
trắng	23
trẻ	52
trễ	5
trị	110
trọ	11
trọc	2
trọn	9
trọng	176
trọt	4
trốn	21
trống	7
trồ	1
trồng	28
trổ	7
trổi	5
trỗi	1
trộm	29
trộn	12
trời	233
trở	407
trợ	8
trụ	9
trục	3
trụy	3
trứng	1
trừ	18
trừng	63
trửng	1
trữ	4
tung	2
tuy	20
tuyên	19
tuyết	2
tuyển	5
tuyệt	10
tuân	32
tuôn	3
tuần	16
tuế	1
tuếch	1
tuổi	31
tà	18
tài	33
tàn	19
tành	4
tàu	38
tá	27
tác	66
tách	3
tái	6
tám	14
tán	13
táo	6
tát	6
tâm	88
tâu	3
tây	2
té	17
tê	1
tên	182
tì	2
tìm	192
tình	146
tí	3
tích	7
tím	8
tín	184
tính	43
tòa	33
tòa—trước	1
tòi	1
tòm	1
tóc	15
tóm	3
tô	3
tôi	2154
tôi—ngoại	1
tôi—như	1
tôi—tôi	1
tôi—đó	1
tôn	68
tù	64
tùng	3
tùy	8
tú	2
túa	1
túc	8
túi	28
túm	2
túng	13
túy	1
tăm	30
tăng	10
tĩnh	1
tơ	1
tư	40
tươi	3
tươm	2
tương	51
tước	3
tưới	3
tướng	3
tường	12
tưởng	83
tượng	65
tạ	81
tạc	3
tại	158
tạm	13
tạo	60
tạt	1
tả	7
tản	10
tảng	49
tấm	22
tấn	1
tấp	2
tất	172
tầm	5
tẩm	1
tẩy	19
tận	31
tập	39
tật	12
tắc	19
tắm	3
tắt	15
tặng	11
tế	223
tề	3
tể	3
tệ	5
tỉ	1
tỉa	1
tỉnh	37
tị	6
tịch	1
tịnh	1
tỏ	187
tỏa	2
tố	30
tối	143
tốn	5
tống	20
tốt	166
tồi	1
tồn	11
tổ	68
tổn	21
tổng	32
tộc	73
tội	516
tột	1
tớ	193
tới	58
tờ	4
tởm	5
tụ	34
tục	58
tụng	21
tụy	3
tủy	1
tứ	56
tức	155
từ	744
từng	33
tử	39
tự	297
tựa	1
tựu	12
ung	1
uy	17
uống	107
uổng	5
vai	4
van	24
vang	13
vanh	2
vay	2
ve	2
ven	4
vi	22
vinh	182
viên	59
viếng	20
viết	208
viễn	1
việc	450
việc—làm	1
vong	4
vu	5
vua	170
vui	150
vung	4
vuông	1
và	3045
vài	64
vàng	76
vành	6
vào	569
vá	6
vác	8
vách	8
ván	1
vân	2
vâng	168
vây	11
vã	21
vãi	1
vãn	1
vì	1072
ví	9
vít	1
vò	2
vòm	4
vòng	51
vô	128
võ	1
vù	1
vùng	73
văn	4
vĩ	7
vĩnh	1
vũ	10
vơ	1
vương	8
vườn	46
vượt	7
vạch	1
vạn	6
vả	33
vải	35
vảy	1
vấn	18
vấp	20
vất	10
vẫn	122
vật	178
vậy	195
vắng	14
vắt	1
vẹn	11
vẻ	30
vẽ	2
vết	11
về	1023
vệ	6
vị	48
vịnh	1
vọng	104
vọt	2
vỏ	4
vốn	28
vồ	1
vỗ	1
vội	18
với	1278
vớt	3
vờ	5
vời	1
vở	2
vỡ	3
vợ	108
vụ	142
vụn	5
vụt	1
vừa	125
vững	84
vựa	2
vực	23
xa	117
xa-bách-tha-ni	2
xanh	8
xao	4
xay	4
xe	6
xem	158
xem—cái	1
xem—khán	1
xen	3
xin	304
xiềng	18
xong	105
xu	3
xua	3
xui	8
xung	7
xuyên	7
xuân	1
xuôi	4
xuất	53
xuẩn	3
xuống	298
xuống—mọi	1
xuội	5
xào	2
xá	4
xác	105
xách	1
xâu	1
xây	59
xã	1
xé	18
xéo	1
xét	83
xì	5
xích	7
xíu	3
xó	1
xóa	16
xóm	3
xót	19
xô	9
xôn	3
xông	3
xúc	5
xúi	13
xúm	2
xăm	1
xơ	1
xưa	28
xưng	33
xương	4
xướng	1
xược	1
xảo	3
xảy	111
xấc	1
xấp	1
xấu	112
xầm	3
xẻ	7
xế	4
xếp	7
xỉ	1
xỉa	2
xỉnh	1
xỉu	2
xỏ	1
xống	4
xộn	1
xứ	46
xức	12
xứng	29
xử	144
y	21
yên	25
yêu	373
yếm	1
yến	2
yếu	52
Á	13
Á-châu	6
Á-rập	3
Ác	18
Ách	1
Án	2
Ánh	6
Áo	1
Áp-ra-ham	121
Át-min	2
Át-ta-lia	1
Át-tê-ma	1
Át-đi	2
Ân	8
Ép-ba-phô-đai	2
Ép-pha-tha	1
Ép-ra-im	1
Ét-li	2
Ê	2
Ê-be	2
Ê-bên-nê-túc	1
Ê-lam	1
Ê-li	34
Ê-li-a-kim	4
Ê-li-a-xa	2
Ê-li-sê	1
Ê-li-xa-bét	14
Ê-li-ê-xe	2
Ê-li-út	2
Ê-ly-ma	4
Ê-lô-i	2
Ê-nê	3
Ê-nóc	6
Ê-nôn	1
Ê-pháp-ra	3
Ê-phê-sô	21
Ê-phê-sô—từ	1
Ê-ra-túc	1
Ê-rát-tu	2
Ê-rơ	2
Ê-sai	22
Ê-sau	6
Ê-thi-ô-bi	2
Ê-tiên	20
Ê-va	2
Ê-xê-chia	2
Ên-ma-đam	2
Êu-bu-lúc	1
Êu-đia	1
Ích-ta-chi	1
Ít	10
Ít-ca-ri-ốt	10
Ít-ra-en	78
Ô-bết	5
Ô-lim-ba	1
Ô-liu	12
Ô-mê-ga	3
Ô-ni-sê-phô-rơ	1
Ô-nê-si-phô-rơ	1
Ô-nê-xim	3
Ô-sê	1
Ông	273
Ý	9
à	36
ào	21
ác	167
ách	3
ác—trước	1
ái	28
ám	44
án	54
ánh	66
áo	134
áp	2
âm	19
ân	197
âu	18
ép	21
êm	1
ích	72
ít	58
ó	1
óc	10
ô	6
ô-liu	11
ôm	9
ôn	5
ông	870
ông—giờ	1
ùa	1
ùm	1
úp	2
út	1
ý	183
Ăn	6
Ăng-ti-ba-tri	1
Ăng-ti-tốt	1
ăn	436
Đa	2
Đa-ma-ri	1
Đa-mách	16
Đa-niên	1
Đa-vít	64
Đan-ma-nu-tha	1
Đan-ma-tia	1
Đang	6
Đem	1
Đi	11
Đi-ô-ni-xi	1
Đi-ô-trê-phe	1
Đi-đim	3
Điều	48
Điểm	3
Đoàn	2
Đuôi	1
Đàn	8
Đành	5
Đá	2
Đám	2
Đáng	2
Đâu	3
Đây	61
Đã	6
Đèn	1
Đê-ma	3
Đê-mê-triu	4
Đêm	13
Đình	3
Đó	73
Đóng	8
Đô-ca	1
Đôi	2
Đông	13
Đúng	13
Đưa	4
Đường	2
Được	5
Đại	5
Đạo	9
Đấng	392
Đất	4
Đầu	7
Đầy	3
Đặc	1
Đẹp	2
Đẹt-bơ	5
Đế	1783
Đến	63
Đế—theo	1
Đế—tôi	1
Đế—đã	1
Đền	5
Để	7
Đốc	1
Đối	13
Đốn	1
Đồ	2
Đồi	4
Đồng	6
Đổ	1
Độ	1
Đội	1
Đời	6
Đỡ	1
Đứa	12
Đức	15
Đứng	5
Đừng	153
đa	3
đai	8
đan	2
đang	511
đau	79
đe	3
đem	51
đen	3
đeo	7
đi	1059
đinh	53
điên	13
điêu	1
điếc	5
điếm	12
điềm	3
điền	21
điều	894
điểm	23
điển	1
điện	1
điệp	10
điệu	1
đo	10
đoan	4
đoàn	37
đoái	1
đoán	15
đoạn	2
đoạt	9
đua	7
đui	4
đuôi	11
đuốc	3
đuối	34
đuổi	80
đà	6
đàn	160
đàng	119
đành	2
đào	6
đày	7
đá	116
đám	55
đáng	131
đánh	103
đáo	6
đáp	259
đát	1
đáy	7
đâm	22
đâu	244
đây	237
đây—một	1
đây—nhất	1
đã	1731
đãi	29
đãng	2
đè	4
đèn	35
đêm	57
đênh	2
đình	75
đích	25
đính	1
đòi	17
đòn	14
đó	725
đóa	2
đói	37
đón	56
đóng	71
đôi	17
đông	86
đùa	2
đùi	1
đùng	2
đúng	101
đăng	6
đĩ	6
đũa	1
đơ	2
đơn	9
đưa	110
đương	4
đường	242
được	1803
được—dầu	1
đạc	2
đại	38
đạo	117
đạp	7
đạt	7
đảm	16
đảng	6
đảo	32
đấm	4
đấng	4
đất	267
đất—cho	1
đất—dân	1
đất—từ	1
đấu	22
đầu	298
đầy	254
đẩy	10
đẫn	1
đậm	3
đập	23
đậu	8
đậy	1
đắc	10
đắn	2
đắng	6
đắt	4
đằng	5
đẳng	2
đẵng	2
đặc	26
đặng	3
đặt	152
đẹp	54
đẻ	3
đế	15
đếm	6
đến	1717
đề	34
đền	147
đều	302
để	1289
đệ	367
đỉnh	5
địa	32
định	120
đọa	1
đọc	38
đỏ	15
đố	12
đốc	30
đối	135
đốn	10
đống	9
đốt	24
đồ	172
đồi	13
đồn	27
đồng	228
đồ—chẳng	1
đổ	58
đổi	44
đỗi	1
độ	22
độc	26
đội	18
độn	1
động	88
đớ	1
đớn	18
đờ	1
đời	410
đờn	6
đỡ	82
đợi	36
đục	3
đụng	14
đủ	125
đứa	71
đức	307
đức—chẳng	1
đứng	233
đứt	11
đừ	2
đừng	188
đực	4
đựng	27
Ơ	1
Ơ-nít	1
Ơ-phơ-rát	2
Ơn	1
ơi	114
ơn	73
Ước	4
ưa	8
ương	13
ước	65
Ạt-tê-mít	6
ạt	2
ảnh	17
ảo	1
ấm	4
ấm—không	1
ấn	16
ấp	1
ấu	2
ấy	1174
ấy—những	1
ẩn	8
ập	5
ẵm	1
ếch	1
ếch-ta-đia	2
ỏi	1
ốm	1
ồn	6
ổ	25
ổn	1
ớt	4
Ở	36
ở	702
ủ	2
ủi	27
ủy	6
ứng	5
ửng	1
ỷ	4
–10	3
–11	1
–12	1
–2	5
–23	3
–3	1
–4	1
–7	1
–8	2
—	19
‘	395
’	395
“	1875
”	1873
