!	2538
"	2
(	149
)	149
,	50161
-	14
.	34105
0.50m	6
0.60kg	1
0.60m	2
0.75m	10
0.80kg	13
1	2
1.000	9
1.000kg	1
1.017	1
1.052	2
1.0m	2
1.2	1
1.200	1
1.20l	1
1.222	1
1.247	2
1.254	4
1.25m	4
1.290	1
1.30m	1
1.335	1
1.400	1
1.40kg	1
1.50kg	13
1.50m	2
1.7	1
1.760	1
1.80m	1
10.000	4
100	5
100.000	1
108.100	1
10m	1
110	1
110gm	14
112	3
12	26
12.000	14
120	2
120.000	3
122	2
123	2
128	4
13	1
13.32m	1
13.50m	1
130	2
133.20m	1
138	1
139	1
14	1
144.000	3
148	1
14m	3
150	3
151.450	1
153.600	1
156	1
157.600	1
15m	2
16.000	2
160	1
16m	1
17.200	1
170	1
170kg	2
172	1
18	2
18.000	2
180.000	2
180m	1
186.400	1
188	1
1m	2
2.056	1
2.100l	2
2.172	2
2.25m	7
2.30kg	1
2.30m	1
2.322	1
2.400kg	1
2.50m	4
2.600	1
2.812	1
2.818	1
20	3
20.000	4
20.200	1
20.800	1
200	6
200.000	3
200kg	1
21	1
212	1
218	1
22	2
22.000	2
22.000l	1
22.034	1
22.200	1
22.20m	1
22.273	1
22.600	1
220	2
223	2
22l	1
23	1
23.000	1
23m	5
24.000	12
240	1
242	1
245	2
25	1
250	1
26.000	1
273	1
27m	3
28	1
28.600	1
280.000	2
284	1
28kg	1
29	1
2m	5
3	2
3.000	4
3.023	1
3.4	2
3.40	1
3.400	2
3.400kg	2
3.450	1
3.50	1
3.600	2
3.630	1
3.700	1
3.930	1
30.000	2
30.000kg	1
30.500	2
300	4
300.000	3
307.500	1
30kg	1
30đĩa	1
32	1
32.000	1
32.200	2
32.500	1
320	2
323	1
324	1
328	1
33	1
337.500	2
34	1
345	3
34kg	2
35.400	2
36.000	3
37.000	1
372	2
392	2
3kg	2
4.500	4
4.50m	2
4.600	1
40	1
40.000	2
40.500	3
400	2
400.000	1
41.500	2
415	1
42	2
42.360	2
43.730	1
435	2
45.400	1
45.600	1
45.650	2
450gm	1
450m	1
454	1
46.000	1
46.500	1
468	1
46m	5
4l	1
4m	2
5.000	2
5.400	1
5.50gm	2
50	2
50.000	1
500	3
500.000	1
500kg	1
52	2
52.700	1
53.400	3
530	1
54.400	2
56	1
57.400	2
59.300	2
5m	1
6.200	1
6.720	2
6.800	1
60	1
60.000	1
60.500	1
600	2
600gm	1
601	1
601.730	1
603.550	2
61	1
61.000	1
610	1
62	1
62.700	2
621	2
623	1
628	1
64.300	1
64.400	1
642	2
648	1
652	2
655	1
66.000l	1
666	1
667	1
67	1
675	1
675.000	1
690	1
6gm	2
6kg	2
7	1
7.000	3
7.100	1
7.337	2
7.500	1
7.50m	1
7.5m	1
7.700	2
70	2
70.000	2
700	1
72	2
72.000	1
721	1
725	1
736	1
74	2
74.600	2
743	2
745	1
76.500	1
760	2
775	1
7m	2
8.600	1
80	2
80.000	2
800.000	1
822	1
832	1
845	1
87.000	1
900m	1
928	1
945	1
95	2
956	1
96	1
973	2
98	2
9m	10
:	8182
;	5014
?	3105
A	6
A-ba	3
A-ba-na	1
A-ba-rim	6
A-ba-đôn	1
A-be-lô	1
A-bi	4
A-bi-a-sáp	1
A-bi-anh-bôn	1
A-bi-ga-in	16
A-bi-ganh	1
A-bi-gia	30
A-bi-giam	7
A-bi-ha-đin	2
A-bi-hai	5
A-bi-hu	12
A-bi-hút	1
A-bi-len	1
A-bi-ma-ên	2
A-bi-mê-léc	65
A-bi-na-đáp	13
A-bi-nô-am	4
A-bi-ram	11
A-bi-sa-lôm	2
A-bi-sai	25
A-bi-su	2
A-bi-sua	7
A-bi-sắc	5
A-bi-tanh	2
A-bi-tha	2
A-bi-túp	1
A-bi-ê-se	5
A-bi-ê-xe	1
A-bi-ê-xê-rít	4
A-bi-ên	3
A-bi-út	2
A-bi-đa	1
A-bi-đan	5
A-bia-tha	29
A-bu-sát	1
A-bác-sát	11
A-bên	22
A-bên-Mích-ra-im	1
A-bên-ma-im	1
A-bíp	2
A-bít	1
A-bô-li-ôn	1
A-bô-lô	12
A-bô-lô-ni	1
A-búc	1
A-bạc-tha	1
A-bết	16
A-ca	1
A-can	9
A-cha	48
A-cha-xia	44
A-chai	10
A-chai-cơ	1
A-chi-ram	2
A-chim	2
A-chu-rim	1
A-chíp	2
A-cát	1
A-cô	6
A-cúp	8
A-ga	24
A-ga-bút	2
A-ghê	1
A-gi-đa	1
A-gia	2
A-gia-lôn	10
A-giát	1
A-gu-rơ	1
A-gát	9
A-ha	1
A-ha-bên	1
A-ha-va	3
A-he	1
A-hi	43
A-hi-am	1
A-hi-an	1
A-hi-cam	20
A-hi-gia	22
A-hi-giam	1
A-hi-giô	2
A-hi-hút	2
A-hi-lút	5
A-hi-ma-ách	3
A-hi-man	4
A-hi-mát	14
A-hi-mê-léc	13
A-hi-mốt	1
A-hi-na-đáp	1
A-hi-nô-am	7
A-hi-ra	5
A-hi-sa	1
A-hi-sa-ha	1
A-hi-sa-mạc	3
A-hi-tô-phen	20
A-hi-túp	18
A-hi-ê-xe	6
A-hi-ô	4
A-hu-mai	1
A-hu-xam	1
A-hách-tha-ri	1
A-háp	101
A-hát	1
A-hát-bai	1
A-hô-a	4
A-hô-ha	1
A-hô-hi	1
A-in	5
A-khê-lau	1
A-kích	20
A-kít	1
A-la-mốt	1
A-lam-mê-léc	1
A-li-a	1
A-li-an	1
A-long-ba-cúc	1
A-léc-xan-đơ	3
A-lê-mết	4
A-lê-xan-đơ-ri	4
A-lôn	1
A-lúc	2
A-lịch-sơn	3
A-ma-léc	51
A-ma-na	1
A-ma-ri-gia	1
A-ma-ria	17
A-ma-sa	17
A-ma-sai	6
A-ma-sia	1
A-ma-xai	1
A-ma-xia	43
A-mam	1
A-manh	1
A-men	54
A-mi	1
A-mi-hút	10
A-mi-na-đáp	17
A-mi-tai	1
A-mi-ên	5
A-mê-át	1
A-mít-tai	1
A-mô	2
A-mô-nai	1
A-mô-rít	85
A-mô-đát	2
A-môn	27
A-mốc	2
A-mốt	23
A-na	9
A-na-cha-rát	1
A-na-gia	2
A-na-kim	11
A-na-lốt	1
A-na-mim	2
A-na-mê-léc	1
A-na-ni	1
A-na-nia	16
A-na-tốt	19
A-nan	1
A-ne	3
A-nem	1
A-ni-am	1
A-ni-gia	1
A-nim	1
A-nác	7
A-náp	2
A-nát	5
A-núp	1
A-nốt	1
A-phi	1
A-phia	1
A-phéc	9
A-phê	2
A-phê-ca	1
A-qui-la	7
A-ra	5
A-ra-a	1
A-ra-ba	34
A-ra-bia	4
A-ra-lốt	1
A-ra-rat	1
A-ra-rát	4
A-ram	106
A-ran	2
A-rau-na	7
A-ri-kham	5
A-ri-ma-thê	4
A-ri-sai	1
A-ri-tạc	5
A-ri-ê	1
A-ri-ên	8
A-ri-óc	8
A-ri-đa-tha	1
A-ri-đai	1
A-rim	1
A-ru-bốt	1
A-ru-ma	2
A-rách	1
A-ráp	2
A-rát	4
A-rê-kít	2
A-rê-li	3
A-rê-ta	1
A-rê-ô-ba	3
A-rích-tô-bu	1
A-rô-di	1
A-rô-e	17
A-rô-rít	1
A-rôn	384
A-rơ	5
A-rơ-ni	2
A-rết	4
A-rốt	2
A-sa	60
A-sa-gia	6
A-sa-lia	1
A-sa-ria	1
A-sa-rê-la	1
A-sa-rên	2
A-sa-ên	6
A-sai-gia	1
A-san	4
A-se	45
A-sehọ	1
A-si	1
A-si-ma	1
A-si-ri	149
A-si-ên	1
A-sin-cơ-rich	1
A-sua	7
A-suê-ru	29
A-sáp	34
A-sát	1
A-sê-na	5
A-sê-nu-a	1
A-sê-ra	28
A-sốt	2
A-ta-li	2
A-ta-ra	1
A-ta-rốt	6
A-te	5
A-tha-gia	1
A-tha-li	17
A-tha-rim	1
A-then	7
A-thạch	1
A-tra-mê-léc	3
A-tra-mít	1
A-tát	2
A-tê-ma	1
A-va	1
A-va-đi	2
A-ven	8
A-vim	3
A-vát	3
A-vít	3
A-xa	1
A-xa-lia	1
A-xa-nia	1
A-xa-ri	1
A-xa-ri-u	1
A-xa-ria	50
A-xa-rên	5
A-xa-xia	3
A-xa-ên	13
A-xan	1
A-xi-xa	1
A-xi-ên	1
A-xu-ba	4
A-xu-rơ	1
A-xua	2
A-xê-ka	7
A-xên	7
A-xô	2
A-xốt	1
A-đa	20
A-đa-gia	10
A-đa-ma	1
A-đa-mi	1
A-đam	36
A-đan	13
A-đan-gia	1
A-đi	2
A-đi-na	1
A-đi-nô	1
A-đi-tha-im	1
A-đi-ên	4
A-đin	4
A-đu-lam	9
A-đu-mim	2
A-đê-a-đa	1
A-đô-ni	5
A-đô-ni-cam	3
A-đô-ni-gia	36
A-đô-ni-ram	1
A-đô-ra-im	1
A-đô-ram	2
A-đôn	1
A-đờ-ria	1
Ai	564
Ai-cập	647
Ai-gia	4
Am-li-a	1
Am-ma	1
Am-mi-hút	2
Am-mi-na-đáp	1
Am-mi-sa-đai	5
Am-mi-xa-đáp	1
Am-mi-ên	1
Am-môn	117
Am-nôn	34
Am-phi-bô-li	1
Am-ra-phin	2
Am-ram	15
Am-si	3
An	7
An-na	2
An-na-nia	1
An-ne	20
An-pha	3
An-phê	3
An-rê	15
An-ti-ba	1
An-ti-ba-tri	1
An-ti-ốt	21
An-trô-ni-cơ	1
An-tô-ti-gia	1
Anh	550
Anh-môn	3
Anh-va	1
Ao	5
Ar	1
Ba	48
Ba-Giê-su	1
Ba-a-la	2
Ba-a-lít	1
Ba-a-na	12
Ba-an	1
Ba-anh	127
Ba-anh-Ha-nan	2
Ba-anh-Mê-ôn	1
Ba-by-lôn	307
Ba-by-lônĐâm	1
Ba-by-lônĐể	1
Ba-bên	2
Ba-hu-rim	7
Ba-i-sa	1
Ba-la	5
Ba-la-am	71
Ba-la-tư	1
Ba-la-đan	4
Ba-lác	39
Ba-lát	3
Ba-lát-bê-e	1
Ba-ma	1
Ba-mốt	4
Ba-na-ba	32
Ba-ni	17
Ba-nê-a	10
Ba-ra	3
Ba-ra-ba	12
Ba-ra-chi	1
Ba-ra-kê-ên	2
Ba-ra-đi	1
Ba-ria	1
Ba-rác	15
Ba-rúc	30
Ba-sa-ba	2
Ba-san	60
Ba-sê-bết	1
Ba-sê-gia	2
Ba-sê-mát	1
Ba-ta-ra	1
Ba-thê-lê-mi	4
Ba-ti-mê	1
Ba-tư	37
Ba-u	1
Ba-ê-sa	26
Bam-phi-li	5
Ban	57
Bao	25
Bay	5
Be-léc	1
Ben	7
Beo	2
Bi-la	12
Bi-li-am	1
Bi-nê-a	4
Bi-rê-sa	1
Bi-rốt	2
Bi-si-đi	2
Bi-sốt-gia	1
Bi-thi-ni	2
Bi-thia	1
Bim-hanh	1
Bin-nui	10
Binh	14
Binh-ga	3
Binh-gai	1
Binh-ha	1
Binh-han	3
Binh-san	2
Binh-đát	5
Biên	9
Biếc-tha	1
Biếc-xa-vít	1
Biến	5
Biết	40
Biển	55
Biện	1
Biệt-sê-ba	9
Biệt-vai	5
Biệt-vai,2.067	1
Bu-ki	7
Bu-na	1
Bu-ni	1
Bu-tô-lơ	1
Bu-xi	3
Bu-xơ	3
Bun	1
Bun-ni	2
Buông	2
Buồn	3
Buổi	17
Buộc	1
Bà	145
Bài	2
Bàn	26
Bá	3
Bác-ba-cát	1
Bác-mê-na	1
Bác-mô	1
Bách-mát	6
Bám	2
Bán	4
Bánh	27
Báo	5
Báp-tem	1
Báp-tít	16
Bát-Ra-bim	1
Bát-lit	1
Bát-sua	1
Bát-sê-ba	10
Bát-xi-lai	12
Bây	191
Bão	6
Bé	1
Bén	1
Bê-a-lia	1
Bê-a-lốt	2
Bê-a-sa	1
Bê-bai	6
Bê-cô-rát	1
Bê-e	8
Bê-e-sê-ba	18
Bê-e-ê-lim	1
Bê-ka	6
Bê-la	15
Bê-la-cha-roi	1
Bê-la-gia	2
Bê-léc	5
Bê-lét	1
Bê-na-gia	44
Bê-ni-nu	1
Bê-nê	1
Bê-nê-Gia-can	2
Bê-nê-ha-sem	1
Bê-nô	1
Bê-nốt	1
Bê-ra	1
Bê-ra-ca	3
Bê-ra-gia	1
Bê-re	2
Bê-ri	1
Bê-ri-a	12
Bê-ri-ba-anh	1
Bê-rác	1
Bê-réc-gia	2
Bê-rê	4
Bê-rê-kia	9
Bê-rê-nít	3
Bê-rít	2
Bê-rít-sin	6
Bê-rô-thai	1
Bê-rết	2
Bê-rốt	1
Bê-sai	3
Bê-se	1
Bê-sô	3
Bê-sô-đia	1
Bê-tha-ni	12
Bê-thu	1
Bê-tu-ên	10
Bê-tác	1
Bê-tên	73
Bê-tô-lê-mai	1
Bê-tô-nim	1
Bê-xanh-ên	1
Bê-xéc	6
Bê-ê-ra	3
Bê-ê-ri	2
Bê-ê-rốt	11
Bê-ên	1
Bê-ên-gia-đa	1
Bê-ên-xê-bun	7
Bê-ô	9
Bê-ôLà	1
Bê-ôn	1
Bê-đan	2
Bê-đi-gia	1
Bê-đát	2
Bên	81
Bên-am-mi	1
Bên-gia-min	182
Bên-gia-mincó	1
Bên-ha-đát	1
Bên-hai	1
Bên-sát-xa	7
Bên-tơ-sát-xa	10
Bên-ô-ni	1
Bêu	1
Bình	22
Bí	1
Bích	1
Bích-ca	1
Bích-lam	1
Bích-ri	9
Bích-tha	1
Bích-than	2
Bò	11
Bò-cạp	2
Bó	1
Bóc	2
Bói	1
Bóng	10
Bóp	3
Bô-a-nẹt	1
Bô-cát	1
Bô-cô-rơ	1
Bô-han	2
Bô-kim	2
Bô-kê-rết	2
Bô-sô	1
Bô-ách	2
Bô-ô	32
Bô-ôBô-ô	1
Bôn-ti	2
Bôn-xơ	1
Bông	2
Bông-tu	2
Bông-ty	1
Búc-ki-gia	2
Búp-li-u	2
Băng	1
Bước	11
Bạc	10
Bạc-bu-kia	3
Bạc-búc	2
Bạc-thê	1
Bạch-mai	1
Bạn	11
Bạo	3
Bạt	1
Bạt-ba	1
Bạt-cốt	2
Bạt-lút	1
Bản	2
Bảng	6
Bảo	16
Bảy	23
Bất	62
Bấy	454
Bầu	7
Bầy	11
Bẫy	3
Bắc	12
Bắn	3
Bắp	1
Bắt	16
Bằng	14
Bẹt-ga	3
Bẹt-găm	2
Bẹt-si-đơ	1
Bẻ	7
Bẽ	1
Bết	91
Bết-a-ven	2
Bết-ba-xa	1
Bết-bi-rê	1
Bết-ca	1
Bết-ga-đe	1
Bết-ghinh-ganh	1
Bết-giê-si-mốt	2
Bết-ha-kê-rem	1
Bết-ha-ê-xen	1
Bết-hô-rôn	2
Bết-hạc-kê-rem	1
Bết-lê-hem	53
Bết-lê-áp-ra	1
Bết-ma-a-ca	2
Bết-ma-ca-bốt	1
Bết-pha-giê	3
Bết-phê-lê	1
Bết-rê-hốp	1
Bết-sa-lê-ên	16
Bết-sai	2
Bết-sai-đa	7
Bết-san	3
Bết-se	4
Bết-sua	3
Bết-sê-an	1
Bết-sê-mết	4
Bết-sô-ba	1
Bết-xa-tha	1
Bết-Ách-ma-vết	1
Bết-ê-ra	1
Bết-ê-đen	1
Bề	2
Bể	4
Bệ	25
Bệnh	2
Bị	47
Bịt	1
Bọ	1
Bọn	28
Bọt-a-san	1
Bỏ	6
Bốc	1
Bốc-ru	2
Bối	1
Bốn	18
Bốt-cát	1
Bốt-kiu	1
Bốt-ra	8
Bốt-sết	1
Bồ	3
Bồn	2
Bồng	1
Bỗng	15
Bộ	7
Bột	3
Bờ	1
Bởi	98
Bụi	6
Bụng	3
Bủa	1
Bức	4
Bữa	2
CHO	1
CHÚA	6469
CHÚAChưa	1
CHÚACùng	2
CHÚAGiáng	1
CHÚAGiữa	1
CHÚAHuống	1
CHÚAHơn	1
CHÚAKhi	1
CHÚAMới	1
CHÚANhìn	1
CHÚANhư	3
CHÚANhưng	2
CHÚASẽ	3
CHÚAThì	1
CHÚATrong	1
CHÚATrên	1
CHÚATưới	1
CHÚATốt	2
CHÚATừ	2
CHÚAVà	26
CHÚAVì	6
CHÚAVề	1
CHÚAĐi	1
CHÚAĐánh	1
CHÚAĐược	1
CHÚAĐến	2
CHÚAĐể	2
CHÚAđã	2
CHÚAỞ	2
Ca	17
Ca-bun	2
Ca-bút	1
Ca-in	24
Ca-lai	1
Ca-lách	2
Ca-lép	43
Ca-ma-in	1
Ca-na	7
Ca-na-an	161
Ca-na-anĐể	1
Ca-nê	2
Ca-nô	1
Ca-pha-na-um	16
Ca-ri	2
Ca-rê-át	14
Ca-si-phia	1
Ca-đê	24
Ca-đết	1
Cai	3
Cai-nam	4
Cai-pha	9
Cam	1
Can-đác	1
Canh	5
Canh-côn	1
Canh-nê	1
Canh-đê	87
Canh-đêChạy	1
Canh-đêSẽ	1
Canh-đôn	1
Cao	58
Cha	432
Cha-bo	3
Cha-la	1
Cha-ran	7
Cham	16
Che	2
Chi	41
Chi-ô	1
Chia	2
Chim	10
Chiêm	1
Chiên	54
Chiếc	4
Chiếm	2
Chiến	8
Chiếu	2
Chiều	15
Cho	309
Choàng	1
Chu	1
Chu-xa	1
Chung	19
Chuyên	6
Chuyển	1
Chuyện	4
Chuẩn	7
Chuồng	3
Chuỗi	1
Chuộc	32
Chà	2
Chà-là	1
Chàng	25
Chào	4
Cháu	18
Cháy	1
Châm	6
Chân	31
Châu	5
Chén	10
Chép	1
Chê	1
Chê-ran	1
Chê-ru-bim	7
Chê-rúp	1
Chêm	1
Chí	53
Chích	1
Chính	317
Chó	6
Chói	2
Chôn	1
Chõng	1
Chùi	1
Chùm	1
Chú	4
Chúa	6848
ChúaĐến	2
ChúaĐể	3
Chúc	29
Chúng	1308
Chăn	4
Chưa	19
Chương	3
Chạm	3
Chạy	9
Chảy	6
Chấp	1
Chất	7
Chầu	1
Chậm	4
Chắc	49
Chẳng	75
Chặng	1
Chặt	4
Chẻ	1
Chế	4
Chết	8
Chỉ	106
Chị	23
Chịu	2
Chọc	2
Chọn	4
Chốn	1
Chống	9
Chồi	4
Chồn	1
Chồng	12
Chỗ	10
Chớ	102
Chớp	1
Chờ	5
Chở	1
Chợt	1
Chủ	50
Chứ	8
Chứa	2
Chứng	8
Chữ	1
Chữa	1
Coa	1
Coi	8
Con	1413
ConĐược	1
Cu-sa-gia	1
Cu-si	1
Cu-sơ	1
Cun	1
Cung	13
Cuốc	1
Cuối	21
Cuồn	2
Cuồng	3
Cuộc	6
Cuộn	3
CÁC	2
Cài	3
Càng	7
Cành	5
Cào	5
Cày	1
Cá	8
Các	1755
Cách	8
Cách-lu-him	2
Cái	22
Cán	2
Cánh	22
Cáp-ba-đốc	2
Cáp-bôn	1
Cáp-sê-ên	1
Cáp-tô	3
Cáp-tô-rim	3
Cáp-xê-ên	2
Cát	3
Cát-ca	3
Cát-mi	2
Cát-mi-ên	8
Cát-mô-nít	1
Cát-na-đim	1
Cát-sê-na	1
Cát-tát	2
Cân	3
Câu	4
Cây	60
Còn	398
Có	500
Cô	32
Cô-la-gia	2
Cô-lô-se	1
Cô-na-nia	3
Cô-nia	3
Cô-ra	7
Cô-ra-xin	2
Cô-rinh-tô	9
Cô-rê	30
Cô-sam	2
Cô-xê-ba	1
Côn-hô-xe	2
Công	50
Cõi	4
Cùng	63
Cú	1
Cúc	5
Cúc-san	1
Cúc-si	1
Cúi	3
Cút	3
Cút-san	4
Căm	2
Căn	1
Căng	2
Cũ	1
Cũng	262
Cơ	6
Cơ-lau-đia	1
Cơ-lâu	1
Cơ-lê-măn	1
Cơ-lê-ô-ba	1
Cơ-lê-ô-ba--trả	1
Cơ-lô-ê	1
Cơ-lô-đa	1
Cơ-lốt	2
Cơ-nít	1
Cơ-rê-sen	1
Cơ-rít-bu	2
Cơ-rết	10
Cơ-ve	4
Cơ-đốc	1
Cơm	1
Cơn	38
Cư	1
Cư-tha	1
Cưu	3
Cướp	5
Cưỡi	3
Cạnh	5
Cạo	2
Cạt-kê-mít	2
Cạt-mi	7
Cạt-mên	29
Cạt-than	1
Cả	103
Cảm	11
Cảng	1
Cảnh	8
Cấp	1
Cất	5
Cầm	5
Cần	2
Cầu	80
Cẩn	2
Cập	112
Cậu	22
Cậy	4
Cắm	1
Cắn	1
Cắt	2
Cằn	1
Cặp	1
Cọt-nây	10
Cỏ	8
Cố	3
Cối	1
Cốp	1
Cốt	3
Cốt-bi	2
Cổ	12
Cổng	17
Cỗ	2
Cộng	3
Cột	4
Cớ	11
Cởi	1
Cụ	17
CỦA	2
Của	29
Củi	2
Củng	1
Cứ	27
Cứng	2
Cứu	611
Cừu	1
Cửa	8
Cực	1
Cựu	1
Da	11
Dang	4
Danh	96
Dao	2
Di	2
Di-ba	1
Di-ganh	2
Di-rê-gia	2
Di-si	5
Di-si-gia	4
Di-đê-a-la	1
Dim-na	3
Dim-ra	2
Dinh	1
Diêm	1
Diễn	1
Diện	1
Diệt	6
Diệu	1
Do	312
Do-thái	61
Du	1
Du-sáp	1
Dung	1
Duyên	2
Duyệt	1
Dàn	1
Dân	281
Dâng	12
Dâu	1
Dây	9
Dê	5
Dích-bác	2
Dích-va	1
Dích-vi	2
Dích-và	1
Díp-ha	1
Díp-láp	1
Díp-sam	1
Díp-tha-ên	2
Díp-tách	1
Dít-bác	1
Dít-hi-gia	2
Dít-ma	1
Dít-ma-hia	1
Dít-pha	1
Dít-ra-hia	2
Dít-ran	2
Dít-rê-am	1
Dít-rít	1
Dít-sa	2
Dít-se	1
Dít-sê-ha	10
Dít-sê-ri	1
Dòng	53
Dông	1
Dù	227
Dùng	28
Dĩ	4
Dũng	2
Dương	3
Dưới	29
Dường	1
Dạ	14
Dại	1
Dạo	1
Dạy	6
Dấu	2
Dầu	27
Dẫn	11
Dẫu	1
Dắt	4
Dẹp	2
Dệt	4
Dịch-ca	1
Dọc	16
Dọn	1
Dốt-ba-tha	3
Dồn	1
Dục	3
Dụng	1
Dừng	1
Dữ	1
Dựa	3
Dựng	8
E	19
E-bết	6
Em	51
Em-ma-nu-ên	3
Em-ma-út	2
En-ghê-đi	2
En-gia-sip	1
En-gia-síp	2
En-giô-ê-nai	2
En-na-than	5
En-rim-môn	1
En-sa-phan	1
Et-tơ-mô-a	1
Ga-anh	9
Ga-ba-tha	1
Ga-ba-ôn	37
Ga-ba-ônĐể	1
Ga-ha-rơ	2
Ga-ham	1
Ga-la	3
Ga-la-ti	7
Ga-la-át	142
Ga-la-átĐể	1
Ga-li-lê	77
Ga-li-ô	3
Ga-lim	2
Ga-lét	2
Ga-ma-liên	7
Ga-mun	1
Ga-mátỞ	1
Ga-nim	2
Ga-num	1
Ga-ran	1
Ga-ri-xim	3
Ga-rép	3
Ga-tham	3
Ga-xa	24
Ga-xam	2
Ga-xe	2
Ga-ách	4
Ga-đa-ra	1
Ga-đi	3
Gai	4
Gai-út	5
Gang	1
Ghe	1
Ghi	2
Ghi-Bê-ôn	1
Ghi-ba	1
Ghi-bê	1
Ghi-bê-a	49
Ghi-bê-lít	1
Ghi-bê-thôn	5
Ghi-bê-át	1
Ghi-bê-ôn	5
Ghi-hôn	6
Ghi-la-lai	1
Ghi-lô	4
Ghi-nát	1
Ghi-nê-thôn	3
Ghi-rê	1
Ghi-rê-ga-sít	5
Ghi-tha-im	1
Ghi-xôn	1
Ghi-ách	1
Ghi-đanh-thi	2
Ghi-đeo-ni	5
Ghi-đê-ôn	51
Ghi-đên	4
Ghi-đô	1
Ghi-đôm	1
Ghia-gát	1
Ghim-sô	1
Ghinh-bô-a	8
Ghinh-ganh	38
Ghiệt-xi	1
Ghét	1
Ghê	1
Ghê-ba	16
Ghê-banh	1
Ghê-be	7
Ghê-bim	1
Ghê-ha-xi	22
Ghê-li-lốt	1
Ghê-li-ốt	2
Ghê-ma-li	1
Ghê-ma-ria	5
Ghê-na	1
Ghê-nu-bát	2
Ghê-nê-sa-rết	3
Ghê-ra	17
Ghê-ri-xim	1
Ghê-ru-sơ	1
Ghê-rê-ga-sít	1
Ghê-rút	1
Ghê-san	1
Ghê-sem	3
Ghê-su-rít	2
Ghê-su-rơ	3
Ghê-sua	6
Ghê-te	2
Ghê-xe	15
Ghê-đa-lia	33
Ghê-đe	2
Ghê-đi	1
Ghê-đê-ra	3
Ghê-đê-rô-tha-im	1
Ghê-đê-rốt	2
Ghê-đô	7
Ghíp-lê-am	1
Ghíp-ôn	5
Ghít-ba	1
Ghít-rê-ên	2
Ghít-ta-dim	1
Ghẹt-sôn	43
Ghẹt-sôntừ	1
Ghết-sê-ma-nê	2
Gi-ba	2
Gi-rê-ôn	1
Gi-sê-vi	1
Gi-đa-lia	1
Gia	14
Gia-a	1
Gia-a-can	1
Gia-a-la	2
Gia-a-si-ên	1
Gia-a-su	1
Gia-a-xa-nia	4
Gia-a-xi-gia	1
Gia-a-xi-ên	1
Gia-an	1
Gia-banh	3
Gia-bin	9
Gia-bát	1
Gia-bê	15
Gia-bết	13
Gia-bốc	6
Gia-bốt	1
Gia-ca-mê-am	1
Gia-can	2
Gia-cô-ba	1
Gia-cơ	41
Gia-cốp	433
Gia-gua	1
Gia-ha-xi-ên	5
Gia-hi-ên	1
Gia-hát	15
Gia-kim	2
Gia-kin	9
Gia-kê	1
Gia-lam	4
Gia-luân	1
Gia-lê-ên	3
Gia-min	7
Gia-nai	1
Gia-num	1
Gia-nê	2
Gia-nô-a	1
Gia-nô-ách	2
Gia-phia	5
Gia-phô	3
Gia-phết	11
Gia-ra	2
Gia-ri	1
Gia-rê-sia	1
Gia-ríp	3
Gia-rô-a	1
Gia-rết	2
Gia-sa	1
Gia-sen	1
Gia-si-ên	1
Gia-su-bi	1
Gia-sô-bê-am	3
Gia-sôn	5
Gia-súp	5
Gia-ta	1
Gia-tia	1
Gia-van	6
Gia-xa	2
Gia-xe	3
Gia-xi-gia	1
Gia-xi-ên	1
Gia-xê-ra	2
Gia-xít	1
Gia-ê-ra	2
Gia-ê-xe	10
Gia-ên	6
Gia-ô-ra	1
Gia-đa	2
Gia-đai	1
Gia-đua	3
Gia-đình	1
Gia-đích	1
Gia-đôn	1
Giai-ru	5
Giai-rơ	15
Giam-bê	1
Giam-léc	1
Gian	5
Gian-nết	1
Giao	78
Gie-sê	4
Gie-sêGie-sê	1
Gieo	1
Ginh-ganh	3
Giu-banh	1
Giu-can	1
Giu-li	6
Giu-lý	1
Giu-nia	1
Giu-ta	1
Giu-đa	897
Giu-đe	2
Giu-đê	50
Già	2
Giàu	3
Giày	2
Giá	3
Giác-mai	1
Giác-đô	2
Giám	8
Giáng	5
Giáo	9
Giáp	4
Giáp-lê-tít	1
Giáp-nê	1
Giáp-nê-ên	2
Giáp-phơ-lết	3
Giáp-đi-ên	1
Giát-mút	1
Giát-ni-ên	1
Giát-sa	1
Giát-sê-ên	3
Giát-đai	1
Giép-thê	26
Giê	1
Giê-a-rim	19
Giê-a-trai	1
Giê-bu	9
Giê-bu-si	1
Giê-bu-sít	32
Giê-bê-rê-kia	1
Giê-bút	3
Giê-ca-mia	3
Giê-ca-mê-am	1
Giê-chô-nia	1
Giê-chô-niavà	1
Giê-cu-ti-ên	1
Giê-cáp-xê-ên	1
Giê-cô-lia	2
Giê-cô-nia	7
Giê-ha-lê-le	2
Giê-hi-gia	1
Giê-hi-ên	17
Giê-hoa-đan	1
Giê-hu	74
Giê-hu-can	1
Giê-hu-đi	4
Giê-hô-a-đa	2
Giê-hô-gia-bát	1
Giê-hô-gia-kim	37
Giê-hô-gia-kin	19
Giê-hô-gia-nan	1
Giê-hô-gia-ríp	2
Giê-hô-gia-đa	55
Giê-hô-gia-đat	1
Giê-hô-gia-đát	7
Giê-hô-ha-nan	2
Giê-hô-na-than	1
Giê-hô-na-đáp	6
Giê-hô-ram	12
Giê-hô-sa-bát	2
Giê-hô-sa-phát	78
Giê-hô-ách	18
Giê-hút	1
Giê-i-ên	11
Giê-mi-ma	1
Giê-mu-ên	2
Giê-mê-mi	1
Giê-phu-nê	14
Giê-phu-nêđại	1
Giê-phu-rê	1
Giê-ra	2
Giê-ra-hia	1
Giê-ra-mên	3
Giê-ra-sa-lem	1
Giê-ra-sê	3
Giê-ri-bai	1
Giê-ri-cô	61
Giê-ri-côVua	1
Giê-ri-gia	4
Giê-ri-mốt	7
Giê-ri-ên	1
Giê-ri-ốt	1
Giê-ru-a	2
Giê-ru-ba-anh	14
Giê-ru-bê-sết	1
Giê-ru-sa	3
Giê-ru-sa-lem	819
Giê-ru-sun	1
Giê-ru-ên	1
Giê-rác-mê-ên	7
Giê-rách	1
Giê-rê-mi	155
Giê-rê-mi-a	1
Giê-rê-mốt	6
Giê-rô-bô-am	105
Giê-rô-ham	13
Giê-rệt	7
Giê-sa-bên	23
Giê-sa-gia	1
Giê-sa-na	1
Giê-sa-rê-la	1
Giê-sai-gia	2
Giê-se	4
Giê-si-mi-ên	1
Giê-si-môn	4
Giê-si-mốt	2
Giê-si-sai	2
Giê-su	1082
Giê-su-run	3
Giê-sua	28
Giê-suê	1
Giê-sê-báp	1
Giê-sô-ha-giai	1
Giê-the	10
Giê-thi	1
Giê-thu	2
Giê-trô	12
Giê-tua	1
Giê-tết	1
Giê-u-ênvà	1
Giê-xa-nia	2
Giê-xe	2
Giê-xi-ên	1
Giê-úc	9
Giê-út	1
Giê-đa-gia	10
Giê-đa-ê-gia	1
Giê-đagia	1
Giê-đi-a-ên	6
Giê-đi-đa	1
Giê-đi-đê-gia	1
Giê-đia	2
Giê-đu-thun	13
Giê-đô	1
Giêm-la	4
Giêng	2
Giòi	1
Giòng	2
Gió	13
Gióp	92
Gióp-bê	1
Giô-a	11
Giô-a-cha	26
Giô-a-na	2
Giô-a-nan	2
Giô-a-đan	1
Giô-ba	1
Giô-báp	9
Giô-bê-ha	2
Giô-bết	2
Giô-gia-kim	4
Giô-gia-ríp	6
Giô-gia-đa	5
Giô-ha	2
Giô-ha-nan	31
Giô-kim	1
Giô-kê-am	1
Giô-kê-bết	3
Giô-na	32
Giô-na-than	126
Giô-na-đáp	13
Giô-nam	2
Giô-ra	1
Giô-rai	1
Giô-ram	50
Giô-rim	2
Giô-sa	1
Giô-sa-bát	6
Giô-sa-phát	11
Giô-sa-via	1
Giô-si-a	59
Giô-si-phia	1
Giô-suê	226
Giô-sép	309
Giô-sê	1
Giô-sê-ba	1
Giô-sếch	2
Giô-tam	2
Giô-tham	24
Giô-than	1
Giô-xa-bát	7
Giô-xa-ca	1
Giô-xa-đác	5
Giô-xơ-bia	1
Giô-ách	50
Giô-áp	154
Giô-ê-lê	1
Giô-ê-xe	1
Giô-ên	23
Giô-đa	2
Giô-đanh	197
Giô-ết	1
Giúc-tu	3
Giúp	2
Giăng	171
Giũ	1
Giơ	1
Giương	3
Giường	4
Giạt-côn	1
Giạt-mút	6
Giạt-thia	3
Giả	7
Giải	11
Giảng	7
Giấu	1
Giấy	1
Giầy	1
Giắt-đi-ên	1
Giếng	3
Giết	8
Giọng	1
Giọt	1
Giỏ	1
Giỏi	2
Giốc-chan	2
Giốc-kê-am	1
Giốc-mê-am	2
Giốc-nê-am	2
Giốc-san	2
Giốc-tan	6
Giốc-then	1
Giốc-thê-ên	1
Giốc-đi	1
Giốc-đê-am	1
Giống	26
Giốp-bê	11
Giốt-bê-ca-sa	2
Giới	3
Giờ	51
Giữ	6
Giữa	45
Gom	2
Gu-ni	6
Gu-rơ	2
Gu-ên	1
Gài	1
Gào	1
Gác	1
Gánh	2
Gáp-ri-ên	5
Gát	135
Gát-mu	1
Gát-rim-môn	1
Gát-đi-ên	1
Gáthọ	1
Gân	1
Gây	4
Gê-ba	1
Gê-ban	1
Gìn	2
Gích-an	1
Gíp-lê-am	2
Gíp-ni-gia	2
Gíp-đê-gia	1
Gít-ban	1
Gít-la	1
Gít-lia	1
Gít-ma	1
Gít-ma-giai	1
Gít-ma-kia	1
Gít-mê-rai	1
Gít-nan	1
Gít-ra	3
Gít-rê-ên	47
Gít-rơ	2
Gít-rơ-am	1
Góc	5
Góp	2
Gót	14
Gô-a	1
Gô-dan	1
Gô-gô-tha	3
Gô-im	3
Gô-lan	4
Gô-li-át	12
Gô-me	6
Gô-mô-rơ	23
Gô-sen	19
Gút-gô-đa	1
Gơ-sua	2
Gươm	21
Gương	1
Gạch	1
Gạt	2
Gả	1
Gầm	1
Gần	10
Gầy	1
Gẫy	1
Gậy	5
Gắn	2
Gặp	12
Gặt	2
Gọi	4
Gốc	1
Gốm	1
Gồm	1
Gỗ	3
Gờ	1
Gởi	2
Gửi	1
Ha	4
Ha-ba-cúc	2
Ha-bát-xi-nia	1
Ha-ca-lia	2
Ha-ca-tan	1
Ha-cốt	5
Ha-ga-ba	2
Ha-ga-rít	6
Ha-gai	11
Ha-gan	1
Ha-ghi	3
Ha-ghi-gia	2
Ha-ghít	5
Ha-gáp	1
Ha-gô-im	3
Ha-gơ-ri	1
Ha-khupha	2
Ha-ki-la	2
Ha-la	2
Ha-li	1
Ha-li-la	1
Ha-lát	2
Ha-lê-lu-gia	28
Ha-lô-hết	2
Ha-ma-ghê-đôn	1
Ha-ma-tít	2
Ha-man	55
Ha-mu-ta	3
Ha-mu-ên	2
Ha-mun	3
Ha-mát	39
Ha-mê-lách	1
Ha-mê-đa-tha	5
Ha-mô	1
Ha-mô-lê-kết	1
Ha-mô-na	1
Ha-môn	3
Ha-mốt	1
Ha-na-mê-ên	4
Ha-na-nia	39
Ha-na-nê-ên	2
Ha-na-nên	2
Ha-na-thôn	1
Ha-nan	17
Ha-nan-gia	1
Ha-ne	1
Ha-ni-ên	2
Ha-num	2
Ha-nun	12
Ha-nóc	2
Ha-pha-ra-im	1
Ha-ra	5
Ha-ra-shim	1
Ha-ra-đa	2
Ha-ram	1
Ha-ran	12
Ha-rim	10
Ha-rim,1.017	1
Ha-ru-máp	1
Ha-rum	1
Ha-rép	1
Ha-rê-sết	1
Ha-ríp	2
Ha-rô-sết	3
Ha-rô-ê	1
Ha-rôn	1
Ha-rút	1
Ha-rốp	1
Ha-rốt	3
Ha-sa-bia	15
Ha-sa-kia	1
Ha-sa-ma-vết	2
Ha-sa-xua	1
Ha-sa-đia	1
Ha-sap-nia	1
Ha-su-ba	1
Ha-su-pha	2
Ha-sum	5
Ha-sáp-nia	2
Ha-sê-lê-bô-ni	1
Ha-sê-nua	1
Ha-súp	5
Ha-tha-na	1
Ha-tha-va	2
Ha-thát	1
Ha-ti-pha	2
Ha-ti-ta	2
Ha-vi-la	7
Ha-vơ-ran	2
Ha-vốt	1
Ha-xa-gia	1
Ha-xa-san	1
Ha-xa-ên	25
Ha-xi-ên	1
Ha-xê-ba-im	2
Ha-xô	1
Ha-đa	3
Ha-đa-rê-xe	20
Ha-đa-sa	2
Ha-đa-tha	1
Ha-đa-xê-re	1
Ha-đi	3
Ha-đát	47
Ha-đô-ram	4
Ha-đơ-rắc	1
Hai	89
Ham	1
Ham-môn	2
Ham-ran	1
Hang	2
Hanh-hun	1
Hay	62
Hen-đai	2
Hi-gai-ôn	1
Hi-ki	1
Hi-lên	3
Hi-nôm	7
Hi-ra	1
Hi-ram	22
Hi-tít	1
Hi-ê-ra-bô-li	1
Hi-ên	1
Hi-đai	1
Hin-nôm	6
Hinh-ki-gia	1
Hinh-kia	35
Hiên-đai	1
Hiến	2
Hiểu	4
Hiện	12
Hoa	8
Hoan	2
Hoang	2
Hoàn	6
Hoàng	50
Hoạch	2
Hoạn	2
Hoảng	1
Hoặc	63
Hu-ba	1
Hu-cô	1
Hu-lơ	1
Hu-pham	2
Hu-rai	1
Hu-ram	20
Hu-ri	2
Hu-rô	1
Hu-rơ	15
Hu-sa	3
Hu-sa-tít	1
Hu-sai	14
Hu-sam	2
Hu-sim	4
Hu-xa	1
Hum-ta	1
Hun-đa	1
Hung	1
Huy	1
Huyết	2
Huyền	3
Huýt	1
Huống	15
Hy	46
Hy-bá	13
Hy-lạp	6
Hy-mê-nê	2
Hy-ra	5
Hà	3
Hà-thác	8
Hài	1
Hàm	1
Hàng	15
Hành	7
Hào	1
Há	13
Hác-mô-ni	2
Hách-mô-na	2
Hái	1
Hát-bua	1
Hát-bát	2
Hát-ha-gia	1
Hát-hưa	1
Hát-lai	1
Hát-ra	1
Hát-sa	7
Hát-sa-ga-đa	1
Hát-sa-su-anh	1
Hát-sa-su-sim	1
Hát-sa-át-đa	1
Hát-sa-ê-nan	2
Hát-se	3
Hát-so	17
Hát-sát-son	1
Hát-sê-na	1
Hát-sê-rốt	5
Hát-thi-côn	1
Hát-tinh	2
Hát-túc	5
Hát-xo	1
Hát-xô-bê-ba	1
Hân	2
Hân-đa	2
Hãy	1737
Hèn	1
Héo	1
Hép-si-ba	1
Hê-be	24
Hê-bôn	1
Hê-bơ-rơ	16
Hê-gai	5
Hê-lam	2
Hê-lem	1
Hê-li	41
Hê-long	5
Hê-léc	3
Hê-lép	2
Hê-lê-a	2
Hê-lết	6
Hê-lếtỞ	1
Hê-man	17
Hê-mô	12
Hê-na	3
Hê-na-đát	4
Hê-nóc	9
Hê-phê	12
Hê-re	6
Hê-rô-đi-ôn	1
Hê-rô-đia	7
Hê-rết	1
Hê-rốt	46
Hê-sết	2
Hê-tít	46
Hê-vi	2
Hê-vít	21
Hê-xi-ôn	1
Hê-xia	2
Hên-ba	1
Hên-cai	1
Hên-cát	2
Hình	14
Hít	1
Hòa	2
Hòn	4
Hóa	13
Hóp-ni	5
Hô-ba	1
Hô-bai-gia	2
Hô-báp	1
Hô-bát	1
Hô-dê-va	1
Hô-ghi-gát	2
Hô-ham	1
Hô-long	1
Hô-lôn	2
Hô-man	1
Hô-ram	1
Hô-rem	1
Hô-ri	2
Hô-rít	6
Hô-rô-na-im	6
Hô-rôn	15
Hô-rơ	11
Hô-rếp	18
Hô-rết	4
Hô-sa	5
Hô-sa-gia	3
Hô-sa-ma	1
Hô-sa-na	6
Hô-sai	1
Hô-sê	3
Hô-tam	1
Hô-tham	1
Hô-thia	2
Hô-đa-via	5
Hô-đe	1
Hô-đi-gia	5
Hô-đia	1
Hôm	95
Hôn	1
Hùng	1
Húp-ba	1
Hút-sốt	1
Hơi	12
Hơn	62
Hư	2
Hương	1
Hướng	8
Hưởng	1
Hạ	8
Hạc-bô-na	2
Hạc-mít	1
Hạch-ba-đa-na	1
Hại	1
Hạng	1
Hạt	14
Hạt-bồ	1
Hạt-ghê-đô-lim	1
Hạt-ha	1
Hạt-môn	1
Hạt-nê-phe	1
Hạt-sô-phê-rết	1
Hả	1
Hải	9
Hất	1
Hầm	1
Hầu	10
Hậu	5
Hắc-ên-đa-ma	1
Hắn	34
Hằng	53
Hẳn	2
Hẹt-ma	1
Hẹt-me	1
Hẹt-mô-ghen	1
Hẹt-môn	16
Hếch	5
Hếp-rôn	81
Hết	51
Hết-bôn	36
Hết-bônĐến	1
Hết-lon	2
Hết-môn	1
Hết-rai	1
Hết-rô	1
Hết-rôn	21
Hễ	19
Họ	1206
Họa	2
Học	2
Họp	2
Họt-ma	9
Hỏi	3
Hốp-bim	3
Hốp-ra	1
Hốt	1
Hốt-la	7
Hồ	2
Hồi	1
Hồn	2
Hồng	7
Hồng-hải	1
Hổ	3
Hộ	4
Hội	213
Hởi	1
Hỡi	655
Hợp	2
Hục-cốc	1
Hủy	9
Hứa	3
Hừng	1
Hữu	8
I-cô-ni	1
I-giôn	2
I-na-hách	1
I-ram	1
I-rát	2
I-sa	61
I-sa-ca	1
I-sau	3
I-sác	2
I-sạt-ba-đôn	1
I-va	1
I-xi-gia	1
I-đô	1
I-đơ-mia	1
Im	5
Im-na	2
Im-ri	3
Ka-đe	3
Kha-môn	1
Kha-ran	1
Khe	2
Khi	1318
Khinh	8
Khiêm	2
Khiên	1
Khiêng	2
Khiến	28
Khiếp	1
Kho	2
Khoan	1
Khoanh	2
Khoe	1
Khoác	3
Khoái	1
Khoảng	11
Khung	1
Khuyến	1
Khác	20
Khách	6
Khí	1
Khích	2
Khít-rôn	1
Khòm	1
Khóc	3
Khói	8
Khô	4
Khôn	6
Không	662
Khơi	1
Khải	7
Khắc	4
Khắp	16
Khều	1
Khỏe	1
Khỏi	28
Khố	1
Khối	1
Khốn	87
Khổ	1
Khờ	1
Khởi	4
Ki-li-ôn	3
Ki-lê-áp	1
Ki-na	1
Ki-nê-rết	8
Ki-ri-a-tha-im	6
Ki-ri-át	35
Ki-ria-tim	1
Ki-rơ	3
Ki-si	2
Ki-si-ôn	2
Ki-sôn	5
Ki-đôn	2
Kia	1
Kim	1
Kim-ham	4
Kin-mát	1
Kinh	355
Kiên	1
Kiêu	5
Kiến	99
Kiều	1
Kiểm	2
Kiểu	1
Kiệt	4
Kiệt-ha-rê-sốt	1
Kiệt-hê-re	1
Kéo	3
Kê-ba	8
Kê-hi-la	1
Kê-hát	46
Kê-hátlà	1
Kê-hê-la-tha	2
Kê-i-la	17
Kê-la-gia	1
Kê-lanh	1
Kê-li-ta	3
Kê-lu-bai	1
Kê-lu-hu	1
Kê-lúp	2
Kê-mu-ên	4
Kê-móc	1
Kê-mốt	7
Kê-na	11
Kê-na-nia	9
Kê-nan	5
Kê-ni	2
Kê-ni-xít	1
Kê-nát	3
Kê-nít	13
Kê-pha	2
Kê-phi-ra	4
Kê-phi-rim	1
Kê-ra-mim	1
Kê-ran	1
Kê-ren-Ha-búc	1
Kê-ri-giốt	4
Kê-rê-thít	4
Kê-rít	2
Kê-rúp	2
Kê-rết	3
Kê-rốt	2
Kê-sa-lôn	1
Kê-sinh	1
Kê-su-lốt	1
Kê-sết	1
Kê-tu-ra	4
Kê-xia	1
Kê-xíp	1
Kê-át	1
Kê-đa	12
Kê-đe	12
Kê-đê-mốt	4
Kên	2
Kêu	7
Kìa	201
Kích	23
Kính	49
Kíp-rốt	3
Kíp-rốt-Ha-tha-va	2
Kíp-sa-im	1
Kít-long	1
Kít-lêu	2
Kít-lít	1
Kít-lốt	1
Kít-rôn	6
Kít-sôn	1
Kít-tim	5
Kít-tin	2
Kô-rê	3
Ký	34
Kạt-kê-mít	1
Kẻ	265
Kẻo	25
Kế	40
Kế-rô-lao-me	1
Kết	12
Kết-ma	2
Kết-rô-lao-me	4
Kết-rôn	4
Kể	9
Kỳ	1
Kỵ	2
Kỷ	3
La	25
La-ban	62
La-chai-roi	2
La-chi	5
La-hát	1
La-ki	18
La-kích	1
La-mã	2
La-méc	2
La-sê	1
La-xa-rơ	22
La-ê-đa	1
La-ê-đan	7
La-ên	1
La-ít	6
Lan	1
Lang	2
Lao	2
Lao-đi-xê	6
Lau	2
Le	1
Len	2
Leo	2
Li-ban	71
Li-by	2
Li-khi	1
Li-nút	1
Linh	299
Linh-cẩu	1
Liên	3
Liếc	1
Liền	2
Liệt	1
Liệu	8
Lo	3
Loa	1
Loan	3
Loài	23
Loại	3
Lu-bim	1
Lu-ca	3
Lu-hít	2
Lu-xi-út	2
Lu-xơ	6
Lu-đim	2
Luyện	1
Luôn	7
Luật	220
Ly-bi	5
Ly-cao-ni	2
Ly-sa-ni	1
Ly-sia	3
Ly-đa	4
Ly-đi	3
Là	243
Làm	170
Làng	1
Lành	1
Lá	4
Lác-mi	1
Lách-ma	1
Láp-bi-đốt	1
Lát	2
Lân	1
Lâu	4
Lãnh	20
Lão	1
Lê-a	34
Lê-ba-na	2
Lê-ba-ốt	2
Lê-bô	6
Lê-bô-na	1
Lê-ca	1
Lê-chem	1
Lê-chi	4
Lê-ha-bim	2
Lê-hi	1
Lê-lu-chim	1
Lê-mu-ên	2
Lê-méc	11
Lê-sa	1
Lê-sem	2
Lê-um-mim	1
Lê-vi	382
Lê-vi-a-than	4
Lên	16
Lìa	2
Lính	4
Líp-ma	2
Líp-na	17
Líp-ni	9
Lít-tra	6
Lò	4
Lòng	98
Lóng	1
Lót	43
Lô-Am-mi	2
Lô-lân	2
Lô-ru-ha-ma	3
Lô-than	5
Lô-ít	1
Lô-đê-ba	4
Lô-đô	1
Lô-đơ	2
Lùa	1
Lúa	4
Lúc	221
Lút	5
Lý	12
Lăn	1
Lăng	2
Lũ	1
Lũng	7
Lưng	1
Lưu	1
Lương	1
Lưới	2
Lười	1
Lưỡi	54
Lưỡng	3
Lượm	1
Lượn	1
Lạc	5
Lạc-cung	1
Lại	12
Lạm	1
Lạp	33
Lạy	556
Lấn	1
Lấp	1
Lấy	34
Lần	9
Lầu	1
Lẫm	1
Lẫn	3
Lập	33
Lật	2
Lắc	3
Lắm	2
Lắng	1
Lẹ	1
Lẽ	58
Lều	24
Lễ	53
Lệ	2
Lệnh	13
Lọc	1
Lối	4
Lồng	1
Lỗ	1
Lỗi	4
Lộ	1
Lột	2
Lớn	21
Lớp	3
Lời	202
Lợi	5
Lục	1
Lừa	8
Lửa	29
Lữ	1
Ma	2
Ma-a-ca	27
Ma-a-dai	1
Ma-a-rát	1
Ma-a-sê-gia	9
Ma-a-xia	2
Ma-a-xê-gia	16
Ma-a-đia	1
Ma-ai	1
Ma-ca	2
Ma-ca-bốt	1
Ma-ca-thít	3
Ma-cát	1
Ma-ga-đan	1
Ma-go	1
Ma-gót	5
Ma-ha-bát	1
Ma-ha-la-le	1
Ma-ha-la-ên	6
Ma-ha-lát	1
Ma-ha-na-im	14
Ma-ha-ne	1
Ma-ha-rai	3
Ma-ha-sê-gia	1
Ma-ha-vim	1
Ma-ha-xi-ốt	2
Ma-he	2
Ma-hát	3
Ma-hôn	1
Ma-im	2
Ma-ki	25
Ma-kê-đa	9
Ma-la-chi	1
Ma-lô-thi	2
Ma-lúc	8
Ma-na	1
Ma-na-ha-tít	1
Ma-na-hát	3
Ma-na-se	153
Ma-na-sơn	1
Ma-na-ên	1
Ma-nô-a	16
Ma-ra	5
Ma-ra-giốt	1
Ma-ri	67
Ma-ri-ba	1
Ma-rê-a-la	1
Ma-rê-ca	2
Ma-rê-sa	7
Ma-rê-xa	1
Ma-rốt	1
Ma-sa	7
Ma-sanh	1
Ma-ta-thia	4
Ma-tha-na	2
Ma-tha-nia	6
Ma-than	4
Ma-thi-ơ	5
Ma-thia	2
Ma-thê	15
Ma-ti-thia	7
Ma-tu-sê-la	2
Ma-xê-đoan	26
Ma-ách	1
Ma-át	2
Ma-ê-sai	2
Ma-óc	1
Ma-ô-nít	1
Ma-ôn	9
Ma-đai	2
Ma-đi-an	67
Ma-đôn	2
Ma-đơ-len	12
Mai	3
Mai-ca	10
Mam-rê	10
Man-chu	1
Man-ta	2
Mang	6
Manh-cam	1
Manh-ki-gia	17
Manh-ki-ram	1
Manh-ki-sua	5
Manh-ki-ên	4
Manh-kia	1
Mao-nít	1
Mau	2
May	3
Mem-phít	4
Men	13
Men-na	2
Mi-bê-ha	1
Mi-bô-sam	1
Mi-bô-san	1
Mi-ca	46
Mi-ca-gia	5
Mi-ca-ên	16
Mi-cai-gia	2
Mi-canh	16
Mi-chê	12
Mi-chên	1
Mi-cơ-ri	1
Mi-gia-min	3
Mi-gơ-rôn	2
Mi-la-lai	1
Mi-lê	3
Mi-lô	7
Mi-nít	1
Mi-ri-am	15
Mi-sa-ên	8
Mi-sê-am	1
Mi-sê-anh	2
Mi-đin	1
Mia-min	1
Min-gia-min	4
Min-nít	1
Minh-ca	9
Minh-côm	7
Minh-ni	1
Miếng	2
Miền	2
Miễn	1
Miệng	36
Mo-lóc	2
Mong	5
Mu-si	11
Mua	2
Muôn	25
Muối	9
Muốn	7
Muỗi	1
My-ra	1
My-si	2
My-ti-len	2
MÊ-NÊ	2
Mà	63
Mài	1
Màn	2
Màng	1
Mày	8
Má	2
Mác	13
Mác-ba-nai	1
Mác-bê-na	1
Mác-hê-lốt	2
Mác-la	1
Mác-li	6
Mác-na-đê-bai	1
Mác-đi-ên	1
Mách	1
Mách-la	3
Mách-li	10
Mách-đa	1
Mái	3
Mát-ma-na	2
Mát-mê-na	1
Mát-mên	1
Mát-ri	1
Mát-rết	2
Mát-sê-na	1
Mát-ta-ta	1
Mát-ta-tha	2
Mát-tan	1
Mát-tan-gia	10
Mát-thát	2
Mát-tát	2
Mát-tê-nai	3
Mát-tít-gia	1
Máu	15
Mây	6
Mã	25
Mãi	1
Mãn	7
Mão	3
Mép-xa	1
Mê	3
Mê-bu-nai	1
Mê-cô-na	1
Mê-ghi-đô	12
Mê-hi-da	1
Mê-hi-đa	1
Mê-hia	1
Mê-hu-gia-ên	2
Mê-hu-man	1
Mê-hê-ta-bên	3
Mê-hô-la	5
Mê-kê-ra	1
Mê-la	2
Mê-la-tia	2
Mê-lu-sa-ên	2
Mê-léc	10
Mê-lê-a	2
Mê-lê-lê-ên	2
Mê-mu-cam	1
Mê-mu-can	2
Mê-na-hem	8
Mê-nu-hốt	1
Mê-nê	1
Mê-phi-bô-sết	15
Mê-phát	4
Mê-ra-gia	1
Mê-ra-giốt	9
Mê-ra-ri	41
Mê-ra-tha-im	1
Mê-ri	2
Mê-ri-ba	10
Mê-ri-ba-anh	1
Mê-ráp	4
Mê-rê-mốt	5
Mê-rêmốt	1
Mê-rô	1
Mê-rô-nốt	2
Mê-rô-đác	5
Mê-rôm	2
Mê-rôn	1
Mê-rết	4
Mê-sa	4
Mê-sa-hạp	1
Mê-si-a	2
Mê-si-lê-mít	2
Mê-si-lê-mốt	1
Mê-siếc	9
Mê-su-lam	27
Mê-su-lê-mết	1
Mê-sác	14
Mê-sê-lê-mi	4
Mê-sê-xa-bên	2
Mê-sô-báp	1
Mê-then	1
Mê-tu-sê-la	6
Mê-unim	2
Mê-xa-háp	1
Mê-xi-lê-mốt	1
Mê-ô-nô-thai	1
Mê-ôn	4
Mê-đan	2
Mê-đi	22
Mê-đát	2
Mê-đê-ba	5
Mên-chi	4
Mên-chi-xê-đéc	13
Mình	5
Mí	3
Míc-ra-in	1
Mích-ba	44
Mích-bê-rết	1
Mích-lô	4
Mích-ma	14
Mích-ma-na	1
Mích-nê-gia	2
Mích-ra-im	3
Mích-ra-ít	1
Mích-xa	3
Mích-đanh	1
Mích-đôn	5
Míp-sam	2
Míp-xa	1
Mít-bê	3
Mít-ga	2
Mít-ma	1
Mít-mê-tha	2
Mít-nê	1
Mít-rê-phốt	2
Mít-rê-đat	1
Mít-rê-đát	1
Mít-sa-bíp	1
Mít-sê-a	1
Mít-đa	1
Mít-đôn	1
Món	1
Móng	2
Mô-a-đia	1
Mô-la-đa	4
Mô-léc	1
Mô-lít	1
Mô-lóc	6
Mô-ri-a	2
Mô-rê	3
Mô-rê-sết	2
Mô-rê-sết-Gát	1
Mô-sê-ra	1
Mô-sê-rốt	2
Mô-áp	209
Mô-ápĐã	1
Môi	34
Môi-se	881
Môn	7
Mù	1
Mùa	13
Mùi	3
Mũi	12
Mơ	1
Mơ-phi-bô-sết	1
Mưa	9
Mưu	4
Mươi	4
Mười	24
Mạc-bi-ách	1
Mạc-bích	1
Mạc-lôn	4
Mạc-đi	1
Mạc-đô-cai	1
Mạc-đô-chê	58
Mạch	2
Mạng	6
Mấy	29
Mầy	3
Mật	1
Mắc	1
Mắn	1
Mắt	88
Mặc	22
Mặc-bê-la	5
Mặn	6
Mặt	63
Mẹ	43
Mến	3
Mền	1
Mệnh	3
Mệt	1
Mọc	3
Mọi	232
Mọt	1
Mối	1
Mốp-bim	1
Mồ	1
Mồi	1
Mỗi	158
Mộ	1
Mộc	2
Mộng	1
Một	445
Một-sa	6
Mới	9
Mời	12
Mở	7
Mỡ	3
Mụ	2
Mục	2
Mừng	3
Mỹ	1
Na-a-ma	9
Na-a-man	23
Na-a-ra	4
Na-a-rai	1
Na-a-ran	1
Na-am	1
Na-banh	22
Na-bốt	25
Na-cô	20
Na-côn	1
Na-ghê	2
Na-giốt	6
Na-ha-la	2
Na-ha-li-ên	2
Na-ha-lê	1
Na-ha-lô	1
Na-ha-ma-ni	1
Na-ha-ra	1
Na-ha-ra-im	2
Na-ha-rai	2
Na-ha-sôn	8
Na-ham	1
Na-hum	3
Na-hách	9
Na-hát	9
Na-hép	1
Na-in	1
Na-phi	1
Na-phích	2
Na-phốt	1
Na-tha-na-ên	16
Na-than	44
Na-xa-rét	31
Na-xi-rê	18
Na-ách-son	6
Na-ô-mi	27
Na-đáp	22
Nam	12
Nanh	2
Nay	28
Ne	8
Ne-ghép	8
Ngai	5
Ngay	143
Nghe	101
Nghiêm	2
Nghiên	1
Nghiêng	2
Nghiến	1
Nghiền	1
Nghiệp	1
Nghĩa	5
Nghịch	4
Ngoài	60
Ngoại	5
Ngu	1
Nguyên	2
Nguyền	5
Nguyện	296
Nguồn	9
Nguời	1
Ngài	7447
Ngài--vì	1
NgàiĐi	1
NgàiĐã	2
NgàiĐược	2
NgàiĐể	3
NgàiỞ	1
Ngàn	2
Ngày	251
Ngây	1
Ngã	2
Ngó	2
Ngón	3
Ngôi	18
Ngôn	1
Ngõ	1
Ngũ	4
Ngư	1
Ngươi	411
Ngước	2
Người	1626
Ngược	1
Ngải	1
Ngấm	1
Ngất	1
Ngẩng	1
Ngẫm	2
Ngậm	1
Ngập	1
Ngọc	1
Ngọn	18
Ngọt	3
Ngồi	3
Ngợi	6
Ngụ	2
Ngủ	4
Ngự	2
Ngựa	18
Ngực	4
Nhanh	1
Nhiều	56
Nhiệm	1
Nhiệt	2
Nho	1
Nhu	1
Nhuần	1
Nhuốc	1
Nhà	59
Nhành	2
Nhánh	7
Nhân	27
Nhì	1
Nhìn	14
Nhóm	7
Như	543
Nhưng	2122
Nhạc	1
Nhạo	3
Nhảy	2
Nhất	2
Nhẫn	1
Nhận	8
Nhập	1
Nhắc	1
Nhắm	3
Nhằm	5
Nhịn	1
Nhớ	1
Nhờ	107
Nhỡ	1
Nhục	2
Những	641
Ni-ca-nô	1
Ni-cô-bô-li	1
Ni-cô-la	3
Ni-cô-đem	5
Ni-giê	1
Ni-ni-ve	22
Ni-san	2
Nim-pha	1
Nim-ra	3
Nim-rim	2
Nim-rốt	5
Nim-si	5
Ninh	21
Niên	3
Niềm	8
Nun	31
Nuôi	3
Nuốt	5
Nàng	111
Nào	39
Này	255
Nách-bi	1
Náp-tu-him	2
Nát-so	1
Nát-xít	1
Nâng	5
Ném	6
Nép	1
Nép-ta-li	51
Nép-ta-lihọ	1
Nép-thô-ách	2
Nét	3
Nê-a	1
Nê-a-bô-li	1
Nê-a-ria	3
Nê-a-đia	1
Nê-ba-giốt	4
Nê-ba-lát	1
Nê-ba-út	1
Nê-bai	1
Nê-bu	2
Nê-bu-cát-nết-sa	88
Nê-bu-sa-ban	1
Nê-bu-xa	10
Nê-bu-xa-ra-đan	3
Nê-bát	25
Nê-bô	12
Nê-cô	9
Nê-cô-đa	4
Nê-ghép	17
Nê-gô	15
Nê-hu-ta	1
Nê-hu-tan	1
Nê-hum	1
Nê-hê-lam	3
Nê-hê-mi	7
Nê-hêmi	1
Nê-kép	1
Nê-mu-ên	4
Nê-phi-lim	2
Nê-phu-sim	1
Nê-phu-sê-sim	1
Nê-phết	4
Nê-ri	2
Nê-ri-gia	9
Nê-rê	1
Nê-rơ	8
Nê-sác	1
Nê-ta-im	1
Nê-tha-na-ên	1
Nê-tha-nia	19
Nê-tha-nên	3
Nê-tô-pha	11
Nê-tô-pha-tít	2
Nê-xia	2
Nê-ên	1
Nê-ô	1
Nê-đa-mia	1
Nên	93
Nín	1
Níp-ca	1
Níp-san	1
Nít-róc	2
Nó	294
Nói	43
Nóp	6
Nô	3
Nô-A-môn	2
Nô-a	3
Nô-a-đia	1
Nô-bách	3
Nô-bô	1
Nô-ga	2
Nô-ha	1
Nô-phách	1
Nô-ê	50
Nô-êNô-ê	1
Nô-đáp	1
Núi	25
Núp	1
Năm	66
Năng	199
Nơi	124
Nương	3
Nước	180
Nướng	1
Nạn	4
Nấu	3
Nầy	76
Nắp	15
Nằm	12
Nặng	1
Nẹt-gan	3
Nẹt-ganh	1
Nếp	1
Nết-síp	1
Nếu	908
Nền	12
Nện	1
Nọc	3
Nỏ	1
Nối	3
Nốp	3
Nốt	1
Nồi	1
Nổ	1
Nổi	3
Nỗi	11
Nội	1
Nộp	1
Nụ	1
Nứt	1
Nửa	3
Nữ	21
Oai	1
Om-ri	1
Oằn	1
PHÁC-SIN	1
Pa-ra-đi	1
Pa-ran	1
Pha	2
Pha-ghi-ên	5
Pha-hát	6
Pha-i	1
Pha-lanh	1
Pha-lu	6
Pha-léc	2
Pha-lê	1
Pha-lôn	2
Pha-nu-ên	1
Pha-nê-ách	1
Pha-ra	1
Pha-ra-ôn	233
Pha-rai	1
Pha-ran	8
Pha-ri-si	101
Pha-ru-sim	1
Pha-ru-ác	1
Pha-rê	4
Pha-rết	3
Pha-rốt	6
Pha-sua	2
Pha-sác	1
Pha-sê-a	4
Pha-ti-ên	1
Pha-trô	5
Pha-trô-ba	1
Pha-đa-mim	1
Pha-đan	14
Pha-đôn	2
Phan-ti	1
Phan-ti-ên	1
Phanh-ti	2
Phao-lô	212
Phi-Ha-hi-rốt	2
Phi-bê-sết	1
Phi-côn	3
Phi-ghen	1
Phi-ha	2
Phi-la-đen-phi	2
Phi-li-tin	293
Phi-lát	66
Phi-lét	1
Phi-lê-môn	1
Phi-lê-se	3
Phi-líp	48
Phi-lô	1
Phi-nê-a	27
Phi-nê-se	1
Phi-nôn	2
Phi-ra-thôn	5
Phi-ram	1
Phi-ri-gi	2
Phi-ru	1
Phi-song	1
Phi-thom	1
Phi-thôn	2
Phi-xết	1
Phin-nê-se	2
Phin-đát	1
Phinh-tai	1
Phiến	1
Pho	1
Phong	2
Phu-a	3
Phu-nôn	2
Phu-ra	2
Phu-rim	5
Phu-rơ	3
Phu-ti-ên	1
Phu-tít	1
Phu-va	3
Phun	4
Phàm	4
Phá	6
Phác-nát	1
Phái	1
Phán	7
Phát	1
Phát-hua	13
Phát-mát-ta	1
Phát-ru-sim	1
Phát-san-đa-tha	1
Phát-sết	1
Pháthua	1
Phân	15
Phép	4
Phê-bê	1
Phê-ca	11
Phê-ca-hia	3
Phê-cốt	2
Phê-la-dia	1
Phê-la-gia	1
Phê-la-tia	5
Phê-lê-thít	3
Phê-lít	10
Phê-lết	8
Phê-ni-na	5
Phê-ni-xi	4
Phê-niên	2
Phê-nu-ên	7
Phê-nít	2
Phê-ra-xim	5
Phê-ri-da	1
Phê-ri-sít	1
Phê-ru-đa	1
Phê-rê	1
Phê-rê-sít	19
Phê-rê-sết	1
Phê-rơ	202
Phê-rết	16
Phê-ta-gia	1
Phê-ta-hia	4
Phê-thu-ên	1
Phê-thô-rơ	2
Phê-tu	13
Phê-u-lê-tai	1
Phê-ô	15
Phê-đa-gia	8
Phê-đa-ên	1
Phê-đát-su	5
Phì	1
Phí	1
Phía	28
Phích-ga	8
Phít-ba	1
Phòng	6
Phó	2
Phóng	5
Phô	2
Phô-ra-tha	1
Phô-ti-pha	5
Phô-đen	1
Phù	5
Phú	1
Phúc	139
Phút	6
Phơ-lê-gôn	1
Phơ-ri-gi	1
Phơ-rát	4
Phơi	4
Phương	1
Phước	93
Phường	1
Phạm	3
Phạt	3
Phạt-va-im	1
Phải	236
Phản	7
Phần	60
Phẫn	1
Phế	1
Phố	1
Phốt-tu-na	1
Phụ	14
Phục	1
Phủ	48
Phủi	2
Ps	1
Pê-rết	1
Pút	1
Qua	103
Qua-rơ-tu	1
Quan	13
Quang	3
Quanh	3
Quay	7
Qui	1
Qui-ri-ni-u	1
Quy	2
Quyết	1
Quyền	30
Quyển	1
Quà	2
Quá	3
Quái	1
Quán	1
Quân	369
QuânĐã	1
Quét	1
Quê	2
Quên	6
Quý	21
Quăng	5
Quả	14
Quản	10
Quấn	2
Quần	5
Quận	1
Quặn	1
Quặng	1
Quốc	4
Quỳ	1
Quỷ	12
Ra	20
Ra-a-ma	1
Ra-a-mia	1
Ra-ba	3
Ra-bi	1
Ra-bu-ni	1
Ra-bít	1
Ra-canh	1
Ra-cham	1
Ra-chên	51
Ra-cát	1
Ra-côn	1
Ra-gao	2
Ra-háp	23
Ra-kem	1
Ra-ma	37
Ra-ma-tha-im	1
Ra-mát	1
Ra-mốt	28
Ra-pha	8
Ra-phu	1
Ra-ê-ma	4
Ra-đai	1
Ram	7
Ram-gia	1
Ram-se	5
Ranh	15
Rau	2
Ri-bai	2
Ri-mô-nô	1
Ri-môn-Phê-rết	2
Ri-na	1
Ri-phát	1
Ri-sa	2
Ri-sa-tha-im	4
Ri-xi-a	1
Rim-môn	17
Rim-nôm	1
Riêng	8
Roi	2
Rom-pha	1
Rong	1
Ru-bên	91
Ru-hu	1
Ru-ma	2
Ru-mân	1
Ru-phu	1
Ru-tơ	16
Ru-ên	4
Run	2
Ruồi	1
Ruồng	1
Ruộng	9
Ràn	1
Rành	1
Rào	1
Ráp-ba	13
Ráp-sa-kê	17
Ráp-sa-ri	1
Râu	1
Rèn	1
Rê-a-gia	5
Rê-ba	2
Rê-bê-ca	33
Rê-ca	1
Rê-cáp	17
Rê-ghem	2
Rê-ghi-um	1
Rê-ha-bia	4
Rê-hu	5
Rê-hum	8
Rê-hóp	1
Rê-hô-bốt	4
Rê-hốp	9
Rê-i	2
Rê-kem	5
Rê-ma	1
Rê-ma-lia	13
Rê-mết	1
Rê-na-gia	1
Rê-pha	2
Rê-pha-gia	6
Rê-pha-im	17
Rê-pha-ên	1
Rê-phi-đim	5
Rê-sa	2
Rê-sép	1
Rê-tu-ên	1
Rê-u-ên	6
Rê-xin	10
Rê-xép	1
Rê-xôn	4
Rê-ê-la-gia	1
Rình	2
Ríp-ba	2
Ríp-lát	9
Rít	1
Rít-ba	4
Rít-ma	2
Rô-bô-am	55
Rô-ghê-lim	2
Rô-ghên	3
Rô-hê-ga	1
Rô-ma	10
Rô-mam-ti	1
Rô-mam-ti-ê-xe	1
Rô-sen	1
Rô-sơ	1
Rô-đa	1
Rô-đa-nim	1
Rô-đơ	1
Rõ	1
Rún	1
Rút	2
Răn	5
Răng	6
Rơi	1
Rơm	1
Rương	90
Rượu	17
Rải	2
Rảo	1
Rất	2
Rắn	4
Rằng	10
Rẽ	1
Rền	1
Rễ	4
Rối	1
Rốt	9
Rốt-xép	1
Rồi	344
Rồng	2
Rỗi	16
Rộng	2
Rời	41
Rụng	1
Rừng	8
Rửa	4
Sa	5
Sa-a-ra-im	2
Sa-an-bim	3
Sa-anh-bôn	1
Sa-anh-thi-ên	4
Sa-ba	2
Sa-ba-bin	1
Sa-ba-đu-la	1
Sa-bu-luân	50
Sa-bát	159
Sa-bê	1
Sa-bê-thai	2
Sa-ca	2
Sa-chát-si-ma	1
Sa-ghê	1
Sa-gôn	1
Sa-ha	1
Sa-ha-ra-im	1
Sa-la	4
Sa-la-môn	1
Sa-la-thi-ên	5
Sa-lai	1
Sa-lem	4
Sa-li-ma	1
Sa-li-sa	1
Sa-lim	1
Sa-lu	3
Sa-lum	29
Sa-lun	1
Sa-lách	4
Sa-lê-ca	1
Sa-lê-kết	1
Sa-lô-mê	2
Sa-lô-môn	297
Sa-ma	2
Sa-ma-ri	135
Sa-mai	4
Sa-mia	4
Sa-mu-ên	140
Sa-mua	4
Sa-mô-tra-xơ	1
Sa-mốt	2
Sa-na	1
Sa-na-im	1
Sa-na-nim	1
Sa-nia	1
Sa-pham	1
Sa-phan	30
Sa-phi-ra	1
Sa-phia	2
Sa-phát	7
Sa-phôn	1
Sa-ra	40
Sa-ra-gim	1
Sa-rai	20
Sa-ráp	1
Sa-rép-ta	3
Sa-rê-phát	1
Sa-ríp	2
Sa-rôn	8
Sa-rết-se	5
Sa-sai	1
Sa-sác	2
Sa-sê-kim	1
Sa-tan	54
Sa-vê	1
Sa-vê-sa	1
Sa-ách-ga	1
Sa-áp	2
Sa-đu-sê	14
Sa-đơ-rắc	15
Sa-đốc	2
Sai	4
Sam-ga	5
Sam-la	4
Sam-ma	8
Sam-mua	1
Sam-sê-rai	1
Sam-sôn	52
San	2
San-ba-lát	11
San-chê-ríp	14
San-sa-na	1
Sang	2
Sanh-ca	3
Sanh-ma	4
Sanh-ma-na-se	2
Sanh-mai	1
Sanh-man	1
Sanh-môn	10
Sao	149
Sau	558
Sau-lơ	441
Se-mét	9
Sem	20
Sen	1
Sen-cơ-rê	1
Sha-mai	2
Sha-rôn	1
Shau-lơ	2
Shi-he	1
Shu-rơ	1
Shê-ba	1
Shê-la	1
Shơ-phê-la	2
Si-anh-thi-ên	4
Si-ba	1
Si-bê-cai	4
Si-bô-lết	1
Si-chem	72
Si-chi	1
Si-cô	1
Si-cút	1
Si-hô	2
Si-hôn	37
Si-kha	1
Si-la	16
Si-lem	3
Si-li	1
Si-li-si	8
Si-lim	1
Si-lô	39
Si-lô-am	4
Si-lô-ni	1
Si-lô-ê	1
Si-ma-tít	1
Si-miệc-nơ	2
Si-mê-a	9
Si-mê-am	1
Si-mê-i	43
Si-mê-át	2
Si-mê-ôn	51
Si-môn	81
Si-na	1
Si-nai	38
Si-nim	1
Si-nê-a	6
Si-nê-áp	1
Si-nít	2
Si-phi	1
Si-ra-cu-sơ	1
Si-ren	1
Si-ri-ôn	3
Si-ru	24
Si-rơ-tơ	1
Si-rắc	1
Si-sa	1
Si-sách	2
Si-sê-ra	22
Si-sắc	7
Si-ta	1
Si-tim	6
Si-van	1
Si-xa	1
Si-ôn	171
Si-ônĐều	1
Si-ônĐể	1
Si-đim	3
Si-đôn	48
Sia	1
Sia-ha	1
Sim-a	2
Sim-ri	3
Sim-rivà	1
Sim-rát	1
Sim-rít	1
Sim-rôn	7
Sim-sai	4
Sim-y	9
Sin	6
Sin-ti-cơ	1
Sin-vanh	1
Sinh	10
Sinh-sa	1
Sinh-vanh	2
Siếc-rôn	1
Siếp-ra	1
Soa	1
Soi	5
Song	3
Soái	1
Su-a	9
Su-anh	4
Su-ba-ên	3
Su-ca-tít	1
Su-cham	3
Su-cốt	19
Su-ha	1
Su-la-mít	2
Su-ma-tít	1
Su-nem	11
Su-ni	3
Su-phơ	2
Su-ri	1
Su-rơ	6
Su-sa	2
Su-sa-na	1
Su-san	20
Su-si	1
Su-sim	1
Su-thê-lách	3
Su-tê-la	3
Su-ách	2
Sung	1
Suy	2
Suối	6
Suốt	52
Suỵt	1
Sy-e-nê	2
Sy-ren	5
Sy-ri	72
Sy-đôn	2
Sách	11
Sáng	53
Sánh	1
Sáo	1
Sáp	1
Sáp-bê-tai	1
Sáp-ta	2
Sáp-tê-ca	2
Sát	2
Sáu	10
Sâm-lai	1
Sân	4
Sâu	2
Sép-na	9
Sê	3
Sê-a	1
Sê-a-ria	2
Sê-a-ru-chen	1
Sê-an	5
Sê-anh	1
Sê-anh-thi-ên	1
Sê-ba	43
Sê-ba-nia	7
Sê-ba-rim	1
Sê-be	1
Sê-bu-ên	3
Sê-bát	1
Sê-bô-im	3
Sê-ca-ca	1
Sê-ca-nia	11
Sê-cung-đu	1
Sê-cư	1
Sê-giu	1
Sê-gúp	3
Sê-ha-ria	1
Sê-ham	1
Sê-i-ra	2
Sê-i-rơ	37
Sê-kem	1
Sê-ken	1
Sê-la	65
Sê-laĐức	1
Sê-lem-gia	2
Sê-li-sia	1
Sê-lu-miên	5
Sê-lách	5
Sê-lép	2
Sê-lê	2
Sê-lê-mia	9
Sê-lô-hốt	1
Sê-lô-mi	9
Sê-lô-mốt	3
Sê-lô-phát	4
Sê-lơ-xi	1
Sê-lết	1
Sê-lốt	1
Sê-ma	6
Sê-ma-gia	39
Sê-ma-kia	1
Sê-ma-ri	1
Sê-ma-ri-a	2
Sê-ma-ri-gia	2
Sê-me	3
Sê-mi-ni	1
Sê-mi-ra-mốt	4
Sê-mi-đa	4
Sê-mu-ên	1
Sê-mê-bê	1
Sê-mê-hút	1
Sê-mê-in	2
Sê-mết	12
Sê-na	2
Sê-na-xa	1
Sê-nai	1
Sê-ni-rơ	1
Sê-nia	2
Sê-nê	1
Sê-pha	6
Sê-pha-na	3
Sê-pha-ti-gia	1
Sê-pha-tia	12
Sê-pham	1
Sê-phe	5
Sê-phi	1
Sê-phu-pham	2
Sê-phu-phan	1
Sê-phô	1
Sê-phô-ra	5
Sê-phôn	3
Sê-phạt-va-im	7
Sê-ra	1
Sê-ra-gia	19
Sê-ra-phim	1
Sê-ragia	1
Sê-rách	8
Sê-rê-bia	8
Sê-rúc	7
Sê-rết	5
Sê-sa	17
Sê-sa-rê	20
Sê-sai	2
Sê-san	3
Sê-sanvà	1
Sê-ta-bô-xê-nai	4
Sê-tha	1
Sê-thu	1
Sê-tiên	15
Sê-va	3
Sê-van-gia	1
Sê-ê-ra	2
Sê-ô-rim	1
Sê-đê-kia	68
Sê-đêu	5
Síp	8
Síp-bai	1
Síp-ma	5
Síp-mốt	1
Síp-ra-im	1
Síp-tan	1
Sít-mai	2
Sít-na	1
Sít-ri	1
Sít-tim	1
Sít-trai	1
Sóng	5
Sô	1
Sô-ba-tê	1
Sô-bai	2
Sô-banh	8
Sô-bi	1
Sô-bác	2
Sô-báp	4
Sô-bếch	1
Sô-cô	8
Sô-ha	1
Sô-ham	1
Sô-kia	1
Sô-mê	3
Sô-pha	4
Sô-phan	1
Sô-phác	2
Sô-phê-rết	1
Sô-phô-ni	8
Sô-ranh	1
Sô-réc	1
Sô-si-pha-tê	1
Sô-tai	2
Sô-đi	1
Sô-đôm	46
Sông	20
Súc	2
Súp-bim	3
Săn	1
Sĩ	2
Sơ-phát-gia	1
Sơ-phê-la	7
Sơn	2
Sơn-cơ-rê	1
Sư	23
Sạt-đe	3
Sải	1
Sản	5
Sấm	6
Sầu	1
Sắc	5
Sắp	2
Sắt	2
Sẵn	3
Sẽ	152
Sết	10
Sết-ba-xa	3
Sọ	5
Số	36
Sống	38
Sốt-then	2
Sồi	1
Sớ	1
Sở	8
Sợ	5
Sợi	2
Sứ	11
Sức	15
Sừng	5
Sử	39
Sửa	1
Sửng	1
Sự	196
THÁNH	1
Ta	6441
Ta-a-nác	2
Ta-ba-ốt	2
Ta-bi-tha	2
Ta-bát	1
Ta-bê-ên	2
Ta-gô-ma	1
Ta-han	2
Ta-hách	1
Ta-hát	10
Ta-li-tha-cum	1
Ta-ma	36
Ta-nác	1
Ta-phát	1
Ta-ri-si	1
Ta-rách	2
Ta-rê-a	2
Ta-rê-si	19
Ta-rê-xi	1
Tai	40
Tan	3
Tan-hu-mết	2
Tan-mai	3
Tanh-môn	5
Tao	1
Tay	63
TaĐã	2
TaĐông	1
TaĐặng	1
TaĐể	2
Tha	4
Tha-a-nác	4
Tha-bê-ra	2
Tha-bô	12
Tha-chan	2
Tha-ma	4
Tha-mu	1
Tha-mác	2
Tha-na-át	1
Tha-rê	10
Tha-rê-a-la	1
Tha-rêTha-rê	1
Tha-đê	2
Tham	3
Than	20
Thanh	12
Thanh-mai	3
Thay	13
Then	1
Theo	50
Thi	5
Thi-a-ti-rơ	4
Thi-ria	1
Thi-sê-be	7
Thi-sít	1
Thim-na	16
Thim-na-tha	1
Thim-nát	3
Thiên	130
Thiêu	8
Thiến	1
Thiết	3
Thiếu	23
Thiện	4
Thiệt-sa	6
Thoát	4
Thu	2
Thu-mim	6
Thung	12
Thuyền	2
Thuẫn	2
Thuật	1
Thuộc	19
Thuở	10
Thà	26
Thành	81
Thác	3
Thái	279
Tháng	5
Thánh	580
Tháo	2
Tháp	10
Tháp-bu-ách	7
Thân	42
Thâu	1
Thây	7
Thét	1
Thê-be	2
Thê-bê	1
Thê-bết	4
Thê-cô-a	7
Thê-kô-a	1
Thê-ma	5
Thê-man	17
Thê-mê-ni	1
Thê-qua	1
Thê-ra-phim	1
Thê-rết	2
Thêm	3
Thêu-đa	1
Thì	123
Thình	4
Thích	5
Thòng	1
Thóc	2
Thói	1
Thô-a	2
Thô-la	7
Thô-ma	12
Thôi	14
Thông	1
Thù	1
Thú	12
Thăm	29
Thơm	1
Thư	8
Thưa	243
Thương	4
Thước	2
Thường	1
Thượng	14
Thạch	3
Thạnh	1
Thả	2
Thảo	1
Thảy	2
Thấm	1
Thất	3
Thấy	72
Thần	92
Thầy	348
Thẩm	4
Thậm	2
Thật	299
Thắt	2
Thằn	1
Thằng	2
Thẳng	2
Thẻ	2
Thế	778
Thề	1
Thể	14
Thịnh	1
Thịt	9
Thỏ	1
Thỏa	3
Thống	5
Thốt	1
Thổ	2
Thổi	2
Thờ	85
Thời	19
Thở	2
Thợ	7
Thủ	3
Thủy	3
Thức	12
Thừa	2
Thử	4
Thực	6
Ti-bát	1
Ti-bê-ri	1
Ti-bê-ri-át	3
Ti-chi-cơ	2
Ti-gơ	1
Ti-lôn	1
Ti-mê	1
Ti-mô-thê	30
Ti-ra	2
Ti-ra-na	1
Ti-ra-tít	1
Ti-ti-u	1
Ti-va	1
Ti-đanh	2
Tia	2
Tim	5
Tim-na	1
Tin	14
Tinh	12
Tiên	47
Tiêu	3
Tiếc-lác	6
Tiến	4
Tiếng	87
Tiếp	7
Tiền	7
Tiểu	16
Tiểu-á	3
Tiệc	2
Tiệc-va	1
Tiệt-ha-ca	2
Tiệt-sa	11
Toàn	303
Toán	2
Tra	3
Tra-cô-nít	1
Trai	2
Trang	3
Trao	5
Treo	2
Tri	11
Trinh	2
Triều	8
Triệt	1
Tro	1
Trong	621
Tru	2
Trung	9
Truyền	2
Truất	1
Try-phe-nơ	1
Try-phô-sơ	1
Tràn	4
Trào	2
Trách	4
Trái	23
Trán	1
Tránh	5
Trên	88
Trình	1
Trí	8
Trò	2
Tròng	1
Trô-phim	4
Trô-ách	6
Trông	4
Trù	1
Trùm	1
Trú	1
Trút	4
Trăm	3
Trăng	6
Trơ	1
Trước	160
Trướng	1
Trường	5
Trưởng	20
Trượng	1
Trại	107
Trạm	1
Trả	4
Trải	4
Trần	2
Trẫm	3
Trận	8
Trẻ	7
Trị	1
Trịch	1
Trọn	13
Trốn	5
Trống	2
Trồng	5
Trộm	1
Trời	4079
Trờicủa	1
Trờingươi	1
TrờiĐã	1
TrờiĐến	1
TrờiĐể	1
Trở	14
Trụ	5
Trừ	5
Trừng	1
Tu	3
Tu-banh	10
Tuy	154
Tuyên	2
Tuyết	1
Tuyệt	3
Tuân	1
Tuôn	2
Tuần	7
Tuế	1
Tuổi	3
Ty	1
Ty-chi-cơ	3
Ty-môn	1
Ty-ra-nu	1
Ty-rơ	59
TÊ-KEN	1
Tà	1
Tài	9
Tàn	9
Tàu	5
Tá	1
Tác	2
Tác-bê-ne	2
Tác-pha-nết	7
Tách-kê-môn	1
Tám	3
Táo	1
Táp-bua	1
Táp-ri-môn	1
Tát	1
Tát-mốt	2
Tâm	23
Tâu	49
Tây	7
Tây-ban-nha	2
Tê-ba	1
Tê-ba-lia	1
Tê-bết	1
Tê-cô-a	1
Tê-hi-na	1
Tê-ken	1
Tê-kô-a	4
Tê-la	2
Tê-la-im	2
Tê-la-sa	2
Tê-lem	2
Tê-man	1
Tê-sa-lô-ni-ca	9
Tê-tu-lu	2
Tên	48
Tên-a-víp	1
Tìm	14
Tình	28
Tích	19
Tích-rít	1
Tín	3
Tính	2
Típ-ni	3
Típ-sắc	2
Tòa	2
Tóc	7
Tóm	4
Tóp	2
Tô-ba-đô-ni-gia	1
Tô-bi-gia	5
Tô-bia	17
Tô-cát	1
Tô-ga-ma	3
Tô-hu	3
Tô-i	3
Tô-ken	1
Tô-lát	1
Tô-phên	1
Tô-phết	10
Tôi	1313
Tôn	4
Tù	2
Tùy	8
Túm	1
Tư	9
Tương	3
Tước	4
Tưới	3
Tướng	12
Tường	7
Tưởng	2
Tượng	4
TẠI	1
Tạ	1
Tạc	2
Tạc-sít	5
Tạc-sơ	5
Tạc-tê-nai	4
Tại	331
Tạm	103
Tạo	18
Tạt	1
Tạt-bên	1
Tạt-si	1
Tạt-sít	1
Tạt-tan	1
Tạt-tác	1
Tảng	9
Tấm	3
Tấn	3
Tất	334
Tầng	1
Tầu	1
Tận	6
Tập	4
Tậu	1
Tặng	2
Tẹt-tiu	1
Tế	23
Tể	14
Tỏ	3
Tỏa	1
Tối	35
Tốp	2
Tốt	22
Tổ	20
Tổng	39
Tội	53
Tớ	5
Tới	1
Tờ	1
Tủy	1
Tức	53
Từ	377
Từng	4
Tử	6
Tự	14
Tựa	2
U-canh	1
U-dan	1
U-danh	1
U-la	1
U-lai	2
U-lam	4
U-lơ	1
U-ma	1
U-ni	3
U-pha	2
U-ri	22
U-ri-a	5
U-ri-gia	24
U-ri-ên	5
U-rim	8
U-rơ	5
U-rơ-ban	1
U-thai	3
U-xa	19
U-xi	14
U-xi-gia	3
U-xi-ên	18
U-xia	4
U-xên	1
U-xơ	3
Ung	1
Uy	2
Uống	7
VUA	2
Va-sê-ni	1
Vai-xa-tha	1
Van-gia	1
Vang	2
Vi	10
Vinh	24
Viên	22
Việc	56
Viện	1
Vong	1
Vua	1401
Vui	9
VÀ	1
Và	1477
Vài	10
Vàng	7
Vào	226
Vác	1
Vách	2
Váy	1
Vâng	21
Vét	1
Vê-đan	1
Vì	2456
Ví	3
Vòng	4
Vó	3
Vô	2
Vôi	1
Vùi	1
Vùng	8
Vú	1
Văn	2
Vĩ	1
Vũ	4
Vươn	1
Vương	25
Vướng	1
Vườn	8
Vượt	80
Vạch	2
Vạm	1
Vạn	271
Vả	12
Vả-thi	10
Vải	2
Vấn	4
Vấp-si	1
Vấy	1
Vầng	7
Vẫn	5
Vật	13
Vậy	873
Vẻ	1
Vết	13
Về	128
Vị	29
Vịnh	1
Vọng	4
Vốc	1
Vốn	5
Vồ	1
Vội	1
Với	66
Vớt	2
Vợ	21
Vụ	1
Vứt	1
Vừa	68
Vững	1
Vựa	1
Vực	9
Xa	6
Xa-a-nan	1
Xa-bát	9
Xa-bút	1
Xa-cha-ri	59
Xa-cha-ri-gia	1
Xa-chê	5
Xa-cu	1
Xa-cư	3
Xa-ham	1
Xa-lim	1
Xa-láp	1
Xa-mô-na	2
Xa-nô-a	3
Xa-nô-ách	2
Xa-phôn	2
Xa-phơ-nát	1
Xa-ra	1
Xa-rách	1
Xa-rết-xe	1
Xa-van	2
Xa-xa	1
Xa-đốc	54
Xai-rơ	1
Xam-xu-mim	1
Xanh	1
Xanh-mu-na	12
Xe	8
Xe-rơ	1
Xem	20
Xi-ba	17
Xi-bia	3
Xi-bê-ôn	7
Xi-bô-lết	1
Xi-ha	3
Xi-lê-thai	2
Xi-na	1
Xi-pha	1
Xi-phi-ôn	1
Xi-ra	1
Xi-xa	3
Xi-xê-ra	1
Xi-đim	1
Xia	1
Xim-ma	5
Xim-ram	2
Xim-ri	16
Xin	850
Xin-la	3
Xinh-ba	8
Xiếc-lác	15
Xiếc-ri	12
Xiềng	1
Xoa	11
Xong	23
Xoáy	2
Xu-a	5
Xu-phơ	5
Xu-ri-ha-đai	5
Xu-ri-ên	1
Xu-rơ	6
Xung	2
Xuống	7
Xà	1
Xác	9
Xác-cai	2
Xác-cua	7
Xác-than	1
Xáp-bai	2
Xáp-bút	1
Xáp-di-ên	1
Xáp-đi	7
Xát-than	1
Xát-tu	5
Xâm	1
Xây	7
Xé	1
Xét	5
Xê-ba-đia	10
Xê-bi-na	1
Xê-bi-đa	1
Xê-bun	7
Xê-bách	12
Xê-bê-đê	11
Xê-bô-im	2
Xê-bụt	4
Xê-ha	1
Xê-ke	1
Xê-la	2
Xê-léc	2
Xê-lô-phát	8
Xê-lốt	1
Xê-ma-ra-im	1
Xê-ma-rít	1
Xê-mi-ra	1
Xê-na	1
Xê-nan	1
Xê-pha-ta	1
Xê-pham	1
Xê-phi	1
Xê-phát	1
Xê-phô	2
Xê-phôn	2
Xê-ra	9
Xê-ra-gia	1
Xê-ra-hi-gia	7
Xê-ra-ma-im	1
Xê-ri	1
Xê-ru-gia	24
Xê-ru-ha	1
Xê-rách	15
Xê-rê-đa	3
Xê-rô	1
Xê-rô-ba-bên	1
Xê-rết	9
Xê-tha	1
Xê-tham	2
Xê-than	1
Xê-ép	6
Xê-đát	2
Xê-đéc	2
Xên-xa	1
Xíp	11
Xíp-rôn	1
Xít	1
Xòe	1
Xóa	2
Xót	1
Xô-a	1
Xô-an	7
Xô-ba	16
Xô-ha	1
Xô-hê-lết	1
Xô-hết	2
Xô-pha	2
Xô-phai	2
Xô-phim	1
Xô-phô-ni	2
Xô-ra	7
Xô-ra-tít	2
Xô-rê-a	3
Xô-rít	1
Xô-rô-ba-bên	25
Xông	5
Xúc	1
Xơ-phan-gia	2
Xưa	7
Xương	15
Xạ	2
Xạt-han	1
Xả	1
Xảy	1
Xấu	2
Xẻ	2
Xế	1
Xếp-bô	7
Xết-rôn	2
Xỏ	2
Xứ	10
Xức	1
Xứng	1
Xử-đoán	1
Y	6
Y-bê-ri	1
Y-ca-bốt	2
Y-cô-ni	5
Y-giê	1
Y-giê-A-ba-rim	2
Y-giôn	1
Y-ke	1
Y-kết	2
Y-lai	1
Y-ly-ri	1
Y-mê	10
Y-ra	6
Y-ram	1
Y-ri	1
Y-ru	1
Y-rơ	1
Y-s	1
Y-sa-ca	40
Y-sa-cahọ	1
Y-sai	44
Y-sác	144
Y-sơ-ra	4
Y-sơ-ra-ên	2609
Y-sơ-ra-ênĐáng	2
Y-sơ-ra-ênĐều	1
Y-sốt	1
Y-ta-li	3
Y-ta-lia	2
Y-tai	8
Y-tha-ma	20
Y-tha-na	1
Y-thi-ên	3
Y-tu-rê	1
Y-va	2
Y-ê-ga	1
Y-đim	1
Y-đô	10
Yê-bô-in	1
Yêu	5
Yết	2
\	2
a-men	1
ai	1681
aiĐến	1
am	4
an	633
anh	4286
ao	32
ba	773
bai	5
ban	1281
bang	15
bao	710
baoĐến	1
bay	98
be	2
beng	1
beo	4
bi	7
bia	13
binh	325
biên	62
biếc	2
biếm	1
biến	132
biếng	24
biết	1867
biếu	15
biển	363
biểu	27
biện	50
biệt	173
boong	1
bu	2
buôn	41
buông	15
buốt	3
buồm	7
buồn	132
buổi	104
buộc	127
buột	2
bà	970
bàTheo	1
bàVội	1
bài	91
bàn	802
bàng	24
bành	2
bào	76
bày	161
bá	70
bác	31
bách	25
bái	6
bám	22
bán	172
báng	56
bánh	443
báo	468
báp-tem	86
bát	43
báu	60
bâu	2
bây	231
bã	13
bãi	23
bão	44
bè	42
bèUống	1
bèn	128
bèo	1
bé	133
bén	22
béo	28
bê	21
bên	802
bênh	27
bêu	4
bì	127
bìTrong	1
bình	534
bìnhĐẹp	1
bí	55
bích	9
bít	1
bíu	1
bò	527
bòCùng	1
bòĐi	1
bó	44
bóVà	1
bóc	53
bói	48
bón	3
bóng	177
bóp	9
bô	14
bôi	17
bôn	2
bông	26
bù	13
bùa	10
bùi	1
bùn	24
bùng	12
bú	30
búDính	1
búHay	1
búa	18
bút	8
băn	2
băng	59
bơ	3
bơi	5
bưng	7
bươi	1
bước	197
bướng	2
bướu	1
bạc	464
bạc1.000đĩa	1
bạch	22
bại	154
bạn	196
bạo	102
bạoĐã	1
bạt	3
bản	94
bảng	84
bảo	1680
bảy	586
bấn	3
bấp	1
bất	385
bấy	95
bầm	7
bần	1
bầu	84
bầy	297
bẩn	11
bẩy	5
bẫy	91
bậc	72
bận	11
bật	9
bậy	2
bắc	162
bắn	60
bắp	2
bắt	760
bằm	7
bằng	1195
bẵng	1
bặt	4
bẹp	7
bẻ	79
bẽ	2
bế	8
bến	11
bếp	7
bề	71
bền	56
bể	67
bểCác	1
bểĐều	1
bệ	392
bện	4
bệnh	179
bệt	1
bỉ	67
bỉVì	1
bỉnh	2
bị	2811
bịVà	1
bịa	3
bịnh	35
bịp	7
bịt	19
bịu	1
bọ	28
bọPhá	1
bọc	98
bọn	137
bọt	14
bỏ	933
bỏCả	1
bỏLại	2
bỏSẽ	1
bỏTất	1
bỏVà	1
bỏng	8
bỏĐã	1
bố	351
bốHay	1
bốThì	1
bốc	34
bối	45
bốn	446
bốĐến	1
bồ	47
bồi	36
bồn	42
bồng	18
bổ	80
bổn	10
bổng	4
bỗng	26
bộ	153
bộMà	1
bộc	5
bội	103
bộng	2
bột	99
bớ	46
bớt	20
bờ	200
bời	1
bờm	1
bởi	201
bợ	2
bợm	2
bụa	30
bục	5
bụi	164
bụm	4
bụng	82
bụngĐã	1
bủa	14
bủn	5
bức	220
bứng	16
bứt	15
bừa	10
bừng	23
bửa	2
bửu	5
bữa	38
bực	22
ca	514
cai	264
cam	13
can	78
canh	211
cao	624
caoĐưa	1
cay	52
cen-ti	1
cha	923
chai	26
chan	2
chao	2
chay	95
che	213
chen	6
chi	771
chia	231
chim	244
chinh	24
chiêm	79
chiên	570
chiêng	1
chiêu	6
chiếc	139
chiếm	304
chiến	772
chiết	4
chiếu	83
chiều	175
cho	10092
choàng	46
choán	1
choáng	3
chu	24
chua	7
chui	17
chung	289
chuyên	109
chuyến	7
chuyền	21
chuyển	134
chuyện	176
chuôm	3
chuông	4
chuẩn	139
chuốc	20
chuốt	2
chuồng	24
chuỗi	3
chuộc	426
chuộng	24
chuột	11
chà	91
chài	10
chàng	189
chào	98
chày	1
chác	2
chái	1
chán	33
chánh	8
cháo	3
cháu	654
cháy	156
châm	21
chân	685
châu	36
chè	4
chèn	2
chèo	14
chém	41
chén	109
chéo	3
chép	220
chépĐã	1
chét	2
chê	39
chê-ru-bim	71
chê-rúp	7
chì	11
chìTận	1
chìa	9
chìm	27
chí	72
chích	4
chín	118
chính	1493
chít	14
chíu	1
chòi	8
chòm	2
chòng	1
chó	55
chóVà	2
chóc	22
chói	13
chóng	25
chóp	5
chót	7
chôm	1
chôn	156
chông	2
chõng	15
chùi	5
chùm	16
chùn	1
chú	113
chúMà	1
chúa	203
chúc	149
chúng	6735
chúngĐều	3
chúngĐể	1
chút	77
chăm	78
chăn	186
chăng	138
chĩa	2
chũm	1
chơi	23
chư	14
chưa	399
chưng	1
chương	20
chước	29
chướng	5
chạm	63
chạng	13
chạp	7
chạy	433
chảo	7
chảy	113
chấm	71
chấn	5
chấp	114
chất	123
chấu	23
chầm	2
chần	4
chầu	56
chẩy	2
chậm	27
chận	14
chập	14
chật	7
chậu	24
chắc	227
chắcĐể	1
chắn	147
chắp	1
chắt	36
chằm	3
chằng	5
chẳng	719
chặn	9
chặng	3
chặp	1
chặt	131
chẻ	10
chẽ	5
chế	163
chếHơn	1
chếKhông	1
chếThì	1
chếTrên	1
chết	1255
chề	3
chểnh	4
chễm	5
chệ	5
chỉ	1151
chỉa	5
chỉnh	3
chị	2929
chịt	3
chịu	563
chọc	54
chọe	1
chọi	1
chọn	310
chọnĐể	1
chỏ	1
chỏa	14
chốc	20
chối	95
chốn	40
chống	402
chốt	8
chồi	20
chồm	3
chồn	8
chồng	223
chổ	3
chổi	27
chỗ	345
chỗi	19
chột	1
chớ	154
chớp	44
chớpĐể	1
chờ	103
chở	66
chởMọi	1
chởm	2
chợ	16
chợp	3
chợt	17
chục	23
chụp	9
chủ	367
chủng	3
chứ	97
chứa	87
chức	228
chứng	450
chừa	36
chừng	69
chửa	1
chửi	7
chửng	5
chữ	29
chữa	198
chực	12
co	9
co-ban	1
coi	175
com-pa	1
con	9457
cong	15
conĐến	1
conĐể	1
cu	2
cu-bít	1
cui	1
cung	380
cungĐánh	1
cungĐể	1
cuốc	4
cuối	144
cuốn	67
cuống	3
cuồn	8
cuồng	25
cuộc	176
cuội	1
cuộn	60
cà	2
cài	18
càn	5
càng	147
cành	103
cào	54
càoĐóng	1
càu	3
cày	43
cá	91
các	11503
cách	487
cái	867
cám	31
cán	13
cánh	267
cáo	254
cáp	5
cát	44
câm	32
cân	100
câu	127
cây	770
cãi	53
cò	4
còi	1
còm	2
còn	1869
còng	3
có	5073
cóA-sai-gia	1
cóGiê-hi-ên	1
cóGiê-đai-gia	1
cóGiô-a	1
cóKích	1
cóMa-hát	1
cóMi-ca	1
cóSa-lu	1
cóSa-lum	1
cóSe-ma-gia	1
cóSim-ri	1
cóSê-ma-gia	1
cóVà	1
cóXa-cha-ri	1
cóc	9
cói	2
cô	284
cô-rơ	4
côi	38
côn	11
công	1903
côngĐều	1
cõi	93
cõng	1
cùi	1
cùm	15
cùn	1
cùng	1983
cú	11
cúi	73
cúng	67
cút	5
căm	15
căn	58
căng	75
cũ	79
cũNhưng	1
cũi	1
cũng	2848
cơ	194
cơm	15
cơn	382
cư	418
cưVà	1
cưa	4
cưu	8
cương	15
cưới	162
cướp	202
cười	69
cường	53
cưỡi	64
cưỡng	22
cạm	16
cạn	74
cạnh	171
cạo	47
cạp	12
cả	3241
cảDòng	1
cảNên	1
cảThành	1
cảVà	1
cải	130
cảm	183
cản	32
cảng	14
cảnh	199
cảĐể	1
cấm	49
cấp	200
cất	369
cấu	13
cấy	10
cầm	255
cần	162
cầu	992
cầy	16
cẩm	8
cẩn	96
cận	151
cập	10
cật	1
cậu	160
cậy	222
cắc	2
cắm	56
cắn	45
cắp	43
cắt	239
cằn	14
cặn	16
cặp	28
cọ	13
cọc	20
cọng	6
cỏ	252
cỏi	15
cố	224
cốNhư	1
cốThành	1
cốc	54
cối	61
cốm	2
cống	32
cốt	82
cồn	1
cồng	1
cổ	122
cổNhững	1
cổVà	2
cổng	424
cổngĐể	1
cổĐể	1
cỗ	17
cỗi	4
cộ	3
cội	2
cộng	141
cột	113
cớ	160
cớNhiều	1
cớNhưng	1
cớSăn	1
cờ	31
cở	2
cởi	30
cỡ	6
cỡi	17
cỡn	1
cợt	3
cụ	116
cục	5
cụm	2
cụt	4
củ	1
của	11677
củi	60
củng	23
cứ	521
cứng	86
cứngĐể	1
cứu	933
cừ	1
cừu	146
cử	83
cửa	422
cửi	7
cửu	11
cữ	4
cự	30
cựa	2
cực	39
cựu	4
da	145
dai	3
dang	16
danh	631
danhĐức	1
dao	32
di	31
dinh	16
diêm	9
diếm	2
diết	2
diều	13
diễn	25
diễu	1
diệc	2
diện	226
diệp	1
diệt	671
diệu	54
do	429
doanh	38
doạ	1
du	14
dua	2
dung	29
duy	39
duyên	22
duyệt	1
duỗi	5
dài	262
dàn	36
dàng	15
dành	123
dào	42
dày	39
dám	156
dán	1
dáng	28
dát	35
dáy	1
dâm	162
dân	4027
dâng	1163
dânĐều	1
dânĐể	1
dâu	59
dây	137
dã	18
dãi	1
dãy	7
dép	27
dê	208
dêChạy	1
dì	1
dìm	1
dìu	7
dính	31
dò	48
dòi	5
dòng	461
dông	4
dõi	308
dõng	1
dù	318
dùi	3
dùng	747
dăm	1
dĩ	11
dĩa	4
dũa	1
dũng	138
dơ	8
dơi	3
dư	45
dưa	5
dưng	4
dương	48
dưới	515
dường	40
dưỡng	47
dược	14
dạ	77
dại	211
dạm	1
dạn	35
dạng	30
dạo	4
dạoĐến	1
dạt	2
dạy	757
dạy--kể	1
dả	4
dảLại	1
dải	10
dấp	2
dấu	266
dấy	36
dầm	10
dần	9
dầu	377
dầuĐể	1
dầy	6
dẫm	9
dẫn	379
dẫu	1
dẫy	85
dậm	1
dập	31
dật	30
dậy	447
dắt	54
dằm	8
dằn	6
dẳng	2
dặm	4
dặn	126
dẹp	41
dẻ	3
dế	1
dề	2
dể	33
dễ	30
dệt	37
dị	26
dịch	177
dịp	34
dịu	27
dọa	21
dọc	84
dọi	1
dọn	75
dốc	19
dối	268
dốiĐã	1
dốt	8
dồi	49
dồn	18
dỗ	157
dỗNhưng	1
dỗi	2
dội	54
dột	24
dời	40
dở	5
dỡ	17
dụ	34
dục	83
dụng	226
dủ	9
dứt	103
dừa	1
dừng	59
dửng	2
dữ	164
dự	192
dựa	29
dựng	313
e	26
em	3879
em--để	1
gai	143
gam	1
gan	26
gang	12
ganh	39
gao	2
gay	1
ghen	55
ghi	209
ghim	6
ghiếc	58
ghé	14
ghép	6
ghét	215
ghê	151
ghê-ra	2
ghẹo	1
ghẻ	3
ghế	19
ghề	3
gia	761
gia-min	2
giai	6
giam	62
gian	809
giang	11
giao	674
gieo	117
già	75
giàNằm	1
giàn	2
giành	9
giàu	141
giày	20
giá	234
giác	17
giám	76
gián	2
giáng	199
giánĐể	1
giáo	207
giáp	52
giây	11
giã	28
giãi	1
giãy	1
gièm	1
gié	13
giêng	20
giò	4
giòi	1
giòn	1
giòng	10
gió	168
gióVà	2
gióc	1
giông	4
giùm	6
giúp	294
giăng	31
giũ	6
giơ	44
giương	68
giường	77
giạ	2
giả	262
giảVà	1
giải	611
giảm	23
giản	3
giảng	196
giảo	1
giấc	93
giấm	11
giấu	122
giấy	8
giầu	27
giầy	9
giẫm	15
giậm	1
giận	438
giập	7
giật	20
giắt	1
giằng	1
giặc	17
giặt	45
giẻ	2
giếm	1
giếng	72
giết	716
giềng	67
giễu	26
giọng	9
giọt	16
giỏ	40
giỏi	32
giống	397
giồi	1
giớ	1
giới	332
giờ	1403
giờNgài	1
giở	6
giỡn	2
giụa	1
giục	31
giữ	845
giữVà	1
giữa	950
giựt	6
go	1
gom	25
guộc	6
gà	21
gài	30
gàng	1
gành	1
gào	35
gàu	1
gác	82
gái	579
gán	2
gánh	76
gát	1
gáy	25
gân	12
gây	223
gã	1
gãi	1
gãy	37
gê-ra	1
gì	1517
gìDo	1
gìKhi	1
gìNhưng	1
gìPhiền	1
gìn	115
gò	8
góa	87
góc	91
gói	2
góp	44
gót	14
gô	1
gô-phe	1
gông	3
gõ	10
gù	1
gút	2
găm	1
gũi	4
gươm	423
gươmĐể	1
gương	32
gườm	1
gạch	15
gạn	8
gạo	7
gạt	134
gả	63
gảy	4
gấm	5
gấp	56
gấu	25
gầm	41
gần	484
gầy	10
gẩy	5
gẫm	37
gẫy	40
gập	3
gật	2
gậy	111
gắm	1
gắn	62
gắng	30
gắp	4
gắt	4
gặm	7
gặp	469
gặt	132
gỉ	3
gọi	574
gọn	1
gọt	3
gốc	72
gối	45
gốm	24
gồ	3
gồm	128
gỗ	160
gộc	3
gội	2
gớm	62
gờ	2
gờ-ram	2
gờm	1
gở	4
gởi	91
gỡ	26
gợi	6
gợn	2
gục	49
gủi	1
gừ	3
gửi	43
ha	6
hai	1687
ham	22
han	2
hang	65
hanh	2
hao	15
hau	1
hay	855
heo	33
hin	14
hiu	6
hiên	6
hiếm	15
hiến	150
hiếnĐể	1
hiếp	51
hiếu	20
hiền	17
hiểm	39
hiển	72
hiểu	388
hiện	473
hiệp	61
hiệu	126
hoa	246
hoan	133
hoang	277
hoangĐã	1
hoangĐể	1
hoen	4
hoi	8
hoài	6
hoàn	210
hoàng	482
hoành	7
hoác	1
hoán	1
hoãn	17
hoạch	47
hoại	81
hoạiỞ	1
hoạn	126
hoạt	11
hoảng	41
hoặc	403
hung	40
huy	226
huynh	6
huyên	6
huyết	223
huyền	49
huyệt	16
huê	1
huênh	4
huýt	6
huấn	76
huệ	38
huống	16
huỳnh	4
huỷ	1
hy	166
hà	36
hài	67
hàm	22
hàn	4
hàng	344
hành	627
hào	64
há	73
hác	1
hái	69
hám	3
hán	7
hát	171
háu	1
hâm	1
hân	80
hâu	9
hãi	132
hãm	44
hãnh	28
hão	3
hãy	2257
hè	8
hèVà	1
hèn	46
hé	2
héo	52
hét	34
hê	3
hình	343
hí	10
híp	1
hò	63
hòVì	1
hòa	117
hòi	2
hòm	2
hòn	28
hòng	1
hóa	130
hóc	8
hói	5
hót	9
hô	47
hô-me	8
hôi	18
hôm	332
hôn	73
hông	39
hùa	5
hùng	87
húc	7
hút	2
hý	2
hăm	5
hăng	20
hĩnh	1
hũ	4
hơi	58
hơn	724
hư	120
hưng	17
hưu	1
hương	387
hươu	5
hướng	333
hưởng	174
hạ	699
hạVà	1
hạc	55
hạch	14
hại	323
hạn	79
hạng	17
hạnh	55
hạp	2
hạt	101
hạĐã	1
hả	18
hải	55
hảo	45
hấn	4
hấp	15
hất	4
hầm	40
hầu	157
hẩm	1
hận	12
hậu	154
hắc	1
hắn	183
hắt	1
hằn	1
hằng	187
hẳn	50
hẹn	12
hẹp	13
hẻm	3
hẻo	2
hết	588
hề	213
hềBị	1
hển	3
hễ	35
hệ	160
hệt	5
hỉ	34
hỉVì	1
họ	4855
họBằng	1
họCho	1
họCũng	1
họDắt	1
họKhi	2
họNhư	1
họNhưng	1
họSuốt	1
họSắc	1
họTa	1
họThoát	1
họTrong	1
họVà	9
họVào	1
họVì	3
họVề	1
họa	272
họaĐều	1
học	82
họng	9
họp	276
họĐã	1
họĐặng	1
họĐến	1
họĐể	1
hỏa	45
hỏi	765
hỏng	18
hố	48
hốSẽ	1
hốc	7
hối	69
hốt	14
hồ	58
hồi	94
hồn	272
hồng	36
hổ	192
hổHay	1
hổTrùm	1
hổVì	1
hổVề	3
hổi	1
hổn	4
hổng	1
hỗ	20
hỗn	13
hộ	93
hội	357
hộp	10
hột	1
hớn	19
hớt	11
hời	1
hờn	6
hở	23
hỡi	135
hợm	1
hợp	155
hợt	1
hụp	1
hụt	3
hủi	2
hủy	483
hứa	340
hứng	9
hừng	27
hửng	2
hữu	243
hực	7
im	52
inh	3
keo	2
khai	72
kham	1
khan	7
khang	5
khanh	21
khao	21
khay	3
khe	43
khen	45
khi	2555
khinh	164
khiêm	32
khiên	52
khiêng	117
khiêu	16
khiếm	3
khiến	267
khiếp	114
khiết	57
khiếtĐến	1
khiếu	12
khiển	32
khiễng	3
kho	122
khoa	12
khoan	8
khoang	38
khoanh	2
khoe	48
khoen	41
khom	2
khoác	21
khoái	6
khoán	1
khoát	3
khoét	11
khoăn	2
khoải	3
khoản	18
khoảng	87
khoảnh	5
khoẻ	5
khu	41
khua	2
khung	33
khuya	10
khuyaĐể	1
khuynh	2
khuyên	90
khuyến	25
khuyết	15
khuân	14
khuây	2
khuôn	19
khuông	2
khuất	38
khuấy	11
khá	20
khác	976
khách	84
khám	49
kháng	5
khánh	10
khát	99
kháu	1
khâm	1
khéo	50
khép	5
khét	1
khêu	1
khí	141
khích	77
khít	3
khòm	2
khó	130
khóVà	2
khóa	15
khóc	369
khóe	2
khói	43
khóm	3
khô	179
khôi	10
khôn	449
không	7854
khôngĐưa	1
khùng	8
khúc	24
khúm	2
khăn	68
khơi	11
khước	54
khướt	1
khạc	3
khả	97
khải	125
khảm	4
khảo	13
khảy	6
khấn	29
khẩn	161
khẩu	2
khập	4
khắc	89
khắng	3
khắp	376
khắt	1
khẳng	2
khế	7
khểnh	2
khỉ	1
khỉnh	1
khịt	2
khỏa	2
khỏe	27
khỏi	1681
khỏng	1
khố	18
khốc	14
khối	26
khốn	158
khống	8
khổ	304
khổNhư	1
khổNhưng	1
khổVì	1
khổng	16
khớp	19
khờ	22
khởi	57
khủng	42
khứ	6
khứng	1
khử	1
kia	564
kiaĐã	1
kiaĐể	1
kim	26
kinh	523
kiêm	1
kiên	186
kiêng	77
kiêu	142
kiếm	226
kiến	177
kiếp	5
kiết	2
kiếu	2
kiềm	17
kiền	1
kiềng	4
kiều	110
kiểm	77
kiểu	23
kiện	44
kiệt	32
kiệu	8
kè	6
kèm	18
kèn	91
kèo	2
ké	1
kém	116
kéo	278
kép	1
kê	41
kên	8
kênh	2
kêu	400
kìa	99
kìm	1
kí	29
kích	50
kín	88
kính	405
ký	79
ký-lô	6
kẹp	3
kẹt	4
kẻ	2197
kẻGiơ	1
kẻo	57
kẽ	9
kẽm	1
kế	170
kết	240
kề	12
kềMọi	1
kể	214
kểSo	1
kệ	2
kỉnh	1
kịch	6
kịp	40
kịt	5
kỳ	229
kỳCho	1
kỳNghịch	1
kỳVà	1
kỵ	80
kỷ	59
kỹ	29
kỹVà	1
la	118
la-ma	2
lai	54
lam	30
lan	55
lang	98
lanh	43
lao	185
lau	14
lay	25
lem	1
len	13
leo	26
lia	29
lim	1
linh	339
liu	3
liêm	5
liên	79
liêng	17
liêu	1
liếc	2
liếm	9
liềm	14
liền	365
liều	16
liểng	1
liễu	14
liệm	10
liệng	6
liệt	69
liệu	75
lo	149
loa	10
loan	59
loanh	1
long	16
loà	3
loài	501
loáng	9
loát	2
loè	4
loé	4
loét	2
loại	189
loạn	143
loạt	4
loảng	1
lu	1
lui	79
lung	5
luyến	4
luyện	68
luân	4
luôn	330
luận	113
luật	559
luống	19
luồn	3
luồng	18
luộc	7
ly	40
là	8181
làA-ri-kham	1
làAi-gia	1
làAnh-nan	1
làBinh-ban	1
làBê-la	1
làBê-nô	1
làCúc	1
làCố	1
làGhẹt-sôn	1
làGiô-sép	1
làGô-me	1
làHem-đan	1
làHê-be	1
làHô-ri	1
làHết-rôn	1
làMi-ca-ên	1
làNhà	2
làNữ	1
làSê-ba	2
làSê-ma-gia	1
làThành	1
làThê-man	1
làTảng	1
làU-xơ	2
làm	5260
làmĐến	1
làn	6
làng	121
lành	515
lànhĐến	1
làÁch-kê-na	1
làÁp-ra-ham	1
làÊ-lam	1
làÊ-li-sa	1
làÊ-li-áp	1
làÊ-nót	1
làÊ-than	1
làĐi-sôn	1
lá	56
láVà	1
lác	6
lách	2
lái	12
láng	73
lánh	50
láo	14
lát	25
lâm	51
lân	53
lâu	180
lây	3
lã	3
lãi	12
lãng	17
lãnh	589
lão	219
lén	9
léo	5
lép	6
lê	16
lên	2413
lênh	2
lêu	1
lì	13
lìa	127
lìm	1
lình	26
lính	100
lít	26
líu	2
lò	61
lòa	31
lòi	3
lòng	1544
ló	2
lóc	67
lóe	2
lói	4
lóng	4
lót	17
lô	3
lôi	31
lông	75
lõa	8
lõm	13
lùa	12
lùi	5
lùm	7
lùn	1
lùng	22
lúa	275
lúc	423
lún	6
lúp	2
lút	7
lúy	2
lý	263
lăm	102
lăn	25
lăng	34
lĩnh	15
lũ	26
lũng	145
lũy	100
lơ	14
lơn	1
lư	24
lưng	156
lưu	200
lương	128
lưới	72
lướt	5
lười	19
lườm	1
lường	27
lưỡi	163
lưỡng	4
lược	11
lượm	41
lượn	9
lượng	90
lượt	12
lạ	246
lạChống	1
lạDưới	1
lạNgài	1
lạc	259
lại	3515
lạiĐiều	1
lạiĐánh	1
lạiĐể	1
lạm	1
lạng	4
lạnh	14
lạo	1
lạp	1
lạt	2
lạy	231
lả	6
lải	2
lảm	1
lảng	3
lảo	14
lấm	1
lấn	15
lấp	33
lất	1
lấy	1048
lầm	94
lần	310
lầu	20
lầy	9
lẩn	5
lẩy	2
lẫm	5
lẫn	226
lẫy	15
lận	3
lập	523
lật	21
lậy	2
lắc	13
lắm	94
lắng	196
lắp	4
lằm	7
lằn	8
lẳng	1
lặn	35
lặng	120
lặp	10
lặt	1
lẹ	3
lẻ	10
lẻm	1
lẻn	11
lẻo	4
lẽ	137
lẽDày	1
lẽo	5
lết	2
lề	8
lều	87
lể	7
lễ	2384
lệ	376
lệVà	1
lệVì	1
lệch	8
lệnh	562
lệĐêm	1
lịch	4
lịm	2
lịnh	49
lọ	4
lọc	45
lọi	2
lọn	4
lọng	1
lọt	20
lỏi	2
lỏng	11
lốc	14
lối	364
lốt	1
lồ	24
lồi	2
lồng	5
lổng	1
lỗ	61
lỗi	551
lộ	91
lộNhưng	1
lộc	20
lội	10
lộn	19
lộng	9
lột	76
lộĐể	1
lớn	624
lớp	26
lời	2461
lờn	3
lở	18
lởm	2
lỡ	14
lợi	282
lợm	3
lợp	2
lụa	11
lục	25
lụi	2
lụn	1
lụng	4
lụt	33
lụy	5
lủng	4
lứa	7
lừa	301
lừng	10
lửa	515
lửng	1
lữ	7
lững	1
lựa	42
lực	215
lựu	30
lỵ	3
ma	27
ma-na	18
mai	127
man	7
mang	382
manh	10
mau	59
may	27
me	1
men	89
meo	22
min	1
minh	94
miên	3
miến	1
miếng	103
miếu	49
miền	167
miều	1
miểng	1
miễn	21
miễu	1
miện	24
miệng	380
miệt	9
moi	2
mong	111
mua	150
mui	1
mun	1
muôn	87
muông	6
muối	29
muốn	550
muồi	3
muỗi	3
muỗng	1
muội	11
muộn	10
muời	2
mà	2443
mài	15
màn	118
màng	50
màu	43
mày	28
má	17
máNgười	1
mác	10
mách	9
mái	45
máng	10
mánh	2
mát	43
máu	231
máuĐều	1
máy	10
mâm	4
mây	162
mã	134
mãVà	1
mãi	326
mãn	45
mãnh	32
mão	50
mèm	4
mèo	3
mé	10
méo	7
mép	8
mét	17
mê	49
mênh	7
mì	85
mình	2990
mìnhĐất	1
mìnhĐể	1
mí	5
mích	2
mím	1
mít	1
mò	8
mòn	60
mòng	1
móc	71
món	106
móng	57
mót	29
mô	22
môi	100
môn	376
môn-đệ	2
mông	11
môt	4
mõm	2
mù	112
mùa	190
mùi	58
múa	38
múc	29
mút	1
mũ	17
mũi	75
mơ	16
mưa	163
mưng	1
mưu	184
mươi	709
mương	3
mướn	21
mướt	2
mười	626
mường	1
mượn	30
mượt	2
mạ	40
mạc	305
mạch	49
mại	13
mạn	13
mạng	427
mạnh	424
mạo	17
mạp	2
mạt	1
mả	25
mải	2
mảng	5
mảnh	36
mấp	1
mất	243
mấu	1
mấy	115
mầm	11
mầu	94
mầy	15
mẩn	1
mẩu	1
mẩy	1
mẫm	3
mẫn	2
mẫu	33
mập	34
mật	102
mậtĐể	1
mậu	1
mắc	131
mắn	4
mắng	24
mắt	630
mặc	305
mặn	11
mặt	1725
mẹ	409
mẹLà	1
mẹLại	1
mẹSẽ	1
mẹo	1
mẻ	6
mẽ	80
mẽVà	1
mến	102
mềm	10
mền	10
mệnh	23
mệt	49
mỉa	2
mỉm	2
mị	3
mịn	52
mịt	9
mọc	128
mọi	1655
mọn	20
mọp	13
mọt	4
mỏ	6
mỏi	67
mỏm	1
mỏn	1
mỏng	10
mốc	35
mối	20
mống	1
mốt	19
mồ	70
mồi	63
mồm	1
mồng	31
mổ	5
mổi	1
mỗi	482
mộ	100
mộc	16
mộng	83
một	5299
mới	490
mờ	23
mời	170
mở	244
mởn	1
mỡ	102
mỡNhiều	1
mỡNhưng	1
mụ	8
mục	67
mụn	5
mụt	9
mủ	7
mứa	1
mức	22
mừng	404
mửa	14
mực	16
mỹ	24
mỹỞ	2
nai	36
nam	370
nan	15
nang	5
nanh	6
nao	4
nay	592
nayĐể	1
neo	7
nga	7
ngai	136
ngang	197
ngay	456
nghe	1532
nghi	59
nghinh	3
nghiêm	50
nghiên	8
nghiêng	31
nghiến	7
nghiền	27
nghiệm	118
nghiện	7
nghiệp	305
nghiệt	9
nghèo	200
nghén	9
nghê	1
nghênh	26
nghìn	2
nghĩ	162
nghĩa	179
nghĩaĐã	1
nghẹt	9
nghếch	1
nghề	36
nghễ	3
nghệ	11
nghỉ	176
nghỉMà	1
nghỉTrên	1
nghỉm	1
nghị	52
nghịch	382
nghịt	1
ngoai	1
ngoan	394
ngon	42
ngoài	515
ngoái	4
ngoạc	1
ngoại	377
ngoải	1
ngoảnh	12
ngu	161
nguy	46
nguyên	92
nguyền	108
nguyện	514
nguyệt	13
nguôi	34
nguệch	1
nguồn	75
nguời	4
ngà	21
ngài	146
ngàn	310
ngàng	2
ngàngĐến	1
ngành	15
ngào	22
ngày	2138
ngách	2
ngán	4
ngát	7
ngáy	1
ngâm	5
ngân	14
ngây	2
ngã	315
ngãNhưng	2
ngãThì	1
ngãVì	1
ngò	2
ngòi	19
ngó	4
ngóc	2
ngói	2
ngón	60
ngóng	6
ngô	6
ngôi	299
ngôn	117
ngông	4
ngõ	35
ngùi	1
ngùng	3
ngăm	2
ngăn	74
ngũ	87
ngơ	8
ngơi	58
ngư	1
ngưng	35
ngưoi	1
ngươi	5092
ngươiĐiều	1
ngươiĐã	3
ngươiĐể	4
ngước	60
người	12816
người--tên	1
ngườiĐi	1
ngườiĐã	1
ngườiĐược	1
ngưởi	1
ngưỡng	48
ngưỡngĐược	1
ngược	50
ngượng	2
ngạc	92
ngạch	4
ngại	27
ngạn	2
ngạnh	10
ngạo	82
ngạt	7
ngả	23
ngải	8
ngất	13
ngấy	4
ngầm	4
ngần	1
ngầu	2
ngẩng	1
ngẫm	11
ngẫu	1
ngậm	5
ngập	66
ngắc	1
ngắm	14
ngắmĐền	1
ngắn	27
ngắt	6
ngặt	10
ngọc	118
ngọn	156
ngọng	1
ngọt	50
ngỏ	7
ngốc	2
ngồi	353
ngỗ	3
ngộ	8
ngộp	1
ngột	4
ngớt	3
ngờ	39
ngờThì	1
ngời	7
ngỡ	1
ngợi	292
ngụ	180
ngụTrong	1
ngục	82
ngụm	1
ngụp	1
ngụy	6
ngủ	205
ngủi	6
ngứa	2
ngừa	1
ngừng	46
ngửa	3
ngửi	5
ngữ	52
ngự	259
ngựa	177
ngực	62
nha	2
nhai	14
nham	1
nhan	6
nhanh	53
nhao	1
nhau	565
nhe	1
nhen	11
nheo	3
nhi	31
nhiên	246
nhiêu	120
nhiếc	11
nhiếp	1
nhiều	790
nhiểu	2
nhiễm	1
nhiễu	8
nhiệm	193
nhiệt	34
nho	322
nhoi	1
nhoài	1
nhoáng	24
nhoángĐến	1
nhu	48
nhung	6
nhuyễn	1
nhuần	10
nhuận	1
nhuệ	15
nhuốc	4
nhuộm	11
nhà	1489
nhàBị	1
nhàHoặc	1
nhàQuỳ	1
nhàThành	1
nhàn	9
nhàng	5
nhành	6
nhào	11
nhàu	3
nhác	2
nhái	16
nhánh	22
nhát	12
nháy	5
nhân	641
nhã	80
nhãHọ	1
nhãVì	1
nhãi	1
nhè	1
nhé	2
nhét	1
nhì	77
nhìn	418
nhí	1
nhím	2
nhói	1
nhóm	82
nhót	3
nhô	6
nhôn	1
nhông	1
nhú	1
nhúc	1
nhún	1
nhúng	30
nhút	3
nhăn	3
nhũ	21
nhũi	2
nhũn	2
nhũng	1
nhơ	11
nhơn	3
như	3989
nhưBăng	1
nhưBọn	1
nhưChim	1
nhưMặt	1
nhưVinh	1
nhưVui	1
nhưng	1716
nhường	26
nhược	3
nhượng	12
nhạc	58
nhạn	2
nhạo	100
nhạt	1
nhạy	1
nhả	4
nhải	2
nhảm	2
nhảy	65
nhấc	11
nhấm	1
nhấn	1
nhất	381
nhầm	1
nhẩy	1
nhẫn	73
nhậm	41
nhận	745
nhập	53
nhật	5
nhậy	3
nhắc	79
nhắm	15
nhắn	3
nhắt	1
nhằm	82
nhằn	22
nhẵn	3
nhặn	2
nhặng	4
nhặt	18
nhẹ	32
nhẹn	11
nhểu	1
nhện	3
nhịn	16
nhịp	6
nhọc	64
nhọn	8
nhọt	19
nhỏ	181
nhỏPhá	1
nhối	4
nhốt	12
nhồi	31
nhổ	52
nhổm	2
nhộn	7
nhớ	302
nhớp	3
nhờ	320
nhở	15
nhục	261
nhụi	1
nhụt	2
nhủ	59
nhủi	1
nhức	8
nhứt	2
nhừ	1
những	4896
nhựa	14
ninh	17
niu	4
niêm	23
niên	130
niêu	5
niềm	133
niền	2
niệm	44
no	67
noi	19
nom	9
non	50
nua	7
nung	15
nuôi	102
nuông	1
nuối	5
nuốt	148
nuột	1
nài	115
nàn	19
nàng	445
nào	1898
này	2632
nàyĐể	2
ná	6
nách	1
nám	1
nán	5
náo	29
nát	218
náu	40
náy	1
nâng	69
nã	8
não	27
nãy	1
né	2
ném	172
nén	46
nép	2
nét	9
nê	31
nêNơi	1
nêVì	1
nêm	3
nên	1453
nêu	5
nín	26
nít	8
níu	3
nòi	2
nó	2678
nóBởi	1
nóGiống	1
nóKhỏi	1
nóMà	1
nóMột	1
nóNgoài	1
nóNhư	4
nóNếu	1
nóSẽ	2
nóThành	1
nóThì	2
nóTiêu	1
nóTrong	4
nóTrên	1
nóVà	7
nóVì	2
nóc	9
nói	2933
nóng	72
nóĐã	1
nô	189
nôn	3
nông	21
núi	678
núm	3
núng	3
núp	25
núpĐể	1
năm	976
nămÉp-ra-im	1
năn	99
năng	376
năngđời	1
nơi	1696
nơiĐể	1
nương	36
nước	1639
nướcĐang	1
nướcĐã	1
nướcĐến	1
nướcĐể	1
nướng	34
nạc	1
nại	20
nạn	234
nạnĐể	1
nạp	40
nản	28
nảy	9
nấc	1
nấm	5
nấn	1
nấng	5
nấp	2
nấu	31
nấy	73
nần	2
nầy	396
nẩy	31
nắm	105
nắn	18
nắng	20
nắp	18
nằm	271
nằng	1
nặc	1
nặn	5
nặng	243
nẻ	3
nẻo	14
nếm	27
nếp	16
nết	3
nếu	693
nề	66
nềMà	1
nềNhưng	1
nềTrên	1
nền	103
nể	17
nệm	1
nện	1
nỉ	35
nịnh	11
nịt	18
nọ	51
nọc	9
nỏ	1
nốc	1
nối	30
nồi	43
nồng	3
nổ	6
nổi	385
nỗ	2
nỗi	209
nộ	219
nộVà	5
nội	56
nộp	137
nới	3
nở	57
nởHãy	1
nỡ	8
nợ	66
nụ	7
nức	6
nứt	29
nửa	130
nữ	422
nữSẽ	1
nữThì	1
nữTừng	1
nữVì	1
nữa	984
nữvà	1
nực	1
oai	16
oan	9
oanh	1
oi	2
ong	48
oán	22
oại	3
oằn	2
pha	46
pha-lôn	1
phai	13
phanh	1
phao	5
phe	25
phen	1
phi	49
phiên	26
phiêu	5
phiếm	3
phiến	12
phiếu	2
phiền	65
pho	24
phong	123
phu	24
phun	15
phung	65
phàm	72
phàn	8
phào	3
phá	316
pháCác	1
pháKhi	1
pháKhông	1
pháNhư	1
pháTrên	1
phách	7
phái	73
phán	1950
pháo	1
pháp	66
phát	156
phân	264
phè	3
phèn	1
phép	335
phê	1
phì	22
phình	3
phí	30
phía	622
phò	8
phòng	180
phó	113
phóng	82
phô	11
phù	77
phú	28
phúc	139
phút	9
phơ	2
phơi	17
phương	191
phước	372
phường	25
phượng	185
phạc	1
phạm	732
phạt	371
phả	30
phải	2940
phản	206
phấn	11
phất	4
phần	672
phẩm	195
phẫn	44
phận	100
phập	2
phật	1
phắt	2
phẳng	14
phế	32
phếch	1
phết	9
phỉ	13
phỉnh	1
phỏng	5
phố	230
phối	12
phồng	3
phổ	1
phổi	1
phỗng	1
phờ	2
phỡn	3
phụ	692
phụNhưng	1
phục	804
phụng	97
phủ	160
phủi	5
phức	1
phừng	51
phực	1
phựt	1
qua	1136
quai	3
quan	475
quang	352
quangĐã	1
quangĐặng	1
quanh	432
quanhĐể	1
quay	316
que	4
quen	30
qui	49
quy	177
quyên	9
quyến	21
quyết	219
quyền	682
quyển	15
quyệt	22
quà	35
quàng	6
quá	200
quách	2
quái	9
quán	53
quát	11
quân	1150
quây	2
quãng	7
què	37
quét	37
quê	96
quên	127
quì	16
quí	36
quý	300
quýVà	1
quýVào	1
quýt	1
quăng	61
quạ	12
quại	3
quạng	2
quạnh	5
quạt	3
quả	306
quảVì	1
quản	137
quảng	29
quấn	39
quất	1
quấy	37
quần	119
quầng	1
quẩn	4
quẫn	11
quận	20
quật	6
quậy	5
quắc	1
quắp	1
quắt	2
quằn	3
quặn	20
quặng	1
quặp	1
quặt	9
quẹo	5
quẻ	6
quế	7
quệ	11
quị	1
quốc	386
quốcĐể	1
quờ	2
quở	87
quỳ	101
quỳVà	1
quỵ	16
quỷ	157
quỷVà	1
quỹ	4
qủa	1
ra	3489
ra--khi	1
ran	2
rang	7
ranh	94
rao	101
rau	19
reo	87
rinh	1
riêng	252
riết	2
riếu	1
ro	2
roi	41
rong	3
run	103
rung	45
ruồi	12
ruồng	12
ruộng	177
ruột	33
ràn	4
ràng	33
rành	2
rào	27
rày	1
rá	8
rác	10
rách	36
ráng	5
ráo	6
ráp	4
rát	1
ráy	1
râu	24
rây	1
rã	21
rãKhỏi	1
rãi	26
rãnh	1
rè	2
rèn	26
réo	2
rét	1
rê	4
rên	31
rêu	5
rình	30
rìu	19
rích	1
rít	2
ròng	57
rót	4
rõ	195
rõMọi	1
rùng	6
rú	7
rúc	1
rúm	1
rúng	36
rút	120
răn	203
răng	41
rũ	18
rơi	114
rơm	32
rương	156
rước	24
rưới	11
rường	1
rưởi	2
rưỡi	31
rượi	1
rượt	20
rượu	306
rượuĐể	1
rạ	13
rạc	1
rạch	12
rạn	1
rạng	44
rạo	1
rạp	14
rả	1
rải	33
rảo	3
rảy	53
rất	309
rầm	6
rầu	32
rầy	9
rẩy	67
rẫy	1
rậm	41
rận	1
rập	24
rắc	17
rắn	92
rắp	1
rằm	1
rằn	5
rằng	1454
rằngẤy	1
rặn	1
rặng	7
rẻ	7
rẽ	72
rến	1
rền	14
rể	41
rễ	49
rệt	1
rỉ	11
rỉa	1
rịn	1
rịt	2
rọc	2
rọi	5
rối	86
rốn	2
rống	16
rốt	4
rồ	7
rồi	1269
rồng	14
rỗi	187
rỗng	16
rộ	2
rộc	1
rộn	8
rộng	188
rớt	9
rờ	2
rời	203
rỡ	45
rỡKhi	1
rỡVà	2
rỡVì	1
rợn	7
rợnĐã	1
rợp	3
rụa	1
rụi	26
rụng	19
rụt	2
rủ	14
rủa	196
rủi	2
rủn	6
rứt	3
rừng	190
rửa	87
rữa	6
rực	48
sa	340
sa-bách-tha-ni	2
sa-bát	1
sai	676
san	11
sang	136
sanh	68
sao	1212
sau	738
say	102
sen	6
senỨa	1
shê-ken	7
si	5
si-tim	26
sim	4
sinh	1240
siêng	5
siêu	8
siếc	13
siếc-lơ	5
siết	9
so	18
soi	32
son	14
song	29
soái	1
soát	21
soạn	22
soạng	1
sum	11
sung	23
suy	124
suê	1
suôn	1
suông	6
suýt	5
suất	3
suối	114
suốiĐể	1
suốt	253
sà	4
sài	2
sàm	1
sàn	4
sàng	113
sành	22
sào	6
sá	2
sách	242
sáchĐể	1
sám	1
sáng	679
sánh	27
sáo	23
sáp	3
sát	277
sáu	231
sân	176
sâu	189
sém	8
sét	38
sê	10
sê-ken	2
sê-ra-phim	4
sên	1
sính	6
sòng	2
sóc	95
sói	23
sóng	35
sót	192
sô	3
sôThương	1
sôi	29
sông	461
sôngĐã	1
sùi	2
sùng	13
súc	194
sút	7
săn	60
sĩ	392
sĩChà	1
sĩDanh	1
sĩHay	1
sĩVới	1
sũng	1
sơ	22
sơn	4
sư	173
sưa	23
sưng	11
sưu	3
sương	45
sướng	9
sườn	22
sưởi	11
sạch	425
sạchĐể	1
sạn	2
sả	74
sải	4
sản	364
sảng	2
sảnh	5
sảo	4
sảy	4
sấm	44
sấp	84
sấu	2
sầm	7
sầu	40
sẩy	9
sẫm	2
sậm	2
sập	35
sậy	26
sắc	159
sắm	17
sắng	14
sắp	229
sắt	94
sẳn	1
sẵn	162
sặc	6
sẹo	2
sẻ	49
sẽ	8853
sẽChống	1
sẽCất	1
sẽNhư	1
sến	1
sệt	9
sỉ	82
sọ	2
sọc	5
sỏi	12
số	620
sốc	1
sống	1827
sốt	34
sồi	29
sổ	59
sỗ	1
sớ	8
sớm	78
sớmĐã	1
sờ	57
sờn	8
sở	68
sởNhư	1
sởNhưng	1
sỡ	5
sợ	733
sợCho	1
sợCơn	1
sợVà	1
sợVì	2
sợi	75
sợĐến	1
sụ	1
sục	2
sụcĐể	1
sụm	1
sụp	63
sủa	5
sủi	2
sủng	117
sứ	669
sức	362
sừng	100
sử	40
sửa	106
sửng	6
sữa	68
sững	21
sự	2115
sực	3
ta	3882
ta-lâng	8
tai	426
tam	5
tan	254
tang	86
tanh	6
tao	11
tay	1583
tayĐể	1
taĐể	1
tcr2	2
teo	5
tha	248
thai	98
tham	99
than	299
thang	38
thanh	263
thao	5
thau	5
thay	260
then	27
theo	2276
thi	168
thinh	2
thiên	376
thiêng	17
thiêu	529
thiếc	6
thiến	1
thiếp	38
thiết	141
thiếu	255
thiển	3
thiểu	2
thiện	129
thiệp	8
thiệt	34
thiệu	5
thoa	3
thoi	2
thong	5
thoáng	5
thoát	256
thoại	2
thoải	3
thoảng	2
thu	189
thua	19
thung	141
thuyên	1
thuyết	26
thuyền	80
thuê	31
thuêTrên	1
thuêVà	1
thuần	5
thuẫn	41
thuận	67
thuật	146
thuế	56
thuế--đều	1
thuốc	15
thuồng	1
thuộc	661
thuờng	1
thuở	39
thuợng	1
thà	29
thành	3219
thànhviệc	1
thànhĐể	1
thào	1
thác	39
thách	36
thái	103
thám	39
thán	6
tháng	271
thánh	917
thánhĐổ	1
tháo	52
tháp	62
thâm	7
thân	421
thâu	30
thây	29
thèm	16
thét	50
thê	8
thêm	261
thênh	1
thêu	30
thì	1980
thìLinh	1
thìa	6
thình	24
thí	8
thía	1
thích	206
thím	1
thít	1
thò	3
thòng	5
thóc	26
thói	23
thô	21
thôi	184
thôn	22
thông	157
thõng	2
thù	546
thùCác	1
thùNhư	1
thùVà	2
thùa	2
thùng	27
thùy	2
thùĐến	1
thú	301
thúc	35
thúng	14
thút	1
thăm	221
thăng	9
thũng	2
thơ	37
thơi	3
thơm	111
thư	126
thưa	448
thương	876
thước	241
thường	249
thưởng	80
thượng	258
thạch	29
thạnh	4
thạo	24
thả	68
thải	5
thảm	54
thản	4
thảnh	3
thảo	19
thảy	155
thấm	24
thấp	63
thất	60
thấu	50
thấy	1743
thầm	47
thần	1041
thầu	5
thầy	829
thẩm	97
thẫm	6
thậm	10
thận	128
thập	56
thật	500
thắc	7
thắm	7
thắn	2
thắng	211
thắp	22
thắt	70
thằn	1
thằng	2
thẳm	37
thẳng	172
thẵm	1
thặng	2
thẹn	104
thẻ	8
thế	1601
thếNhững	1
thếVì	1
thết	11
thếĐể	1
thề	307
thềVà	2
thềm	6
thể	1465
thệ	7
thỉnh	17
thỉu	5
thị	78
thịVà	1
thịch	2
thịnh	268
thịt	327
thọ	35
thọc	1
thỏ	2
thỏa	94
thỏm	1
thố	4
thối	18
thốn	32
thống	139
thốt	14
thổ	192
thổi	167
thổn	1
thớt	5
thờ	1528
thờDâng	1
thờLà	1
thờNhư	1
thời	391
thở	89
thợ	172
thụ	50
thục	2
thụng	2
thụt	2
thủ	131
thủng	21
thủy	51
thứ	1008
thứTội	1
thứVà	1
thức	398
thứĐể	1
thừ	2
thừa	110
thừng	18
thử	128
thửa	13
thự	12
thực	334
ti	1
tia	9
tim	16
tin	1035
tinh	259
tiên	905
tiêu	295
tiếc	38
tiếcĐến	1
tiến	207
tiếng	769
tiếp	510
tiết	61
tiếu	5
tiền	241
tiều	1
tiểu	6
tiễn	10
tiệc	132
tiện	22
to	48
toa	5
toan	25
toang	7
toà	2
toàn	836
toác	2
toái	1
toán	50
toát	1
toạc	2
toại	4
toả	3
tra	110
trai	1700
trang	132
tranh	204
tranhĐể	1
trao	148
trau	4
treo	63
tri	753
trinh	89
triết	9
triền	15
triều	255
triển	10
triệt	13
triệu	114
tro	53
trong	5920
tru	2
trung	229
truy	19
truyền	822
truyện	2
truân	21
truất	17
truồng	38
truớc	3
trà	1
tràn	158
tràng	4
trành	1
trào	17
trá	53
tráNhưng	1
tráVà	1
trác	3
trách	287
trái	382
trám	1
trán	30
tráng	15
tránh	108
tráo	8
trát	4
trân	6
trâu	2
trèo	4
tréo	1
trét	1
trên	2909
trêu	3
trì	111
trìVà	1
trình	264
trìu	1
trí	175
trích	14
trò	43
tròn	19
tròng	5
tróc	3
trói	49
trót	1
trôi	24
trôn	1
trông	157
trù	15
trùm	21
trùng	15
trú	148
trúc	9
trúng	62
trút	33
trăm	336
trăn	2
trăng	63
trĩ	1
trĩu	3
trũng	28
trơ	7
trơn	5
trưa	38
trưng	13
trương	10
trước	1965
trướcĐể	1
trướng	3
trườn	1
trường	100
trưởng	617
trượng	20
trượt	7
trại	484
trạm	12
trạng	28
trả	414
trảNhững	1
trảTùy	1
trải	45
trảm	1
trấn	58
trấu	13
trầm	42
trần	131
trầy	1
trẫm	6
trận	239
trật	9
trắc	9
trắng	87
trẻ	246
trẻKhác	1
trẻVà	1
trẽn	1
trề	9
trễ	13
trễGìn	1
trệ	4
trị	558
trịTrên	2
trịTàn	1
trịVà	1
trịch	1
trọ	26
trọc	15
trọi	3
trọn	135
trọng	288
trọt	5
trỏ	2
trố	2
trối	1
trốn	246
trống	60
trốt	3
trồ	1
trồng	113
trồngĐể	1
trổ	35
trổi	21
trỗ	2
trội	9
trộm	80
trộn	27
trộng	1
trời	913
trở	1159
trởVà	1
trợ	30
trợt	3
trụ	256
trục	40
trụi	14
trụy	11
trứng	13
trừ	160
trừng	144
trửng	3
trữ	46
trực	47
tu	56
tua	6
tung	41
tuy	17
tuyên	260
tuyến	4
tuyết	26
tuyển	7
tuyệt	68
tuân	125
tuôn	37
tuông	9
tuấn	4
tuần	38
tuế	13
tuếch	9
tuốt	9
tuổi	314
tuột	2
tuỳ	9
tà	102
tàKhỏi	1
tài	233
tàn	301
tàng	40
tành	14
tàu	120
tá	35
tác	108
tách	29
tái	34
tám	140
tán	81
táng	40
tánh	5
táo	13
táp	8
tát	4
tâm	417
tân	6
tâng	2
tâu	177
tây	135
tã	3
té	19
tên	647
tì	49
tìm	651
tình	491
tí	4
tía	11
tích	96
tím	37
tín	285
tính	112
tòa	65
tòng	6
tóc	89
tóe	1
tóm	2
tót	4
tô	9
tôi	7782
tôiĐã	3
tôiĐẹp	1
tôiĐều	1
tôiĐể	6
tôiĐổ	1
tôn	330
tông	24
tù	169
tùVà	2
tùng	100
tùy	157
tùĐể	1
tú	19
túa	1
túc	12
túi	14
túm	3
túng	19
túy	4
túĐược	1
tăm	127
tăng	126
tĩnh	18
tĩu	2
tơ	99
tơTay	1
tơTrên	2
tơi	1
tư	149
tưVà	1
tưng	1
tươi	69
tương	66
tước	33
tưới	22
tướng	111
tường	257
tưởng	183
tược	6
tượng	485
tạ	173
tạCủa	1
tạVà	1
tạc	16
tại	1690
tạm	50
tạng	1
tạnh	1
tạo	214
tạp	5
tạt	1
tả	15
tản	53
tảng	116
tấc	5
tấm	195
tấn	251
tấp	7
tất	1677
tầm	18
tần	1
tầng	134
tầu	5
tẩm	14
tẩu	5
tẩy	121
tận	325
tập	285
tật	48
tậu	5
tắc	14
tắm	52
tắt	55
tằm	1
tặc	4
tặng	69
tẻ	1
tế	2009
tếCó	1
tếCũng	1
tếGiống	1
tếTa	1
tếVào	1
tề	5
tể	24
tễ	2
tệ	23
tỉa	12
tỉnh	118
tị	30
tịNúi	1
tịch	15
tịnh	4
tịt	1
tọa	3
tỏ	250
tỏa	25
tỏi	1
tố	97
tốc	2
tối	343
tốiĐã	1
tốn	13
tống	27
tốt	394
tốĐể	1
tồi	3
tồn	97
tổ	532
tổn	26
tổng	94
tộc	1316
tộcĐã	1
tội	1540
tội--một	1
tội--và	1
tột	11
tớ	787
tới	123
tờ	16
tởm	156
tợ	1
tợn	3
tụ	116
tụTrái	1
tục	294
tụng	116
tụt	2
tụy	1
tủa	1
tủi	12
tủy	2
tứ	43
tức	483
từ	2472
từNhưng	1
từng	270
tử	508
tửHai	1
tửu	8
tự	678
tựa	22
tựu	14
tựuĐể	1
tỳ	27
tỵ	3
tỷ	1
u	32
um	1
un	1
ung	13
uy	101
uyên	1
uyển	7
uất	1
uế	322
uếSẽ	1
uốn	4
uống	407
uổng	3
vai	61
van	49
vang	101
vay	31
ve	1
ven	6
veo	2
vi	134
vinh	514
viên	164
viếng	21
viết	183
viền	15
viển	3
viễn	39
việc	1589
viện	10
việt	4
voan	1
voi	4
vong	51
vu	55
vua	4725
vui	631
vun	9
vung	12
vuông	18
vuốt	9
và	14311
vàChính	1
vàNguyện	1
vàTrước	1
vài	72
vàm	2
vàn	5
vàng	579
vàngĐúc	1
vàngĐể	1
vành	9
vào	2496
vàoĐền	1
vá	16
vác	62
vách	53
vái	7
ván	40
váng	3
váo	1
váy	3
vân	18
vâng	337
vây	138
vã	34
vãi	2
vãn	24
vè	2
vé	1
vén	1
vét	1
vênh	4
vì	3414
vìVà	1
ví	32
vía	6
vít	1
víu	1
vò	16
vòm	16
vòng	297
vó	5
vóc	8
vói	1
vót	2
vô	446
vôi	11
vông	2
võ	2
vù	2
vùi	9
vùng	364
vùngĐày	1
vú	24
vút	13
văn	37
văng	9
vĩ	168
vĩnh	95
vũ	79
vũng	3
vơ	3
vơi	5
vươn	18
vương	281
vướng	1
vườn	214
vượng	60
vượt	99
vạ	12
vạc	3
vạch	12
vại	5
vạm	1
vạn	64
vạng	12
vạt	15
vả	91
vải	130
vảng	3
vảy	4
vấn	137
vấp	100
vất	10
vấy	9
vần	4
vầng	38
vầy	380
vẩn	1
vẩy	9
vẫn	518
vẫy	1
vận	12
vật	1238
vậy	1054
vắn	3
vắng	48
vắt	4
vằm	1
vẳng	1
vặn	6
vặt	1
vẹn	39
vẹo	4
vẻ	120
vẻKhi	1
vẻNhưng	1
vẻThay	1
vẻTrước	1
vẽ	15
vế	1
vết	130
về	2903
vềBằng	1
vềCùng	1
vềMột	1
vềNhư	2
vềTrên	1
vềVà	1
vềVới	1
vềĐể	1
vệ	181
vệVà	1
vỉ	2
vị	597
vịn	5
vịnh	4
vịt	2
vọng	237
vọt	14
vỏ	18
vốn	74
vồ	15
vồn	1
vồng	5
vỗ	16
vội	84
vớ	2
với	5199
vớt	8
vờ	3
vời	5
vở	1
vỡ	62
vỡNgài	1
vỡVà	1
vợ	557
vợi	1
vụ	474
vụHình	1
vụn	16
vụng	3
vụnĐể	1
vụt	5
vức	8
vứt	23
vừa	293
vững	220
vựa	8
vực	121
xa	424
xa-phia	1
xanh	106
xao	9
xay	19
xe	263
xem	361
xen	8
xi-măng	1
xin	1295
xinh	39
xiêm	2
xiên	1
xiêng	1
xiêu	3
xiếc-lơ	2
xiết	26
xiếtĐi	1
xiềng	50
xiểng	1
xoa	11
xoay	37
xoi	2
xong	195
xoáy	3
xoảng	1
xoắn	2
xu	6
xua	15
xui	10
xung	102
xuyên	79
xuyến	3
xuân	25
xuôi	6
xuýt	8
xuất	212
xuẩn	18
xuể	1
xuống	1309
xuốngĐể	1
xuồng	1
xà	26
xài	1
xào	2
xá	6
xác	347
xách	10
xácỞ	1
xám	1
xáo	4
xát	1
xâm	45
xâu	4
xây	530
xã	13
xé	106
xém	2
xén	2
xéo	3
xét	403
xétĐể	1
xê	2
xì	3
xí	8
xích	48
xòe	7
xóa	42
xóc	2
xóm	15
xót	256
xô	13
xô-đa	1
xôi	13
xôn	5
xông	70
xõa	4
xù	1
xú	1
xúc	77
xúi	22
xúm	5
xăm	9
xămĐến	1
xơ	2
xưa	122
xưng	120
xương	77
xướng	3
xược	17
xạ	3
xả	5
xảo	36
xảy	265
xấc	15
xấu	149
xấu--khi	1
xầm	1
xẩm	2
xẩy	1
xắn	2
xằng	1
xẳng	2
xẹt	1
xẻ	9
xẻng	7
xế	4
xếp	27
xỉ	4
xỉa	2
xỉn	1
xỉu	8
xịt	1
xỏ	15
xối	2
xống	67
xộn	3
xới	3
xớm	2
xứ	989
xứHai	1
xứMà	1
xứNhờ	1
xứVà	1
xức	165
xứng	74
xử	464
xửCả	1
xửMọi	1
y	172
yên	134
yêu	810
yếm	1
yến	13
yết	20
yếu	114
yểm	1
yểu	2
Á	16
Ác	3
Ác-tê-mít	5
Ác-xai	1
Ách	3
Ách-bê-a	1
Ách-bên	4
Ách-ca-lôn	13
Ách-kê-na	2
Ách-láp	1
Ách-ma-vết	6
Ách-ri-ên	5
Ách-ta-rốt	9
Ách-đốt	21
Ái	5
Án	2
Ánh	20
Áo	7
Áp	3
Áp-ba-im	2
Áp-bi-u	1
Áp-ne	63
Áp-ra-ham	254
Áp-ram	69
Áp-rô-na	2
Áp-sa-lôm	108
Áp-đa	2
Áp-đi	4
Áp-đi-ên	2
Áp-đia	10
Áp-đê-ên	1
Áp-đôn	8
Át-bê-na	1
Át-bê-ên	2
Át-lai	2
Át-ma	5
Át-ma-tha	1
Át-ma-vết	2
Át-minÁt-min	1
Át-môn	3
Át-na	6
Át-nốt	1
Át-ri-ên	3
Át-si	7
Át-ta-xét-xe	15
Át-thai	1
Át-tạc-tê	9
Át-tạc-têHay	1
Át-xan	1
Át-đa	1
Âm	198
Ân	4
Âu-gút-tơ	1
Éc-ba-tan	1
Éc-la	2
Éc-lôn	15
Éc-rôn	23
Ép-la	1
Ép-pha-ta	1
Ép-ra-im	185
Ép-ra-ta	7
Ép-ra-tha	1
Ép-rôn	5
Ét-bôn	2
Ét-ni	2
Ét-xe	2
Ê	1
Ê-ba-phô-đi	2
Ê-bai	1
Ê-bai-nết	1
Ê-ban	3
Ê-banh	5
Ê-be	4
Ê-bi	1
Ê-bi-a-sáp	5
Ê-bên	4
Ê-bết	7
Ê-ca-na	1
Ê-hút	13
Ê-ke	1
Ê-két	2
Ê-la	21
Ê-la-im	2
Ê-la-sa	3
Ê-la-xa	2
Ê-lam	31
Ê-li	121
Ê-li-a-kim	14
Ê-li-a-kimÊ-li-a-kim	1
Ê-li-a-ma	1
Ê-li-a-sáp	6
Ê-li-a-síp	13
Ê-li-a-tha	1
Ê-li-a-xa	2
Ê-li-a-đa	1
Ê-li-am	2
Ê-li-ca	1
Ê-li-gia	2
Ê-li-gia-ta	1
Ê-li-gia-đa	2
Ê-li-hu	11
Ê-li-háp	1
Ê-li-ma-sa	1
Ê-li-mê-léc	6
Ê-li-pha	14
Ê-li-phê-lêt	2
Ê-li-phê-lết	8
Ê-li-sa	2
Ê-li-sa-bét	9
Ê-li-sa-ma	16
Ê-li-sa-phan	3
Ê-li-sa-phát	1
Ê-li-sa-síp	1
Ê-li-sua	6
Ê-li-sê	86
Ê-li-sê-ba	1
Ê-li-ác-ba	1
Ê-li-áp	19
Ê-li-ê-nai	1
Ê-li-ê-se	15
Ê-li-ê-seÊ-li-ê-se	1
Ê-li-ên	11
Ê-li-ô-rếp	1
Ê-li-ô-ê-nai	8
Ê-li-út	2
Ê-li-đát	1
Ê-lim	5
Ê-long	1
Ê-lu-xai	1
Ê-lun	1
Ê-luân	1
Ê-ly-ma	2
Ê-lát	3
Ê-lát-sê-bi-sia	1
Ê-lép	1
Ê-lê-a-lê	4
Ê-lê-a-sa	78
Ê-lê-a-sê	1
Ê-lê-a-đa	2
Ê-lê-át	1
Ê-lít-sa-phan	1
Ê-lít-su	1
Ê-lô-him	1
Ê-lô-i	2
Ê-lôn	4
Ê-lơn	3
Ê-lốt	3
Ê-mim	2
Ê-min	1
Ê-méc	1
Ê-méc-kê-sít	1
Ê-nam	5
Ê-nan	5
Ê-nê	4
Ê-nót	18
Ê-nôn	3
Ê-pha	6
Ê-pha-rát	1
Ê-phai	1
Ê-phe	3
Ê-pháp-ra	4
Ê-phát	1
Ê-phét	1
Ê-phê	1
Ê-phê-sô	22
Ê-phót	1
Ê-phơ-rát	5
Ê-ran	3
Ê-ri	3
Ê-rát	3
Ê-rơ	11
Ê-rết	2
Ê-sa-ha-đôn	2
Ê-sai	1
Ê-sau	99
Ê-sauĐều	1
Ê-sê-an	1
Ê-sết	2
Ê-ta-ôn	5
Ê-tam	8
Ê-tha-nim	1
Ê-than	7
Ê-the	2
Ê-thi-ô-bi	44
Ê-thê-mô-a	1
Ê-thô-lát	1
Ê-tôn	2
Ê-va	4
Ê-vi	2
Ê-vin	2
Ê-xe	12
Ê-xem	3
Ê-xen	2
Ê-xi-ôn	5
Ê-xi-ôn-Ghê-be	2
Ê-xê-chi-ên	3
Ê-xê-chia	137
Ê-xơ-ra	29
Ê-xơ-tê	57
Ê-ô-đi	1
Ê-đa	1
Ê-đe	3
Ê-đen	19
Ê-đê	1
Ê-đôm	124
Ên	12
Ên-Bê-rít	1
Ên-a-xa	1
Ên-ba-anh	3
Ên-bê-lết	1
Ên-bê-tên	1
Ên-ca-na	27
Ên-ca-navà	1
Ên-cốt	1
Ên-gha-nim	1
Ên-ghê-đi	3
Ên-gia-ba	1
Ên-gia-đa	1
Ên-ha-nan	3
Ên-ma-đan	2
Ên-na-am	1
Ên-na-than	2
Ên-pha-ran	1
Ên-rô-ghên	1
Ên-sa-phan	1
Ên-sê-mết	2
Ên-thê-côn	1
Ên-thê-kê	2
Ên-thô-lát	1
Ên-xa-bát	2
Ên-đa	2
Ên-đát	2
Ên-đô-rơ	2
Êp-la	1
Ích	3
Ích-bi-bê-nốp	1
Ích-bô-sết	16
Ích-ca-ri-ốt	11
Ích-ma-ên	54
Ích-ran	1
Ích-si-gia	1
Ích-ta-chi	1
Ích-vi	2
Íp-san	3
Ít	1
Ít-đô	2
Óc	24
Óc-ni	2
Óc-ran	4
Óp-ni	1
Óp-ra	8
Ô	3
Ô-ba-đia	13
Ô-banh	1
Ô-binh	1
Ô-bát-gia	1
Ô-bê-li-ba-ma	1
Ô-bết	24
Ô-bết-ê-đôm	10
Ô-bốt	4
Ô-hát	2
Ô-hên	1
Ô-hô-la	5
Ô-hô-li-ba	6
Ô-hô-li-ba-ma	6
Ô-hô-li-áp	5
Ô-lim-phi	1
Ô-liu	15
Ô-ma	3
Ô-mê-ga	3
Ô-nam	4
Ô-nan	8
Ô-náp-ba	1
Ô-nê-si-phô-rơ	2
Ô-nê-sim	2
Ô-nô	5
Ô-phia	13
Ô-phên	6
Ô-ren	1
Ô-rếp	6
Ô-sê	17
Ô-xem	2
Ô-xia	24
Ô-đết	3
Ôi	86
Ôm-ri	17
Ôn	4
Ông	736
Út-xơ	3
Ý	9
à	4
ào	24
ác	1033
ách	68
ácĐể	1
ái	35
ám	64
án	134
áng	5
ánh	169
áo	504
áp	160
át	2
áy	1
âm	99
ân	226
âu	10
én	4
ép	67
ê	8
ê-pha	31
ê-phót	50
êm	9
ên	4
ích	150
ít	140
òa	6
ó	6
óc	4
ói	2
ót	2
ô	332
ô-liu	65
ô-me	2
ôi	57
ôm	29
ôn	10
ông	3117
õng	1
ù	2
ùa	4
ùn	4
úa	6
úp	2
út	27
ý	558
ýCon	1
ýLắng	1
Ăn	28
ăn	1395
Đa-gôn	12
Đa-li-la	8
Đa-ma-nu-tha	1
Đa-ma-ri	1
Đa-mách	61
Đa-na	1
Đa-ni-ên	84
Đa-ra	1
Đa-ri-út	25
Đa-ru-si	1
Đa-than	10
Đa-vít	1071
Đa-ít	1
Đam-mim	1
Đan	79
Đan-ma-ti	1
Đan-phong	1
Đang	58
Đau	4
Đem	31
Đen	1
Đi	34
Đi-bôn	10
Đi-bôn-Gát	2
Đi-hôn	1
Đi-lan	1
Đi-mô-na	1
Đi-na	10
Đi-phát	1
Đi-san	5
Đi-sôn	6
Đi-xa-háp	1
Đi-ô-trép	1
Đi-đim	1
Đim-na	1
Đin-ha-ba	2
Điên	1
Điêu	2
Điếc-la	1
Điềm	1
Điền	1
Điều	84
Điệp-ri	1
Đo	1
Đoàn	16
Đoái	1
Đoạn	46
Đu-ma	3
Đu-ra	1
Đuôi	2
Đuổi	7
ĐÓ	1
Đà	3
Đài	1
Đàn	18
Đàng	39
Đành	1
Đào	3
Đá	16
Đám	14
Đáng	18
Đánh	9
Đáp	7
Đáp-bê-sết	1
Đáp-ca	2
Đáp-rát	2
Đáy	1
Đâm	3
Đâu	6
Đây	438
Đã	49
Đèo	2
Đê	1
Đê-bia	12
Đê-bô-ra	10
Đê-ca-bô-li	1
Đê-ke	1
Đê-la-gia	7
Đê-ma	3
Đê-mê-triu	3
Đê-ni	1
Đê-u-ên	5
Đê-đan	12
Đêm	21
Đích-la	1
Đíp-la-im	1
Đíp-lát	1
Đíp-lát-tha-im	3
Đít-sê-ba	1
Đít-sê-hu	1
Đòi	1
Đòn	2
Đó	241
Đóa	1
Đóng	11
Đô-bê-rát	1
Đô-da-nim	1
Đô-e	6
Đô-rơ	8
Đô-rơVua	1
Đô-than	3
Đô-đa-va	1
Đô-đai	1
Đô-đô	5
Đôi	13
Đông	11
Đùa	1
Đúc	2
Đúng	21
Đưa	11
Đương	1
Đường	27
Được	52
Đại	8
Đạo	69
Đạp	1
Đạt-côn	2
Đạt-đa	1
Đấm	1
Đấng	894
Đất	83
Đấu	1
Đấy	32
Đầu	17
Đầy	35
Đẩu	2
Đập	5
Đắp	7
Đặc	1
Đặng	3
Đặt	17
Đẹp	5
Đẹt-bơ	4
Đẽo	1
Đế	18
Đếm	1
Đến	188
Đề	1
Đền	206
Đều	12
Để	200
Đỉnh	2
Địa	14
Địch	3
Định	4
Đọc	3
Đỏ	19
Đối	47
Đốn	1
Đống	2
Đốt	5
Đồ	10
Đồi	6
Đồng	42
Đổ	7
Đổi	3
Độ	4
Đội	11
Động	1
Đời	13
Đỡ	2
Đợi	5
Đụng	1
Đủ	7
Đứa	24
Đức	4977
Đứng	23
Đứt	1
Đừng	421
Đựng	1
đa	7
đa-riếc	3
đai	140
đam	5
đan	4
đang	1021
đao	48
đaoĐã	1
đau	252
đe	16
đem	1400
đen	41
đeo	90
đi	3682
đi-văng	1
đinh	81
điên	40
điêu	51
điĐể	2
điếc	17
điếm	50
điếng	1
điếu	5
điềm	25
điền	30
điều	2315
điều--tốt	1
điểm	108
điểu	10
điện	138
điệp	38
điệt	1
điệu	24
đo	116
đoan	3
đong	11
đoàn	229
đoái	50
đoán	136
đoạn	18
đoạt	85
đoản	3
đua	12
đui	7
đun	1
đuôi	23
đuốc	13
đuối	48
đuổi	403
đuờng	1
đuợc	5
đà	74
đàThì	1
đài	45
đàm	5
đàn	660
đàng	42
đành	19
đào	65
đàoĐào	1
đày	156
đàĐến	1
đá	633
đáThì	1
đáVà	3
đám	230
đáng	324
đánh	720
đáo	23
đáoĐến	1
đáp	937
đát	4
đáy	15
đáĐể	1
đâm	92
đâu	524
đây	905
đã	7026
đãi	96
đãng	12
đè	23
đèn	150
đèo	12
đê	2
đê-na-ri	13
đêm	339
đênh	2
đìa	6
đình	261
đích	53
đính	9
đòi	93
đòn	77
đó	2505
đóChạy	1
đóMà	1
đóVà	1
đóa	4
đói	193
đóiỞ	1
đón	129
đóng	267
đóngĐể	1
đót	1
đóĐể	1
đô	32
đôi	90
đông	583
đôngĐến	1
đùa	15
đùi	30
đùng	2
đúc	80
đúng	275
đút	4
đăng	9
đĩ	5
đĩa	35
đơ	1
đơm	1
đơn	54
đưa	445
đương	54
đười	1
đường	1025
đườngĐể	1
được	5314
đượcĐầy	1
đượcĐều	1
đượm	15
đạc	13
đại	330
đạiĐã	1
đạm	5
đạo	458
đạoĐưa	1
đạp	140
đạt	37
đả	8
đảm	82
đảng	36
đảo	143
đảoĐều	1
đấm	12
đấng	28
đất	2064
đấtĐể	3
đấu	136
đấy	50
đầm	9
đần	1
đầu	1093
đầy	804
đẩy	33
đẫm	10
đẫn	1
đậm	3
đập	180
đật	1
đậu	23
đậy	17
đắc	25
đắm	5
đắn	7
đắng	74
đắp	37
đắt	4
đằng	24
đẳng	8
đặc	73
đặn	4
đặng	5
đặt	669
đẹp	300
đẹpĐể	1
đẻ	29
đẽ	20
đẽo	23
đế	60
đếm	52
đến	5677
đếnĐể	1
đếnĐịnh	1
đề	116
đền	913
đều	1396
để	3633
đệ	370
đệm	2
đỉa	1
đỉnh	90
địa	182
địch	66
định	592
đọ	2
đọa	6
đọc	96
đọng	6
đọt	2
đỏ	115
đỏMà	1
đố	15
đốc	79
đối	562
đốm	16
đốn	47
đống	65
đốnĐến	1
đốt	242
đồ	388
đồCùng	1
đồi	238
đồn	88
đồng	1100
đổ	578
đổCác	1
đổNhư	1
đổNhưng	1
đổVì	1
đổi	161
đỗi	6
độ	69
độc	103
đội	301
độn	2
động	410
độngĐể	1
đột	17
đớn	73
đờ	4
đời	1211
đờn	3
đỡ	204
đỡCho	1
đỡVà	1
đợi	131
đợt	1
đục	34
đụng	88
đụt	1
đủ	286
đủVà	1
đứa	237
đức	286
đứng	765
đứt	45
đừng	729
đực	373
đựng	94
ĩ	1
Ơ-nít	1
Ơ-phơ-rát	27
Ơ-tích	1
Ơn	3
ơ-ra-ên	1
ơi	102
ơn	171
Ưu-bô-lư	1
Ước	117
ư	13
ưa	39
ưng	11
ưu	14
ươi	1
ương	19
ước	512
ướcĐã	1
ướcĐể	1
ướp	6
ướt	11
ườn	2
Ạc-ban	1
Ạc-bồ	5
Ạc-lai	2
Ạc-nan	1
Ạc-ra	1
Ạc-ráp-bim	1
Ạc-ríp-ba	9
Ạc-sa	6
Ạc-sáp	3
Ạc-ta	1
Ạc-xíp	4
Ạt-ba-tha	1
Ạt-bát	6
Ạt-bên	1
Ạt-gốp	5
Ạt-kít	5
Ạt-mô-ni	1
Ạt-nôn	25
Ạt-rốt	2
Ạt-sa	1
Ạt-tai	3
Ạt-đôn	1
ạ	1
Ả-rập	21
ả	1
ải	5
ảm	4
ảnh	19
ảo	23
Ấn	1
Ấn-độ	2
Ấp	1
Ấy	55
ấm	17
ấn	113
ấp	20
ấu	12
ấy	2840
ầm	23
ẩm	4
ẩn	174
ập	17
Ắt	3
ắp	5
ắt	10
Ẵm	1
ẵm	4
ẹo	1
ẻo	2
Ếc-côn	1
Ếch	1
Ếch-ba-anh	3
Ếch-ban	2
Ếch-côn	4
Ếch-li	2
Ếch-rê-i	2
Ếch-rôm	2
Ếch-rômẾch-rôm	1
Ếch-tao-lít	1
Ếch-tê-mô-a	3
Ếp-rôn	7
Ết-cát-sin	1
Ết-côn	1
Ết-nan	1
Ết-ra-hít	1
Ết-ri	1
Ết-rê-i	5
Ết-ta-đơ	1
Ết-tha-ôn	2
Ết-thê-mô	1
ếch	15
ếm	2
ết-ta-đơ	1
ỉ	2
Ọt-ba	2
Ọt-nan	11
ỏi	3
Ống	1
Ốt-ni	1
Ốt-ni-ên	10
ố	5
ốc	4
ốm	15
ống	7
Ồ	2
ồn	12
ổ	30
ổi	2
ổn	20
ớn	1
ớt	2
Ở	60
ở	2613
ởSẽ	1
ởVà	1
ụ	1
ụp	1
Ủi	1
ủ	4
ủi	97
ủng	15
ủy	28
ứa	1
ức	11
ứng	115
‘	1099
’	1099
“	5857
”	5855
