!	239
(	21
)	23
,	62129
.	31770
000	1
15	1
180	1
2	1
4:35-41	1
57400	1
6	1
666	1
8:22-25	1
:	14
;	322
?	3199
A	3
A-inax	1
A-ix	2
ANG	1
AUX	3
AWM	1
Abada	2
Abadelax	2
Abadix	4
Abadon	9
Abagata	1
Aban	1
Abana	64
Abarim	5
Abashie	2
Abaw	1
Abax	3
Abedanego	15
Abelabiet-makha	1
Abelamehawla	2
Abelashitin	1
Abelax	16
Abelmehawla	1
Abemaem	1
Abena	1
Abeneyax	1
Abeza	9
Abezarix	1
Abiasap	1
Abiata	18
Abibalax	1
Abibax	5
Abidan	5
Abidax	2
Abielax	2
Abigelax	25
Abihelax	5
Abihie	1
Abihielax	1
Abihut	1
Abihux	12
Abijam	2
Abilabon	1
Abilax	2
Abilenix	1
Abimaliet	68
Abimelax	2
Abinadat	11
Abinawm	4
Abiram	11
Abisha	5
Abishie	23
Abishu	2
Abishua	5
Abishurax	2
Abita	1
Abitalax	2
Abitax	3
Abitup	1
Abix	1
Abiyax	32
Abiza	1
Abraham	260
Abram	69
Abunax	2
Abyatha	8
Abyathax	1
Abyelax	1
Abyut	2
Acaw	1
Acoidap	1
Ada	3
Adabelax	2
Adada	1
Adadan	1
Adalam	1
Adalia	1
Adalie	1
Adam	27
Adama	3
Adamata	1
Adamaw	1
Adamax	2
Adami	1
Adana	1
Adanax	3
Adarameliet	2
Adarax	1
Adarilax	1
Adarix	1
Adawniram	2
Adawnix	3
Adawniyax	22
Adawnizediet	2
Adawram	2
Adawrem	1
Adax	17
Adayax	7
Addon	1
Adelax	4
Adeyax	1
Adim	1
Adin	2
Adinaw	1
Adinax	1
Aditem	1
Adiyax	2
Adon	1
Adonikam	3
Adoniyax	3
Adrameliet	1
Adramutix	1
Adrelax	1
Adri	1
Adulam	7
Adulan	3
Adumim	1
Adumin	1
Aen	1
Agabux	1
Agat	11
Agawbax	3
Agazit	1
Agix	1
Agurax	1
Ah	56
Aha	2
Ahap	102
Aharax	1
Aharelax	1
Ahasabie	1
Ahashoerux	1
Ahava	3
Ahaw	1
Ahawhix	2
Ahawlax	5
Ahawliba	4
Ahawlibamax	1
Ahawlibax	5
Ahaza	37
Ahazen	1
Ahazix	12
Ahaziyax	26
Ahemaza	1
Aheza	6
Ahi	1
Ahiam	2
Ahihut	1
Ahikam	19
Ahikham	1
Ahilut	5
Ahima	1
Ahimaliet	14
Ahiman	4
Ahimat	12
Ahimaza	3
Ahimieliet	1
Ahimot	2
Ahinadat	1
Ahinawm	7
Ahio	6
Ahiram	1
Ahiramit	1
Ahirax	5
Ahisamat	3
Ahisha	1
Ahishaha	1
Ahitawphelax	18
Ahitop	1
Ahitophelax	2
Ahituk	1
Ahitup	9
Ahitut	6
Ahix	2
Ahiyax	24
Aho	1
Ahohix	1
Aholibama	8
Aholibax	1
Ahukam	1
Ahumie	1
Ahuziet	1
Ai	148
Aija	1
Ain	3
Aiyalon	1
Ak	5
Akabu	1
Akakup	1
Akan	2
Akarabim	2
Akarabin	1
Akasha	1
Akashax	31
Akeladamax	1
Akhabaw	4
Akhabo	2
Akhametax	1
Akhan	7
Akhasa	1
Akhasax	3
Akhashap	2
Akhashapha	1
Akhat	3
Akhaw	5
Akhayakhux	1
Akhayax	10
Akhaziba	1
Akhazip	3
Akhelax	1
Akhet	1
Akhi	2
Akhim	2
Akhippux	1
Akhisha	6
Akhit	1
Akhitix	1
Akhix	17
Akhup	1
Akiex	2
Akippux	1
Akix	2
Akkop	1
Akkup	4
Akop	1
Akrippax	13
Akulax	7
Aladax	1
Alagum	3
Alagun	3
Alalon	2
Alam	1
Alameliet	1
Alamiet	2
Alamodak	2
Alamon-dibalatin	2
Alamot	1
Alap	1
Alaphax	3
Alaphie	5
Alat	1
Alavan	2
Alavax	2
Alaza	1
Alemiet	1
Alezandre	8
Alezandru	2
Aliah	2
Alie	2
Alimiet	1
Alo	1
Alonbakut	1
Alot	1
Alushax	2
Am	1
Ama	1
Amagedon	1
Amalax	1
Amaliet	53
Amam	1
Amana	1
Amanon	32
Amaram	13
Amaran	2
Amarix	8
Amariyax	10
Amasa	18
Amashen	1
Amashie	6
Amasiyax	1
Amat	2
Amaw	1
Amawnix	5
Amawrix	89
Amazi	4
Amazix	43
Amelax	5
Amen	68
Ami	1
Amiex	2
Amihut	12
Amilax	1
Aminadap	4
Aminadat	13
Amishadie	5
Amitie	2
Amizabat	1
Ammonix	1
Amok	15
Amom	2
Amon	121
Among	1
Amonix	2
Amorix	4
Amot	7
Amox	1
Ampalix	1
Amphipawlix	1
Amram	1
An	96
Anabax	1
Anadok	1
Anagax	12
Anaharat	1
Anakax	6
Anameliet	1
Anamim	2
Anan	3
Anane	1
Ananix	14
Anap	1
Anat	3
Anatawtix	1
Anato	1
Anatok	8
Anatot	6
Anatotix	1
Anatut	1
Anax	15
Anayax	2
Andare	14
Andrawnit	1
Anerax	1
Aneto	1
Aneyax	1
Ang	289
Aniam	1
Aniet	1
Anim	1
Ankix	14
Annax	3
Anok	1
Anon	36
Anot	1
Antipatri	1
Antipax	1
Antiuk	18
Antotiyax	1
Aon	1
Ap	4
Apat	2
Apawlawni	1
Apawlion	1
Apawlux	10
Apele	1
Aphakcat	1
Aphasatakhit	1
Aphatiet	1
Aphazat	9
Apheka	1
Aphet	1
Aphi	1
Aphiet	7
Aphik	1
Appem	2
Appi	1
Appix	1
Appong	1
Apsalom	107
Ara	8
Arabat	2
Arabax	20
Arabi	1
Arabia	1
Arabix	1
Aradax	3
Aradit	1
Aragawbax	1
Aram	13
Arama	1
Aramix	2
Aramon	2
Arap	7
Arapat	4
Araphelax	2
Ararat	4
Arat	5
Aravat	2
Araw	14
Arawdix	1
Arawnax	7
Arawrax	1
Arax	9
Are	3
Arebia	5
Arebiya	3
Arebiyax	1
Areha	1
Arelax	6
Arelit	1
Arelix	2
Aremix	2
Arepia	1
Aretax	1
Ariba	1
Aribiyax	1
Aridai	1
Aridata	1
Arihut	1
Arimase	3
Arimasie	1
Arisai	1
Arit	38
Aritakhux	1
Arittakhux	4
Arittawbulux	1
Aro	2
Arodix	1
Arok	6
Aronax	10
Arot	2
Arubot	1
Aruma	1
Arun	358
Asa	63
Asado	1
Asahe	1
Asahelax	18
Asanax	3
Asapata	1
Asapha	33
Asaphax	3
Asarelax	1
Asarie	1
Asarilax	1
Asarilit	1
Asariya	1
Asata	1
Asax	1
Asayax	5
Aselax	1
Asha	45
Ashabax	1
Ashabelax	3
Ashabelit	1
Ashadarot	1
Ashadat	2
Ashadawdix	1
Ashadawt	1
Ashadok	15
Ashadot	3
Ashakalon	1
Ashakelon	11
Ashakelonix	1
Ashakeniet	3
Ashakhenaza	1
Ashaliet	1
Ashan	4
Ashana	2
Ashanat	1
Ashapenat	1
Ashaphat	1
Asharat	2
Asharelax	1
Ashatariet	8
Ashatarok	1
Ashatarot	5
Ashatawriet	1
Ashatemaw	1
Ashatharax	1
Ashax	1
Ashayax	1
Asherax	61
Ashimax	1
Ashoerux	1
Ashu	1
Ashubax	1
Ashuerux	29
Ashurax	2
Ashuria	1
Ashurim	1
Ashux	3
Asirax	7
Asirelax	1
Asiriyax	1
Asix	21
Asiyax	2
Asoniyax	1
Asunkritux	1
Asupim	3
Asurix	144
Asux	2
Asuzam	1
Ata	5
Atalie	1
Atalix	1
Atarax	1
Atariyax	2
Atarok	2
Atarot	5
Atarotsophan	1
Atat	2
Atayax	1
Atazarit	4
Atazerit	12
Atdix	1
Atemax	1
Atemi	5
Athaliyax	14
Athen	7
Atie	4
Atiet	1
Attali	1
Au	1
Autiuk	1
Aux	7458
Avadix	2
Avax	2
Avin	5
Avit	2
Aw	4
Awbadix	2
Awbadiyax	1
Awbalax	1
Awbedax	1
Awbok	2
Awbot	2
Awdiet	2
Awfirax	1
Awga	1
Awgax	21
Awgutux	4
Awhat	2
Awkharan	4
Awlumpax	1
Awm	393
Awma	3
Awmie	16
Awnam	2
Awnan	9
Awnaw	1
Awnax	4
Awnesimux	2
Awnesiphaw	2
Awpharax	7
Awphelax	1
Awphirax	10
Awran	1
Awreba	1
Awrebax	6
Awrelax	2
Awtanelax	7
Awza	8
Awzalax	5
Awzanet	1
Awzanix	1
Awzazilax	1
Awzelax	1
Awzi	2
Awzim	1
Awziyax	3
Ax	4
Ayalon	9
Ayap	1
Ayax	2
Aza	1
Azabuk	1
Azagat	4
Azaka	2
Azalax	2
Azalix	1
Azaliyax	2
Azamaviet	8
Azamon	3
Azan	1
Azaniyax	1
Azanottabaw	1
Azarailax	1
Azarelax	8
Azarihux	1
Azarikam	6
Azarikham	1
Azarix	29
Azariyax	22
Azat	1
Azaw	2
Azazix	2
Azeka	5
Azelax	5
Azilax	1
Azim	1
Azizax	1
Azubax	2
Azuha	1
Azumax	2
Azurax	3
Babelax	1
Babulon	310
Badelax	1
Bah	1
Bahumix	1
Bahurim	5
Bakabuk	2
Bakabukix	2
Bakabukiyax	1
Bakax	1
Bakbakka	1
Bakok	1
Bala	2
Baladan	4
Balagat	3
Balahanan	3
Balahomon	1
Balak	2
Balam	74
Balameon	2
Balap	1
Balapeawrax	1
Balapegurax	2
Balapekurax	1
Balasam	1
Balasan	4
Balasatux	1
Balat	1
Balatashaza	2
Balax	109
Balazebuk	4
Balazephon	2
Baliep	1
Baliet	46
Balietber	1
Balit	1
Balot	1
Bama	1
Bamot	2
Bamotbalax	1
Bana	9
Banabax	29
Banax	8
Baninu	1
Banix	13
Banot	1
Baoh	4
Baox	31
Barabax	12
Barak	13
Barakhelax	2
Barakhix	1
Barakot	1
Barat	2
Barax	1
Bariyax	1
Baruk	26
Barumix	1
Basabax	2
Basahibiet	1
Basemat	1
Baseyax	2
Basha	28
Bashamat	4
Bashan	60
Bashemiet	1
Bashon	1
Bat	4
Batan	7
Batashebax	19
Bathawlamie	4
Batimie	1
Batoelax	1
Batrabim	1
Baux	12
Bave	1
Bawg	76
Bawhan	2
Bawkhim	2
Bawrax	9
Bawsaw	1
Bawzarax	8
Bawzax	30
Bawziet	1
Bayesux	1
Bayonax	1
Baza	1
Bazakat	1
Bazalit	1
Bazilie	12
Bebie	6
Bedan	2
Bedat	2
Bedekhiyax	1
Bedeyax	1
Bee	6
Beeh	4
Been	6
Beenli	4
Begebax	1
Behemok	1
Bekha	4
Bekharit	1
Bekhawrat	1
Bekhax	1
Belashaza	6
Belashieza	2
Belatashaza	6
Belateshaza	1
Belax	14
Belayax	1
Belazebulax	7
Belia	1
Belialax	1
Belit	1
Beliyax	1
Benaberiet	1
Benabinadat	1
Benamix	1
Benaw	2
Benax	1
Benaya	1
Benayax	19
Bendeka	1
Beneyakan	1
Beneyax	22
Benhadat	27
Benhanan	1
Benhashiet	1
Benhelax	1
Beniyakan	2
Bennawnix	1
Bennue	1
Benok	1
Bensawhiep	1
Benyami	1
Benyamin	89
Beon	1
Bephake	3
Berakha	3
Berakhix	1
Berakhiyax	2
Beralahieraw	3
Beralim	1
Beranit	3
Berashabax	2
Berashax	1
Berashebax	20
Berashiba	1
Berashibax	6
Berawta	1
Berawti	4
Berawtie	1
Berawtix	1
Berax	4
Berayax	1
Berekhix	4
Berekhiya	1
Bereshabax	2
Beret	1
Berikhix	1
Berit	4
Berix	9
Beriyax	8
Bero	1
Berodak	1
Berokhix	1
Berot	4
Berut	1
Besaw	2
Besawrax	1
Beshabax	1
Beshatarax	1
Beshemat	1
Beshodeyax	1
Besie	2
Bet	3
Bet-avin	1
Beta	1
Betalax	2
Betanat	1
Betanix	12
Betawnim	1
Betax	1
Betayax	1
Betelax	65
Betesadax	1
Betharan	1
Betin	1
Betnimara	1
Betoelax	10
Beton	1
Betpegurax	1
Betulax	1
Betuni	1
Betyesimot	1
Beza	5
Bezalelax	8
Bezie	3
Beziet	6
Bhaung	12
Bhawm	2
Bhawng	1
Biang	1
Bidaka	1
Bieliehiem	47
Biesedax	7
Bieshemiet	1
Biet	25
Biet-shemiet	1
Bietaphara	1
Bietarabax	2
Bietarabelax	1
Bietavin	6
Bietazamaviet	1
Bietbalamon	1
Bietbarax	2
Bietdagon	2
Bietdibalatem	1
Bieteden	1
Bietekedax	2
Bietemiet	1
Bietezalax	1
Bietgadax	1
Bietgamulax	1
Biethakharem	1
Biethararim	1
Biethawgalax	3
Biethawrom	1
Biethawron	4
Biethoron	1
Bietkha	1
Bietlebot	1
Bietliehiem	2
Bietmakha	2
Bietmakhabok	1
Bietmeon	1
Bietmilaw	1
Bietpaliet	1
Bietpaziet	1
Bietpegurax	1
Bietpeliet	1
Bietrehawbax	1
Bietshan	8
Bietshemiet	18
Bietshemit	1
Bietshita	1
Biettapua	1
Biettawgamax	2
Bietyeshimot	2
Bietyeshimut	1
Bietzurax	2
Bigata	1
Bigatan	2
Bigavie	5
Bihurim	1
Bikharix	8
Bikzawtaya	1
Biladat	4
Bilaga	3
Bilagie	1
Bilaha	9
Bilahan	4
Bilahax	2
Bilashan	2
Biliadax	1
Biliam	1
Binax	1
Binayax	1
Binea	2
Binnui	5
Binnuix	1
Binyamen	1
Binyamin	89
Birax	1
Birazek	1
Birix	1
Bishalam	1
Bisunix	1
Bitiyax	1
Biyamin	4
Bizaga	1
Bizarelax	1
Bizata	1
Bizava	1
Blah	11
Bleeh	1
Bluh	1
Bokheru	1
Bokherux	1
Bokhi	2
Bokkix	2
Bomahalax	1
Bonax	1
Boneragiex	1
Bozakat	1
Brashebax	1
Bre	1
Brex	1
Briex	1
Brung	10
Bukhix	3
Bukkix	2
Bulax	1
Bun	140
Bunkrih	6
Bunnix	3
Buza	2
Buzax	1
Buzi	1
Buzix	2
Bwan	6
Bwanson	19
Ca	5
Can	332
Cang	3
Cao	5713
Caogau	1
Caomi	2
Caong	12
Caox	1
Carang	7
Caux	2
Cauxrhawm	2
Caw	2
Ceeix	1
Ceep	6
Cerawk	1
Ceu	378
Ceucao	1
Chawk	8
Cherubim	2
Cherubin	87
Cheu	2
Cheuk	1
Chix	7
Chup	1
Ciang	2
Cie	2
Ciet	2
Cim	1
Coca	1
Coh	3
Cot	1
Cox	7
Cu	3
Cub	196
Cung	8
Cup	1
Cusa	1
Cuyi	1
Dabarat	1
Dabasiet	1
Daberat	1
Dagon	12
Dah	3
Daix	1
Dak	20
Dakok	1
Dakon	1
Dalamanutha	1
Dalamatix	1
Dalaphon	1
Damarix	1
Damase	46
Damasekat	15
Dan	76
Dana	1
Danaix	1
Dang	6
Dangngeung	4
Danix	1
Danyelax	77
Daog	1
Daong	3
Darax	1
Darix	23
Datan	10
Daux	140
Davit	1082
Dawga	5
Dawix	1
Dawka	2
Dawnamix	1
Dawphaka	2
Dawrax	7
Dawtan	1
Daya	1
Dayelax	4
Debarat	1
Debawrax	10
Debirax	14
Deborax	1
Dedam	2
Dedan	9
Dedom	5
Dee	72
Deeh	66
Deh	1
Dehavi	1
Dekapolix	3
Delatashaza	1
Delayax	7
Delila	8
Dema	1
Demax	2
Demetri	2
Demetrix	1
Denari	1
Deotriphi	1
Derabe	4
Derakhix	1
Deshon	2
Deuh	16
Deuk	1
Dex	1
Dia	1
Diag	2
Diang	3
Dibalax	1
Dibalem	1
Dibarix	1
Dibon	4
Dibun	5
Dibun-gat	2
Didumux	3
Dieh	1
Dig	1
Digalax	1
Dikalax	1
Dilaha	1
Dilan	1
Dimanax	1
Dimawrax	1
Dimon	2
Dina	9
Ding	4
Dinhaba	1
Dinhabax	1
Dinie	1
Diphat	1
Dishan	5
Dishon	6
Divina	1
Diyawnusi	1
Dodava	1
Dodie	1
Dodo	5
Doeh	38
Doelax	5
Doh	42
Doktan	2
Dom	32
Dora	1
Drusila	1
Dui	1
Duma	4
Dura	1
E-a	2
EX	1
Eba	2
Ebadameliet	5
Ebalax	6
Ebaneza	3
Ebaron	1
Ebax	7
Ebedameliet	1
Ebiasap	4
Ebiet	6
Ebiyasap	1
Eda	3
Edarax	1
Edarix	7
Edax	1
Edem	1
Eden	16
Edim	1
Edin	1
Edom	121
Edon	1
Eea	1
Eei	1
Een	3
Efesux	21
Egalax	2
Egalim	1
Egalon	13
Ehix	1
Ehuda	1
Ehudax	7
Ehut	2
Ejiptux	748
Eka	1
Ekarawnix	1
Ekaron	23
Ela	4
Eladat	2
Eladax	3
Elahanan	3
Elahannan	1
Elakanax	23
Elakawsha	1
Elalax	1
Elale	5
Elam	29
Elamodam	1
Elamon	1
Elan	1
Elanaam	1
Elanatan	7
Elapalax	3
Elaparan	1
Elasa	2
Elat	7
Elatawlat	1
Elatawlax	1
Elatax	1
Elateka	2
Elatekon	1
Elax	13
Elayehonie	1
Elaza	9
Elazabat	2
Elazapha	1
Elazax	2
Eleasa	6
Elelaw	1
Elelax	5
Elem	3
Elia	1
Eliabax	25
Eliadax	1
Eliahship	1
Eliakhim	1
Eliakim	5
Elialax	2
Eliam	2
Eliamie	1
Eliasap	4
Eliaship	14
Eliata	2
Eliawnie	3
Eliaza	25
Elidat	1
Elidax	1
Elihawrap	1
Elihonie	1
Elihu	2
Elihux	10
Eliishie	1
Elika	1
Elilax	4
Elim	3
Elimaliet	4
Elinie	1
Elionie	3
Elipaliet	2
Eliphalax	1
Eliphaliet	2
Eliphat	14
Eliphelie	2
Elipheliet	4
Elisha	2
Elishama	16
Elishaphat	1
Elishaphax	2
Elishax	1
Elishebax	1
Elishie	76
Elishua	2
Elix	46
Eliyadax	2
Eliyakam	1
Eliyakim	8
Eliyaship	2
Eliyax	109
Eliyaza	1
Eliza	54
Elizabiet	11
Elizapha	1
Elizaphan	4
Elizurax	5
Elok	1
Elon	8
Elonbiethanan	1
Elonit	1
Elula	1
Eluma	1
Elut	2
Eluzie	1
Emannoelax	2
Emanoelax	2
Emawk	1
Emen	1
Emietkezix	1
Emim	2
En	1
En-galem	1
En-ganin	1
Enam	1
Enan	5
Enawk	13
Endawrax	1
Enex	2
Eng	1
Enganim	1
Engdawrax	1
Engedi	3
Engganim	1
Enggedi	1
Engrawgalax	1
Engrawgelax	1
Engshamit	1
Engshemiet	1
Engtapua	1
Enhada	1
Enhazaw	1
Enkedi	1
Enmishapat	1
Enok	4
Enon	1
Enot	4
Enrawgelax	2
Enrimon	1
Eodia	1
Epaphrawdit	2
Epaphrax	3
Epeliet	1
Epenit	1
Epha	37
Ephalalax	1
Ephanrem	1
Epharat	12
Epharax	3
Epharem	168
Epharen	7
Epharim	13
Epharon	15
Ephathax	1
Ephax	1
Ephidamim	1
Ephie	1
Ephlalax	1
Ephot	1
Ephrem	1
Epikurux	1
Eran	1
Eranit	1
Erattu	1
Erattux	1
Eratux	1
Erax	12
Eren	1
Eriet	1
Erit	1
Erix	1
Esalix	1
Esarahadon	3
Esaw	100
Eshabalax	2
Eshaban	2
Eshakaw	1
Eshakawlax	5
Eshamelax	1
Eshan	1
Eshatamaw	2
Eshatawlax	7
Eshatawlix	1
Eshatemaw	3
Eshaton	2
Eshiet	1
Eta	3
Etabalax	1
Etanan	1
Etane	2
Etanim	1
Etarim	1
Etham	9
Ethan	8
Ethie	1
Ethiopia	27
Ethiopiya	8
Etiet	1
Eue	7
Euk	1
Evax	4
Evilax	1
Ewix	4
Ex	272
Eza	7
Ezabie	1
Ezabon	2
Ezaha	2
Ezanix	1
Ezarahi	1
Ezarax	26
Ezarix	1
Ezax	2
Ezelax	1
Ezem	1
Ezim	1
Ezion	3
Eziongeba	2
Eziongebax	1
Eziyon	1
Fawtunatux	1
Felit	9
Filadelfia	2
Fittux	15
Fua	1
Gaba	2
Gabie	1
Gabrelax	4
Gadarax	3
Gadax	1
Gadelax	1
Gadix	3
Gah	4
Gaha	2
Gahan	1
Galaban	1
Galax	12
Galilie	79
Galim	2
Galio	3
Galon	1
Gamada	1
Gamalelax	7
Gamix	1
Gamulax	1
Garax	1
Gariep	1
Gariet	2
Garimon	1
Gasha	4
Gat	92
Gata	23
Gatam	1
Gatan	2
Gatarimon	1
Gatax	2
Gathepha	1
Gatrimon	2
Gau	27
Gaux	11
Gaw	2
Gaw-eng	1
Gaw-in	4
Gawbax	2
Gawgax	15
Gawlaxgawthax	3
Gawliax	5
Gawliyax	1
Gawma	4
Gawmawrax	21
Gawmax	4
Gawmorax	2
Gawng	27
Gawtax	1
Gawzan	1
Gaza	20
Gazam	2
Gazatix	1
Gazax	2
Gaziet	2
Geba	3
Gebalax	2
Gebalix	1
Gebat	1
Gebax	15
Gebiah	2
Gebim	1
Gebion	2
Gebom	2
Geda	1
Gedalix	26
Gedaliyax	6
Gedamot	1
Gedarat	1
Gedarix	1
Gedarot	1
Gedaw	3
Gedelax	1
Gederawtem	1
Gederax	1
Gederot	1
Gedi	1
Gedo	3
Geharasim	1
Gehazix	15
Gelat	1
Gelilot	1
Gemalix	1
Gemarix	5
Genesariet	1
Geneton	1
Gennesariet	2
Gennisariet	1
Genubat	2
Gera	4
Gerashi	1
Gerashom	3
Gerashon	23
Gerax	19
Gerazi	1
Gerazim	2
Gerizim	1
Geshan	1
Geshem	4
Geshom	2
Geshon	14
Geshonit	1
Geshurax	7
Geshurix	8
Geta	1
Getax	1
Geza	11
Gezarax	1
Gezawnix	1
Gezax	1
Gezerax	1
Gha	2
Ghoik	2
Ghok	1
Ghot	2
Gi-a	1
Giba	29
Gibaong	1
Gibat	11
Gibaton	1
Gibax	5
Gibe-a	2
Gibeon	13
Gibeton	4
Gibia	2
Gibion	9
Gibon	6
Gibun	12
Gidalatix	1
Gidatix	1
Gidawnix	5
Giddelax	2
Gidelax	2
Gideon	45
Gido	1
Giennesarit	2
Giex	14
Giheton	1
Gihon	6
Gilabaw	8
Gilagalax	40
Gilakalax	1
Gilalie	1
Gilat	147
Gilaw	3
Gilawnix	1
Gilax	1
Gilidix	1
Gimzaw	1
Ginat	2
Ginesariet	1
Ginesiet	1
Gineton	1
Giragashi	1
Giragashix	3
Giragazit	1
Girayatim	1
Gishapax	1
Gishon	1
Gitem	1
Gitix	10
Gittem	1
Glah	2
Glang	34
Gleeing	2
Goe	1
Goelax	1
Golan	3
Golia	1
Gonix	2
Goshem	1
Goshen	11
Goshin	3
Goshon	1
Gozan	4
Grah	1
Graik	1
Grang	8
Grawh	980
Grawng	106
Greed	5
Greem	4
Grham	2
Grhawm	1
Grheu	10
Grhup	1
Griang	1
Groi	1
Grok	1
Grux	1
Gugodax	2
Guh	5
Gulan	1
Gum	1
Gumlox	140
Gun	5
Gunit	1
Gunix	2
Gura	1
Gurax	1
Gwieh	6
Ha	9
Habakuk	2
Habaw	1
Habawna	1
Habawnax	1
Habayax	1
Habazinia	1
Habo	2
Hadadeza	21
Hadalie	1
Hadarimon	1
Hadarok	1
Hadasa	1
Hadasha	1
Hadat	14
Hadawram	3
Hadax	3
Hadi	1
Hadit	1
Hadoram	2
Hagaba	1
Hagabax	1
Hagadoling	1
Hagan	1
Hagap	1
Hagarax	22
Hagarix	1
Hagie	12
Hagit	5
Hagix	1
Hagiyax	1
Hagrax	2
Hagrix	1
Hahashatarix	1
Hahayax	1
Hak	4
Hakatan	1
Hakawra	1
Hakhali	1
Hakhalix	1
Hakhamo	1
Hakhamonix	1
Hakhilax	3
Hakkok	1
Haktiex	122
Hakupha	2
Halahula	1
Halat	1
Halax	3
Halek	1
Haleluya	17
Halix	1
Halohat	1
Halohiet	1
Hamalekok	1
Hamam	1
Haman	54
Hamat	38
Hamatix	2
Hamaw	3
Hamawlekiet	1
Hamax	17
Hame-a	1
Hamedata	4
Hamedatax	1
Hamiet	1
Hamo	10
Hamoelax	2
Hamon	9
Hamona	1
Hamotalax	1
Hamotdawrax	1
Hamran	1
Hamulax	3
Hamulix	1
Hamutalax	2
Han	1
Hanamelax	4
Hanan	16
Hananelax	4
Hananeyax	1
Hananit	1
Hananix	32
Hananiyax	2
Hanarix	1
Hanaton	1
Hanawkhix	1
Hanax	23
Hanelax	2
Hanepha	1
Haniet	1
Hanok	6
Hanum	1
Hanun	10
Haok	12
Hapapuk	1
Hapharim	1
Hapiziet	1
Haradax	2
Harahap	1
Harahurax	2
Haram	2
Haran	20
Hararix	3
Harasha	2
Harasiet	1
Haraw	1
Harawdi	2
Harax	4
Harep	1
Hariet	1
Harim	11
Harip	2
Harom	1
Harorix	1
Haroshiet	3
Harot	1
Harumap	1
Haruphix	1
Haruza	1
Hasadiyax	1
Hasenax	1
Hasenu	1
Hasha	1
Hashabadanax	1
Hashabanax	1
Hashabanix	2
Hashabix	10
Hashabiyax	4
Hashamawnax	2
Hasharax	1
Hashbix	1
Hashen	1
Hashubax	1
Hashubix	1
Hashum	5
Hashup	4
Hashupha	1
Hashut	1
Hatat	1
Hatava	1
Hatiet	4
Hatipha	2
Hatita	1
Hatitax	1
Hattilax	2
Hattux	1
Hatusha	1
Hatut	2
Hatux	1
Hauk	4
Havilax	7
Havot	2
Havotya-irax	1
Hawbax	4
Hawdashi	1
Hawdiyax	1
Hawgala	3
Hawgalax	1
Hawhagidagat	2
Hawlom	1
Hawlon	1
Hawma	7
Hawman	1
Hawmax	1
Hawphanix	5
Hawphara	1
Hawram	1
Hawrama	1
Hawran	2
Hawrap	7
Hawrax	22
Hawrim	1
Hawrix	10
Hawrom	1
Hawron	4
Hawronem	1
Hawsax	1
Hawshe	2
Hawt	22
Haza	1
Hazaadax	1
Hazaenan	1
Hazagadadax	1
Hazahatikon	1
Hazalax	14
Hazalut	1
Hazamaviet	2
Hazaraenan	2
Hazarenan	1
Hazarok	2
Hazaron	1
Hazarot	3
Hazashawlax	1
Hazashula	2
Hazasusa	1
Hazaw	19
Hazawhatada	1
Hazayax	1
Hazazutanma	1
Hazelax	12
Hazo	1
Hazurim	1
Heba	8
Hebarax	1
Hebarit	1
Hebaron	27
Hebaronit	1
Hebax	9
Hebrie	52
Hebron	49
Heem	1
Hegie	6
Helabon	1
Heladie	3
Helaka	1
Helakat	1
Helakhix	1
Helakie	1
Helakilax	1
Helakiyax	1
Helam	2
Helap	2
Helasax	39
Helax	2
Helet	2
Heleza	1
Heliep	1
Heliet	5
Helikat	1
Helikit	1
Helim	1
Helon	5
Heman	16
Hemdan	1
Hena	3
Henadat	4
Henan	1
Henax	1
Heng	5
Henon	1
Hepha	8
Hepharit	1
Hephax	2
Hephazibax	1
Heramat	1
Heramet	1
Heramogen	1
Heramon	12
Heran	1
Herapawlix	1
Herazon	1
Heresha	1
Herie	1
Heriet	2
Herodi	3
Herodion	1
Herodix	3
Herut	48
Heshabon	37
Heshabun	1
Heshamon	1
Hesiep	1
Hesop	2
Heta	10
Hetakelax	1
Hetalon	2
Hetax	18
Heumi	1
Hewix	3
Hezakix	38
Hezakiyax	98
Hezaraw	1
Hezarawnix	2
Hezarie	1
Hezaron	20
Hezelelapawnix	1
Hezirax	2
Hezon	1
Hidie	1
Hiekona	1
Hilakhi	1
Hilakhix	15
Hilaki	3
Hilakilax	1
Hilakix	2
Hilakiyax	13
Hilax	1
Hilelax	2
Hilin	1
Himnom	2
Hing	5
Hinnom	3
Hinnun	2
Hinom	1
Hinon	4
Hiram	26
Hirax	2
Hirix	1
Hitix	22
Hittix	13
Hivit	1
Hiwix	22
Hizakix	1
Hobayax	1
Hodavix	1
Hodaviyax	1
Hodax	1
Hodayax	1
Hodesha	1
Hodeva	1
Hodeyax	1
Hodiyax	4
Hoek	94
Hoham	1
Hohix	1
Hoik	114
Hokheriet	1
Holon	1
Homta	1
Horiet	3
Horom	3
Horonem	3
Horonix	3
Hosa	4
Hosanna	6
Hose	4
Hosha	2
Hoshama	1
Hoshan	1
Hoshayax	1
Hoshe	11
Hoshup	1
Hotam	1
Hotirax	2
Hozie	1
Hshupha	1
Hu	154
Hukok	2
Huladax	1
Hulata	1
Hulax	2
Humene	1
Humenex	1
Hupa	1
Hupham	1
Huphamit	1
Hupim	1
Hupin	1
Huppim	1
Huram	4
Huran	1
Hurax	15
Hurie	1
Hurix	2
Husha	2
Husham	4
Hushatix	3
Hushen	1
Hushie	14
Hushim	3
Hushitix	1
Huzot	1
Hzarasusim	1
I	3
IN	2
Ibaha	3
Ibalam	3
Ibaniyax	2
Ibarix	1
Ibazan	3
Icak	137
Idabax	1
Idadaw	1
Idado	3
Idala	1
Idaw	3
Idiyax	1
Ido	8
Idom	2
Iea	1
Ietiopiya	1
Igadalix	1
Igalax	3
Ih	4
Ikawnix	6
Ikesha	2
Ikhabok	2
Ikhesha	1
Iliaship	1
Ilie	1
Ilirikam	1
Ilishama	1
Ilishua	1
Im	4
Imala	2
Imanax	2
Imarax	3
Imarix	3
Imera	1
Imerax	6
Imla	2
Immerax	1
Imnax	1
In	383
India	1
Ing	4
Inkiex	2
Inkix	140
Iphadiyax	1
Iram	2
Iranaha	1
Irapelax	1
Irashemiet	1
Irat	2
Irax	6
Irix	1
Iriyax	2
Iron	1
Irux	1
Isa	1
Isakah	1
Isakariut	11
Isakha	3
Isamakhiyax	1
Isamerie	1
Isarelax	2590
Isariax	1
Isarilax	1
Isarix	2
Isata	60
Isaw	2
Isaya	3
Isayax	57
Ishabawshiet	16
Ishabax	1
Ishabet	1
Ishabi	1
Ishabiet	1
Ishahawt	1
Ishamax	1
Ishamayax	1
Ishamelax	55
Ishameyax	1
Ishaphan	1
Ishava	1
Ishavi	2
Ishayax	1
Ishe	1
Ishi	2
Ishix	3
Ishiyax	1
Ishkha	1
Ishuah	1
Issakha	38
It	2
Itakazin	1
Itali	5
Itama	20
Itamma	1
Itanan	1
Itaram	2
Itaran	2
Itarix	3
Itelax	2
Itie	8
Iture	1
Iva	3
Iyeabarim	3
Iyim	1
Iyon	2
Iyong	1
Izaha	10
Izahat	1
Izarahix	2
Izarax	2
Jah	69
Jai	2
Jalao	2
Jao	9
Jaong	6
Jasen	1
Jauh	1
Jawg	1
Jeeh	2
Jehawshaphat	1
Jhai	1
Jhak	498
Jhauh	1
Jhawm	10
Jhawp	3
Jhax	1
Jheeh	26
Jhi	11
Jhong	1
Jiang	1
Joah	8
Joh	1
Ju	47
Jubili	6
Jun	2
Jung	1
KAW	1
Ka	886
Ka-inax	23
Kabathax	1
Kabazelax	1
Kabun	1
Kadamawnix	1
Kadamelax	1
Kadarax	1
Kadasha	1
Kadaux	5
Kadax	1
Kadesha	10
Kadeshabana	3
Kadeshabanax	1
Kadeshax	13
Kadishax	2
Kah	4
Kainan	2
Kaing	48
Kak	10
Kaka	1
Kala	3
Kala-uk	2
Kaladie	7
Kalakawlax	1
Kalalax	1
Kalalie	1
Kalanaw	1
Kalane	1
Kalatix	7
Kalawphax	2
Kalax	2
Kaliep	40
Kamelax	7
Kamix	1
Kana	2
Kananix	2
Kanax	5
Kandeki	1
Kanidu	1
Kao	1
Kaoh	72
Kaong	1
Kaox	1
Kapadosia	1
Kapeniom	14
Kapenion	2
Kappadawkix	1
Kaptawrax	1
Kaptorax	1
Kaptorim	1
Kapturim	1
Kapux	1
Kapzelax	1
Karaka	1
Karakawtao	1
Kare	13
Karete	7
Karipux	2
Kasiep	1
Kat	1
Kata	1
Katan	1
Katat	1
Katawrax	1
Katawren	1
Kaung	2
Kaux	22
Kaw	397
Kaw-ax	1
Kawban	1
Kawg	2
Kawhat	45
Kawhatit	1
Kawk	12
Kawlawsie	1
Kawn	883
Kawnanix	2
Kawncau	183
Kawng	1
Kawnilix	9
Kawratit	1
Kawrinthux	9
Kawritix	1
Kawsax	1
Kawzax	1
Kax	6
Kayaphax	9
Kayux	5
Kaza	1
Kazelax	1
Keda	7
Kedalisha	1
Kedama	1
Kedamax	1
Kedasha	1
Kedax	3
Kedemot	3
Kedesha	7
Kedeshax	2
Kedron	1
Keei	1
Keeing	325
Kehalatax	2
Kehebax	1
Kelata	1
Kelayax	1
Kelita	2
Kemoelax	3
Kenat	13
Keni	4
Keniet	3
Kenix	10
Kenizix	1
Kephax	9
Keramin	1
Kerax	1
Kerin	1
Kerok	1
Kerot	3
Kesa	29
Kesarix	17
Kesasemanix	2
Keturax	5
Keu	1
Keud	17
Keun	1
Keut	3
Kevie	2
Khabulax	2
Khaing	109
Khaix	1844
Khakhemisha	1
Khakhemit	1
Khakladie	1
Khaladie	83
Khalakhawla	1
Khalanie	1
Khaliep	1
Kham	2
Khamaik	1
Khamelax	7
Khamin	1
Khamit	1
Khamix	5
Khamon	1
Khan	2
Khanan	155
Khananix	10
Khanie	1
Khankix	1
Khannan	1
Khaox	26
Kharame	2
Kharamelax	21
Khareyax	1
Khasaluhim	3
Khashana	1
Khasiphia	2
Khatilax	1
Khaw	15
Khawm	9
Khawmuik	3
Khawn	2
Khawnaniyax	1
Khawng	3
Khawrashan	1
Khawrazin	2
Khawt	1
Khawzabix	2
Kheba	1
Khebax	7
Khedawralawmax	5
Kheem	3
Khelelax	1
Khelop	1
Kheluk	1
Khelup	1
Khemawsha	2
Khemosha	1
Khemoshax	4
Khenan	5
Khenana	2
Khenanax	3
Khenanix	4
Khephahamawni	1
Khephirax	4
Kheran	1
Kherati	2
Kheratix	2
Kheretix	6
Kherit	2
Kherubie	1
Kherup	2
Khesalon	1
Khesilax	1
Khesulut	1
Khet	2
Khetiet	1
Khettem	1
Kheu	383
Kheue	1
Khex	31
Khezip	1
Khi	1
Khiex	1
Khilamat	1
Khilat	1
Khilon	1
Khimaham	4
Khimax	1
Khinatariet	1
Khinirot	1
Khisalix	1
Khisalon	1
Khishalottebaw	1
Khishebat	1
Khison	1
Khiten	1
Khiux	1
Khix	2
Khlao	1
Khlawe	1
Khlawp	5
Khoek	2
Kholahozie	2
Khonix	2
Khoniyax	1
Khozebax	1
Khrawm	10
Khre	14
Khri	6
Khrit	568
Khu	8
Khuan	238
Khun	1
Khunzax	1
Khusha	1
Khushan	4
Khushax	1
Khushix	1
Khwan	49
Khwi	1
Khyox	2
Kia	2
Kibarok-hatava	4
Kibarot	1
Kibazem	1
Kid	4
Kidarom	1
Kidaron	9
Kidom	1
Kidron	1
Kie	1
Kied	8
Kieh	797
Kiesa	2
Kiex	73
Kih	3
Kiied	1
Kilat	1
Kilax	17
Kilayatarim	1
Kiliki	7
Kilikix	1
Kin	1
Kinax	1
Kinkhre	2
Kipehatelohim	1
Kira	1
Kiraharet	2
Kirahariet	2
Kirathabax	1
Kirax	5
Kirayabax	1
Kirayarim	1
Kirayat	14
Kirayatabax	1
Kirayatbalax	2
Kirayatem	1
Kirayatim	1
Kirayatin	1
Kirayatsana	1
Kirayatsepha	2
Kirayatvarim	1
Kirayatyarim	9
Kiriot	1
Kiriyat	2
Kiriyatem	1
Kiriyatin	1
Kisha	9
Kishax	11
Kishon	6
Kisix	2
Kitaton	1
Kiten	1
Kitim	2
Kix	1447
Kizi	1
Kla	2
Klang	1
Klawde	1
Klawdi	3
Klawdix	1
Klawk	1
Klawn	6
Klemen	1
Kleuk	1
Klien	1
Kloh	1
Klon	1
Klup	1
Koe	98
Koeng	2
Kohat	2
Kok	28
Kolayax	2
Korabix	1
Korax	36
Kore	2
Kosam	1
Koza	3
Kozax	1
Kra	1
Krai	111
Kraix	3
Kraung	27
Kraungkhrai	2
Krax	333
Krim	1
Krisake	1
Krong	2
Krox	4
Kru	13
Krub	5
Ku	6
Kuad	13
Kuceu	2
Kukaux	1
Kuparu	1
Kuparux	7
Kurakuma	1
Kurene	7
Kurine	1
Kurux	17
Kusax	2
Kusha	4
Kushax	6
Kushi	7
Kushix	1
Kutax	2
Kwad	1
Kwang	1
Kwatux	1
Kwe	3
Kyox	1
La	8
Laban	60
Ladan	8
Ladax	1
Lah	1
Lahamix	1
Lahat	1
Lai	24
Laig	14
Lak	1
Lakhamix	1
Lakheshax	7
Lakhisha	9
Lakhishax	6
Lakum	1
Laman	1
Lamek	7
Lamet	5
Lapidot	1
Lasharon	1
Lashax	1
Lashie	1
Lat	2
Laug	10
Laux	15
Law-ami	1
Lawban	7
Lawd	3
Lawda	1
Lawdax	1
Lawdebarax	3
Lawdebax	1
Lawdikix	7
Lawg	6
Lawm	6
Lawpan	2
Lawruhama	2
Lawtan	7
Lawx	1
Lazarux	19
Leax	35
Lebakamie	1
Lebana	1
Lebanax	2
Lebanix	2
Lebanon	71
Lebaok	1
Lebawna	1
Lebie	1
Leeing	2
Lehabim	2
Lehem	1
Lehi	5
Lekha	1
Lekhisha	2
Lelax	1
Lemoelax	2
Leng	1
Lesha	5
Letushim	1
Levitan	5
Lewix	370
Lhat	8
Lhax	2
Lheu	187
Lhiex	4
Li	2
Liag	2
Liah	1
Liang	4
Libana	2
Libanax	14
Libanit	1
Libanix	4
Liberatin	1
Libia	3
Libiyan	2
Libiyax	1
Libya	1
Lidayax	1
Liecong	3
Lien	1
Liesha	2
Lieshem	2
Lig	1
Lih	45
Likahix	1
Ling	5
Linux	1
Lipanax	2
Lipanix	2
Lo	1
Lo-ix	1
Lodax	2
Loe	4
Log	6
Lon	12
Lotax	37
Lox	166
Lubim	3
Ludax	4
Ludi	2
Ludim	1
Ludix	1
Lug	1
Luhit	2
Luim	1
Luk	1
Lukawnix	2
Lukax	3
Luki	1
Lukix	2
Lumin	1
Lusanix	1
Lusatra	5
Lusatrax	1
Lusi	3
Luta	1
Lutax	1
Luza	5
Luzax	4
MAIX	1
MAWH	5
MENE	3
Ma	1
Maai	1
Maat	1
Madamana	1
Madamanax	1
Madamenax	2
Madan	1
Madia	1
Madie	3
Madon	2
Magabisha	1
Magabit	1
Magadalax	13
Magadilax	2
Magawgax	5
Mageda	1
Magidaw	1
Magido	1
Magoramisabib	1
Mahalalelax	2
Mahalat	2
Mahalax	1
Mahalelax	6
Mahali	2
Mahalie	1
Mahalix	12
Mahalon	2
Mahanem	13
Maharie	2
Mahashalahashabaza	1
Mahat	4
Mahawla	1
Mahaziot	2
Mahera	1
Mahetabalax	3
Mahirax	1
Mahunem	1
Mahuyelax	2
Mahvi	1
Mai	682
Maing	1
Maix	3891
Mak	1
Makat	1
Makatix	1
Makeda	8
Makedonix	27
Makha	22
Makhabanai	1
Makhabenax	1
Makhabok	1
Makhanadebie	1
Makhapelax	6
Makhatix	7
Makhelok	2
Makhirax	22
Makhishua	2
Makhix	1
Makux	9
Mala	4
Malakham	2
Malakhe	1
Malakhelax	2
Malakhelit	1
Malakhiram	1
Malakhishua	3
Malakhix	4
Malakhiyax	13
Malakhizediek	1
Malakhux	1
Malalix	2
Malatix	1
Malax	1
Malothi	2
Maluk	7
Mamre	6
Man	13
Manaen	1
Manahat	3
Manahetix	1
Manashe	156
Manason	1
Manaw	17
Mannax	6
Manohawt	1
Maon	4
Maong	3
Maox	9
Mara	4
Maralax	1
Maramot	1
Marat	1
Marax	2
Maresha	9
Mariet	1
Marip	2
Marix	60
Marot	1
Masa	5
Masariet	2
Masena	1
Maseyax	21
Mashala	1
Mashax	2
Mashie	1
Matanax	2
Mataneyax	1
Matania	14
Matannia	1
Matariet	3
Matarix	2
Matata	1
Matatenie	1
Matathax	1
Matathix	2
Mategama	1
Matenie	2
Matesha	1
Mathan	2
Mathat	2
Mathax	13
Mathiex	5
Mathusalax	7
Mathushaelax	2
Matithix	6
Mattalix	2
Mattan	3
Matthix	2
Mau	11
Maung	1
Mawbax	188
Mawdakie	61
Mawdia	1
Mawh	3541
Mawie	14
Mawkha	1
Mawlada	3
Mawliet	1
Mawlit	1
Mawn	1
Mawnawtie	2
Mawnax	3
Mawnenim	1
Mawnix	1
Mawrasha	1
Mawre	1
Mawreshiet	1
Mawrix	2
Mawsarot	2
Mawx	11
Mawzax	1
Mazarot	1
Mazax	1
Mazix	1
Maziyax	1
Meax	1
Mebunie	1
Medabax	2
Medan	1
Medat	2
Mede	1
Medebax	3
Medi	2
Medix	12
Mee	54
Meeik	1
Megidaw	8
Megido	2
Mehawlati	1
Mehawlatix	1
Mehidax	2
Mehuman	1
Mehunim	1
Mekhalax	1
Mekherax	1
Mekmitat	1
Melakha	1
Melakhix	2
Melakhizediek	10
Mele	1
Meletux	1
Meliet	2
Melikhu	1
Melite	1
Memukan	2
Menahim	8
Menan	1
Menix	1
Menukham	1
Mephat	4
Mephibawshiet	16
Merabax	1
Meramot	3
Merarit	1
Merarix	40
Merarot	1
Merat	3
Meratem	1
Merawdak	2
Merawdat	1
Merawdiet	1
Merawza	1
Merayax	1
Merayok	9
Merayot	1
Meremot	1
Meriam	17
Meribakadiet	1
Meribax	9
Meriet	3
Meritbalax	2
Merix	1
Merom	2
Meronot	1
Meronotix	1
Meseyax	4
Mesha	4
Meshak	15
Meshalemix	1
Meshawbap	1
Meshax	1
Meshazabelax	2
Meshelemix	2
Meshelemiyax	1
Meshezabelax	1
Meshiet	8
Meshilamot	1
Meshilenit	2
Meshulam	26
Meshulemiet	1
Meshulum	1
Mesiek	1
Mesopotemia	6
Mesopotimia	1
Meung	105
Meunix	1
Mex	8
Meyakon	1
Mezahat	2
Mezawbek	1
Mhai	8
Mhaik	1
Mhaing	2
Mhawm	10
Mhok	3
Mhong	4
Mibaha	1
Mibasan	1
Mibasham	2
Mibatan	1
Mibaza	1
Mibazax	1
Midaredat	1
Midiam	2
Midian	65
Midim	1
Midin	1
Midix	6
Midon	1
Miemphi	1
Miex	40
Miexmai	3
Migadalagat	1
Migadalax	1
Migadawlax	5
Migaron	2
Mikalot	3
Mikha	58
Mikhalax	26
Mikhalot	2
Mikhamat	8
Mikharix	1
Mikhaya	1
Mikhayax	6
Mikhelax	9
Mikkhelax	2
Mikmat	1
Mikmetat	1
Mikneyax	2
Milaka	2
Milakbom	1
Milakha	8
Milakham	2
Milakhom	1
Milakom	1
Milalie	1
Milaw	8
Milet	2
Miliep	1
Milo	1
Mimat	2
Min	33
Mina	1
Minamin	1
Minimin	1
Minit	1
Minix	1
Minnit	1
Miphakat	1
Miramax	1
Misagap	1
Misapa	2
Misapariet	1
Misarephot	2
Mishalax	2
Misham	1
Mishamannax	1
Mishamax	4
Misharix	1
Mishelax	6
Mishielax	2
Mishulam	1
Misiyax	3
Mitakha	2
Mitanix	1
Mitaretat	1
Mitulen	1
Miyamin	4
Miza	3
Mizadaw	1
Mizapa	44
Mizarax	1
Mizaren	1
Mizareng	3
Modekhie	2
Moe	1
Moeng	25
Moh	4
Moing	1
Moladax	1
Molawk	6
Moliet	1
More	1
Morean	1
Moreshiet	1
Mose	855
Moserax	1
Mox	3
Moza	5
Mu	1
Mug	1
Mulawk	2
Mun	1
Munim	1
Muppim	1
Mura	1
Muran	14
Muratu	3
Mushi	2
Mushix	9
Musia	2
NAZARIET	1
Na-i-nax	1
Nabalax	22
Nabayok	4
Nabix	1
Nabok	22
Nadap	3
Nadat	16
Nadax	2
Nadu	5
Nah	1
Nahalawlax	1
Nahalelax	3
Naham	1
Nahamanix	1
Nahanelax	1
Naharie	2
Nahasha	1
Nahat	14
Nahum	2
Naing	8
Nakge	1
Nakha	2
Nakhaw	21
Nakhirax	2
Nakhon	1
Nakisux	1
Nama	1
Naman	2
Namax	1
Nambad	1
Nan	5
Naox	2
Napawlix	1
Naphatalix	1
Naphisha	1
Naphishax	2
Napthalix	51
Naptuhim	2
Narada	1
Naran	1
Narax	4
Narie	1
Nasan	2
Nasanilax	6
Nashon	13
Natameliet	1
Natan	36
Natanelax	9
Natap	1
Natayok	1
Natophitix	1
Naw-amon	1
Nawa	4
Nawb	28
Nawba	2
Nawbaha	1
Nawbax	5
Nawdat	1
Nawdix	1
Nawgax	1
Nawh	7863
Nawmix	13
Nawpha	5
Nawphax	3
Nayok	5
Nazariet	30
Nazarix	11
Ne	19
Nea	1
Nebahaza	1
Nebalat	1
Nebat	25
Nebaw	8
Nebie	1
Nebo	5
Nebukhaneza	90
Nebushaban	1
Nebuza	1
Nebuzaradan	16
Nedabiyax	1
Nefelim	2
Negep	2
Nehalam	1
Nehamix	8
Nehelam	2
Nehum	1
Nehushata	1
Nehushatan	1
Nekap	1
Nekep	1
Nekha	1
Nekhaw	8
Nekoda	1
Nekodax	3
Nema	2
Nemanmit	1
Nemat	3
Nemax	2
Nemoelax	3
Nemoelix	1
Nephataw	2
Nepheshesim	1
Nephiet	4
Nephuzim	1
Neragala	2
Neragalashareza	1
Nerahalax	1
Nerax	16
Neribax	1
Nerix	11
Neriyax	2
Nerux	1
Netamitga	1
Netane	1
Netanelax	4
Netanim	1
Netanix	15
Netaniyax	4
Netawpha	2
Netawphah	8
Netem	1
Netinim	2
Netophatix	2
Nex	11
Neyawdax	3
Neziba	1
Neziyax	2
Ngai	44
Ngaik	1
Ngaix	15
Ngawg	2
Ngawh	3
Ngawm	6
Ngawng	2
Nge	1
Ngeet	1
Nghiet	45
Nghiiet	1
Nghox	6
Ngia	2
Ngox	6
Ngu	12
Nham	8
Nhawng	1
Nhawt	3
Nhu	4
Nibashan	1
Nibo	1
Nie	2
Nieb	2
Nied	23
Nielax	1
Niied	2
Nika	1
Nikanaw	1
Nikawdimux	5
Nikawlax	3
Nikawpolix	1
Nikha	2
Nilax	42
Nimarax	2
Nimarim	1
Nimashi	3
Nimrim	1
Nimrot	1
Nimshi	2
Nineve	24
Nisarot	2
Nizareng	1
Noax	51
Nobax	2
Nodix	1
Noganie	1
Nohax	1
Nukha	1
Num	8
Numphax	1
Nun	31
Nyaux	2
Nyaw	2
Nyawm	5
Nyawng	3
Nyeeig	1
Nyeu	9
Nyi	17
Nyiex	65
Nyo	4
Nyoi	2
Nyum	4
O	12
Obadix	16
Obadiyax	4
Obed-edom	1
Obedax	1
Obet	17
Obetdedom	6
Obetdedon	8
Obilax	1
Odavix	2
Odiet	1
Oh	1
Omegax	3
Omri	3
Omrix	13
Onam	2
Onaw	1
Onerix	1
Ono	2
Ophani	1
Ophara	1
Ophelax	4
Ophilax	1
Oren	1
Osanapa	1
Osetdedon	1
Oshabekashax	1
Ot	27
Otanix	1
Ozelax	1
Ozem	1
Ozix	1
Oziyax	3
PA	3
PERIET	1
PWI	4
Pa	371
Padam-aram	1
Padan-aram	10
Padayax	1
Padon	2
Pagelax	5
Pah	2
Pahat-mawbax	6
Pai	1
Paiawm	6
Pak	3
Pakngai	5
Pakpeung	2
Palalax	1
Palatelax	1
Palatix	4
Palazephong	1
Paluwix	1
Pamashata	1
Pamenax	1
Pampuli	5
Pan	3
Panat	1
Pang	10
Pao	2
Paoh	7
Paox	45
Para	1
Paradisux	3
Param	2
Paran	9
Paravem	1
Parazi	1
Parazix	2
Parie	1
Pariet	5
Parot	6
Parua	1
Parudax	1
Pasadamim	1
Pasakha	80
Pasax	6
Paseyax	2
Pasha	39
Pashandata	1
Pashiea	1
Pashura	1
Pashurax	12
Pasiet	1
Patalemie	1
Patarax	1
Patarot	5
Patarusim	2
Pathi	1
Patmox	1
Patrawbax	1
Pau	9
Paung	1
Paw	403
Pawie	5
Pawki	1
Pawlux	194
Pawnti	1
Pawntix	1
Pawntux	2
Pawrax	1
Pawshat	1
Pawtilu	1
Pawtiphax	3
Pawtipherax	3
Pax	22
Pebesiet	1
Pedahelax	1
Pedan	1
Pedayax	5
Pedazurax	5
Peeik	7
Peen	1
Pegurax	9
Peka	10
Pekahiyax	4
Pekawdax	1
Pekot	1
Pelalix	1
Pelapeyax	1
Pelati	1
Pelatix	3
Pelatiyax	1
Pelawn	1
Pelayax	2
Peletix	5
Peliet	4
Peliti	1
Pelon	1
Pelonix	1
Pelushem	2
Penilax	2
Penina	4
Penuelax	7
Peradax	1
Perage	3
Perakam	2
Perazem	3
Perazin	2
Perazix	3
Pereza	1
Periet	4
Perusix	1
Peshurax	1
Petahim	1
Petahix	2
Petahiyax	1
Petaw	2
Petayax	1
Petelax	1
Petham	1
Petla	1
Petrux	168
Petuelax	1
Pex	696
Pha	1
Phai	1
Phalek	7
Phalekhon	1
Phalu	1
Phalux	4
Phan	1327
Phang	1
Phanwelax	1
Phao	3
Phaox	2
Phapa	1
Phapux	2
Pharaw	283
Pharazi	2
Pharazix	4
Pharek	1
Pharet	4
Pharishie	99
Pharuki	3
Phat	3
Phaw	1
Phawng	7
Phawrata	1
Pheen	3
Phenahat	1
Phenihat	3
Pherazix	12
Pheret	7
Pherit	1
Phi	10
Phia	3
Phibe	1
Phicaox	13
Phikawlax	2
Phikolax	1
Philemon	1
Philippix	6
Philipux	37
Philit	1
Philiti	6
Philitix	290
Philologut	1
Phimap	9
Phinahat	6
Phinehat	5
Phinehiet	3
Phineniet	1
Phiniehat	1
Phiniet	1
Phinihat	6
Phinit	4
Phlu	8
Phruah	2
Phua	1
Phuk	27
Phunit	1
Phura	2
Phwan	1
Piakvan	1
Piang	3
Pie	26
Pientekote	3
Piet	1
Pietmakha	1
Pihahirok	1
Pihahirot	3
Piladaha	1
Pilaha	1
Pilat	58
Pilatix	1
Pilesa	4
Pingnya	23
Pingnyap	4
Pinon	2
Piram	1
Piratawn	1
Piratawni	1
Piraton	3
Piratonix	1
Pisaga	7
Pisapax	1
Pishon	1
Pisidix	2
Piton	2
Plah	1
Plak	19
Plakngai	2
Plawng	10
Plee	1
Pliah	2
Pling	1
Plix	13
Ploi	25
Pluat	5
Pohelax	1
Pokheriet	1
Pon	9
Ponbo	1
Ponngaix	3
Ponsawm	2
Pontux	1
Prah	5
Praix	1
Prawkhaw	1
Prawng	11
Pre	3
Prie	2
Prieh	1
Priem	1
Priex	14
Prisikilax	7
Pruh	1
Pruik	5
Pu	1
Pu-a	3
Publi	2
Pudix	1
Pui	1990
Puing	2
Pukilux	1
Pukplak	1
Pulatie	1
Pulax	5
Pum	3
Pungtix	1
Punon	2
Puplieh	1
Purux	1
Puta	1
Putax	2
Putelax	1
Putix	2
Puvax	1
Pux	12
Puxaik	108
Puxke	15
Ra	8
Raba	9
Rabamaga	2
Rabasakha	7
Rabasarix	3
Rabashaka	1
Rabashakhie	8
Rabat	1
Rabax	5
Rabi	12
Rabit	1
Rabonix	3
Radan	1
Radie	1
Ragau	2
Ragaw	4
Raham	1
Rahap	7
Rahsee	2
Rakat	1
Rakhamix	1
Rakhap	15
Rakhelax	53
Ram	4
Rama	9
Ramase	5
Ramat	3
Ramathaimzophim	1
Ramatmizapa	1
Ramax	33
Ramix	1
Ramok	1
Ramot	25
Rang	7
Ranix	1
Rao	2
Raoh	1
Raoma	46
Rapha	1
Raphax	2
Raphu	1
Rawd	2
Rawdanim	1
Rawdax	1
Rawg	14
Rawgelim	2
Rawm	59
Rawn	1
Rawsha	3
Rawshax	1
Rayax	3
Re-i	1
Rebalax	1
Rebax	1
Rebekha	2
Rebekkax	29
Rebie	1
Rebok	1
Reganmeliet	1
Regem	1
Regium	1
Rehabi	1
Rehabix	5
Rehawbax	7
Rehobok	1
Rehobom	48
Rehobot	2
Rehok	1
Rehop	2
Rehum	8
Rekem	3
Rekha	1
Rekhap	7
Rekim	2
Rekin	1
Rekon	1
Relayax	1
Remali	1
Remalix	1
Remaliyax	3
Remariyax	6
Remon	1
Repha	2
Rephalax	1
Rephan	1
Repharem	1
Repharen	1
Rephayax	7
Rephem	7
Rephen	6
Rephidim	5
Rephim	1
Rerobom	2
Resax	1
Reshiep	2
Resin	1
Reu	3
Reyax	2
Rezap	1
Rezat	1
Rezim	2
Rezin	7
Rezon	2
Rhang	2
Rhaw	1
Rhawm	64
Rhax	10
Rhiem	1
Rhim	2
Rhoi	3
Riag	2
Riah	5
Riang	19
Rib	5
Riba	1
Ribalax	10
Ribie	1
Rieb	8
Rien	35
Rieng	5
Riepen	1
Riieng	1
Rimmon	6
Rimon	9
Rimonpariet	2
Rina	1
Riphat	1
Risa	2
Rishatem	3
Ritama	2
Rizapa	4
Rizin	2
Riziyax	1
Robom	2
Rode	1
Roelax	2
Rohobom	1
Roi	1
Rom	1
Romantiza	2
Romax	25
Rong	11
Ru	2
Ruat	2
Rub	1
Ruben	1
Rubin	94
Ruelax	2
Rufux	2
Rug	1
Ruh	1
Rukax	1
Ruma	2
Rung	8
Ruthax	21
SIMIANG	5
SIYIEX	2
SON	1
Sa	3
Sabata	1
Sabatax	1
Sadix	3
Sadukie	14
Sadut	2
Sahadutax	1
Sai	9
Saik	1
Saiparat	1
Saiprat	2
Sairat	3
Sakeva	1
Sakha	2
Sakse	4
Sakusix	1
Sala	2
Salaka	1
Salakha	3
Salama	1
Salamax	1
Salamie	1
Salamix	1
Salamon	6
Salatie	1
Salax	4
Salie	1
Saliem	4
Salim	1
Salom	2
Salu	1
Salutilax	1
Salux	2
Sam	13
Samagara	1
Samalax	4
Samaox	1
Samarix	132
Samawtharit	1
Sameunax	2
Samoelax	146
Samson	45
Sanakherip	1
Sanakherit	1
Sanbalat	10
Sandaman	1
Sang	31
Sanlon	4
Sanlun	30
Sansana	1
Sapenix	2
Sapha	1
Sapphirax	1
Sara	78
Saradix	1
Sarai	18
Sarait	1
Saraphax	1
Sarasekhim	1
Sareyax	1
Sarit	2
Satakhux	1
Satan	36
Satawek	1
Sathephan	9
Sathephanax	3
Sau	17
Saux	1
Sawdix	1
Sawdom	50
Sawg	22
Sawhiep	1
Sawkhaw	7
Sawlamon	302
Sawlux	430
Sawm	1
Sawn	2
Sawpheriet	1
Sawriet	1
Sawrim	1
Sawtsani	1
Sax	1
Sebax	5
See	2
Segop	2
Segub	1
Sekada	1
Sekha	1
Sekhu	1
Sekhuntux	1
Selax	3
Seleyax	1
Seliet	2
Selukix	1
Semakhix	1
Semax	4
Semex	1
Sena	2
Senakharip	4
Senakharit	3
Senakherix	1
Senax	1
Senira	2
Senua	1
Sepha	1
Sephanaviem	1
Sepharaviem	2
Sepharavim	4
Sephax	1
Sera	1
Seragix	1
Seraok	5
Seraya	1
Serayax	15
Sereyax	1
Sethax	1
Seturax	1
Shababetie	1
Shabanax	3
Shabethie	2
Shadariet	13
Shadriet	2
Shagaza	1
Shagie	1
Shahan	1
Shaharem	1
Shahazima	1
Shakanix	1
Shakhix	1
Shalabawnix	1
Shalabim	1
Shalabin	2
Shalabo	1
Shalala	1
Shalaman	1
Shalamaneza	2
Shalamix	1
Shalatelax	1
Shalatilax	3
Shalax	6
Shalekhiet	1
Shalim	1
Shalisha	2
Shalon	3
Shalum	28
Shama	12
Shamahut	1
Shamariyax	1
Shamayax	1
Shamga	2
Shamie	1
Shamira	2
Shamirax	1
Shamlai	1
Shamma	1
Shammie	5
Shammot	1
Shammua	4
Shamsherie	1
Shamua	2
Shana	1
Shanira	1
Shap	1
Shapha	2
Shapham	3
Shaphan	27
Shaphat	9
Shaphatiyax	1
Shaphire	1
Shara	1
Sharem	2
Shareza	4
Sharezap	1
Sharie	1
Sharim	1
Shariyax	2
Sharon	7
Sharuhim	1
Shashak	2
Shashie	1
Shatalilax	1
Shatekha	2
Shavasha	1
Shawba	1
Shawbalax	2
Shawbat	1
Shawbax	6
Shawbi	1
Shawbiet	2
Shawe	1
Shawham	1
Shawlax	10
Shawlix	1
Shawma	1
Shayashup	1
Sheba	3
Shebam	1
Shebanax	6
Shebanix	7
Shebarim	1
Shebax	33
Sheboelax	3
Shedurax	5
Shehariyax	1
Shekanix	1
Shekhanix	4
Shekhaniyax	3
Shekhe	25
Shekhem	27
Shekhenix	1
Shekhim	40
Shekhimit	1
Shekhuphan	1
Shelamix	4
Shelamiyax	1
Shelanix	1
Shelap	1
Shelapelax	1
Shelat	1
Shelatilax	6
Shelawmit	1
Shelawmix	2
Shelax	12
Shelemix	4
Sheliet	1
Shelomit	6
Shelomix	1
Shelomot	2
Shelumelax	2
Shelumilax	3
Shemabax	1
Shemarax	2
Shemarix	2
Shemariyax	1
Shemax	22
Shemayax	39
Shemeyax	1
Shemida	1
Shemidax	2
Shemidit	1
Shemiet	3
Sheminix	1
Shemiramot	4
Shemix	1
Shemiyax	2
Shemoelax	2
Shen	1
Shenakherip	3
Shenayax	1
Shenaza	1
Shepha	2
Shephan	3
Shephatix	8
Shephatiyax	5
Shephaw	2
Sherabix	6
Sherax	4
Sherebix	1
Sheribix	1
Sheriet	2
Sheriyax	1
Sheshabaza	2
Sheshaboza	2
Shesham	2
Sheshan	3
Sheshie	2
Sheshiet	2
Shesie	1
Sheta	2
Shetabozanie	3
Shetabozannie	1
Shetax	8
Shevan	1
Shevax	1
Shiang	1
Shiao	1
Shibamax	1
Shibawliet	1
Shibax	1
Shigawnot	1
Shihaw	1
Shihawlibanat	1
Shihawrax	2
Shikaron	1
Shikhem	1
Shilahim	1
Shilahix	2
Shilashax	1
Shilaw	37
Shilawnix	1
Shiliem	2
Shilimit	1
Shilonix	1
Shima	3
Shimarat	1
Shimarix	2
Shimarom	1
Shimaron	3
Shimaron-meron	1
Shimaronit	1
Shimashie	4
Shimat	2
Shimean	1
Shimeti	1
Shimi	13
Shimirix	2
Shimix	33
Shimon	1
Shimri	1
Shimrix	1
Shina	5
Shinap	1
Shinar	1
Shinax	1
Shiphami	1
Shipharax	1
Shiphatan	1
Shiphi	1
Shiraron	1
Shisha	1
Shishak	7
Shitarie	1
Shitem	1
Shittim	2
Shiza	1
Shmarix	1
Shoa	2
Shobap	3
Shobek	1
Shobiet	2
Sholax	1
Shoma	2
Shonix	1
Shophat	1
Shua	7
Shualax	1
Shubalax	3
Shudelax	1
Shuham	1
Shuhamit	2
Shuhix	2
Shulamix	2
Shulax	1
Shumatix	1
Shunam	9
Shunim	2
Shunit	1
Shunix	1
Shuphamit	1
Shuphan	1
Shupim	2
Shupin	1
Shuratix	1
Shurax	6
Shurix	23
Shushan	22
Shutalit	1
Shutelax	4
Shwatire	1
Si	3
Si-ang	5
Siang	5
Siawp	3
Sibama	4
Sibarem	1
Sibawliet	1
Sibax	2
Sibekhie	4
Sibex	2
Sibhawm	6
Sibrawm	9
Sibun	4
Sidah	1
Sidax	1
Sidiex	5
Sidim	4
Sido	5
Sidom	29
Sidon	21
Siduad	2
Sidub	5
Sidux	1
Siepharat	1
Sighrah	1
Sigiiep	2
Sigleem	2
Sigrhah	1
Sihon	23
Sihong	13
Sihung	1
Sijax	11
Sikaux	2
Sikua	1
Silawng	4
Silax	15
Sileed	1
Siliex	28
Silom	1
Silon	1
Siluanux	1
Silwanux	3
Sim	10
Sima	2
Siman	1
Simaox	19
Simax	3
Simeeig	2
Simeon	16
Simex	15
Simi	3
Simiang	3217
Simie	18
Simin	4
Simion	36
Simix	3
Simon	79
Simuing	6
Sin	6
Sina	41
Sinax	5
Singaix	77
Singax	112
Singeh	87
Sinim	1
Sinirax	1
Sinix	2
Sinngao	22
Sipaox	1
Sipaung	1
Sipeem	1
Siphi	1
Sipie	1
Sirax	41
Sirayax	1
Siriet	1
Sirion	3
Sirix	1
Siriya	2
Sisamie	2
Sisarax	2
Siserax	19
Sitaing	1
Sitanax	1
Siuing	6
Sivai	8
Siviex	21
Sivoe	23
Sivuat	1
Siyaha	1
Siyawng	4
Siyax	1
Siyex	3
Siyieb	10
Siyiex	10814
Soa	1
Sogon	1
Sokhaw	1
Son	87
Song	1
Songrhawm	1
Sonsang	88
Sopatarux	1
Sopheriet	1
Sosipatax	1
Sotie	2
Sotsen	1
Sox	10
Soxla	2
Sua	2
Sugut	1
Suhok	1
Sukha	1
Sukhatix	1
Sukhok	7
Sukim	1
Sukok	5
Sukot	5
Sum	6
Sune	2
Suntukke	1
Suphax	2
Suraku	1
Surax	1
Suripinik	1
Surix	119
Susaix	1
Susannax	1
Susix	1
Sut	2
Swatirax	3
TAWNG	1
TEKALA	2
Ta-tak	1
Tab	2
Tabaok	2
Tabarimon	1
Tabat	1
Tabaw	7
Tabelax	2
Taberax	2
Tabithax	2
Tabo	1
Taborax	1
Taderax	2
Tadok	2
Tah	8
Tahan	3
Tahanit	1
Tahasha	1
Tahashax	1
Tahat	10
Tai	1
Taing	4
Taira	2
Tairax	2
Taix	28
Tak	82
Takene	1
Takhawmoni	1
Talamie	6
Talamon	5
Talantan	6
Talhashax	1
Talita	1
Tama	39
Tamaw	1
Tamax	1
Tamuza	1
Tan	2
Tanak	6
Tanatshilaw	1
Tanax	1
Tang	20
Tanhumiet	1
Taoh	46
Taox	7
Tapalax	1
Tapaniet	1
Taphaniet	6
Taphat	1
Tapheniet	3
Taphiet	1
Tapua	6
Tarahiyax	2
Tarakhawnit	1
Taralax	1
Tarat	1
Taratan	1
Tarax	2
Tariet	1
Tarix	1
Tarot	1
Taruphenix	1
Taruphosax	1
Tashi	1
Tashisha	1
Tashishax	1
Tashurax	2
Tasu	1
Tasux	27
Tat	3
Tatan	1
Tatenie	4
Tathin	1
Tau	1
Taw-ix	3
Tawb	1
Tawbax	4
Tawbiyax	2
Tawg	1
Tawgama	2
Tawhu	1
Tawk	12
Tawkhim	1
Tawlat	1
Tawlax	3
Tawlix	1
Tawm	8
Tawng	9
Tawphelax	1
Tawphiet	5
Tawx	69
Tax	8
Te	5
Tebalix	1
Tebaw	1
Tebax	1
Tebiet	3
Tee	3
Teei	107
Teeih	3
Teem	8
Teettawng	1
Tehinnax	1
Tekaw	9
Tekhariyax	2
Teko	4
Tekua	1
Telabibax	1
Telaharasha	1
Telamelax	1
Telamilax	1
Telasa	2
Telax	2
Telem	1
Teleng	1
Teliem	1
Tema	3
Teman	17
Temanix	2
Tematix	1
Temax	2
Terap	2
Terat	1
Teratix	1
Teratulu	2
Terax	14
Teraza	1
Teriet	1
Terubagelax	1
Tete	1
Teug	9
Teuk	1
Thai	1
Thatdie	2
Thawphilux	2
Thebit	3
Thesalonix	9
Thomax	11
Thong	3
Thudax	1
Thumiet	1
Ti	2
Tiag	3
Tiang	5
Tibahat	1
Tibanix	3
Tiberix	4
Tiblah	2
Tidalax	2
Tiebtie	3
Tiem	1
Tiextu	3
Tigalat	2
Tigalatpilesa	2
Tigarit	1
Tiiem	13
Tik	7
Tikalat	2
Tikava	2
Tikavax	1
Tilon	1
Tima	2
Timana	6
Timanaserax	1
Timanat	1
Timanax	6
Timie	1
Timinax	1
Timna	4
Timon	1
Timose	24
Tinatserax	1
Ting	8
Tiphasa	2
Tirahalax	1
Tiraka	1
Tirakax	1
Tirat	2
Tiratix	1
Tiraza	16
Tiriyax	1
Tishabix	6
Titirix	1
Titux	14
Tivud	1
Tix	22
Tiza	1
Tizix	1
To	10
Toa	2
Tobadonix	1
Tobix	15
Tobiyax	2
Tobrie	2
Toh	3
Tokaux	66
Tolax	3
Tom	31
Tong	1
Tophiet	3
Totaix	3
Totiag	29
Tou	1
Trawkuli	1
Trawphimux	3
Troax	6
Tub	1
Tubalax	7
Tubalaxka-inax	2
Tud	1
Tukhik	4
Tukhix	1
Tumim	2
Tumin	3
Tupalax	1
Turannu	1
Turax	1
Turux	57
Tux	1
UPHARASIN	2
Uelax	1
Ufrethix	1
Ukalax	1
Ulalax	1
Ulam	4
Ulie	2
Umma	1
Unik	1
Unix	3
Uparat	1
Upat	1
Upharat	3
Upharax	1
Upharetix	5
Upulux	1
Uraban	1
Urawklux	1
Urax	5
Urelax	1
Urilax	2
Urim	7
Urix	12
Uriyax	38
Usie	1
Utapha	1
Utapharax	1
Utie	2
Utukhux	1
Uza	1
Uzalax	2
Uzax	17
Uzelax	3
Uzen	1
Uzi	1
Uzilax	5
Uzix	10
Uziya	14
Uziyax	8
VENG	1
Vaid	2
Vaig	10
Vam	1
Vanix	1
Vashati	10
Vayezata	1
Veeh	16
Veei	2
Veng	140
Via	11
Viang	1500
Vien	3
Viex	51
Vophasix	1
Vung	1
Wahiet	1
YESUX	2
YUDAX	4
Ya	5
Ya-irax	10
Ya-min	1
Ya-wan	1
Yabalax	1
Yabane	1
Yabanelax	2
Yaben	1
Yabesha	1
Yabiet	22
Yabin	8
Yabok	7
Yadax	2
Yadelax	1
Yadie	3
Yadiet	1
Yadom	1
Yadua	3
Yagurax	1
Yah	1
Yaha	2
Yahadaw	2
Yahalarelax	1
Yahat	14
Yahaza	4
Yahaze	2
Yahazilax	4
Yahaziyax	1
Yahowa	1
Yahowanitsi	1
Yairux	1
Yakawbax	1
Yake	1
Yakha	1
Yakhim	5
Yakhin	4
Yakhinix	1
Yakim	1
Yakop	437
Yala	1
Yalam	4
Yalelax	3
Yalelit	1
Yalon	1
Yam	2517
Yamaliet	1
Yambre	2
Yamen	2
Yamie	1
Yaminix	1
Yamok	4
Yamot	1
Yamut	2
Yan	5
Yanam	1
Yanashan	1
Yanaw	1
Yanawha	2
Yanie	1
Yannax	1
Yanne	2
Yanum	1
Yaog	34
Yaogyaw	40
Yaong	1
Yaox	9
Yaphalet	1
Yaphaliet	1
Yaphia	4
Yaphiet	11
Yaphiya	1
Yaraw	2
Yarax	2
Yareawregim	1
Yareshix	1
Yariet	1
Yarim	8
Yarip	2
Yarit	1
Yasaw	1
Yasha	2
Yashaban	1
Yashin	1
Yashoban	2
Yashu	2
Yashubit	1
Yashubix	1
Yashup	1
Yasilax	2
Yason	5
Yata	1
Yatanilax	1
Yatira	1
Yatirax	2
Yatix	1
Yavan	6
Yaw	3
Yawbap	5
Yawbat	2
Yawbax	62
Yawdan	201
Yawg	1
Yawgalix	1
Yawha	2
Yawhanan	10
Yawk	1
Yawkanam	1
Yawkhebiet	2
Yawlax	14
Yawnadat	4
Yawnasan	118
Yawnatan	5
Yawppa	2
Yawppax	12
Yawram	2
Yawrie	1
Yawsaux	3
Yawsha	14
Yawshaviyax	1
Yawshax	3
Yawsheba	1
Yawshibix	2
Yawsux	214
Yawtam	1
Yawtan	4
Yawyakim	2
Yawyarip	1
Yawza	1
Yawzabat	1
Yax	2
Yayelax	2
Yaza	13
Yazania	1
Yazanix	2
Yazaniyax	1
Yazarax	1
Yazelax	3
Yazelit	1
Yazerax	1
Yazit	1
Yaziyax	3
Yebarekhi	1
Yebiet	4
Yebok	2
Yebusix	40
Yebutix	3
Yedax	1
Yedayax	11
Yedayelax	4
Yedelax	2
Yedeyax	4
Yedidax	1
Yedidi	2
Yedudun	1
Yedutum	5
Yedutun	7
Yeem	1
Yeen	1
Yegadax	1
Yehalax	3
Yehalelax	1
Yehashaphat	1
Yehawdax	1
Yehawyadax	17
Yehawzadax	6
Yehelax	7
Yehelix	2
Yehezekelax	1
Yehilax	4
Yehix	1
Yehoadax	2
Yehobax	1
Yehobok	1
Yehobom	1
Yehodadan	1
Yehodan	1
Yehodiyax	1
Yehohadat	1
Yehohanan	8
Yehohaza	19
Yehonadat	3
Yehonasan	1
Yehonatan	3
Yehonix	6
Yehoram	24
Yehosha	30
Yehoshaphat	86
Yehoshebax	1
Yehot	1
Yehowa	1
Yehoyadax	33
Yehoyakem	1
Yehoyakhim	1
Yehoyakim	40
Yehoyakin	3
Yehoyarip	2
Yehozabat	3
Yehozadak	2
Yehozadat	1
Yehu	75
Yehudix	4
Yehukalax	2
Yekaman	2
Yekamix	2
Yekhamiyax	1
Yekhawnix	1
Yekhawniyax	2
Yekholix	1
Yekhonix	3
Yekhoniyax	2
Yekhoriyax	1
Yekutilax	1
Yelax	10
Yelayax	1
Yemima	1
Yemoelax	2
Yenelax	1
Yephaliet	2
Yephata	30
Yephatela	1
Yephathax	2
Yephunie	14
Yeramelax	10
Yeramie	1
Yeramix	156
Yeramot	2
Yerarie	1
Yerawham	2
Yerax	2
Yerelax	1
Yeremix	3
Yeremot	2
Yeri	1
Yeribie	1
Yeriep	1
Yeriet	1
Yerikho	63
Yerimot	9
Yerix	1
Yeriyax	1
Yerobom	102
Yeroham	9
Yerot	1
Yerualiem	1
Yerubak	1
Yerubalax	13
Yerubeshiet	1
Yeruelax	1
Yerusalie	2
Yerusaliem	813
Yerusha	2
Yeruya	1
Yesaraw	11
Yesha	1
Yeshabat	1
Yeshabax	2
Yesharelax	1
Yeshawhayax	1
Yeshayax	9
Yeshelax	1
Yeshi	1
Yeshia	1
Yeshimon	6
Yeshishie	2
Yeshu	15
Yeshua	2
Yeshuax	1
Yeshuron	1
Yeshurun	3
Yessie	47
Yesumilax	1
Yesuwit	2
Yesux	996
Yeta	5
Yetalax	1
Yetara	1
Yetaran	1
Yetax	1
Yetiet	2
Yeturax	3
Yex	2
Yeyelax	6
Yezabelax	21
Yezakelax	1
Yezaliyax	1
Yezanix	2
Yezarahix	1
Yezarilax	3
Yezax	2
Yezerax	2
Yezerelax	50
Yezerit	2
Yezilax	1
Yezix	1
Yhaok	4
Yhot	2
Yibasan	1
Yidalax	1
Yieh	1
Yiephunie	1
Yiex	10
Yiiem	5
Yimanax	2
Yimanit	1
Yiphata	1
Yiphatela	1
Yix	108
Yizarix	1
Yo	1
Yoanax	1
Yobap	2
Yobatax	3
Yobax	2
Yobehax	1
Yobrethix	1
Yodax	1
Yoelax	10
Yohan	144
Yohana	1
Yohanan	14
Yohannax	2
Yohaza	1
Yohohaza	5
Yoi	2
Yokadim	1
Yokam	1
Yokanam	3
Yokathilax	2
Yokhim	1
Yokmam	1
Yokop	2
Yokshan	4
Yoktan	6
Yolax	10
Yonadap	2
Yonadat	5
Yonax	32
Yophiet	1
Yoram	30
Yorax	1
Yorim	1
Yose	1
Yosha	9
Yoshakashax	1
Yoshaphat	2
Yoshax	13
Yoshiphin	1
Yosie	1
Yosiep	280
Yosix	1
Yosiyax	57
Yotaba	1
Yotham	21
Yoyadax	5
Yoyakim	4
Yoyarip	4
Yozabat	9
Yozadak	4
Yozadok	1
Yozakha	1
Yuabax	148
Yubalax	1
Yubeha	1
Yudax	1215
Yudi	1
Yuelax	1
Yufrethi	6
Yufrethix	15
Yuh	167
Yuliax	1
Yum	11
Yung	38
Yungyi	7
Yunix	1
Yupharetix	1
Yupharitix	3
Yusatu	2
Yusatux	1
Yusha	2
Yushap	1
Yushax	7
Yuta	2
Yuxlix	2
Yuza	1
Zabadalax	1
Zabadelax	1
Zabadix	6
Zabaha	1
Zabaing	2
Zabat	8
Zabax	1
Zabie	2
Zabuk	2
Zabulun	1
Zadok	53
Zadux	1
Zaham	1
Zahat	1
Zairax	1
Zakhai	1
Zakharix	50
Zakhorax	2
Zakhurax	5
Zakie	1
Zakkhie	3
Zakurax	4
Zalamawnax	2
Zalamon	3
Zalamonnax	1
Zalamunax	10
Zalaphax	1
Zamarem	1
Zamzummim	1
Zanan	1
Zananim	1
Zanaw	4
Zanem	1
Zanua	1
Zaphanata-panax	1
Zaphon	2
Zara	2
Zaratan	1
Zarax	1
Zarephat	2
Zarephax	1
Zaretan	2
Zariepat	1
Zariet	3
Zarit	7
Zarix	1
Zattux	1
Zatux	2
Zavan	2
Zawba	1
Zawbax	13
Zawha	2
Zawheliet	1
Zawna	3
Zawnax	1
Zawra	1
Zawrax	19
Zayax	1
Zaza	1
Zebadix	6
Zebadiyax	3
Zebaha	9
Zebahax	1
Zebai	1
Zebaw	1
Zebax	6
Zebedie	12
Zebem	2
Zebinax	1
Zebion	1
Zeboim	1
Zebolon	1
Zebom	1
Zebudax	1
Zebulax	6
Zebulon	9
Zebulun	40
Zebuzix	1
Zedaki	1
Zedat	1
Zedax	1
Zedekix	51
Zedekiyax	11
Zedikix	2
Zedikiyax	1
Zekharix	5
Zekhariyax	1
Zelawphenat	2
Zelax	3
Zelaza	1
Zelek	1
Zeliet	1
Zelophat	4
Zelophehat	1
Zelophihat	4
Zelot	1
Zelut	1
Zemaran	1
Zemarem	1
Zemarix	2
Zemirax	1
Zenan	1
Zenax	1
Zeon	2
Zepha	1
Zephanix	5
Zephaniyax	2
Zephat	1
Zephatax	1
Zephawnix	1
Zephniyax	1
Zepho	3
Zephon	1
Zerahix	2
Zerahiyax	5
Zeraw	1
Zerax	23
Zeredax	2
Zererax	1
Zeriet	6
Zeriet-shaha	1
Zerix	1
Zerua	1
Zerubabelax	24
Zeruya	25
Zeta	1
Zetam	2
Zetan	1
Ziawrax	1
Zibawrax	2
Zibax	17
Zibeon	7
Zibia	1
Zibiyax	2
Zibo-im	1
Zidim	1
Zigalak	1
Zigalax	1
Ziha	2
Zikalat	13
Zikharix	13
Zilapa	2
Zilapax	4
Zilax	4
Ziletie	2
Zimaran	1
Zimarix	12
Zimma	5
Zimrix	3
Zin	8
Zina	2
Zinax	1
Zion	164
Zipalax	2
Zipawrax	1
Zipha	13
Ziphaha	1
Zipharon	1
Ziphaw	6
Ziphax	1
Ziphion	1
Ziza	3
Zizax	1
Zoan	2
Zobelax	1
Zoha	1
Zokharix	1
Zopha	3
Zophax	4
Zophie	2
Zophim	1
Zora	1
Zoratix	1
Zorax	3
Zorix	1
Zu-ax	1
Zuah	2
Zupha	2
Zurax	8
Zurelax	1
Zurishadie	5
Zusa	2
Zuzen	1
ag	1
ah	9059
aha	2
ai	1
aik	9
aing	21
ak	97
akhuang	11
akhwang	87
aliah	625
aliax	1
alo	180
am	113
amomum	1
an	10363
ang	12959
ankiex	21
ankix	640
antikhrit	5
ao	49
aoh	7
aox	1
ap	335
appong	232
ara	39
araphax	1
asarix	1
atixgliah	84
aux	9426
aw	224
awga	1
awm	4694
awn	403
awng	3
awnju	1
awp	3
awt	37
awx	277
ax	47
ba	40
bah	25
bai	5
baig	14
baik	1
bak	61
balax	2
ban	2
bang	439
banglia	1
baoh	407
baox	1474
bat	7
batan	1
bau	16
baung	1
baux	229
bawd	9
bawg	1565
bawgbe	2
bawh	3
bawk	4
bawng	25
bawt	1
bax	187
be	3
bee	462
beeh	142
beei	2
beem	3
been	513
beenli	552
beu	3
beue	3
beuh	3
bhang	12
bhaung	227
bhaw	5
bhawm	66
bhawng	291
bheeik	8
bheep	1
bheet	4
bheup	15
bhieh	5
bhok	4
bi	4
bia	3
biak	2
biang	99
bied	10
bieh	3
bih	22
biiet	40
bin	1
bing	20
bix	102
bla	3
blah	616
blai	4
blaig	2
blak	22
blang	10
blaong	44
blaox	6
blat	2
blauh	1
blaung	1
blawg	16
blawm	2
blawn	3
blawng	9
blax	5
ble	11
blee	1
bleeh	383
bleet	51
bleh	1
bleue	1
blex	2
blha	2
blhiien	1
bliah	12
bliex	1
blin	4
bloh	1
bloi	1
blok	5
blon	51
bluh	39
blung	20
bo	70
boe	2
boek	11
boh	42
boi	7
bra	1
brah	1
brai	343
braix	1
brak	1
brang	1
braok	1
braong	2
braux	56
braw	1
brawh	1
brawk	41
brawm	24
brax	16
bre	13
breeh	1
breeing	1
breeng	7
breuk	1
brex	19
briah	6
brie	99
briem	4
briet	1
briex	127
broe	1
brug	147
bruk	3
brum	4
brung	364
bu	1
bua	39
buan	2
bug	2
buk	5
bun	1608
bung	70
bungka	2
bungkhankix	3
bunk	1
bunkrih	53
but	8
bwa	1
bwan	2083
bwanson	1155
bya	2
byang	4
byaong	16
ca	949
cad	6
cag	47
cah	2
cai	114
caig	448
caihung	3
caik	7
caing	40
cak	92
cam	2
camaox	116
can	1122
cang	46
cangmai	7
cao	4920
caocao	71
caomaox	3
caomi	5
caong	634
caox	1119
cap	10
carang	119
cat	10
cau	180
caung	11
caux	551
caw	528
cawh	1
cawk	38
cawn	3
cawng	22
cawt	1
cawx	1
cax	4
ce	120
ced	4
cee	113
ceed	9
ceeix	177
ceem	9
ceeng	1
ceep	722
ceet	4
ceh	11
ceng	35
ceu	8629
ceucad	1
ceucao	38
ceuceu	83
ceuk	60
ceukau	5
ceun	2
cha	112
chang	1
chao	1
chaong	17
chawh	11
chawk	520
chax	19
chee	59
cheeik	23
cheep	1
cheng	95
cheu	86
cheuk	76
cheung	7
chiang	19
chien	1
chix	2014
choek	76
choeng	1
chu	8
chuh	37
chuik	1
chun	20
chung	1
chup	18
ci	11
cia	6
ciag	1
ciah	2
ciak	54
ciang	57
cib	1
cie	1283
cieang	1
cied	9
cieh	4
ciem	5
cien	125
ciex	49
cih	2
ciied	26
ciiem	1
ciien	16
ciiet	3
cim	21
ciyang	287
co	7
coca	67
cod	77
coh	237
coi	23
com	10
con	16
cong	491
cot	7
cox	327
cu	346
cuang	2
cuat	1
cub	1720
cubcom	108
cuca	1
cuci	10
cud	57
cue	4
cum	76
cun	20
cung	570
cup	3
cux	58
cuyi	277
da	7
dah	360
dahdah	6
dai	3
daing	3
daix	171
dak	115
dalit	4
dam	1
dang	165
dangkag	2
dangngeung	54
dao	20
daog	135
daoh	3
daok	2
daong	28
daox	411
dau	23
daug	1
dauk	1
daux	15108
daw	3
dawb	13
dawd	288
dawg	96
dawh	1
dawk	3
dawm	224
dawn	10
dawng	19
dawt	5
dax	5
de	1
dee	4722
deeeh	1
deeh	4202
deeing	1
deek	4
deen	4
denari	15
deng	226
deud	5
deug	1
deuh	2194
deuhawm	1
deuk	429
deux	8
dex	1140
dexdawt	1
dha	15
dhah	95
dheem	65
dheen	3
dhiiet	1
dhua	14
di	33
dia	5
diag	62
diang	322
didix	28
die	34
dieang	2
dieb	15
dieh	55
diem	2
diep	1
diex	26
dig	110
dih	1
diiep	2
dik	1
dim	92
ding	242
dix	86
dixdix	1
dod	17
doe	103
doeh	901
doh	653
dohdoe	1
dom	307
don	8
dong	40
dongre	7
du	77
duad	1
dub	1
dud	94
dug	90
dugdig	3
dugngai	3
duh	1
dui	2
duing	7
duk	3
dum	8
dung	75
dut	1
dux	3
e	4
e-kax	1
eei	88
eek	2
eem	3
een	244
eet	2
enn	1
epha	14
eue	2102
eug	1
euk	9
ex	2934
fa	4
fah	78
faik	216
fak	5
fang	1
feen	285
feuk	22
fi	9
fiien	2
fit	40
fua	22
gah	205
gai	4
gaid	1
gaih	1
gaing	13
gaix	7
gam	2
gan	7
gang	40
gaoh	3
gaong	13
gaox	75
gap	2
gau	724
gaux	896
gauxrhi	2
gaw	23
gawg	1
gawk	1
gawn	19
gawng	991
gawp	10
gawpharax	1
gawx	3
gee	2
geeing	2
geh	37
geu	380
gha	19
ghah	1
ghaix	6
ghaok	34
gheuh	1
ghin	16
ghlat	20
ghlawng	1
ghoeng	3
ghoik	73
ghoing	58
ghoit	3
ghok	14
ghot	1
ghrang	3
gi	21
giang	3
gie	6
gieang	5
gieb	6
gieg	1
gieh	1
gien	23
giep	2
giex	2027
giieb	3
giien	65
gip	17
giragashix	1
gix	78
gla	4
glah	86
glaik	12
glang	192
glangka	2
glaoh	18
glaox	30
glaw	92
glawd	80
glawh	11
glawk	59
glawm	205
glawt	3
gleeh	1
gleeing	758
gleem	1
gleuh	10
glhaok	2
glhaong	4
glhat	14
glhawk	1
glhua	4
gliah	2
glien	2
glip	59
gluah	1
glung	1
glup	8
goe	7
goh	248
going	182
gok	4
gox	496
grah	10
grai	328
graig	22
graik	5
graix	2
grang	579
grao	2
graoh	33
graox	19
grau	2
graung	588
grawh	643
grawm	133
grawng	4228
greed	85
greeh	2
greeid	3
greeih	1
greeik	14
greeing	8
greem	498
greeng	2
greung	29
grham	96
grhaoh	1
grhawm	4
grheeng	17
grheu	252
grheuh	2
grheung	61
grhiem	3
grhip	6
grhuah	2
grhup	77
griah	20
griang	9
grieh	1
grix	54
groh	1
groi	139
groik	1
groing	8
grok	21
gru	8
gruh	22
grum	392
grup	47
grux	127
gu	3
gua	5
guah	1
guang	2
guh	241
gum	76
gumlo	1
gumlox	1215
gun	112
gup	132
gut	27
gwang	53
gweh	1
gwieh	317
gwiex	81
ha	146
hah	1
haha	5
haih	1
haik	2
haing	15
haisop	1
hak	337
hakiex	3
haktex	2
haktiex	4784
han	1
hang	1
hankix	4
hao	14
haoh	303
haok	611
haox	1
hatiex	5
hau	31
hauk	216
haw	179
hawh	3
hawng	1
hawt	1948
hax	100
he	6
heeik	9
heeit	2
heem	50
heng	10
heu	3
heue	24668
heues	1
hia	68
hiah	2
hieh	31
hiex	4
hing	7
hit	33
hoe	8
hoek	6459
hoh	1
hoi	1
hoik	16772
hoit	7
hoix	1
hok	5
hot	267
hu	5703
huan	32
huing	2
hun	882
hung	4
hwan	143
i	2
ia	23
iak	660
iang	2
ieak	2
ih	1515
iien	1
iiep	1
im	1067
imkrim	2
in	4049
ing	600
inkiex	1
inkix	478
irax	3
it	456
ix	1
ja	2
jah	695
jai	49
jak	1
jalao	1
jalo	1
jaloh	11
jang	6
jao	582
jaok	1
jaong	140
jaox	2
jauh	56
jaux	1
jaw	7
jawg	50
jawh	27
jawk	62
jawm	54
jawn	5
jawx	9
jee	56
jeeh	34
jeep	18
jeung	22
jhah	1
jhai	697
jhak	983
jhan	128
jhang	1
jhaok	1
jhaong	1
jhaox	1
jhaw	471
jhawk	31
jhawm	568
jhawng	1
jhawp	37
jhax	227
jheeh	446
jheeing	1
jheeng	4
jheep	3
jheet	2
jheuh	1
jheung	629
jhi	539
jhie	34
jhoi	4
jhok	1
jhong	56
jhung	9
jhup	99
ji	2
jiah	8
jiak	7
jiang	116
jieh	6
jiem	3
jiet	98
jih	7
jiieh	1
jiiem	1
jiiep	1
jiiet	1
jim	17
jo	3
joeng	47
joh	33
joi	1
ju	2826
jubili	16
jud	62
jum	100
jun	231
jung	111
jup	11
jut	1
jux	3
ka	47948
kab	47
kag	1
kah	819
kai	3
kaig	313
kaik	1
kaing	4184
kak	134
kakaong	48
kala	15
kala-uk	50
kalu	1
kalux	1
kam	14
kaman	1
kan	10
kanan	1
kang	23
kangkaw	1
kanglux	2
kankix	4
kao	700
kaog	35
kaoh	1056
kaok	2
kaong	86
kaongaix	1
kaotix	2
kaox	8
kap	42
kapaox	17
kaplak	1
kat	76
katsai	1
kaung	241
kaux	6978
kaw	574
kawb	38
kawg	52
kawk	242
kawm	29
kawn	7299
kawncau	1308
kawng	46
kawnngie	3
kawp	4
kawrax	10
kawt	2
kawx	3268
kawxkawx	1
kax	74
ke	8
keda	1
keed	9
keeh	3
keei	79
keeid	1
keeig	27
keeing	1354
keem	4
keen	20
keh	488
keu	25
keud	1396
keuh	1
keukanglux	8
keukie	12
keun	10
keung	110
keut	58
kha	599
khaig	3
khaing	7562
khainng	5
khaix	1633
khakix	9
kham	888
khan	113
khang	6
khanix	4
khankheu	2
khanki	2
khankiex	25
khankix	15344
khao	8
khaoh	1
khaomun	3
khaox	1297
kharawm	2
khaw	1306
khawm	1732
khawmrhawm	1
khawmuik	3503
khawn	294
khawng	36
khawngbrie	1
khawp	5
khawt	1
khawx	1
kheem	256
kheet	4
khen	1
khet	11
kheu	6687
kheue	14
khex	84
khi	325
khien	5
khiep	5
khiex	1
khiien	7
khiiet	1
khik	21
khimax	1
khin	83
khinkix	4
khisalux	1
khix	432
khlaik	5
khlaix	2
khlao	50
khlap	1
khlawp	141
khlax	11
khleeing	3
khleep	3
khlek	2
khliak	1
khlieb	1
khliep	5
khluik	2
khluk	7
khlut	4
kho	13
khoek	84
khoi	29
khon	6
khop	1
khrai	223
khraix	1
khran	27
khraox	221
khrap	2
khraung	3
khrawh	1
khrawm	621
khrawng	24
khrawt	2
khrawx	1
khre	285
khreeing	2
khrek	1
khreng	1
khrex	5
khri	695
khrieh	8
khrien	1
khroing	2
khrom	1
khru	3
khruah	9
khrum	13
khrup	48
khu	464
khuah	1
khuan	103
khui	45
khut	5
khwan	183
khwang	6
khwi	28
khyox	290
ki	11
kia	135
kiah	16
kiang	15
kid	94
kie	61
kied	1708
kieg	1
kieh	5319
kien	27
kienie	37
kiep	32
kiex	759
kih	39
kiied	70
kiien	92
kiiep	9
kila	4
kin	182
kip	4
kix	13741
kixpa	1
kla	53
klab	1
klad	11
klah	22
klai	150
klaik	1
klaing	14
klang	61
klao	72
klaoh	1
klaox	5
klat	8
klaung	60
klawd	78
klawh	2
klawk	5
klawm	131
klawn	49
klawng	608
klawnng	2
klawt	1
kle	5
kleeg	1
kleeig	2
kleen	1
kleh	1
kleuh	2
kleuk	63
klia	3
klieb	3
klieh	18
klien	8
klih	2
kliien	13
kling	5
klip	195
klo	1
kloed	1
kloeg	1
kloek	2
kloh	5
kloi	2
klon	23
klong	82
klop	1
klox	2
klu	18
klud	3
kluik	3
kluing	48
kluklao	5
klung	3
klup	42
ko	1
koe	9884
koek	25
koeng	683
koh	77
koi	89
koik	3
kok	1182
kong	5
kox	56
kra	6
krai	2236
kraig	1
kraing	15
kraix	213
kram	8
krang	1
krao	58
kraoh	1
kraox	8
krat	1
kraug	1
kraung	1527
krawk	15
krawng	3
krawx	20
krax	8907
kre	27
kreeb	3
kreed	2
kreei	1
kreem	1
kreh	11
kreng	4
kreuk	1
krhax	1
krhip	1
krid	24
krie	1
kried	1
kriem	28
krih	75
krim	24
krit	1
krix	41
kroh	158
kroik	1
kroing	11
krong	11
krox	193
kru	538
krub	463
kruk	2
krung	1
krup	61
ku	1282
kuad	204
kuah	67
kuan	3
kuang	2
kuat	8
kub	86
kuceu	443
kudah	115
kudaog	1
kudauh	9
kudee	36
kug	8
kugum	1
kuh	7
kui	2
kuk	2
kukak	3
kukaux	1
kuklao	1
kum	257
kumix	1
kumpa	1
kumu	2
kun	2
kung	10
kupaox	1
kut	7
kuwah	1
kwa	161
kwad	49
kwah	10
kwan	1
kwang	910
kwat	16
la	189
lag	10
lah	70
lai	4451
laig	1218
laik	1
lailing	122
lailoh	1
laing	13
laix	6
lak	104
laklheet	2
laklheut	4
laklo	1
lama	2
lan	13
lang	345
langhai	1
lao	18
laoh	46
laong	174
lat	45
lau	2
laug	324
lauh	2
laung	328
launglaung	2
laux	1951
lauxrhi	6
lauxsimiang	10
law	35
lawban	5
lawd	43
lawg	457
lawga	5
lawgheue	2
lawh	34
lawk	38
lawkleh	1
lawktuh	1
lawlawx	14
lawm	366
lawmle	5
lawng	135
lawpan	3
lawt	4
lawx	232
lawxlawx	2
lax	8
le	6
lee	161
leed	2
leeing	1812
leem	7
leet	2
leh	6
leng	3
lengju	8
leu	5
leue	30
leut	1
lha	11
lhak	134
lhang	126
lhaok	2
lhaong	995
lhaongheue	4
lhaongka	3
lhaongmai	3
lhaox	1
lhat	903
lhauk	19
lhaw	2
lhawk	46
lhax	76
lheet	26
lhek	1
lhen	333
lheng	1
lheu	888
lheung	87
lheut	11
lhia	3
lhiag	2
lhiak	8
lhiang	4
lhiem	38
lhien	17
lhiex	139
lhiiem	4
lhong	1
lhop	42
lhox	4
li	988
lia	43
liag	128
liah	276
liak	1025
liang	251
libana	1
lie	2247
lieah	1
liean	1
lied	14
lieh	17
liem	2
liemai	1
lien	61
liep	17
lig	25
lih	4226
liied	5
liiem	12
liien	6
liiep	2
lik	1
ling	260
lip	2
liplu	1
liu	1
lo	132
loe	788
loek	10
loh	169
loi	10
loig	63
loik	1
lok	5
lon	186
long	21
lonmau	3
lox	4928
lu	40
lua	67
luad	67
luah	55
luan	625
luat	10
lud	950
lug	9
luk	10
luklaig	1
lukle	1
lukliak	7
luklin	1
lulax	9
lulie	3
lulieh	5
lum	4
lung	240
lunglang	1
lut	6
lux	21
lwan	1
ma	979
mag	17
magmi	66
mah	1
mai	37290
maik	1
maing	6
maix	8694
makkheu	4
makman	1
man	797
mannax	14
mao	88
maong	63
maox	280
map	90
mat	94
mau	751
maung	18
maux	14
maw	30
mawh	21195
mawie	480
mawk	6
mawnarhok	14
mawng	1
mawt	2
mawx	2227
max	48
mee	257
meed	29
meeh	37
meeig	2
meeik	3
meet	47
meh	325
meu	5
meue	2
meug	10
meung	1783
mex	212
mhai	558
mhaik	40
mhaing	537
mhaong	1
mhat	15
mhaw	22
mhawm	1928
mhawn	4
mheem	25
mheen	257
mhiem	28
mhok	93
mhong	1161
mi	114
mia	3
miag	4
miah	2
miang	7
mie	70
mien	10
miep	2
miex	627
miexmai	90
miiet	8
min	915
mina	1
minax	3
mip	1
mo	1
moe	24
moeg	4
moeng	640
moh	812
moi	194
moik	1
moing	58
mok	1
mox	314
mu	1615
muad	28
muan	1
mug	39
muik	1
mukheu	673
muma	1
mumi	1
mun	24
mung	1
muran	4
mya	2
myia	6
myiet	1
nab	100
nabat	1
nabyam	4
nah	5
nai	130
naih	11
naing	1802
naknon	6
nam	10
nambad	5
nameug	1
nan	5798
nang	38
naog	821
naok	122
naox	29
nari	79
naw	10
nawb	263
nawh	15686
nawk	6
nawm	6
nawn	2
nawnaw	37
nawng	1
nawp	1
nawt	1
ne	56
neem	2
neh	65
neraw	1
neuex	37
neung	33
nex	484
nga	14
ngah	7
ngai	1447
ngaig	2
ngaik	24
ngaing	3
ngaix	653
ngak	5
ngang	7
ngao	17
ngaox	1
ngau	15
ngaw	11
ngawb	25
ngawd	131
ngawg	93
ngawh	209
ngawm	461
ngawng	65
ngawp	1
ngawt	1
nge	21
ngeeit	4
ngeem	2
ngeuh	11
ngeung	154
ngha	2
nghaong	3
nghaox	1
nghaung	1
nghe	18
ngheeik	27
ngheet	33
ngheut	18
nghie	7
nghiet	924
nghiiet	1
nghim	6
nghoik	2
nghox	592
ngia	124
ngie	451
ngien	98
ngiex	3
ngiien	23
ngiiep	2
ngiiet	1
ngim	1
ngip	1
ngo	2
ngoh	1
ngoi	8
ngoig	1
ngot	13
ngox	6
ngreuh	1
ngreung	1
ngu	843
ngua	1
ngud	1
ngum	1
nham	651
nhang	2
nhao	1
nhaox	12
nhawng	73
nhawt	22
nhia	1
nhie	131
nhieh	5
nhik	2
nhim	375
nhu	70
nhum	1
niak	1
nie	1614
nieag	1
nieb	275
nied	219
nieh	50
nien	5
niet	2
niex	23
nih	33
niieb	1
niied	27
niiep	5
nin	7197
nisan	2
noag	3
noi	9
nok	3
nom	8
nong	345
nox	1
nu	102
nuk	11
num	1245
numsu	1
nunai	54
nux	1
nya	1
nyah	1
nyaing	59
nyak	1
nyang	575
nyao	13
nyaox	49
nyap	9
nyat	9
nyau	5
nyaux	597
nyaw	143
nyawk	4
nyawm	750
nyawng	145
nye	31
nyee	3
nyeeig	2
nyeep	77
nyeu	115
nyex	4
nyhap	18
nyhau	33
nyhawk	6
nyhawm	16
nyhee	19
nyheen	8
nyheu	2
nyheun	1
nyhot	15
nyhup	2
nyi	1
nyia	7
nyiah	58
nyiem	2
nyiex	3923
nyo	130
nyoeg	2
nyoek	1
nyoi	125
nyoig	7
nyoik	1
nyu	6
nyum	91
nyux	9
o	27
oh	4
oi	2
om	54
ophirax	1
ot	4264
ox	46
oxmex	1
pa	47761
pad	1
pah	912
pai	56
paiawm	156
paig	5
paing	120
pak	159
pakbaox	3
paklawg	2
pakngai	589
pakpeung	140
pan	115
pang	276
panmau	6
pao	187
paog	2
paoh	130
paong	2
paox	1571
pasax	117
pat	181
patix	455
pau	454
pauh	1
paung	52
paux	2
pavhit	1
paw	881
pawd	13
pawh	1
pawie	327
pawk	783
pawng	3
pawt	6
pax	128
peeb	1
peeh	24
peei	3
peeik	80
peem	4
peeng	3
peh	2
pet	1
peue	15
peuex	33
peung	105
peux	2
pex	7757
pha	13
phah	7
phai	81
phaiphai	14
phak	16
phan	1655
phao	216
phaox	1
phat	87
phaw	4
phawk	1
phawng	382
pheem	14
pheen	200
pheet	80
phektem	4
pheu	1
pheue	1
pheuex	1
pheuk	4
pheung	3
pheux	1
phex	10
phi	60
phia	61
phicaig	3
phicaox	110
phighram	23
phima	1
phimap	1405
phin	3
phing	1
phit	56
phix	14
phlap	1
phlat	27
phliah	2
phliex	34
phlu	191
phoek	2
phoh	7
phoi	1
phon	17
phrat	3
phreeh	2
phrit	3
phroik	4
phruah	47
phruat	5
phruk	2
phrut	1
phuh	2
phuk	222
phung	84
phux	1
phwan	459
phya	2
phyaok	1
phyawk	159
pi	59
piak	42
piakvan	7
piang	5147
piangnya	2
piawm	91
pid	9
pie	704
pieak	1
pied	5
pieh	22
piet	2
pietla	1
pih	14
piien	4
pin	4
ping	21
pingnga	2
pingnya	571
pingnyap	172
pingyap	1
pinyap	2
pit	1
plab	4
plah	191
plai	46
plaik	2
plak	4082
plakbo	40
plakngai	409
plang	37
plaok	2
plaung	7
plaux	17
plawg	151
plawh	7
plawng	120
plee	3
pleeng	3
pleue	10
pleung	2
plia	3
pliag	8
pliah	98
pliak	16
plie	6
plieh	1
pliex	35
plih	29
plix	1081
ploh	8
ploi	1339
plok	1
plu	8
plua	1
pluat	375
plud	143
pluk	30
plukplak	2
po	31
poe	4
poh	4
pom	1
pompox	1
pon	4807
ponbo	67
pong	39
pongaix	1
ponngaix	42
ponngawb	203
ponngawp	3
ponsawm	136
pot	343
prah	215
prai	5
praix	1510
prang	139
prangti	3
prangtix	2
praok	392
prauk	21
praux	1
praw	1
prawng	851
prawp	10
pre	91
preeh	24
preeik	3
preeit	1
preem	42
preeng	48
preet	44
preng	103
preu	3
preue	13
preung	6
prie	10
priem	26
priex	862
prim	82
proe	42
proh	5
proing	1
pruat	1
pruh	64
pruik	99
prung	138
prux	15
pu	52
pua	28
puag	1
puah	3
puak	1
puan	6
puat	11
pub	49
pug	11
puh	1
pui	19679
puing	567
puk	28
puke	1
pukpak	22
pukplak	4
pukpliak	1
pum	76
pung	15
pupi	7
pupie	1
pura	3
purim	5
pux	224
puxaik	539
puxke	152
puxo	6
ra	1493
rah	32
rahsee	1217
rai	10
raig	89
rairuat	18
rak	2
ralai	4
ran	1
rang	188
rangdi	77
rao	740
raog	9
raoh	190
raoma	1051
raongu	2
raox	1
ratan	1
rau	81
raug	72
rauh	3
rauk	6
raux	177
raw	42
rawb	97
rawd	85
rawg	553
rawm	2832
rawn	10
rawng	12
rawp	1
rawt	48
rax	1
re	25
reeig	36
reeing	1
reek	1
reem	24
reen	2
reeng	2
reng	2
reu	255
reuh	1
reung	3
rha	23
rham	15
rhang	64
rhao	10
rhauk	3
rhaw	9
rhawm	7293
rhawmrhi	2
rhawrn	3
rhawt	12
rhax	296
rheem	1
rheeng	10
rheep	7
rheng	409
rheung	153
rhi	446
rhiem	160
rhiex	1
rhiiem	1
rhim	390
rhip	19
rhix	35
rhoi	46
rhuad	1
rhuat	101
rhwm	11
riad	1
riag	192
riah	154
riak	1
riang	2024
rib	125
rid	1
rie	2
rieb	434
rieh	5
riem	75
rien	320
riep	1
riex	135
rih	1
riiem	1
riien	1
rim	85
ring	16
rob	57
roeng	10
roi	11
roik	15
roing	7
rom	122
rong	231
rop	1
ru	713
ruad	2
ruat	29
rub	56
rud	27
rug	312
ruh	74
ruk	69
rum	4
rung	121
rup	30
rurie	1
rux	1
s	3
sa	5
sabak-tanix	2
sag	2
sah	14
sai	36
saik	110
saix	2
sak	109
sakse	118
salao	174
salon	2
samaox	1
san	1
sanax	1
sang	6266
sangphaw	1
sangsi	158
sanlon	4
sanlum	1
sanlun	24
saoh	4
saphan	1
sara	24
sat	14
satan	18
satang	36
satix	132
sau	610
saux	686
saw	15
sawg	566
sawk	309
sawm	325
sawn	177
sawng	10
sawt	1
sax	540
saxso	2
se	7
see	442
seeb	1
seeh	2
seeing	548
seeng	1
seep	2
seh	170
sen	2
sex	22
shahan	1
shao	2
shekhe	120
shia	53
shiag	14
shiah	4
shiang	71
shiao	224
shieao	2
shiep	1
shiiet	1
si	85
si-ang	123
si-um	4
si-un	3
sia	19
siag	5
siah	6
siang	158
siaoh	6
siaox	21
siawb	2
siawp	52
sibawk	37
sibawm	1
sibax	12
sibeet	3
sibex	186
sibhawm	251
sibiak	5
sibieh	13
siblat	2
sibloe	7
sibluat	2
sibrawm	595
sibriak	3
sibriem	69
sibriiem	1
sibroe	3
sibrok	1
sibun	26
sidah	580
sidaing	31
sidap	5
sidauh	9
sidaux	50
sidawm	5
sidawng	220
sidax	38
sideed	2
sideeing	87
sideet	3
sidhiiet	1
sidieb	5
sidien	11
sidiex	580
sidiiet	1
sidim	5
sido	50
sidoe	1
sidu	100
siduad	62
siduat	1
sidub	39
sieang	1
sied	5
sieet	1
sieh	39
sien	55
siep	5
sigaig	4
sigaix	2
sigang	62
sigaw	1
sigawng	4
sighap	1
sigheet	1
sighiep	1
sighlu	1
sighrah	1
sigiag	1
sigiang	1
sigiep	1
sigiiep	8
siging	1
siglai	6
siglaing	5
sigleeig	4
sigleem	50
siglu	1
sigluang	1
sigoih	1
sigra	385
sigrah	4
sigre	58
sigren	2
sigreung	209
sigrhah	28
sigrhang	3
sigrhax	1
sigrheu	1
sigrien	60
sigrit	386
sigrub	1
sigu	6
sigup	1
sigwiex	2
siie	1
siien	1
siiet	528
sija	2
sijaox	25
sijax	846
sijeeng	2
sijeung	2
sijheeng	31
sijheung	7
sijieh	1
sijung	16
sikag	1
sikah	587
sikaox	2
sikaux	46
sikaw	3
sikax	4
sikeeing	2
sikhap	1
sikhawp	22
sikhiep	5
sikhox	2
siki	3
sikied	3
sikiied	7
sikix	1
sikleeing	1
sikrawng	1
sikrub	1
sikua	20
sikun	2
silah	13
silaing	1
silak	4
silao	11
sile	3
sileed	7
sileet	1
siliak	11
siliex	426
sim	169
simah	90
simam	2
siman	2
simang	15
simaox	589
simau	1
simawd	15
simawg	5
sime	3
simeed	28
simeeig	167
simeeik	1
simeem	1
simeue	1
simex	3163
simi	41
simiang	3527
simie	411
simiex	10
simin	209
simu	1
simuing	79
sin	134
sinaw	25
sinax	968
sinbwan	1
singai	405
singaix	2475
singang	4
singao	4
singaong	6
singax	1527
singe	2
singeh	745
singeuh	11
singi	6
singie	5
singiet	1
singiien	30
singip	3
singoe	2
siniag	14
sinie	114
sinied	2
sinieh	1
sinngao	486
sinum	273
sinyek	27
sioe	116
sioh	1
sipaox	23
sipaung	166
sipawb	1
sipawg	89
sipawk	4
sipeed	6
sipeem	224
sipeen	1
sipiag	18
sipiak	1
sipie	41
sipieag	2
sipub	43
sipup	4
sire	2
sitaing	1
sitang	1
sitoe	37
situ	2
situah	1
siu	16
siuing	74
sium	38
siva	4
sivai	159
sivaig	1
sivan	1
sivaoh	2
sivawg	15
sivawng	4
siveng	15
siveo	2
sivex	2
siviang	5
sivie	33
sivied	115
sivieh	1
siviet	2
siviex	788
siviien	2
siviiet	1
sivik	2
sivit	24
sivix	20
sivoe	2258
sivoeg	3
sivoek	1
sivu	2
sivuan	1
sivuat	3
sivun	11
siya	5
siyak	11
siyang	5
siyaoh	4
siyaung	54
siyawng	28
siyieb	53
siyied	1
siyiep	2
siyiet	1
siyiex	403
siyiied	3
siyox	64
siyuh	2
smex	2
so	101
soh	2
soi	102
sok	35
soklax	14
som	153
somaox	2
son	4719
song	867
songrhi	14
songrhwm	2
sonsang	3243
sox	68
soxla	4
su	5
suah	4
suat	23
sug	1
suk	4
suksag	2
suksiep	2
sum	662
sumpalum	1
sung	28
sup	3
supsiep	2
susai	97
susaix	95
susi	2
susiah	1
susie	1
sut	26
sux	3
swah	3
t	5
tab	206
tah	198
tai	108
taig	2
taih	4
taik	6
taing	192
taix	1965
tak	12359
takteue	4
talantan	58
talatan	3
tam	1
tamtim	10
tan	3266
tang	1597
tao	3
taoh	916
taong	49
taox	54
tap	38
tareei	2
tat	399
tau	2869
taug	91
tauh	4
tauk	12
taung	11
taux	55
tauxhaw	1
tauxka	1
tauxmo	1
taw	12
tawb	102
tawg	28
tawh	1
tawk	152
tawm	1380
tawng	2361
tawp	5
tawx	3455
tax	81
te	69
tee	39
teed	11
teeg	1
teeh	144
teei	2602
teeih	75
teek	3
teem	307
teen	6
teet	20
teettawng	128
teh	6
teih	2
telai	2
ten	53
tete	470
teue	33
teug	167
teuk	25
teung	62
thah	2
thai	49
thaih	1
thaix	14
tham	1
thang	6
that	4
thaw	1
thawk	4
thawng	128
theen	6
theet	1
thi	17
thiang	214
thiao	7
thie	16
thieang	1
thieh	2
thiem	2
thien	5
thiien	5
thip	1
thong	136
thox	40
thui	5
thung	72
thut	2
thux	5
ti	11925
tia	18
tiag	572
tiagtu	134
tiah	64
tiak	1
tiang	216
tiao	1
tibawg	4
tiblah	172
ticie	1
ticu	30
tid	7
tidah	15
tidaix	8
tidauh	1
tideeh	1
tidom	5
tidtix	185
tidum	4
tie	390
tieb	70
tiebtie	176
tieh	496
tiem	193
tien	18
tiep	2
tiet	1
tiex	688
tiextu	284
tiextug	1
tigliah	24
tih	3
tiied	3
tiiem	569
tiien	9
tik	1225
tikaux	3
tim	1
tin	252
ting	3004
tingaix	4
tingmap	2
tip	2
tiru	37
tit	2
titeei	3
titik	6
tittix	3
tivud	66
tix	18805
tixdah	4
tixdaix	18
tixdim	22
tixgliah	39
tixgoe	11
tixmu	2
tixnga	259
tixngaix	4
tixngoe	153
tixphwan	142
tixpon	134
tixrheng	2
tixyieh	20
tiyieh	14
tiyuh	5
to	590
tobiet	1
tobrie	141
toe	36
toeh	17
toek	30
toh	89
toi	196
toing	2
tok	70
tokaux	1468
tokoi	1
tom	3084
toma	1
ton	38
tong	83
totaix	150
tothai	1
totiag	340
totu	2
tu	60
tua	280
tuat	3
tub	5
tud	182
tug	34
tuh	25
tuhsah	2
tuk	64
tukiak	1
tukte	36
tuktiak	128
tuktiaktukte	39
tuktieak	4
tum	40
tung	5
tup	1
tut	13
tutiex	2
tux	37
twa	7
twah	324
u	5
uah	14
uik	181
uk	22
um	5
un	4
ung	5
ux	13
va	28
vad	12
vah	8
vai	60
vaid	75
vaig	523
vaik	15
vak	2
vampo	2
van	44
vang	30
vao	321
vaoh	4
vaw	5
vawd	2
vawg	112
vawk	44
vawng	1
ve	4
veeh	385
veei	86
veet	1
veh	13
vek	1
veng	5597
venng	3
veux	1
vhaik	10
vhak	14
vhang	1
vhee	1
vhien	5
vhua	7
vi	94
via	71
viag	14
viah	1
viang	2027
vid	15
vie	37
vieang	2
vied	25
vieh	174
vien	29
viex	1860
vih	2
viied	50
viien	4
viiet	1
vit	1
voe	61
voeg	3
voi	24
vong	19
vu	15
vud	209
vudvied	3
vuh	18
vuhvied	4
vung	451
vut	2
vuvi	4
vuvie	8
vuvied	2
vuvix	2
vux	1
ya	31
yah	16
yaig	1
yaing	15
yam	4182
yang	59
yaog	1002
yaogyaw	480
yaoh	43
yaok	2
yaong	287
yaox	3961
yaung	10
yaux	1
yaw	237
yawg	213
yawm	11
yawn	7
yawt	1
yax	10
ye	1
yee	26
yeem	31
yeen	92
yeep	2
yeet	36
yeh	1
yeu	5
yeuh	35
yeung	104
yha	9
yhaok	188
yhawm	1
yhawn	1
yheuh	3
yhot	34
yi	76
yia	4
yiag	18
yiak	3
yiang	65
yib	5
yie	48
yieh	720
yiem	2
yien	5
yiex	71
yieyie	1
yih	1
yiiem	339
yiien	349
yip	5
yit	2
yix	991
yo	542
yoek	66
yoh	1
yoi	37
yot	1
yox	4
yu	15
yuh	9691
yuk	1
yum	2779
yung	1122
yungyi	64
yut	5
yux	4
yuye	1
	25
	23
	6939
	5793
