!	9
"	4140
'	381
(	79
(Ilimas	1
)	78
,	14994
-	1
.	13167
:	2453
;	91
?	934
A	1
AUarj	1
Abadun	1
Abe	1
Abe'	670
Aber	1
Abeʹ	7
Abia	3
Abiatar	1
Abihut	2
Abiline	1
Abir	1
Abun	1
Adamitium	1
Ade'	31
Adem	12
Aderia	1
Adet	266
Adi	1
Ading	6
Admin	1
Adrunikus	1
Agabus	2
Agahus	1
Ageripa	12
Agustus	2
Aha'	277
Ahaʹ	3
Ahe'	158
Aheʹ	2
Ainun	1
Ajau	1
Akaldama	1
Akas	2
Ake'	323
Akelaus	1
Akeʹ	1
Akikus	1
Akila	6
Akim	2
Akipus	1
Ala'	16
Alem	3
Aliksandar	7
Aliksandaria	3
Aliluya	4
Allah	2651
Alpa	3
Alpius	5
Alut	1
Amagidun	1
Amai	320
Ame'	72
Ameʹ	2
Amin	33
Aminadap	3
Ampang	12
Amudam	1
Amun	2
Amus	1
Ana	3
Anak	295
Ananias	15
Anas	3
Anderias	14
Antipas	1
Antipatis	1
Antiukia	23
Anun	1
Apaksat	1
Apan	4
Ape'	1
Apelis	1
Apia	1
Apipulis	1
Apius	1
Apliatus	1
Apuius	1
Apuliun	1
Apulunia	1
Apulus	11
Arap	3
Aretas	1
Arimatia	4
Aristakus	5
Arkipus	1
Arni	1
Artimas	1
Artimis	7
Arupagus	3
Asa	2
Asai	1
Asdut	1
Asia	21
Asin	3
Asinkitus	1
Asir	2
Astubulus	1
Asu	1
Asur	2
Asus	2
Atalia	1
Atek	133
Atep	1
Atina	6
Awa'	53
Awai	2
Aycn	1
Ayen	213
Ayeo	1
Ayo'	1
Ayup	1
Ba'an	2
Baal	1
Babe'	1
Babil	13
Bada'	35
Badaʹ	1
Bahat	2
Baka	11
Bala	3
Balak	1
Bali	70
Balsibul	7
Bampa	1
Ban	154
Bang	98
Bangen	50
Banget	3
Bar-Yesus	1
Bar-yesus	1
Barabas	13
Barak	1
Baran	1
Barnabas	43
Barsabas	2
Basa'	1
Bati	1
Batimius	1
Batis	24
Batu	7
Batulumius	4
Bawa	2
Bawa'	1
Bawang	1
Baya'	11
Belastus	1
Beleka'	31
Beli'au	5
Beliau	1
Bene'	3
Benyamin	4
Beria	6
Berikia	1
Berniki	3
Berua	284
Bete'	23
Betep	1
Betu'en	2
Bihe	2
Bilam	5
Bio'	201
Bior	1
Bioʹ	3
Bisau	4
Bit-pagi	3
Bit-saida	7
Bitani	14
Bitinia	1
Bitisda	1
Bitlahim	9
Biur	1
Bto'	1
Bu'as	1
Bu'in	1
Bua'	2
Buanigis	1
Buas	2
Buhc'	1
Buhe	1
Buhe'	124
Buheʹ	3
Buk	505
Buling	2
Buno'	4
Bunut	34
Bura	1
Buse'	3
Ca	106
Ca'	2
Cap	1
Cen	162
Ceng	3
Cenganak	11
Chen	1
Co'	1
Cuk	8
Da'am	1
Da'an	3
DaLau	1
Dado	1
Dado'	3
Dafem	1
Daha'	1
Dakeo	1
Dalau	451
Dalem	38
Dalmatia	1
Damanuta	1
Damaris	1
Damsik	17
Daniel	1
Dau	166
Daut	80
Dema	2
Demanai	1
Dena'	6
Denga	129
Derbe	5
Derusila	1
Deta'u	64
Di	95
Dia'	16
Dimas	3
Dimitrius	4
Dina	1
Dini	3
Dise'	1
Diutripis	1
Du'ai	2
Dua	2
Dui	1
Duktun	1
Dulu	33
Dumba	44
Duniba	1
Dunisius	1
Durat	1
Durkas	1
E	35
ESuhe'	1
Eai	1
Eerua	1
Eli	2
Eloi	2
Fkem	1
Fterua	1
Gadara	1
Gahata	1
Galatia	7
Galen	1
Galilia	78
Galio	3
Gamalil	3
Gasa	1
Gat	1
Gayeng	2
Gayus	5
Gebenur	13
Gelam	2
Gemura	1
Genesarit	2
Genganak	2
Gerasa	3
Gerika	33
Gesemani	2
Gibrail	2
Gidiun	1
Guk	1
Gulguta	3
Gumura	3
Guru	62
HAke'	1
Habil	5
Hagar	2
Hahil	1
Hanas	2
Haran	2
Harun	4
Hasli	1
Hasrun	1
Hawa	2
Heleka'	1
Hemuginis	1
Hermas	1
Hermis	2
Herudian	1
Herudias	7
Herudis	73
Herudiun	1
Hgit	1
Hha'	1
Hili	1
Himinius	2
Himur	1
Hirapulis	1
Hiskia	2
Hisrun	2
Hnget	1
Hsan	1
Hu	1
Husia	2
Hwai	1
I	1
Ia	159
Ia'	72
Iabo'	5
Iahang	1
Iaho	1
Iajap	1
Iaki	7
Ian	3
Iangit	3
Ianya	1
Iapa	3
Iare'	2
Iata'	1
Iawa	4
Iberani	13
Ibrahim	115
Ibulus	1
Ida	140
Idi	36
Ie	2
Iebang	3
Iema	1
Iema'	1
Iemaha'	1
Iemakan	1
Iemanya'	1
Iematai	1
Iemelen	1
Iemeta	1
Iemetep	1
Iemuto	2
Iemutu	1
Iepa	14
Iepe	1
Iesau	2
Ieto	7
Iiang	2
Iiba'	2
Iibut	2
Iigit	1
Iiwa	5
Iiwai	3
Ikem	131
Iko'	72
Iko'ia'	1
Ikoʹ	2
Ikunium	5
Ilam	1
Ilia	28
Iliakim	3
Iliasar	3
Ilimas	1
Ilirikum	1
Ilisa	1
Ilisabet	13
Iliut	2
Ilu	42
Imanuil	1
Imaus	3
Ina	309
Inan	2
Ini	111
Inias	3
InjiL	1
Injil	220
Inu	140
Inuia'	1
Inuk	4
Inus	1
Io'	1
Iodia	1
Ipapras	4
Ipapruditus	5
Ipata	1
Iperat	2
Ipesus	24
Ipikuri	1
Ipinitus	1
Ipraim	1
Ir	1
Irastus	2
Isai	5
Isak	20
Isakar	1
Isau	5
Isibil	1
Isiu	14
Iskariut	10
Israil	94
Israit	1
Italia	5
Itiupia	5
Ituria	1
Iubang	2
Iuten	2
Ja'at	35
Jaga'	17
Jaka	2
Jaka'	2
Jakan	1
Jaki	1
Jam	1
Jamberis	2
Janan	14
Janga	1
Janis	2
Jaʹat	1
Je	2
Jela'	2
Jelai	1
Jiga	1
Jinan	5
Jnu	1
Jum	2
Ka'	29
Kado'	86
Kadoʹ	1
Kain	4
Kaisar	34
Kaisaria	22
Kana	4
Kanaan	3
Kanan	10
Kandake	1
Kapadukia	2
Kapernaum	17
Kapus	1
Kaput	1
Kar	1
Kasdim	1
Kasip	1
Kata	1
Katuk	195
Kauda	1
Kaya	1
Kaya'	1
Kayapas	9
Ke	27
Ke'ristus	1
Kebaya'	3
Kecet	1
Kedalem	2
Kedau	1
Kedi'ut	5
Kedua	2
Keiui	1
Keiunan	1
Kelampit	1
Kelap	6
Kelayan	2
Kelema	1
Kelikia	1
Kelimin	1
Keline'	62
Kelineʹ	1
Kelo'	2
Keludia	1
Keludius	3
Kelunan	100
Kelupas	2
Kempau	1
Kempi	26
Kena	28
Kenahan	2
Kenai	52
Kenan	2
Kengkeria	2
Kenidus	1
Keniga	28
Keno	3
Kenstus	1
Kentau	6
Kenuen	16
Kenyarem	3
Kerahan	1
Keriskis	1
Kerisms	1
Kerispus	3
Keristin	7
Keristus	682
Keriti	8
Kerubin	1
Keta	1
Ketai	42
Ketal	1
Ketelu	1
Keto'	35
Ki'an	1
Kidi	7
Kidrun	1
Kiho'	8
Kilikia	7
Kimet	11
Kina	64
Kini	2
Kipas	1
Kirini	7
Kirinius	1
Kis	1
Kitap	215
Kius	1
Ko	1
Ko'	76
Koʹ	2
Ku'un	41
Kua	1
Kua'	20
Kuaa'	1
Kuatus	1
Kuaʹ	1
Kuda'	40
Kuko'	4
Kuli	2
Kuluse	1
Kumpin	142
Kun	693
Kuo	1
Kurak	1
Kurasim	2
Kurban	2
Kurintus	11
Kurnilius	15
Kus	1
Kusa	1
Kusam	1
La'	1
La'a	40
La'an	1
La'u	3
Laho	11
Laia	1
Laja	34
Laki	102
Lakt	1
Lamek	1
Lamut	4
Lan	131
Langit	1
Lapa	7
Lasan	2
Lasarus	23
Lasia	1
Laso'	1
Lata	2
Lata'	22
Lataʹ	2
Latin	1
Layen	1
Lcpa	1
Lema	4
Lemalai	1
Lemalo	1
Lemame'	10
Lematai	8
Lemejo	1
Lemeka	1
Lemeli	1
Lemika'	2
Lemuto	25
Lemuto-uto	1
Lemutu	4
Lencau	1
Lepa	284
Lepau	3
Lepek	1
Lepo'	20
Lesau	2
Leto	11
Liang	1
Libia	2
Libut	1
Lida	3
Lidia	3
Ligit	1
Likia	1
Likunia	2
Lingu	1
Linus	1
Lisanias	1
Lisias	4
Listera	6
Liwai	2
Liwi	22
Lu'ung	1
Ludikia	7
Luha'	18
Luis	1
Lukas	3
Lukius	2
Luneung	1
Lunto'	1
Lut	5
M	1
MLan	1
Ma'at	1
Mabe'	1
Madalina	12
Mading	1
Madung	9
Magadan	1
Maget	2
Maguk	1
Mahan	3
Mahat	1
Mahe'	1
Mahing	1
Maho'	1
Mahung	2
Majan	17
Majau	1
Makang	1
Makedunia	26
Makisidik	13
Mala'	9
Malai	2
Malalil	1
Malan	4
Malap	3
Maleki	2
Malekus	1
Malia	1
Malta	1
Man	45
Mana	1
Manan	4
Manase	3
Manasun	1
Maranata	1
Mariam	79
Markus	10
Marta	18
Marung	1
Mas	1
Masa'	41
Masir	36
Masmur	7
Mata	4
Matai	5
Matan	2
Matat	1
Matata	1
Matatia	2
Matias	2
Matius	7
Matu	1
Mayo	2
Mayur	1
Me	9
Meba	1
Mecuk	1
Media	1
Meein	1
Mego'	2
Mejo	3
Meka	1
Mela	1
Melai	3
Mele	26
Melikat	7
Mempam	4
Menahem	1
Mencam	7
Mencat	1
Menco	4
Meneit	1
Menga'	1
Mengin	2
Mentam	2
Menting	4
Mentung	30
Mepit	1
Mepo	1
Mesau	2
Mese'	2
Mesias	2
Mesik	2
Mesuputami	2
Mete'	1
Meto	1
Meto'	1
Metusalah	1
Mi'a	7
Mi'i	1
Miat	6
Miba	1
Mida	1
Midan	15
Midian	1
Mihau	1
Mikal	3
Mile	1
Militus	4
Mina	1
Mingku	7
Mira	1
Misia	2
Mita	2
Mitilini	1
Miʹa	1
Mo'	710
Moʹ	11
Mpau	9
Mpi	12
Mpun	196
Mu'	1
Mu'o	15
Muat	1
Muau	1
Mudip	9
Mudo'	1
Mudung	17
Muhang	1
Muhe'	1
Muluk	1
Mung	215
Muno	1
Musa	176
Na	3
Na'	155
Na'at	45
Na'kini	92
Na'un	28
Na'un'	1
Naaman	1
Nagai	1
Nahum	1
Nahur	1
Nai	175
Nain	1
Nakau	3
Nakilus	1
Nange	4
Napek	2
Naptali	3
Napulis	1
Nasa'	1
Nasarani	1
Nasarit	30
Nasun	3
Natan	1
Natanil	6
Naten	2
Nawai	48
Naʹ	3
Naʹat	1
Naʹkini	1
Nco	2
Nekejeng	3
Nekena	1
Nem	3
Nemo	1
Nempam	1
Neng	151
Nengangan	1
Nengayet	13
Nengen	1
Neo	3
Nepecau	1
Nepeng	1
Neri	1
Nesek	1
Nesen	5
Ngadai	1
Ngadan	7
Ngaha'	1
Ngahu	2
Ngajan	19
Ngalan	1
Ngalang	2
Ngan	545
Ngasa	3
Ngasing	1
Ngayang	1
Ngcrada	1
Ngebahat	1
Ngeco'	1
Ngelan	3
Ngelapen	1
Ngelengap	2
Ngelidung	1
Ngeliha'	1
Ngeline'	6
Ngentau	2
Ngepakat	1
Ngerada	1
Ngeregen	1
Ngeringa	16
Ngetawai	1
Ngetisen	1
Ngihen	1
Ngimet	5
Ngkang	2
Ngki	1
Ngkin	5
Ngun	1
Nikanur	1
Nikudimus	6
Nikulaus	3
Nikupulis	1
Nimpa	1
Niniwe	3
Nirius	1
Nisep	1
Nuat	1
Nubo	3
Nudep	1
Nugen	2
Nuh	10
Nuyan	3
Nyahe'	1
Nyahul	1
Nyahut	63
Nyalet	2
Nyaliu	1
Nyangan	2
Nyangkit	1
Nyara	1
Nyat	4
Nyekang	1
Nyelaho	1
Nyelama	6
Nyelarai	3
Nyelem	1
Nyeluman	2
Nyelumuk	1
Nyemamet	1
Nyeng	6
Nyepule'	2
Nyi'an	1
Nyingan	3
Nyua'	6
Nyurat	10
O	2
OKo'	1
Oaha'	1
Oalau	2
Oamsik	1
Ourkas	1
Pa	10
Pa'	1
Pa'a'	1
Pa'it	1
Pabe'	18
Pada	3
Padai	2
Padung	1
Paget	1
Pahe'	2
Pahu	1
Pala'	39
Palai	4
Palan	104
Palaʹ	1
Pali	3
Palik	1
Paluhas	1
Palup	2
Pamen	4
Pamenas	1
Pamo'	1
Pampilia	5
Panuil	1
Papus	2
Paren	11
Pareng	1
Paris	3
Parkius	1
Partia	1
Pasa	1
Pasak	5
Paska	39
Paso	1
Pat	7
Patai	7
Patara	1
Patek	1
Patilus	1
Patmus	1
Paulos	1
Paultis	1
Paulus	285
Pawang	4
Pebeli	1
Pebetep	1
Peda'am	1
Pedemun	1
Pedena'	1
Pedenga	1
Pegamus	2
Pegawa	13
Pegawa'	1
Pegayeng	1
Pehareng	1
Peheka	1
Pehetep	3
Pekalai	1
Pekatuk	3
Pekece	2
Pekena	2
Pekena'	3
Pekese'	1
Pekesiho'	1
Pekimet	14
Pekina	269
Pekinai	1
Pekini	60
Pekitia	1
Pektmet	1
Pektna	1
Pekua'	3
Pekutat	2
Pelapa	9
Pelase'	1
Pelek	1
Pelenteng	1
Peleto'	5
Peleto'-leto'	2
Peligun	1
Peluha'	4
Pempau	9
Pempun	1
Pemung	8
Pemuyan	8
Penadan	1
Penaru	2
Penawai	2
Pencai	2
Penco	224
Penelit	1
Peneneng	1
Pengalai	1
Pengaren	1
Pengebio'	91
Pengeco'	1
Pengedena'	1
Pengekado'	3
Pengekaya'	1
Pengeku'o	4
Pengelan	5
Pengelata'	1
Pengelepa	1
Pengelesau	9
Pengemala'	2
Pengencai	1
Pengenyat	4
Penguba'	4
Pengudip	1
Pengulo'	1
Penguman	5
Peniga	2
Penik	1
Penisen	1
Penisia	4
Pentakusta	3
Penteng	1
Penuyen	1
Penyahe'	2
Penyala'	4
Penyukat	16
Pepit	1
Pepo	1
Pera	1
Pererus	1
Perga	3
Perigia	3
Perira'	1
Perisi	102
Periskila	6
Persis	1
Pesata'	1
Pesau	1
Pesulo	1
Pet	4
Petangen	1
Petasak	1
Petatek	1
Petawai	12
Petelit	3
Petem	7
Peteneng	2
Petengen	2
Petenup	6
Peterus	244
Petubo	4
Petuho	1
Petulat	1
Petuoo	1
Petutui	1
Pibi	2
Pigelus	1
Piladipia	2
Pilatus	81
Pilik	12
Pilimun	2
Pilipi	7
Pilipus	42
Pilitus	1
Pilugus	1
Pinca'	4
Pipa	1
Piraun	6
Pirus	1
Pisidia	4
Pisiu	3
Pistus	18
Pit	7
Pu'un	3
Pubelius	1
Pubit	1
Pubo	1
Pudip	5
Pudis	1
Puhelius	1
Puk	1
Puke	2
Puko'	1
Pukurus	1
Pula	1
Pulang	6
Pulo'	7
Pun	3
Puntius	3
Puntus	3
Purat	1
Pute'	1
Putiuli	1
Puto	2
Putunatus	1
Puyan	74
Rabi	1
Rabiam	2
Rabil	1
Rahu	1
Rakap	5
Rakil	1
Ram	2
Rama	1
Ran	1
Rebika	2
Regium	1
Repan	1
Rio'	1
Risa	1
Ro'	1
Rubin	1
Rude	1
Rudus	1
Rum	40
Rupus	2
Rut	1
Ruti	9
Sa'e	2
Sa'kius	1
Saduk	2
Sahe'	3
Saheʹ	1
Sakaria	22
Sakit	3
Sakius	4
Sala'	5
Salah	1
Salam	23
Salamis	1
Saleng	1
Salet	3
Salim	3
Saliu	1
Salmun	3
Salmune	1
Saltil	1
Salume	2
Samaria	24
Samsun	1
Samuil	3
Samus	1
Samutake	1
San	1
Sangan	5
Sanget	4
Sangkit	5
Sap	2
Sapat	1
Sapdi	11
Sapira	2
Sara	5
Sardis	3
Saripat	1
Saruk	1
Sarun	1
Satil	2
Sau	6
SauL	1
Saui	1
Saul	45
Sawan	2
Se'	62
Sebelang	1
Sebi'en	1
Sebulun	3
Sedadu	1
Sedep	1
Seduki	17
Sekiwa	3
Sekundus	1
Selaho	1
Selama	1
Selawan	5
Seleket	4
Selu	6
Selukia	1
Selum	1
Sem	1
Semamet	2
Sematu	6
Semirna	2
Sen	18
Sengim	1
Senteng	14
Sepa	1
Sepaniul	2
Sepo'	1
Serah	1
Sereket	2
Serema	4
Serengan	4
Sergius	1
Seripa	1
Seru-babil	3
Set	1
Sete'	1
Si'au	28
Sidun	12
Siho'	1
Sikar	1
Sikim	2
Silas	22
Siluam	3
Silung	7
Simai	1
Simiun	12
Simun	86
Sina	1
Sinai	4
Sinas	1
Singket	43
Siniun	1
Sintiki	1
Sio	92
Siperus	8
Sirakusa	1
Siria	11
Sitan	47
Sitinia	1
Siun	7
Sius	3
Stakis	1
Stipanus	27
Stlas	1
Stngket	1
Stuiki	1
Sua'	1
Suanus	1
Sudum	10
Sufo	1
Suhe'	1
Suio	3
Suk	1
Suka'	1
Sukat	10
Sukung	1
Suliman	13
Sulo	359
Sungai	1
Supatar	1
Supe'	1
Surat	8
Surga	1
Susana	1
Susipatar	1
Sustenis	1
Sustents	1
Ta	7
Ta'an	1
Tabita	2
Tadan	5
Tading	2
Tadius	2
Taga	2
Taha'	16
Tahita	1
Tai	280
Tajen	3
Takau	1
Taket	2
Takut	4
Talan	21
Talita	1
Tamar	1
Tana'	4
Tangen	2
Tarsus	5
Tat	1
Tatira	4
Tau	133
Tda	3
Tebelum	4
Teco'	1
Teeu	1
Tego	1
Tego'	175
Tegoʹ	1
Teka'	4
Tekahing	4
Tekep	70
Tekepip	1
Tekinco	1
Telese'	1
Teliling	1
Telinga	1
Telit	6
Telu	12
Temahat	1
Temame'	1
Tempa	2
Ten	1
Teneng	5
Tengeca	2
Tengen	2
Tenup	1
Tepa	3
Tepun	3
Terah	1
Terakunitis	1
Teripina	1
Teripusa	1
Tertius	1
Tertulus	3
Teruas	6
Terupimus	4
Tesalunika	7
Teto	3
Thrahim	1
Ti	2
Tiberias	2
Tiberius	1
Tidas	1
Tiem	1
Tiga	155
Tiherias	1
Tikikus	6
Timius	1
Timun	1
Timutius	35
Tinen	2
Tira'	17
Tiranus	1
Tirus	13
Tisakinika	1
Tisalunika	2
Tisen	79
Titius	1
Titus	19
Tiupilus	3
Tiwet	1
Tjban	1
Tkem	6
Tlu	1
Tna	2
Tni	9
To	1
To'	20
Tpesus	1
Tskariut	1
Tu'a	36
Tudep	4
Tugen	2
Tuhan	1381
Tuhan'	1
Tuhanleina	1
Tuhun	2
Tuiemais	1
Tujo'	4
Tuka'	1
Tuket	2
Tuman	141
Tumas	12
Tuno'	1
Tunuk	2
Tupe	1
Tutian	1
Tuyang	4
Tuyen	1
U	1
U'o	241
Uba'	28
Uban	105
Ubanus	1
Ubit	3
Udip	31
Udu	1
Ue'	3
Uenga	1
Uh	1
Uhan	2
Uia	2
Ujan	1
Ujo'	1
Uko'	17
Ukum	14
Ula'	5
Ulimpas	1
Ulu	6
Uma	1
Uma'	102
Uman	6
Umiga	3
Un	2152
Un'	3
Uni	1
Unike	1
Unisimus	3
Unisipurus	3
Uraa'	1
Uri	2
Uria	1
Usa	4
Use	2
Usen	1
Usia	2
Utikus	1
Utung	2
Uu	1
Uyan	9
Uyat	1
Uʹo	5
Xiga	1
Y'ahudi	1
Y'erusaitni	1
Yahuda	5
Yahudi	456
Yahudt	1
Yairus	8
Yakup	69
Yana	1
Yardin	15
Yarit	1
Yasun	5
Yaya	212
Yekunia	2
Yeremia	3
Yeriko	5
Yerusalem	1
Yerusalim	155
Yesaya	25
Yesus	2142
Yesusdina	1
Yrcsus	1
Yuana	3
Yuda	1
Yudas	54
Yudia	49
Yuil	2
Yulia	1
Yulius	2
Yunan	1
Yunias	1
Yunus	9
Yupe	14
Yurakulun	1
Yuram	2
Yurim	1
Yusa	1
Yusak	1
Yusapat	2
Yusia	2
Yusik	1
Yusis	3
Yustus	3
Yusua	2
Yusup	65
Yutam	2
a	482
a'ang	5
a'ut	1
aba	13
abak	3
abe	1
abe'	2336
abef	1
aber	4
abey	1
abeʹ	24
abi	1
abu	10
abun	26
abung	22
adam	1
adan	18
adanpengaren	1
ade'	44
adet	271
adina	1
ading	294
ading'o	1
adingf	1
adung	1
aeling	2
aget	2
aha'	21
ahang	252
ahe'	597
ahi'	1
ahit	7
ahung	1
aia'	1
aiek	1
ainin	1
aio	1
ajak	16
ajau	19
ajun	1
aka	1
akang	3
ake'	1629
ake'bangen	1
ake'ia	1
aken	6
akey	2
akeʹ	14
akik	2
aking	3
akung	1
ala	13
ala'	596
ala'udip	1
alabasta	2
alay	1
alaʹ	6
ale'	31
alem	41
alet	4
alo	7
alo'	2
alut	59
amai	204
amak	1
ame'	420
ameng	12
amey	1
ameʹ	2
amia	1
amin	477
amiri	1
ampang	9
ampe'	5
ampit	17
amtn	1
amung	2
an	2
anak	583
anang	10
ang	1
angau	1
anggur	69
angko'	2
angkung	1
anit	21
ano	2
anuk	1
anum	1
anun	239
anyam	3
apa'	25
apai	1
apan	589
apau	4
apaʹ	1
ape'	21
apet	12
apik	1
apm	1
arae'	1
arang	1
arap	1
are	1361
are'	2
aren	2
arrie'	1
aru	1
asai	1
asam	21
asat	30
ase'	1
asep	3
asin	2
asing	2
asu	11
at	1
ata	33
atae'	1
atai	1
atang	2
atek	472
ateng	2
ato	32
atuk	46
atung	3
au	1
awa'	6
awai	7
awang	155
awe	1
aya	15
ayau	5
ayen	231
ayo	12
ayu	1
bUa'	16
ba'	8
ba'an	901
ba'i	11
ba'in	5
ba'o'	15
babak	13
baca	34
bada	2
bada'	900
badaf	1
badang	1
badar	1
badaʹ	9
baha	6
baha'	2
bahan	21
bahat	22
bahi	36
bahing	34
bahiu	45
baho'	1
baka	1
bake	1
bala	20
balang	12
bali	223
baling	1
balo'	15
balu	45
bampa	11
ban	1565
bang	380
banga	1
bangcn	1
bangct	1
bangen	117
banget	52
bango'	1
banit	29
bao	1
baran	8
bareng	9
bareng-areng	1
bari	1
basa'	1
bat	1
batang	7
batek	13
batis	23
batu	138
batuk	10
batung	1
bau	1
bawa	8
bawang	5
baya	1
baya'	968
bayar	1
bayaʹ	12
bayet	1
baʹan	9
be	5
beie'	1
bek	2
beka	23
beka'	4
bekai	3
bekan	1
bekayen	13
bekelau	17
bekilet	5
bekiluk	1
belahu	1
belanyat	6
belanyet	1
belase	2
belaso'	7
belatak	1
belatu	1
belau	8
beleka'	13
beli	13
beli'au	4
belian	10
beliau	1
belinga	4
belirane	1
belirang	3
belua'	40
beluaʹ	1
belubung	3
beluko	2
beluluk	1
bena'a	1
bene'	37
beran	1
berang	3
berawen	1
bere	6
beringa	1
berit	9
berua	106
besai	1
bese	17
beso	15
besun	2
besut	5
betc'	1
bete'	104
betef	1
betep	7
beter	1
beteʹ	3
beto	15
betu'en	18
bi'en	5
biai	1
bihe	3
bija'	1
bika'	3
bila	5
bileng	4
bimpin	2
binga'	2
bino	4
bio	1
bio'	587
bior	1
bioʹ	6
bireng	1
bisau	23
bisin	2
bnlan	1
bu'an	56
bu'et	1
bu'in	19
bua'	78
buang	1
buat	4
buau	2
bubo	3
buda'	4
buding	1
buha'	17
buhan	15
buhc'	4
buhe	3
buhe'	123
buiak	1
buien	2
buk	514
buken	3
buku	4
bulan	34
bulcn	1
bule'	1
bulen	47
buleng	1
buling	3
bulo'	1
bulu	6
bung	1
buno'	45
bunoʹ	1
bunut	8
bura	6
bura'	1
burau	1
busak	1
busc'	2
buse'	16
busek	8
busung	3
buta'	50
butaʹ	2
bute	9
butun	1
buʹet	1
ca	2572
ca'	42
can	2
cap	14
caʹ	1
ccn	1
ce'	181
cem	229
cen	1504
cen'	1
ceng	24
cengabak	1
cenganak	491
ceni	1
co'	132
co'neng	1
coʹ	4
cuk	529
da'am	40
da'an	20
da'ani	1
daSem	1
daa	1
dadem	3
dado'	50
dae	1
daem	1
daha'	89
dahaʹ	1
daicm	1
dakep	40
dalam	2
dalau	362
dalcm	7
dale	59
dalem	1250
daleni	2
dan	1
dancun	4
daneun	1
dapit	16
daram	2
daru	3
data	1
datau	1
dati	2
dau	3205
daya	6
dayo	34
dayung	4
de	1343
deina	1
deki'it	21
deliba	1
dema	116
demanai	25
demeng	1
dena'	47
denga	135
dengen	6
dengkep	31
depa	4
deram	5
deta'u	122
detaʹu	1
detem	13
di	177
di'ang	2
dia	6
dia'	4086
diaJ	1
diaf	2
diar	3
diaʹ	53
didai	83
didi	1
diki'it	3
dina	1004
dinar	5
dini	195
dipa	27
disc'	1
dise'	175
diseʹ	1
dma	1
dta'	4
dtna	1
du	1
du'ai	3
dua	625
dudo	18
duhi	2
duktun	9
dulu	1279
dumba	70
dumit	33
duncau	5
durat	14
dutu	3
e	707
eenganak	3
eeri	1
eert	1
eha	1
eia'an	1
eiaha'	1
eialem	1
eiata	1
eiau	2
eien	1
elalau	3
elale	1
elalem	5
elau	10
ele	1
elema	1
eleto	1
elia'	7
elina	3
elise'	1
elua	1
elulu	3
eo	1
etalau	1
euk	17
eukea	1
eut	10
fan	1
fekepip	1
fete	1
fiangen	1
fieleka'	1
gaha'	2
gaham	26
gai	2
gaji	4
galen	15
gandum	13
ganelum	1
gara'	9
gare'	2
gaycng	3
gayeng	241
gebenur	22
geiam	2
gelam	81
gerem	11
gilin	1
gune'	1
gurang	2
guru	126
gut	1
ha	959
ha'o'	1
haca	1
hada'	1
haf	1
hah	1
haha'	1
hahat	2
hahing	9
hahiu	2
halang	1
hali	9
halu	1
halun	1
hampa	1
han	19
hang	7
hangen	27
hangeo	1
hango'	1
har	1
hareng	1
hatang	1
hatis	1
hatu	2
he	3
he'	780
he'iniare	2
heieka'	1
hekelau	4
hekilet	3
helaso'	15
heleka'	11
heli	1
helian	1
helirang	3
helua'	19
heluluk	1
hem	788
her	1
here'	1
heril	1
heringa	1
hersa'a	1
herua	14
hesage'	1
hesunung	1
hete'	5
hetep	1
hetisep	1
hetu'en	21
heʹ	13
hi'en	3
hihe	1
hinga'	1
hio'	18
hisau	3
ho	417
ho'	280
hoy	2
hoʹ	13
hu'an	2
hu'et	1
huang	1
huha'	1
huhe'	25
huk	3
hulan	4
hulen	6
huling	4
huno'	6
huse'	4
husung	2
huta'	1
hyingan	1
i	4
i'a	5
i'et	3
i'uk	4
i'ut	81
ia	2870
ia'	7973
ia'a	10
ia'ake'	1
ia'at	2
ia'ilu	1
ia'it	1
ia'ke	1
ia'ngkang	1
ia'o	1
iaa	1
iaho	1
iaja	1
iaka'	1
iaki	10
iakut	1
iale'	1
iameng	1
ian	9
ianan	2
iangit	2
iap	18
iapa	1
iar	4
iare'	5
iaset	1
iata'	2
iawa	2
iayen	1
iayu	2
iaʹ	73
iban	2
ibu	71
ic	1
ida	1871
ida'	1
idacen	1
idadia'	1
idai	191
idatengen	1
idi	156
idt	2
ie	745
ieko	4
iela	4
ielai	1
ieli	1
iema'	3
iemalo	1
iematai	1
iemerit	1
iemile'	3
iemuto	2
ienca	1
iepa	23
iepe	2
iepo	1
iesau	1
iete	22
ieto	7
ihang	2
ihi	2
ikem	1910
ikeni	2
ikera	1
iketn	1
iko	7
iko'	636
ikoʹ	8
ikunium	1
ilak	4
ilia'	1
ilu	736
ilun	1
im	3
impa	1
imum	2
inL'	1
ina	4219
ina'	2
inaf	1
inala'	1
inan	52
ine	1
ine'	1
inelikat	1
ineui	1
ingen	11
ini	1535
inimiko'	1
injil	9
ino'	2
inpau	1
intan	6
inu	932
inu'o	1
inuhang	1
inulen	1
inung	1
io'	1
ipa	11
ipenco	1
iria	1
isiu	479
israil	3
issu	1
istu	2
ita	1
ite'	11
iteʹ	1
itie'	1
iu'ung	3
iua	2
iuha'	7
iuhai	1
iulung	1
iung	1
iunto'	1
iuten	3
iuyak	1
iʹut	1
j	1
ja	1
ja'at	358
jaga'	44
jagap-jagap	1
jahi	4
jai	2
jaka	2
jaka'	34
jakan	17
jakaʹ	1
jam	35
jameng	26
jami	1
janan	160
janga	19
jangin	6
jatan	1
jaten	1
jawa	1
jaya	6
jaʹat	2
jda	2
jego'	1
jela'	10
jelai	3
jelarai	3
jelemutin	2
jeling	3
jelut	1
jeng	9
jengan	5
jeteng	1
jiget	4
jikit	1
jinan	9
jipen	13
jisen	1
jiwen	2
jo	29
jue	4
jula'	1
julung	2
julut	1
jum	16
juma	58
jun	2
juta	1
juta'	4
jyio'	1
ka	4
ka'	1478
ka'surga	1
kabing	19
kadai	2
kadeng	3
kading	7
kado'	425
kadoʹ	3
kaelo'	1
kaham	7
kahang	26
kahi	4
kahing	2
kahum	57
kain	1
kaiuk	1
kaiut	1
kajan	5
kajo'	2
kaki	1
kala	2
kalap	1
kalen	4
kalo	1
kaluk	1
kalung	2
kalut	2
kamin	6
kanan	152
kanantupe	1
kancau	2
kancet	7
kanen	9
kanyam	1
kapan	5
kape'	1
kapen	58
kapenina	1
kapit	6
kaptin	17
kaput	2
karap	1
karung	1
kasa	24
kaseduni	1
kaseng	8
kasing	16
kasip	40
kaso	2
kasut	1
kata	234
katan	8
katap	2
kate'	1
kateng	2
katu	14
katuk	909
kawa'	14
kawang	116
kaya	7
kaya'	59
kayang	4
kayat	1
kayau	4
kayaʹ	1
kayu	124
kayung	2
kaʹ	14
ke	5573
ke'	948
keaya	1
kebada'	3
kebai	1
kebangen	1
kebaya'	24
kebi'en	1
kece	2
kecet	4
kedai	2
kedalau	1
kedalcm	2
kedalem	240
kedatung	9
kedau	1
kedawan	1
kedema	2
kedi'ut	45
kediding	1
kedingut	4
kediʹut	1
kedua	38
kedua'	1
kedua-dua	1
kedurat	1
keelalem	1
keelua	1
keeuhung	1
keiap	2
keiepa	1
keja'	4
kejahi	4
kejamun	5
kejaʹ	1
kela'ang	5
kelabak	2
kelahak	2
kelahun	1
kelai	1
kelampu	1
kelamun	1
kelangan	5
kelap	98
kelapen	3
kelat	1
kelau	2
kelayan	17
kelayen	15
keledai	18
kelekep	2
kelelat	1
kelelen	1
kelema	5
kelemame'	1
kelemata'	1
kelempak	1
kelempit	1
kelesau	13
kelet	1
keletat	1
keligeng	1
kelihuk	3
keliling	1
kelimeng	4
kelimpun	14
keline'	63
kelingai	10
keliwa	6
kelo'	8
kelu'ung	17
keluin	1
kelukun	2
keluluk	1
keluma	10
kelunah	1
kelunan	2155
kelunan'	2
keluncat	1
kelunye'	1
kem	751
kemanyan	14
kematai	1
kemenyan	2
kempau	54
kempi	107
ken	5
kena	200
kena'	17
kenahan	304
kenahum	2
kenai	779
kenca	38
kenem	6
kenempam	42
keneng	8
keneni	1
kenesek	1
kengeringa	1
keniga	14
keno	11
kenta'	74
kentau	5
kenuen	20
kenupi	6
kenyakat	1
kenyarem	5
kenyeng	1
kenyiheng	2
kenyo	16
kep	10
kepala	1
kepase'	1
kepat	8
kepekasing	1
kepetuduk	1
kepi'en	1
kepisiu	1
kepulo'	5
keput	1
ker	1
keraban	1
kerada	1
kerahan	15
kerahing	3
keratang	1
keresen	1
kereta'	1
keria	1
kerikak	1
keriman	2
keristus	1
kerita	6
keruek	1
keruko	3
kesa	4
kesalai	1
kesangan	1
kesiho'	1
kesuk	1
kesukung	1
kesupe'	1
ket	2
keta	19
ketai	725
ketat	1
ketehi	1
keteiu	2
ketelu	36
keti	7
keti'et	4
ketisen	4
keto'	130
ketoʹ	1
ketu	2
ketujo'	9
ketulu	1
ketunan	1
keʹ	13
kia	1
kidi	152
kiep	1
kiho'	51
kileng	2
kimei	2
kimel	2
kimet	824
kina	310
kinapa	1
king	1
kini	91
kirbet	1
kise'	1
kitap	1
kiut	23
kma	1
ko	6
ko'	940
koʹ	10
ktdi	1
ktna	1
ktt'un	1
ku'e	1
ku'nn	1
ku'o	129
ku'un	680
ku'unpatai	1
ku'uri	1
kua	1
kua'	193
kuasa	1
kuaʹ	2
kuda	22
kuda'	169
kudaʹ	1
kuden	9
kuela'	1
kuheng	12
kuie	1
kuina	1
kuinpin	1
kujau	8
kukan	2
kuko	2
kuko'	163
kuli	11
kulit	1
kum	1
kuma	567
kuma'	1
kuman	3
kumpin	201
kun	527
kuntan	2
kup	1
kupit	1
kusi	4
kusun	249
kusuri	1
kuʹun	7
la	29
la'	17
la'a	807
la'a'	1
la'an	2
la'ang	1
la'it	11
la'u	23
la'u'o	1
labo'	59
ladan	1
ladung	9
laga	2
lahang	2
laho	56
laho'	4
lai	2
laie'	2
laja	51
lajam	10
lajap	3
laket	3
laki	728
lakt	1
lakung	1
lalat	2
lale'	205
laleʹ	2
lalung	1
lama	2
lampe'	1
lamut	19
lan	413
lana'	1
langan	1
langau	1
langit	118
lanya	4
lao	1
lapa	85
lapen	1
lare'	236
lareʹ	3
lasan	12
lase	1
lase'	3
laset	11
lasuadi	1
lata'	165
lawa	129
layam	4
layan	14
layap	4
layen	59
layu	13
layuk	4
laʹa	4
lbrahim	3
lda	6
ldumia	1
le	1896
lebang	26
lebau	1
lebawai	1
ledap	1
lego'	1
lehang	18
leie	1
leinuto	1
leka	1
leka'	2
lekai	4
lekak	1
lekihuk	1
leko	24
lekuduk	1
lelat	5
lelen	11
lelum	3
lema	60
lema'	67
lemagap	1
lemakan	14
lemakat	3
lemalan	28
lemale'	11
lemaleʹ	1
lemalit	2
lemalo	24
lemalo'	1
lemame'	236
lemameʹ	1
lemana	2
lemasa	8
lemasa'	2
lemasi	16
lemata'	6
lematai	189
lemaʹ	2
leme	1
lemejen	17
lemejo	5
lemeka	18
lemela'	1
lemelen	8
lemeli	33
lemena'	3
lemenca	2
lemeneut	2
lemengen	2
lement	1
lemera	1
lemerit	7
lemesai	3
lemesi	2
lemeta	30
lemetip	1
lemeto	1
lemetup	1
lemide	1
lemik	1
lemika'	24
lemile'	90
lemileʹ	1
lemino	7
lemintet	11
lempam	1
lempo'	1
lemtito-uto	1
lemueng	2
lemuio	1
lemukat	1
lemula'	4
lemulo	17
lemulu	1
lemurat	2
lemusit	1
lemuto	137
lemuto-uto	14
lemutu	213
lemutun	5
lenca	17
lencau	11
lene	8
lenga	48
lengap	13
lengen	5
lengkak	1
lento	11
lepa	1264
lepat	4
lepau	12
lepe	150
lepek	1
lepo	24
lepo'	1209
lepoʹ	8
lepu'	1
lepubung	6
lepuhung	2
leraeta	1
lerip	2
lero	6
lesan	3
lesau	94
lesayat	2
lesung	3
letaha'	1
lete	868
leteng	41
letna'	1
letnalo-alo	1
letnuto	1
leto	481
li'ap	23
li'ip	1
li'u	3
lia	1
liang	66
liba'	17
liban	1
libau	1
libut	25
lidung	4
lien	16
ligit	140
liha'	5
lihut	3
likut	17
lingai	5
lingau	1
linget	25
lingo	3
lingu	36
lio'	2
lipa	2
lipan	3
lipo	1
lira	1
lirem	4
lisan	13
liung	20
liwa	59
liwai	129
liwang	9
liwet	12
llia	1
llu	1
lm	1
lo	4
lo'	30
lorahim	1
lpa	1
lrastus	1
lsak	1
lsrail	1
lu'ap	9
lu'ung	46
lua	6
lua'	1
luang	30
lubang	46
lubit	3
ludau	2
lugi	2
luha'	260
luhai	1
luhan	5
luhang	6
luhaʹ	2
luho'	2
lukut	3
lulo'	6
lumai	1
luman	1
lumpun	4
lumpung	6
luneung	10
lung	10
lungun	4
lunliwa	1
lunte'	1
lunto'	33
lusut	3
lute'	1
luten	103
luyak	15
luʹung	1
m'iko'	1
mIlu	5
ma	1
ma'am	5
ma'ang	10
ma'o'	10
maan	1
mabang	4
mabat	2
mabi	6
mabuk	17
mabun	1
madam	12
madang	5
madarig	1
madek	1
madimg	1
mading	85
madung	142
madungka'	1
madut	4
maeun	3
maga	5
magang	20
maget	54
maha'	1
mahan	7
mahang	3
mahat	1
mahing	22
maho	6
maho'	1
mahu	2
mahuk	1
mahung	50
mainpin	1
majan	204
majau	31
makang	20
make'	140
makeʹ	2
makui	1
mala'	290
malai	36
malal	1
malap	59
malat	24
malaʹ	8
malep	4
malet	4
malit	4
malun	4
mame'	62
mampin	32
mampo	1
mamung	3
man	534
mana	6
mana'	2
manai	5
manan	17
mano	3
manteng	1
mantun	6
manyam	3
mapa'	5
mape'	5
mapo	50
maren	4
maru	3
marung	34
mas	2
masa'	32
masat	154
masat'	2
masek	15
masi	3
mat	46
mata	110
matai	368
mateng	2
matep	6
matet	5
mato	5
matu	16
matung	3
mawa'	4
mawang	10
maya	4
mayep	1
mayo	29
mayung	1
mayur	25
mcjung	1
me	864
me'	612
meba	13
meca'	3
mecin	140
medat	4
meden	1
medeng	30
meeuk	1
megang	3
mego'	9
megung	1
megut	2
meia	1
meie	1
mejen	5
mejep	5
mejo	27
mejung	16
meka	2
meka'	1
mekat	5
mekem	51
meken	12
mekep	33
meko	1
mekum	6
mekun	1
mela	75
melai	16
melak	2
mele	110
meli	2
melikat	208
melip	1
meliwa	1
mema	2
memit	1
mempam	12
mempat	1
mempeng	20
mempep	1
mempet	4
mempo	10
memut	4
menat	17
mencai	146
mencam	119
menco	54
meneit	2
menga'	24
mengau	24
mengaʹ	2
mengengit	1
mengin	177
mengkung	1
mengkup	1
mengtn	1
mengut	4
meniam	1
mening	9
menjo	2
meno'	19
menoʹ	1
mentam	5
mentem	23
menting	6
mentu	6
mentung	262
menu	1
menyek	2
menyerema	5
menyerening	1
menyet	3
menyo	3
menyut	2
mepa	1
mepak	2
mepan	5
mepe'	8
mepen	2
mepeʹ	1
mepit	5
mepo	111
meput	18
mero	1
mesak	3
mesap	1
mesau	27
mese	1
mese'	7
mesem	2
meseng	4
mesep	1
mesik	44
mesuk	3
mesun	11
mesup	4
meta	1
metak	1
metan	4
metat	1
metau	8
mete'	11
metek	2
metem	1
metep	38
metik	1
metin	3
meting	1
metip	5
metit	2
meto'	2
metuk	11
metun	2
metung	9
metut	1
meʹ	3
mi	3
mi'a	22
mi'et	13
mi'i	52
mi'ir	1
mi'it	1
mia	163
miat	12
miau	1
mida	262
midan	47
miding	1
miela	2
migai	5
miget	2
mihau	2
mihen	4
mihik	2
mihit	11
mikem	446
miken	1
mikeni	1
miko	1
miko'	85
mikoʹ	3
mile	4
miling	4
milu	130
miluk	4
mimg	1
mimpak	1
mimum	3
minca'	4
minget	6
mingku	4
mipa	332
mipau	2
mipet	1
mita	117
miting	1
miwa'	3
miwet	3
mo	106
mo'	802
mo'de	1
mo'ikem	1
moʹ	11
mpam	2
mpau	73
mpeng	1
mpi	61
mpin	17
mpl	1
mpun	87
mu'ang	3
mu'o	50
mu'up	30
muai	1
muaip	1
muat	4
muau	77
mubai	10
mubar	1
mube'	22
mubit	2
mubo	3
mudi	5
mudip	520
mudipT	1
mudiplete	1
mudo'	16
mudung	52
muelip	3
muelung	2
muetip	1
muga	11
muha'	1
muhang	13
muhat	5
muhe'	66
muien	2
mukat	1
muko'	5
mukum	8
mukun	2
mula	40
mulen	72
munan	4
mung	1300
muno	12
munung	3
mupa	3
mupuk	1
mura	1
murat	1
murig	1
murtg	1
musa	17
musang	6
musit	1
muso	4
muso'	1
mutiara	5
mutig	1
mutu	2
mutun	1
muyung	5
na	3
na'	943
na'a	1
na'a'	162
na'an	310
na'at	164
na'kini	248
na'un	6
naban	2
nabat	1
nading	31
naga	5
nahak	1
nahek	1
nahung	11
nai	1269
nakau	50
nalan	12
nali	1
nambun	1
nampun	8
nanam	1
nanem	8
nanga	1
nange	48
nanta'	26
nanyam	1
napan	2
napek	31
napen	4
napi	13
napo	1
napo'	26
napu	4
naret	1
nasa'	28
nasak	1
nase'	1
nat	2
naten	15
nawa	3
nawai	36
naʹ	8
naʹan	4
naʹat	2
naʹaʹ	3
naʹkini	1
ncai	11
ncan	1
ncbelum	1
ncdana'	1
nce	1
nce'	467
ncein	1
ncem	829
nceriman	1
nceu	2
ncey	1
nceʹ	1
nckejcng	1
nckejeng	3
ncngayet	1
nco	15
nco'	262
ncoʹ	4
ncung	1
ndip	1
ne	5080
nebaya	2
nebeium	1
nebek	7
nebelum	64
nebeseng	2
nedana'	12
nedau	1
nedeng	3
negahat	2
negun	5
nehek	1
nejala'	4
nek	3
neka'	4
nekada'	10
nekahe'	1
nekaja'	2
nekalang	9
nekedeng	5
nekeicag	1
nekejcng	1
nekejeng	116
nekelet	2
nekeli	1
nekelo'	1
nekena	29
nekeneng	10
nekepu	2
nekibai	2
nekina'	1
nekiwet	1
neku'uk	8
nekuleng	3
nelasek	31
nelecuk	1
nelesa	1
nelesip	1
nelieuk	1
neliling	5
nelit	1
nelu	5
nem	24
nemek	10
nemo	21
nempam	13
nene	4
neng	4252
nengangan	20
nengasa'	1
nengayet	38
nengen	7
nenung	3
nepahang	1
nepai	1
nepap	13
nepatung	1
nepecau	2
nepejuk	3
nepeng	4
nepet	2
nepiru	1
nepu'un	1
nerig	1
nesek	9
nesen	36
nesep	1
nesun	4
netak	1
netek	3
nettg	1
netuk	3
neung	21
ngaba	2
ngabu	2
ngadai	1
ngadan	341
ngadeng	3
ngadet	6
ngadu	5
ngadui	1
ngaeian	1
ngaelan	2
ngaha'	37
ngaham	2
ngahang	2
ngahi	1
ngahing	3
ngahu	19
ngahum	6
ngaja'	1
ngajan	50
ngaken	4
ngala	8
ngalai	5
ngalang	32
ngale'	1
ngaliu	14
ngalo	2
ngalo'	27
ngaloʹ	1
ngalung	4
ngalut	5
ngamai	3
ngamang	1
ngan	5817
nganak	20
nganap	3
ngano	9
nganun	14
ngaput	4
ngarap	1
ngaren	100
ngari	3
ngart	3
ngasa	32
ngasa'	3
ngasing	25
ngastng	1
ngata	3
ngatap	3
ngatu	8
ngau	1
ngawa'	2
ngawai	1
ngawen	3
ngayang	9
ngayau	1
ngca'at	1
ngcdung	1
nge	356
ngeba'an	2
ngebabak	1
ngebahat	2
ngebalun	1
ngebanga	1
ngebangen	3
ngebaran	1
ngebareng	3
ngebatis	41
ngebawa'	5
ngebaya'	12
ngebu'an	4
ngebu'et	4
ngebuen	1
ngebuhe'	1
ngebura	6
ngebuyuk	1
ngeco'	14
ngedado'	4
ngedalau	4
ngedare	3
ngedema	24
ngedemun	2
ngederam	1
ngedi'ut	1
ngediding	9
ngedintet	2
ngedipet	1
ngedirep	1
ngedua	1
ngedudun	1
ngedung	36
ngedut	3
ngeeet	1
ngehahat	3
ngehampa	1
ngehangen	1
ngeharan	1
ngehatis	29
ngehatts	1
ngehawa'	2
ngehitung	1
ngehu'an	4
ngehuhe'	2
ngehura	1
ngehura'	1
ngehuta'	2
ngeiau	1
ngeiayen	1
ngeiumo	1
ngeja'at	44
ngejahi	4
ngejameng	6
ngejemo	1
ngejtima	1
ngejuma	23
ngejuta'	2
ngela'it	1
ngelabak	5
ngelahak	1
ngelaham	3
ngelahang	2
ngelalo	5
ngelan	519
ngelanyau	1
ngelapen	14
ngelarai	1
ngelaset	2
ngelatup	1
ngelau	29
ngelawit	1
ngelayan	1
ngelayen	4
ngelema'	2
ngelenep	1
ngelengap	63
ngelengap-lengap	1
ngelento	1
ngelentung	1
ngelepo'	1
ngeleso'	1
ngeliba'	6
ngelibit	1
ngelibo	1
ngelibung	1
ngelidung	7
ngeliga'	1
ngeliha'	9
ngelilep	1
ngelimpun	1
ngeline'	122
ngeline'-line'	1
ngelingai	3
ngelingau	3
ngelinget	1
ngelipau	4
ngelisan	2
ngeliung	1
ngeliwang	1
ngeliwei	1
ngeliwet	120
ngelu'ap	1
ngelu'ung	1
ngelubang	2
ngeluhang	1
ngeluhet	1
ngelulo'	1
ngelumo	1
ngelunye'	6
ngelusa	1
ngemading	1
ngeme	1
ngempau	10
ngempin	1
ngemuga	1
ngena	4
ngenca	22
ngentau	9
ngentem	1
ngenupi	4
ngenyarem	1
ngenyeng	25
ngenyi'an	2
ngenyiʹan	1
ngepali	13
ngepan	2
ngepilau	2
ngepinca'	1
ngepir	1
ngepit	18
ngepu'ung	1
ngepute'	1
ngerada	19
ngerahan	1
ngerahing	5
ngeratang	4
ngerebeng	1
ngeregen	8
ngerengen	1
ngerepu	1
ngereta'	4
ngeriman	57
ngeriman'	1
ngeringa	144
ngertman	1
ngerungun	2
ngesa	34
ngesare	1
ngese'	2
ngesen	7
ngesiat	1
ngesiben	2
ngetaneng	1
ngetaret	1
ngetawai	4
ngetepet	11
ngeti'et	1
ngetisen	71
ngia'	1
ngiban	3
ngidau	1
ngiha'	1
ngihen	14
ngiho'	12
ngihoʹ	1
ngileng	1
ngimet	18
ngina	1
ngisa	1
ngiteʹ	1
ngkang	250
ngkangsapai	1
ngke	1
ngke'	53
ngkem	141
ngkeʹ	1
ngkin	427
ngko'	36
ngkoʹ	1
ngu'o	1
ngua'	5
nguheng	5
ngujau	1
ngukan	1
ngukum	24
ngula'	14
ngulep	4
nguluk	4
ngutip	1
ngutung	1
nian	1
nidau	2
nido'	2
nie	1
niela	1
niengin	1
nientung	1
niesik	1
niesun	1
niga	10
niko'	2
nilam	1
nile	1
nilu	1
nina	4
ninco	1
nini	2
nio'	3
nipo	3
nisep	91
nite	1
nitiu	1
niung	1
nle	4
nmng	1
nngan	1
no'	2
nsa	1
nta	2
nta'	19
nte	1127
ntem	48
nten	11
nteng	6
nting	6
nto'	7
nu'a	3
nu'o	46
nuat	16
nubang	4
nubo	17
nudep	1
nuduk	2
nugan	7
nugen	57
nuget	3
nuheng	2
nujo'	2
nujoʹ	1
nuka'	2
nukak	3
nulat	1
nulin	2
numau	1
numpak	85
nungka'	1
nungkit	1
nuno'	8
nunyai	3
nuoo	1
nup	2
nuran	2
nusau	7
nutung	18
nuyan	428
nuyau	3
nuʹo	1
nwo'	1
nya'ung	1
nyabe'	15
nyagun	1
nyaha'	3
nyahap	2
nyahe'	7
nyahin	7
nyahit	6
nyahtt	1
nyahut	79
nyakai	8
nyakat	52
nyakit	60
nyal	1
nyala	1
nyala'	4
nyalai	3
nyalaʹ	1
nyalet	54
nyalit	4
nyaliu	9
nyalut	5
nyanam	1
nyangan	10
nyantet	7
nyanyi	1
nyapa'	1
nyapet	4
nyara	9
nyarai	1
nyarat	1
nyarem	4
nyat	183
nyatan	25
nyatap	4
nyatung	2
nyckang	1
nycng	1
nycpule'	1
nyebahi	2
nyebampet	1
nyebelang	3
nyedep	2
nyegayau	1
nyehahi	1
nyeiama	2
nyekakan	1
nyekaluk	1
nyekang	48
nyekapu	7
nyekeduk	1
nyekika	1
nyelaho	1
nyelalang	10
nyelama	97
nyelarai	7
nyelat	2
nyelcm	1
nyeleket	2
nyelem	56
nyelempau	3
nyelepe'	2
nyelibo	2
nyelikut	7
nyelipat	2
nyeliwa	2
nyelo'	4
nyeludung	1
nyeluhan	1
nyeluk	3
nyelum	2
nyelumuk	6
nyelung	9
nyema'at	1
nyemamet	1
nyemena'	1
nyemula'	4
nyeng	78
nyengau	1
nyengim	1
nyepati	18
nyepin	11
nyepit	1
nyepuho'	6
nyepulc'	1
nyepule'	54
nyerema	19
nyereteng	2
nyeripa	45
nyerutang	2
nyi'a	1
nyi'an	4
nyibo	1
nyidau	4
nyigut	1
nyiho'	1
nyila'	1
nyile'	5
nyileʹ	1
nyingan	125
nyingannai	1
nyingen	1
nyingo	18
nyintek	1
nyio	3
nyio'	2
nyipe	4
nyitau	1
nyituk	11
nyo	1
nyu'un	9
nyua'	142
nyuaʹ	3
nyudup	8
nyuhat	2
nyuhuk	15
nyuluk	6
nyunat	12
nyuntung	2
nyupe'	10
nyurat	88
o	1326
o'	1
oio'	4
ouk	1
pa	421
pa'	60
pa'an	2
pa'it	6
pa'o'	6
pa'ung	2
pabat	3
pabe'	76
pabeʹ	2
pabung	1
pada	37
padai	30
padan	1
padau	1
pade'	7
padung	84
padut	1
pafae'	1
pagang	2
pagen	3
paget	73
pahang	1
pahe'	7
paho'-aho'	2
pahu	6
pahung	2
paio	1
paiup	1
pajat	2
pakan	5
pakat	11
pakatuk	1
pala	2
pala'	937
pala'iko'	1
pala't	1
palai	272
palan	58
palaʹ	16
pale'	4
palet	1
pali	62
palit	3
palo	82
palui	2
palup	42
pamajan	1
pamen	80
pamo'	1
pampe	2
pampin	5
pampo	4
pana	6
panak	12
pancau	4
panya'	2
panyen	19
panyi	20
panyi-anyi	3
panyit	1
papa	1
papit	7
pare'	6
paren	150
pareng	1
pasa	6
pasak	18
pasat	9
pase'	40
pasek	2
pasen	14
pasi	19
paso	17
pat	107
pata	23
pata'	11
patai	215
patat	1
patek	14
pati	1
patu	11
paun	20
pawang	29
pawat	5
payen	2
payo	29
payo'	2
pe	2014
pe'	4
peake'	1
peba'	6
pebabak	1
pebaho'	3
pebampa	4
pebangen	7
pebareng	1
pebareng-areng	2
pebcsun	1
pebctep	1
pebe	1
pebejo	2
pebeka	52
pebeli	24
pebese	1
pebeso	3
pebesun	4
pebete'	6
pebetep	83
pebileng	1
pebing	2
pebinga'	1
pebio'	1
pebisau	2
pebubo	3
pebulung	51
pebuno'	3
pebunoʹ	1
pebutun	1
pecap	16
pecenganak	16
peco'	1
peda'am	29
pedalit	1
pedancun	1
pedapit	8
pedaru	3
pedayang	13
pedayo	42
pedemun	21
pedena'	19
pedeng	5
pedenga	92
pedengkep	19
pedepa	5
pedetem	1
pedu'ai	1
pedudo	1
pedudun	1
peduncau	2
pedurat	1
peeing	2
pefepek	1
pegan	2
pegawa	168
pegawai	1
pegaycng	1
pegayeng	139
pegelam	13
pegep	2
peging	175
pego'	2
pehampa	4
pehanga	1
pehangan	1
pehangen	6
peheka	16
peheli	5
peheringa	1
pehesun	3
pehete'	8
pehetep	72
pehiha'	1
pehing	1
pehinga'	4
pehio'	6
pehuhmg	1
pehuiung	1
pehuling	1
pehuno'	8
pehuse'	1
pehutun	1
peiempam	1
peiempo'	1
peienyun	1
peiuha'	2
peja'at	69
pejaga'	12
pejahi	10
pejaho'	1
pejaka'	22
pejanga	1
pejau'	2
pejaʹat	1
pejen	3
pejeng	6
pejiget	4
pejo	21
pejugau	3
pejung	20
pejung'	1
pekabi	3
pekabu	2
pekahe'	2
pekahi	2
pekahu	2
pekaja'	1
pekajo'	1
pekala	1
pekalai	34
pekaliu	46
pekalo'-kalo	1
pekalo'-kalo'	1
pekaluk	2
pekamuk	1
pekana	4
pekaoi	1
pekarap	33
pekaseng	5
pekasing	3
pekata	35
pekatan	1
pekateng	2
pekatu	13
pekatuk	150
pekawa'	3
pekayau	2
pekebampa	1
pekebulung	1
pekece	7
pekedating	1
pekehuno'	1
pekejahi	2
pekekuning	1
pekele	5
pekelem	5
pekelet	11
pekeliwa	1
pekelung	2
peken	4
pekena	23
pekena'	30
pekenca	11
pekenyeng	2
pekep	10
pekepunan	1
pekerepeng	2
pekesuk	1
peket	3
peketa	4
peketi'et	1
peketo	1
peketo'	1
peketuyang	1
pekiban	2
pekidi	1
pekihan	1
pekiho'	1
pekimet	165
pekina	1052
pekinadau	1
pekini	176
pekitnet	1
pektna	1
peku'o	1
pekua'	70
pekutat	12
pekutung	2
pela'a	266
pela'at	1
pela'it	2
pelabo'	12
pelaho'	17
pelajap	4
pelaki	2
pelaoo'	1
pelapa	63
pelase	1
pelase'	1
pelaso'	1
pelawa	10
pelawat	13
pelaya	5
pelayam	1
pelaʹa	1
pele	15
peleium	1
pelek	13
pelelat	2
pelelum	3
pelem	6
pelempam	5
pelenca	2
pelenteng	3
pelenyun	1
pelepa	12
pelepek	4
pelesan	2
pelet	1
peleting	1
peleto'	23
peleto'-leto'	3
peletoʹ	1
pelibut	2
peliha'	1
pelihut	2
pelila	1
pelingu	49
pelita'	7
peliung	3
peliwai	1
pelo-lo	10
pelolo	2
pelthut	1
pelu'ap	4
pelubit	3
peluha'	137
peluhaʹ	2
peluhit	2
pelunye'	6
peluoit	1
peluput	1
peluto'	2
pemade'	5
pemading	1
pemahing	2
pemanak	19
pemape'	1
pematai	1
pematung	1
pemelut	3
pementam	1
pemeto	1
pemiat	5
pemidi	1
pempau	59
pempe	1
pempeng	3
pempet	56
pempun	117
pemu'o	1
pemuhang	1
pemumg	1
pemung	383
pemusa	3
pemuyan	236
pena'at	42
penading	16
penai	1
penalan	12
penan	1
penangen	1
penaru	38
penat	2
penawai	141
penawat	1
penaʹat	2
pencai	70
penceng	10
penco	577
pendenga	1
peneit	7
penekep	10
penelit	8
peneneng	20
penenup	1
penepa	5
peneti	5
peneun	1
peng	10
penga'	2
pengahing	1
pengajan	5
pengalai	3
pengali	28
pengamin	20
pengaren	241
pengasat	5
pengaset	5
pengawa'	4
pengcbangen	1
pengckado'	1
pengcmajan	1
pengebahat	1
pengebampa	3
pengebangen	9
pengebeso	1
pengebetep	1
pengebi'en	1
pengebio'	9
pengeco'	3
pengecuk	20
pengedado'	3
pengedalem-dalem	1
pengedena'	2
pengehahat	3
pengehampa	4
pengehangen	6
pengehi'en	7
pengehuhe'	5
pengehura	1
pengeiesau	4
pengeja	1
pengeja'at	18
pengejameng	2
pengejanga	2
pengejaya	1
pengekado'	10
pengekaelo'	1
pengekasip	2
pengekatan	1
pengekaya'	13
pengeketa	1
pengeku'o	2
pengela'it	2
pengelan	266
pengelase'	1
pengelata'	17
pengeleho	1
pengelema'	6
pengelepa	7
pengelesau	153
pengeliha'	1
pengelo'	4
pengemajan	10
pengemala'	84
pengemalan	1
pengemalaʹ	3
pengemihen	3
pengemuhat	1
pengencai	104
pengencam	18
pengentem	1
pengenyat	17
pengeoio'	3
pengeouhe'	1
pengepada	1
pengepali	1
pengepo'	1
pengesin	1
pengetadan	1
pengetangen	1
pengetaru	1
pengeten	32
pengetepa	1
pengetiga	3
pengihen	1
pengin	17
penginte'	11
pengisiu	1
pengkup	13
penguba'	225
pengubaʹ	2
pengudip	127
pengudyp	1
pengulu	1
pengumam	1
penguman	107
penguntau	2
pengut	2
peniga	282
penina	7
penira'	1
penisen	84
penjo	1
pensga	1
penta	7
penteng	6
penudi	52
penuran	1
penusa	4
penuyen	38
penya'e	8
penya'e-a'e	1
penyabe'	1
penyada	1
penyahe'	86
penyaheʹ	1
penyakit	22
penyala'	450
penyalaʹ	1
penyalet	43
penyalit	1
penyanget	10
penyeium	1
penyelap	1
penyeluk	1
penyelum	7
penyeng	11
penyilung	1
penyu-kat	1
penyukat	258
penyukung	1
peouno'	1
pepade'	4
pepak	3
pepanak	8
pepatai	39
pepe'	1
pepeng	4
pepeto	64
pepiding	8
pepit	3
pepo	25
pepuk	11
peput	12
pera	4
perapun	1
peremun	7
perep	1
perinta	53
perita'	11
pesa'e	9
pesaba	1
pesagun	1
pesahang	1
pesak	3
pesakat	28
pesakit	2
pesala'	21
pesalai	4
pesalam	2
pesaliu	2
pesanget	1
pesangkit	1
pesantet	4
pesau	93
pese'	2
pesede'	1
peseket	28
peselabu	1
peselahu	1
peselai	5
peselepe'	12
peseluk	3
pesen	6
pesente	15
pesepit	1
peserengan	2
peseripa	3
pesiho'	3
pesik	31
pesingket	1
pesingo	20
pesu	1
pesu'o	1
pesu'un	3
pesuhuk	1
pesukung	12
pesulo	3
pesuntung	1
pesupe'	13
pet	73
peta	4
peta'at	1
petabin	1
petabo	3
petadan	3
petahin	1
petakau	2
petakut	2
petalan	1
petampap	2
petangen	46
petanta'	1
petapi	2
petaro	26
petaru	4
petat	33
petatek	7
petatyai	1
petawa	5
petawai	76
petebulung	2
petego'	36
petegoʹ	1
petehulung	1
petekeng	1
petekuduk	2
petelit	5
petem	72
petempan	1
petemping	3
peteneng	58
petengen	6
petenup	82
petepu'un	1
petepun	1
peterai	9
peteto	2
peti'et	5
peti'it	1
petipo	1
petira	1
petira'	23
petiraʹ	1
petisen	9
petita'	1
petiyo	2
peto	3
petu	1
petubo	79
petugen	6
petugung	6
petuheng	1
petuho	13
petuhun	7
petuk	15
petuket	83
petulat	28
petumam	1
petuman	1
petung	7
petunuk	10
petuoo	2
petusa	1
petutang-utang	1
petutui	2
petutung	6
petuyang	1
petuyen	13
pi'en	14
pi'ut	3
pia	92
pia'	1
piat	2
piding	1
piduk	1
pigai	6
pihit	5
pikun	2
pilau	3
piling	1
pinca'	8
pincaʹ	1
pineung	6
pinga	4
pintet	1
pinut	1
pipa	19
pir	1
pirak	18
pisiu	592
pistu	1
pit	95
pita	30
piu	10
piwa'	3
pu'e	1
pu'ek	2
pu'o	38
pu'un	85
pu'up	2
puai	2
pube'	1
pubit	3
pubo	36
pubo'	1
pubut	1
pucau	9
pudip	155
pudo'	13
pueng	1
pugai	1
puhat	3
puhe'	3
puho'	17
puhu	2
puhut	1
pui	4
puio'	4
puk	21
pukat	21
puke	55
puko'	7
pula	40
pulang	10
pule'	2
pulen	3
puli	1
pulis	12
pulitik	7
pulo	1
pulo'	196
pulung	6
pun	110
punan	10
pungka'	5
pungke'	6
pungu	60
puno	28
puntan	1
puoo	1
pupa	22
pupu	41
purat	14
purep	1
put	2
pute'	36
puto	3
putu	12
putuk	4
putun	1
putung	3
puyan	2281
puyari	1
puyen	1
puyung	1
puʹun	1
rae'	2
raja	1
rao'	1
ratna	1
re	1561
re'	6
reneng	1
ria'at	1
riai	1
rie	1
rigan	1
rigkin	1
riyidau	1
rla'an	1
rteng	1
rtgan	2
rtge	1
ruti	90
sBuk	1
sKetai	1
sa	1
sa'	1
sa'e	30
sa'ung	1
sabai	3
sabaktani	2
sabe'	10
sabu	1
sada	55
sadin	21
saga	1
saha'	2
sahang	4
sahe'	312
saheʹ	3
sahu	5
saiet	3
sak	4
sakai	15
sakit	109
sala	4
sala'	166
salai	50
salam	37
salau	4
salaʹ	1
salel	1
saleng	4
saler	1
salet	46
salip	1
salit	2
saliu	18
salo'	1
salut	10
sampe'	8
samrut	1
sana	3
sanang	1
sangan	70
sangat	32
sanget	37
sangkit	9
santet	14
sap	11
sapai	83
sapau	5
sapi	27
sapuk	3
sapy	1
sardis	1
sarem	7
satut	1
sau	101
sawan	30
sawing	1
sclabu	1
se'	600
sebakui	2
sebayang	75
sebelang	17
sebelang-belang	3
sebileng	2
sedadu	113
sede'	12
sedep	19
sedung	2
sehala	1
sehayang	3
sehi'en	1
sehilang	1
sehileng	1
seiama	2
seiawan	1
seieket	4
seiepe'	1
sek	9
sekahe'	1
sekakan	2
sekala'	3
sekarup	1
seken	9
seketeng	7
sekipa'	1
sekula	8
sekut	7
sela'	2
selabu	5
selaho	2
selahu	1
selalang	3
selama	58
selat	2
selawan	10
seleket	74
selem	20
selene'	1
selepe'	101
selepeʹ	1
seliwa	5
selu	8
seluba'	1
seluha'	2
seluhan	29
seluk	2
selum	47
selumuk	5
semahe'	37
semamet	33
semampo	1
semantet	12
sematu	9
semeng	1
semepo	2
semingket	1
sen	133
senap	3
senawan	2
senganan	24
sengarem	1
sengau	2
sengela	1
sengim	14
seninget	1
senleng	1
senten	1
senteng	570
senuhuk	1
senurat	26
sepan	1
sepati	1
sepatu	12
sepe	53
sepen	6
sepih	1
sepin	90
sepu'o	757
sepuo	1
sepurat	3
sepuʹo	6
serekenken	1
sereket	5
serema	152
serengan	56
sereteng	1
seripa	5
seriteng	2
serutang	1
setera	1
seʹ	5
si'au	10
si'eng	1
si'et	2
siai	1
sidang	3
sigut	2
sihai	6
siho	1
siho'	349
sihoʹ	2
silam	2
sile'	10
silem	10
sileʹ	1
silung	30
sin	20
singa	2
singen	3
singet	1
singkel	1
singket	265
sio	7
sip	1
sirep	1
situk	1
so	1
su	4
su'un	3
sua	1
sua'	83
sudup	1
suha'	22
suhat	9
suhe'	18
suhuk	22
sui	34
suio	4
suka'	21
sukat	132
suko'	1
sukun	9
sukung	43
sulo	368
sun	8
sunat	51
sung	1
sungai	167
suntung	2
supe'	28
surat	140
surga	167
susigai	1
sutiep	1
sutlep	22
t	1
tUman	1
ta	3
ta'	8
ta'a	1
ta'an	603
ta'at	15
ta'in	79
ta'u	52
taa'an	1
taban	4
tabat	2
tabin	7
tadan	77
tading	102
taeling	2
taga	9
taga'	6
tagep	1
taha'	327
tahan	8
tahat	3
tahaʹ	2
tahin	1
taho	1
tahup	39
tai	1983
taio'	1
taiu	1
tajau	12
tajen	5
tak	1
takau	15
takau'	1
taket	99
taketco'	1
taki	1
takut	108
talan	22
talari	1
tali	10
talu	3
talun	1
tamen	1
tampan	2
tampun	1
tana	1
tana'	853
tanaʹ	7
tanem	4
tanet	1
tang	2
tange	8
tangen	42
tanta'	3
tapa	6
tapan	2
tape	2
tapek	1
tapi	5
tapung	17
tare	1
taret	7
taro	13
taru	62
tasa'	25
tasap	4
tat	5
taten	14
tau	426
taua'	2
tawa	1
tawai	278
tawak	1
tay	1
taʹin	1
tcdana'	1
tcdeng	1
tda	5
te	849
tebada'	8
tebadaʹ	1
tebangen	1
tebaya	1
tebaya'	1
tebek	3
tebelum	65
tebik	1
tebuku	5
tebut	6
tecek	88
tedana	1
tedana'	61
tedanar	1
teelana'	1
teeu	6
tegahang	4
tego'	327
tegoʹ	5
tegun	1
tehaleng	2
tehaya	1
tehek	1
tehelom	1
tehuku	1
tehut	2
teiu	2
tejala'	2
teka	1
teka'	679
tekahe'	1
tekaja'	22
tekalang	6
tekatik	1
tekawan	3
tekaʹ	7
tekedeng	6
tekeeieng	1
tekejeng	5
teken	7
tekena'	5
tekep	361
tekepip	17
teki	1
tekieuk	3
tekinco	5
teku'uk	7
tekudek	1
tekuduk	1
tekueuk	1
tela'o	1
telancek	1
telang	71
teleng	1
telieuk	4
teliling	26
telinga	37
telise'	1
telit	164
telu	218
temaga	1
temale'	2
temame'	34
teman	1
temek	47
temesen	1
temo	1
tempa	34
tempan	4
temping	3
ten	91
tena	43
tena'i	1
tenahung	4
tenalet	1
tene	1
tenedeng	1
teneho'	1
tenelen	1
tenelu	3
teneng	229
tenepet	1
teneta'	1
tengangan	16
tengayet	10
tengen	544
tengkan	2
tengo	2
tenile'	2
tentan	13
tenung	4
tenup	43
tenuyan	3
tepa	44
tepaho'	2
tepap	4
tepat	8
tepatung	15
tepeng	2
tepet	14
tepo	1
tepo'	1
tepu'un	3
tepun	73
tesep	12
tetahup	1
teto	42
tetuk	1
ti	239
tia	1
tidau	3
tie	1
tiga	806
tiga'ngan	1
tikimg	1
tikung	8
tilo	1
tilung	7
tina	2
tinen	1
ting	3
tingang	2
tinta	2
tipan	2
tipo	61
tira'	390
tiraʹ	3
tisa	1
tisai	1
tisen	806
tisen-pengudip	1
tisep	9
tite	1
titin	32
titiu	18
tiupia	1
tiwet	2
tko'	1
tmhe'	1
tmlan	1
tnan	1
tne	1
tnelikat	1
tni	1
tnilu	1
tno'	1
tnu	2
to	5
to'	56
ttra'	1
tu'a	123
tu'ing	3
tu'o	1
tua	12
tua'	185
tuaʹ	2
tubang	2
tubeng	1
tubo	2
tudep	79
tudi	43
tudik	1
tudo	7
tugen	114
tugimg	1
tugung	40
tuhang	1
tuhun	1
tuiat	3
tuicang	1
tuio'	1
tujo'	90
tujoʹ	2
tuk	22
tuka'	10
tukang	3
tukeng	12
tuket	92
tuko'	2
tula'	2
tulang	9
tulat	81
tumam	1
tuman	310
tumau	1
tumik	2
tumpak	12
tumu	5
tung	9
tuning	4
tuno'	5
tunuk	85
tunyang	1
tuor	1
tupas	1
tupe	420
tuping	1
turan	18
tusa	1
tusuk	1
tuta'	1
tutang	8
tutat	1
tutun	20
tutung	23
tuyang	21
tuyau	22
tuycn	1
tuyen	68
tuyeo	1
tuʹa	2
tyga	1
u	3
u'ang	1
u'o	167
u'u	3
u'ung	3
uMo'	2
uPetawai	1
ua'	1
uai	1
uang	1
uba'	555
uban	382
ubaʹ	7
ubi	1
ubo	5
udai	5
udi	1
udip	565
udtp	2
udu	28
ue	930
ue'	106
ue'e	1
ueʹ	2
ugadan	1
ugai	10
ugan	1
uha'	7
uhan	3
uhat	9
uhung	9
uia'	3
uiai	1
uiu	1
ujan	20
ujem	4
ujen	1
ujo'	157
ujoʹ	3
ukan	15
ukau	1
uko	1
uko'	690
ukoʹ	9
ukufn	1
ukum	257
ukun	1
ula'	201
ulai	21
ulat	1
ulaʹ	2
ule'	156
ulek	1
uleʹ	5
ulo	4
ulu	62
uma	33
uma'	38
umam	3
uman	353
umau	1
umpat	2
umpeng	6
umpung	1
un	3884
una'	1
unam	1
undi	2
unf	1
uno	1
unta	1
unta'	5
untat	5
untau	12
upa	1
uping	5
upis	3
upit	5
uran	2
usa	1147
usang	1
use	13
usen	6
usuk	6
usun	321
usuri	1
utak	1
utang	31
utnan	1
utun	6
utung	31
utut	2
uyan	724
uyat	53
uʹo	3
y'akup	1
yasip	4
yepta	1
yeriko	1
yerusalim	3
yn	1
ʹo	10
—	4
‘	2
’	4
“	17
”	19
